/* Generated from data.c with Mach-O pointer relocations */
/* Do not edit manually - regenerate with fix_data_pointers.py */
.section .data

.globl NXArgc
.type NXArgc, @object
.size NXArgc, 4
.align 4
NXArgc:
    .byte 0x00, 0x00, 0x00, 0x00

.globl NXArgv
.type NXArgv, @object
.size NXArgv, 4
.align 4
NXArgv:
    .byte 0x00, 0x00, 0x00, 0x00

.globl environ
.type environ, @object
.size environ, 4
.align 4
environ:
    .byte 0x00, 0x00, 0x00, 0x00

.globl ___progname
.type ___progname, @object
.size ___progname, 20
.align 4
___progname:
    .byte 0xb8, 0x57, 0x21, 0x00, 0x00, 0x00, 0x00, 0x00, 0x00, 0x00, 0x00, 0x00, 0x00, 0x00, 0x00, 0x00
    .byte 0x00, 0x00, 0x00, 0x00

.globl g_InhibitOpenGLErrors
.type g_InhibitOpenGLErrors, @object
.size g_InhibitOpenGLErrors, 32
.align 4
g_InhibitOpenGLErrors:
    .byte 0x00, 0x00, 0x00, 0x00, 0x00, 0x00, 0x00, 0x00, 0x00, 0x00, 0x00, 0x00, 0x00, 0x00, 0x00, 0x00
    .byte 0x00, 0x00, 0x00, 0x00, 0x00, 0x00, 0x00, 0x00, 0x00, 0x00, 0x00, 0x00, 0x00, 0x00, 0x00, 0x00

.globl sEnableSwap
.type sEnableSwap, @object
.size sEnableSwap, 4
.align 4
sEnableSwap:
    .byte 0x01, 0x00, 0x00, 0x00

.globl kDisplayRectKey
.type kDisplayRectKey, @object
.size kDisplayRectKey, 4
.align 4
kDisplayRectKey:
    .long str_00215810

.globl kDisplayIndexKey
.type kDisplayIndexKey, @object
.size kDisplayIndexKey, 4
.align 4
kDisplayIndexKey:
    .long str_00215824

.globl kFirstTimeKey
.type kFirstTimeKey, @object
.size kFirstTimeKey, 20
.align 4
kFirstTimeKey:
    .long str_00215838
    .byte 0x00, 0x00, 0x00, 0x00, 0x00, 0x00, 0x00, 0x00, 0x00, 0x00, 0x00, 0x00, 0x00, 0x00, 0x00, 0x00

.globl sResult
.type sResult, @object
.size sResult, 32
.align 4
sResult:
    .byte 0x00, 0x00, 0x00, 0x00, 0x00, 0x00, 0x00, 0x00, 0x00, 0x00, 0x00, 0x00, 0x00, 0x00, 0x00, 0x00
    .byte 0x00, 0x00, 0x00, 0x00, 0x00, 0x00, 0x00, 0x00, 0x00, 0x00, 0x00, 0x00, 0x00, 0x00, 0x00, 0x00

.globl sSystemCursorVisible
.type sSystemCursorVisible, @object
.size sSystemCursorVisible, 32
.align 4
sSystemCursorVisible:
    .byte 0x01, 0x00, 0x00, 0x00, 0x00, 0x00, 0x00, 0x00, 0x00, 0x00, 0x00, 0x00, 0x00, 0x00, 0x00, 0x00
    .byte 0x00, 0x00, 0x00, 0x00, 0x00, 0x00, 0x00, 0x00, 0x00, 0x00, 0x00, 0x00, 0x00, 0x00, 0x00, 0x00

.globl sVisibleCursor
.type sVisibleCursor, @object
.size sVisibleCursor, 4
.align 4
sVisibleCursor:
    .byte 0x01, 0x00, 0x00, 0x00

.globl sCurrentWinCursor
.type sCurrentWinCursor, @object
.size sCurrentWinCursor, 4
.align 4
sCurrentWinCursor:
    .byte 0xff, 0xff, 0xff, 0xff

.globl __ZZN7WinIconC4EvE7sNextID
.type __ZZN7WinIconC4EvE7sNextID, @object
.size __ZZN7WinIconC4EvE7sNextID, 4
.align 4
__ZZN7WinIconC4EvE7sNextID:
    .byte 0x01, 0x00, 0x00, 0x00

.globl __ZZN9WinCursorC4EvE11sNextHandle
.type __ZZN9WinCursorC4EvE11sNextHandle, @object
.size __ZZN9WinCursorC4EvE11sNextHandle, 20
.align 4
__ZZN9WinCursorC4EvE11sNextHandle:
    .byte 0x01, 0x00, 0x00, 0x00, 0x00, 0x00, 0x00, 0x00, 0x00, 0x00, 0x00, 0x00, 0x00, 0x00, 0x00, 0x00
    .byte 0x00, 0x00, 0x00, 0x00

.globl sGerman_ISO_VK_Map
.type sGerman_ISO_VK_Map, @object
.size sGerman_ISO_VK_Map, 128
.align 4
sGerman_ISO_VK_Map:
    .byte 0x41, 0x53, 0x44, 0x46, 0x48, 0x47, 0x59, 0x58, 0x43, 0x56, 0x00, 0x42, 0x51, 0x57, 0x45, 0x52
    .byte 0x5a, 0x54, 0x31, 0x32, 0x33, 0x34, 0x36, 0x35, 0xbb, 0x39, 0x37, 0xbd, 0x38, 0x30, 0xdd, 0x4f
    .byte 0x55, 0xdb, 0x49, 0x50, 0x0d, 0x4c, 0x4a, 0xde, 0x4b, 0xba, 0xdc, 0xbc, 0xbf, 0x4e, 0x4d, 0xbe
    .byte 0x09, 0x20, 0xc0, 0x08, 0x0d, 0x1b, 0x00, 0x13, 0x10, 0x14, 0x12, 0x11, 0x00, 0x00, 0x00, 0x00
    .byte 0x00, 0x6e, 0x00, 0x6a, 0x00, 0x6b, 0x00, 0x90, 0x00, 0x00, 0x00, 0x6f
    .long cin+1944141
    .byte 0x00, 0x92, 0x60, 0x61, 0x62, 0x63, 0x64, 0x65, 0x66, 0x67, 0x00, 0x68, 0x69, 0x00, 0x00, 0x00
    .byte 0x74, 0x75, 0x76, 0x72, 0x77, 0x78, 0x00, 0x7a, 0x00, 0x7c, 0x7f, 0x7d, 0x00, 0x79, 0x00, 0x7b
    .byte 0x00, 0x7e, 0x2d, 0x24, 0x21, 0x2e, 0x73, 0x23, 0x71, 0x22, 0x70, 0x25
    .long str_00262598+655

.globl sFrench_ISO_VK_Map
.type sFrench_ISO_VK_Map, @object
.size sFrench_ISO_VK_Map, 128
.align 4
sFrench_ISO_VK_Map:
    .byte 0x51, 0x53, 0x44, 0x46, 0x48, 0x47, 0x57, 0x58, 0x43, 0x56, 0x00, 0x42, 0x41, 0x5a, 0x45, 0x52
    .byte 0x59, 0x54, 0x31, 0x32, 0x33, 0x34, 0x36, 0x35, 0xbb, 0x39, 0x37, 0xbd, 0x38, 0x30, 0xdd, 0x4f
    .byte 0x55, 0xdb, 0x49, 0x50, 0x0d, 0x4c, 0x4a, 0xde, 0x4b, 0x4d, 0xdc, 0xba, 0xbf, 0x4e, 0xbc, 0xbe
    .byte 0x09, 0x20, 0xc0, 0x08, 0x0d, 0x1b, 0x00, 0x13, 0x10, 0x14, 0x12, 0x11, 0x00, 0x00, 0x00, 0x00
    .byte 0x00, 0x6e, 0x00, 0x6a, 0x00, 0x6b, 0x00, 0x90, 0x00, 0x00, 0x00, 0x6f
    .long cin+1944141
    .byte 0x00, 0x92, 0x60, 0x61, 0x62, 0x63, 0x64, 0x65, 0x66, 0x67, 0x00, 0x68, 0x69, 0x00, 0x00, 0x00
    .byte 0x74, 0x75, 0x76, 0x72, 0x77, 0x78, 0x00, 0x7a, 0x00, 0x7c, 0x00, 0x7d, 0x00, 0x79, 0x00, 0x7b
    .byte 0x00, 0x7e, 0x2d, 0x24, 0x21, 0x2e, 0x73, 0x23, 0x71, 0x22, 0x70, 0x25
    .long str_00262598+655

.globl sANSI_VK_Map
.type sANSI_VK_Map, @object
.size sANSI_VK_Map, 128
.align 4
sANSI_VK_Map:
    .byte 0x41, 0x53, 0x44, 0x46, 0x48, 0x47, 0x5a, 0x58, 0x43, 0x56, 0x00, 0x42, 0x51, 0x57, 0x45, 0x52
    .byte 0x59, 0x54, 0x31, 0x32, 0x33, 0x34, 0x36, 0x35, 0xbb, 0x39, 0x37, 0xbd, 0x38, 0x30, 0xdd, 0x4f
    .byte 0x55, 0xdb, 0x49, 0x50, 0x0d, 0x4c, 0x4a, 0xde, 0x4b, 0xba, 0xdc, 0xbc, 0xbf, 0x4e, 0x4d, 0xbe
    .byte 0x09, 0x20, 0xc0, 0x08, 0x0d, 0x1b, 0x00, 0x13, 0x10, 0x14, 0x12, 0x11, 0x00, 0x00, 0x00, 0x00
    .byte 0x00, 0x6e, 0x00, 0x6a, 0x00, 0x6b, 0x00, 0x90, 0x00, 0x00, 0x00, 0x6f
    .long cin+1944141
    .byte 0x00, 0x92, 0x60, 0x61, 0x62, 0x63, 0x64, 0x65, 0x66, 0x67, 0x00, 0x68, 0x69, 0x00, 0x00, 0x00
    .byte 0x74, 0x75, 0x76, 0x72, 0x77, 0x78, 0x00, 0x7a, 0x00, 0x7c, 0x00, 0x7d, 0x00, 0x79, 0x00, 0x7b
    .byte 0x00, 0x7e, 0x2d, 0x24, 0x21, 0x2e, 0x73, 0x23, 0x71, 0x22, 0x70, 0x25
    .long str_00262598+655

.globl g_CurrentGenericPacket
.type g_CurrentGenericPacket, @object
.size g_CurrentGenericPacket, 12
.align 4
g_CurrentGenericPacket:
    .byte 0x00, 0x00, 0x00, 0x00, 0x00, 0x00, 0x00, 0x00, 0x00, 0x00, 0x00, 0x00

.globl D3DToOpenGLPrimitive
.type D3DToOpenGLPrimitive, @object
.size D3DToOpenGLPrimitive, 52
.align 4
D3DToOpenGLPrimitive:
    .byte 0x00, 0x00, 0x00, 0x00, 0x00, 0x00, 0x00, 0x00, 0x01, 0x00, 0x00, 0x00, 0x03, 0x00, 0x00, 0x00
    .byte 0x04, 0x00, 0x00, 0x00, 0x05, 0x00, 0x00, 0x00, 0x06, 0x00, 0x00, 0x00, 0x00, 0x00, 0x00, 0x00
    .byte 0x00, 0x00, 0x00, 0x00, 0x00, 0x00, 0x00, 0x00, 0x00, 0x00, 0x00, 0x00, 0x00, 0x00, 0x00, 0x00
    .byte 0x00, 0x00, 0x00, 0x00

.globl g_InhibitCopy
.type g_InhibitCopy, @object
.size g_InhibitCopy, 4
.align 4
g_InhibitCopy:
    .byte 0x00, 0x00, 0x00, 0x00

.globl g_scale2
.type g_scale2, @object
.size g_scale2, 4
.align 4
g_scale2:
    .byte 0x00, 0x00, 0x80, 0x4b

.globl g_scale1
.type g_scale1, @object
.size g_scale1, 4
.align 4
g_scale1:
    .byte 0x00, 0x00, 0x80, 0x3f

.globl g_showtexid
.type g_showtexid, @object
.size g_showtexid, 4
.align 4
g_showtexid:
    .byte 0x00, 0x00, 0x00, 0x00

.globl g_RenderToShadowCookie
.type g_RenderToShadowCookie, @object
.size g_RenderToShadowCookie, 4
.align 4
g_RenderToShadowCookie:
    .byte 0x00, 0x00, 0x00, 0x00

.globl g_NumBlurShadowPasses
.type g_NumBlurShadowPasses, @object
.size g_NumBlurShadowPasses, 4
.align 4
g_NumBlurShadowPasses:
    .byte 0x00, 0x00, 0x00, 0x00

.globl g_ShowShadowCookies
.type g_ShowShadowCookies, @object
.size g_ShowShadowCookies, 1
.align 4
g_ShowShadowCookies:
    .byte 0x00

.globl __ZN15CDirect3DDevice29mNeedsRasterizationValidationE
.type __ZN15CDirect3DDevice29mNeedsRasterizationValidationE, @object
.size __ZN15CDirect3DDevice29mNeedsRasterizationValidationE, 1
.align 4
__ZN15CDirect3DDevice29mNeedsRasterizationValidationE:
    .byte 0x01

.globl __ZN15CDirect3DDevice30mNeedsTransformationValidationE
.type __ZN15CDirect3DDevice30mNeedsTransformationValidationE, @object
.size __ZN15CDirect3DDevice30mNeedsTransformationValidationE, 1
.align 4
__ZN15CDirect3DDevice30mNeedsTransformationValidationE:
    .byte 0x01

.globl __ZN15CDirect3DDevice28mNeedsVertexShaderValidationE
.type __ZN15CDirect3DDevice28mNeedsVertexShaderValidationE, @object
.size __ZN15CDirect3DDevice28mNeedsVertexShaderValidationE, 5
.align 4
__ZN15CDirect3DDevice28mNeedsVertexShaderValidationE:
    .byte 0x01, 0x00, 0x00, 0x00, 0x00

.globl __ZN13CMemoryBuffer31sMemoryDesignatedForDelayedFreeE
.type __ZN13CMemoryBuffer31sMemoryDesignatedForDelayedFreeE, @object
.size __ZN13CMemoryBuffer31sMemoryDesignatedForDelayedFreeE, 4
.align 4
__ZN13CMemoryBuffer31sMemoryDesignatedForDelayedFreeE:
    .byte 0x00, 0x00, 0x00, 0x00

.globl g_VAOID
.type g_VAOID, @object
.size g_VAOID, 4
.align 4
g_VAOID:
    .byte 0xff, 0xff, 0xff, 0xff

.globl __ZN7COpenGL14sShowTextureIDE
.type __ZN7COpenGL14sShowTextureIDE, @object
.size __ZN7COpenGL14sShowTextureIDE, 4
.align 4
__ZN7COpenGL14sShowTextureIDE:
    .byte 0x00, 0x00, 0x00, 0x00

.globl __ZN7COpenGL9sDrawFlagE
.type __ZN7COpenGL9sDrawFlagE, @object
.size __ZN7COpenGL9sDrawFlagE, 4
.align 4
__ZN7COpenGL9sDrawFlagE:
    .byte 0x01, 0x00, 0x00, 0x00

.globl __ZN7COpenGL11sFrameCountE
.type __ZN7COpenGL11sFrameCountE, @object
.size __ZN7COpenGL11sFrameCountE, 24
.align 4
__ZN7COpenGL11sFrameCountE:
    .byte 0x00, 0x00, 0x00, 0x00, 0x00, 0x00, 0x00, 0x00, 0x00, 0x00, 0x00, 0x00, 0x00, 0x00, 0x00, 0x00
    .byte 0x00, 0x00, 0x00, 0x00, 0x00, 0x00, 0x00, 0x00

.globl g_NumShadowCookies
.type g_NumShadowCookies, @object
.size g_NumShadowCookies, 24
.align 4
g_NumShadowCookies:
    .byte 0x00, 0x00, 0x00, 0x00, 0x00, 0x00, 0x00, 0x00, 0x00, 0x00, 0x00, 0x00, 0x00, 0x00, 0x00, 0x00
    .byte 0x00, 0x00, 0x00, 0x00, 0x00, 0x00, 0x00, 0x00

.globl __ZN13COpenGLMatrix9sIdentityE
.type __ZN13COpenGLMatrix9sIdentityE, @object
.size __ZN13COpenGLMatrix9sIdentityE, 64
.align 4
__ZN13COpenGLMatrix9sIdentityE:
    .byte 0x00, 0x00, 0x80, 0x3f, 0x00, 0x00, 0x00, 0x00, 0x00, 0x00, 0x00, 0x00, 0x00, 0x00, 0x00, 0x00
    .byte 0x00, 0x00, 0x00, 0x00, 0x00, 0x00, 0x80, 0x3f, 0x00, 0x00, 0x00, 0x00, 0x00, 0x00, 0x00, 0x00
    .byte 0x00, 0x00, 0x00, 0x00, 0x00, 0x00, 0x00, 0x00, 0x00, 0x00, 0x80, 0x3f, 0x00, 0x00, 0x00, 0x00
    .byte 0x00, 0x00, 0x00, 0x00, 0x00, 0x00, 0x00, 0x00, 0x00, 0x00, 0x00, 0x00, 0x00, 0x00, 0x80, 0x3f

.globl sDeclarationTable
.type sDeclarationTable, @object
.size sDeclarationTable, 32
.align 4
sDeclarationTable:
    .byte 0x40, 0x60, 0x40, 0x11, 0x40, 0x60, 0x40, 0x21, 0x40, 0x60, 0x40, 0x31, 0x40, 0x60, 0x40, 0x41
    .byte 0x11, 0x10, 0x40, 0x41, 0x10, 0x10, 0x40, 0x41, 0x20, 0x20, 0x40, 0x21, 0x20, 0x20, 0x40, 0x41

.globl FastTranslateTbl
.type FastTranslateTbl, @object
.size FastTranslateTbl, 32
.align 4
FastTranslateTbl:
    .long __mh_execute_header+4112
    .byte 0x30, 0x12, 0x12, 0x40, 0x00, 0x00, 0x00, 0x00, 0x00, 0x00, 0x00, 0x00, 0x00, 0x00, 0x00, 0x00
    .byte 0x00, 0x00, 0x00, 0x00, 0x00, 0x00, 0x00, 0x00, 0x00, 0x00, 0x00, 0x00

.globl sD3DTextureOpToOpenGL
.type sD3DTextureOpToOpenGL, @object
.size sD3DTextureOpToOpenGL, 64
.align 4
sD3DTextureOpToOpenGL:
    .long MacDisplay_Initialize+1757
    .long MacDisplay_Initialize+1758
    .long __mh_execute_header+1794
    .long MacDisplay_Initialize+1756
    .byte 0x00, 0x00, 0x00, 0x00, 0x00, 0x00, 0x00, 0x00, 0x00, 0x00, 0x00, 0x00, 0x00, 0x00, 0x00, 0x00
    .byte 0x00, 0x00, 0x00, 0x00, 0x00, 0x00, 0x00, 0x00, 0x00, 0x00, 0x00, 0x00, 0x00, 0x00, 0x00, 0x00
    .byte 0x00, 0x00, 0x00, 0x00, 0x00, 0x00, 0x00, 0x00, 0x00, 0x00, 0x00, 0x00, 0x00, 0x00, 0x00, 0x00

.globl kBuildTag
.type kBuildTag, @object
.size kBuildTag, 4
.align 4
kBuildTag:
    .long str_00215cf8

.globl kProductTag
.type kProductTag, @object
.size kProductTag, 28
.align 4
kProductTag:
    .long str_00215d08
    .byte 0x00, 0x00, 0x00, 0x00, 0x00, 0x00, 0x00, 0x00, 0x00, 0x00, 0x00, 0x00, 0x00, 0x00, 0x00, 0x00
    .byte 0x00, 0x00, 0x00, 0x00, 0x00, 0x00, 0x00, 0x00

.globl bytedirs
.type bytedirs, @object
.size bytedirs, 1944
.align 4
bytedirs:
    .byte 0x4f, 0x96, 0x06, 0xbf, 0x00, 0x00, 0x00, 0x00, 0x44, 0xc4, 0x59, 0x3f, 0xf0, 0xbe, 0xe2, 0xbe
    .byte 0xab, 0x96, 0x74, 0x3e, 0x6d, 0x3b, 0x5d, 0x3f, 0xf6, 0x29, 0x97, 0xbe, 0x00, 0x00, 0x00, 0x00
    .byte 0x9a, 0x96, 0x74, 0x3f, 0x7a, 0x37, 0x9e, 0xbe, 0x00, 0x00, 0x00, 0x3f, 0xbd, 0x1b, 0x4f, 0x3f
    .byte 0xea, 0x5b, 0x26, 0xbe, 0x5f, 0x96, 0x86, 0x3e, 0x68, 0x78, 0x73, 0x3f, 0x00, 0x00, 0x00, 0x00
    .byte 0x00, 0x00, 0x00, 0x00, 0x00, 0x00, 0x80, 0x3f, 0x00, 0x00, 0x00, 0x00, 0x44, 0xc4, 0x59, 0x3f
    .byte 0x4f, 0x96, 0x06, 0x3f, 0xf6, 0x29, 0x17, 0xbe, 0xef, 0x70, 0x37, 0x3f, 0x12, 0x85, 0x2e, 0x3f
    .byte 0xf6, 0x29, 0x17, 0x3e, 0xef, 0x70, 0x37, 0x3f, 0x12, 0x85, 0x2e, 0x3f, 0x00, 0x00, 0x00, 0x00
    .byte 0x4f, 0x96, 0x06, 0x3f, 0x44, 0xc4, 0x59, 0x3f, 0x7a, 0x37, 0x9e, 0x3e, 0x00, 0x00, 0x00, 0x3f
    .byte 0xbd, 0x1b, 0x4f, 0x3f, 0x4f, 0x96, 0x06, 0x3f, 0x00, 0x00, 0x00, 0x00, 0x44, 0xc4, 0x59, 0x3f
    .byte 0xf6, 0x29, 0x97, 0x3e, 0x00, 0x00, 0x00, 0x00, 0x9a, 0x96, 0x74, 0x3f, 0xf0, 0xbe, 0xe2, 0x3e
    .byte 0xab, 0x96, 0x74, 0x3e, 0x6d, 0x3b, 0x5d, 0x3f, 0xea, 0x5b, 0x26, 0x3e, 0x5f, 0x96, 0x86, 0x3e
    .byte 0x68, 0x78, 0x73, 0x3f, 0x12, 0x85, 0x2e, 0xbf, 0xf6, 0x29, 0x17, 0x3e, 0xef, 0x70, 0x37, 0x3f
    .byte 0xbd, 0x1b, 0x4f, 0xbf, 0x7a, 0x37, 0x9e, 0x3e, 0x00, 0x00, 0x00, 0x3f, 0x14, 0x79, 0x16, 0xbf
    .byte 0x33, 0xc4, 0xd9, 0x3e, 0x49, 0x2d, 0x30, 0x3f, 0x44, 0xc4, 0x59, 0xbf, 0x4f, 0x96, 0x06, 0x3f
    .byte 0x00, 0x00, 0x00, 0x00, 0x6d, 0x3b, 0x5d, 0xbf, 0xf0, 0xbe, 0xe2, 0x3e, 0xab, 0x96, 0x74, 0x3e
    .byte 0xef, 0x70, 0x37, 0xbf, 0x12, 0x85, 0x2e, 0x3f, 0xf6, 0x29, 0x17, 0x3e, 0x49, 0x2d, 0x30, 0xbf
    .byte 0x14, 0x79, 0x16, 0x3f, 0x33, 0xc4, 0xd9, 0x3e, 0x00, 0x00, 0x00, 0xbf, 0xbd, 0x1b, 0x4f, 0x3f
    .byte 0x7a, 0x37, 0x9e, 0x3e, 0xab, 0x96, 0x74, 0xbe, 0x6d, 0x3b, 0x5d, 0x3f, 0xf0, 0xbe, 0xe2, 0x3e
    .byte 0x33, 0xc4, 0xd9, 0xbe, 0x49, 0x2d, 0x30, 0x3f, 0x14, 0x79, 0x16, 0x3f, 0xef, 0x70, 0x37, 0xbf
    .byte 0x12, 0x85, 0x2e, 0x3f, 0xf6, 0x29, 0x17, 0xbe, 0x00, 0x00, 0x00, 0xbf, 0xbd, 0x1b, 0x4f, 0x3f
    .byte 0x7a, 0x37, 0x9e, 0xbe, 0x4f, 0x96, 0x06, 0xbf, 0x44, 0xc4, 0x59, 0x3f, 0x00, 0x00, 0x00, 0x00
    .byte 0x00, 0x00, 0x00, 0x00, 0x44, 0xc4, 0x59, 0x3f, 0x4f, 0x96, 0x06, 0xbf, 0xab, 0x96, 0x74, 0xbe
    .byte 0x6d, 0x3b, 0x5d, 0x3f, 0xf0, 0xbe, 0xe2, 0xbe, 0x00, 0x00, 0x00, 0x00, 0x9a, 0x96, 0x74, 0x3f
    .byte 0xf6, 0x29, 0x97, 0xbe, 0x5f, 0x96, 0x86, 0xbe, 0x68, 0x78, 0x73, 0x3f, 0xea, 0x5b, 0x26, 0xbe
    .byte 0x00, 0x00, 0x00, 0x00, 0x00, 0x00, 0x80, 0x3f, 0x00, 0x00, 0x00, 0x00, 0x00, 0x00, 0x00, 0x00
    .byte 0x9a, 0x96, 0x74, 0x3f, 0xf6, 0x29, 0x97, 0x3e, 0x5f, 0x96, 0x86, 0xbe, 0x68, 0x78, 0x73, 0x3f
    .byte 0xea, 0x5b, 0x26, 0x3e, 0xab, 0x96, 0x74, 0x3e, 0x6d, 0x3b, 0x5d, 0x3f, 0xf0, 0xbe, 0xe2, 0x3e
    .byte 0x5f, 0x96, 0x86, 0x3e, 0x68, 0x78, 0x73, 0x3f, 0xea, 0x5b, 0x26, 0x3e, 0x00, 0x00, 0x00, 0x3f
    .byte 0xbd, 0x1b, 0x4f, 0x3f, 0x7a, 0x37, 0x9e, 0x3e, 0xab, 0x96, 0x74, 0x3e, 0x6d, 0x3b, 0x5d, 0x3f
    .byte 0xf0, 0xbe, 0xe2, 0xbe, 0x5f, 0x96, 0x86, 0x3e, 0x68, 0x78, 0x73, 0x3f, 0xea, 0x5b, 0x26, 0xbe
    .byte 0x00, 0x00, 0x00, 0x3f, 0xbd, 0x1b, 0x4f, 0x3f, 0x7a, 0x37, 0x9e, 0xbe, 0x44, 0xc4, 0x59, 0x3f
    .byte 0x4f, 0x96, 0x06, 0x3f, 0x00, 0x00, 0x00, 0x00, 0xef, 0x70, 0x37, 0x3f, 0x12, 0x85, 0x2e, 0x3f
    .byte 0xf6, 0x29, 0x17, 0x3e, 0xef, 0x70, 0x37, 0x3f, 0x12, 0x85, 0x2e, 0x3f, 0xf6, 0x29, 0x17, 0xbe
    .byte 0x4f, 0x96, 0x06, 0x3f, 0x44, 0xc4, 0x59, 0x3f, 0x00, 0x00, 0x00, 0x00, 0x33, 0xc4, 0xd9, 0x3e
    .byte 0x49, 0x2d, 0x30, 0x3f, 0x14, 0x79, 0x16, 0x3f, 0x6d, 0x3b, 0x5d, 0x3f, 0xf0, 0xbe, 0xe2, 0x3e
    .byte 0xab, 0x96, 0x74, 0x3e, 0x49, 0x2d, 0x30, 0x3f, 0x14, 0x79, 0x16, 0x3f, 0x33, 0xc4, 0xd9, 0x3e
    .byte 0xbd, 0x1b, 0x4f, 0x3f, 0x7a, 0x37, 0x9e, 0x3e, 0x00, 0x00, 0x00, 0x3f, 0x12, 0x85, 0x2e, 0x3f
    .byte 0xf6, 0x29, 0x17, 0x3e, 0xef, 0x70, 0x37, 0x3f, 0x14, 0x79, 0x16, 0x3f, 0x33, 0xc4, 0xd9, 0x3e
    .byte 0x49, 0x2d, 0x30, 0x3f, 0x9a, 0x96, 0x74, 0x3f, 0xf6, 0x29, 0x97, 0x3e, 0x00, 0x00, 0x00, 0x00
    .byte 0x00, 0x00, 0x80, 0x3f, 0x00, 0x00, 0x00, 0x00, 0x00, 0x00, 0x00, 0x00, 0x68, 0x78, 0x73, 0x3f
    .byte 0xea, 0x5b, 0x26, 0x3e, 0x5f, 0x96, 0x86, 0x3e, 0x44, 0xc4, 0x59, 0x3f, 0x4f, 0x96, 0x06, 0xbf
    .byte 0x00, 0x00, 0x00, 0x00, 0x9a, 0x96, 0x74, 0x3f, 0xf6, 0x29, 0x97, 0xbe, 0x00, 0x00, 0x00, 0x00
    .byte 0x6d, 0x3b, 0x5d, 0x3f, 0xf0, 0xbe, 0xe2, 0xbe, 0xab, 0x96, 0x74, 0x3e, 0x68, 0x78, 0x73, 0x3f
    .byte 0xea, 0x5b, 0x26, 0xbe, 0x5f, 0x96, 0x86, 0x3e, 0xbd, 0x1b, 0x4f, 0x3f, 0x7a, 0x37, 0x9e, 0xbe
    .byte 0x00, 0x00, 0x00, 0x3f, 0x12, 0x85, 0x2e, 0x3f, 0xf6, 0x29, 0x17, 0xbe, 0xef, 0x70, 0x37, 0x3f
    .byte 0x44, 0xc4, 0x59, 0x3f, 0x00, 0x00, 0x00, 0x00, 0x4f, 0x96, 0x06, 0x3f, 0x6d, 0x3b, 0x5d, 0x3f
    .byte 0xf0, 0xbe, 0xe2, 0x3e, 0xab, 0x96, 0x74, 0xbe, 0xbd, 0x1b, 0x4f, 0x3f, 0x7a, 0x37, 0x9e, 0x3e
    .byte 0x00, 0x00, 0x00, 0xbf, 0x68, 0x78, 0x73, 0x3f, 0xea, 0x5b, 0x26, 0x3e, 0x5f, 0x96, 0x86, 0xbe
    .byte 0x4f, 0x96, 0x06, 0x3f, 0x00, 0x00, 0x00, 0x00, 0x44, 0xc4, 0x59, 0xbf, 0x12, 0x85, 0x2e, 0x3f
    .byte 0xf6, 0x29, 0x17, 0x3e, 0xef, 0x70, 0x37, 0xbf, 0x12, 0x85, 0x2e, 0x3f, 0xf6, 0x29, 0x17, 0xbe
    .byte 0xef, 0x70, 0x37, 0xbf, 0x44, 0xc4, 0x59, 0x3f, 0x00, 0x00, 0x00, 0x00, 0x4f, 0x96, 0x06, 0xbf
    .byte 0xbd, 0x1b, 0x4f, 0x3f, 0x7a, 0x37, 0x9e, 0xbe, 0x00, 0x00, 0x00, 0xbf, 0x6d, 0x3b, 0x5d, 0x3f
    .byte 0xf0, 0xbe, 0xe2, 0xbe, 0xab, 0x96, 0x74, 0xbe, 0x68, 0x78, 0x73, 0x3f, 0xea, 0x5b, 0x26, 0xbe
    .byte 0x5f, 0x96, 0x86, 0xbe, 0xf6, 0x29, 0x17, 0x3e, 0xef, 0x70, 0x37, 0x3f, 0x12, 0x85, 0x2e, 0xbf
    .byte 0x7a, 0x37, 0x9e, 0x3e, 0x00, 0x00, 0x00, 0x3f, 0xbd, 0x1b, 0x4f, 0xbf, 0x33, 0xc4, 0xd9, 0x3e
    .byte 0x49, 0x2d, 0x30, 0x3f, 0x14, 0x79, 0x16, 0xbf, 0xf0, 0xbe, 0xe2, 0x3e, 0xab, 0x96, 0x74, 0x3e
    .byte 0x6d, 0x3b, 0x5d, 0xbf, 0x14, 0x79, 0x16, 0x3f, 0x33, 0xc4, 0xd9, 0x3e, 0x49, 0x2d, 0x30, 0xbf
    .byte 0x49, 0x2d, 0x30, 0x3f, 0x14, 0x79, 0x16, 0x3f, 0x33, 0xc4, 0xd9, 0xbe, 0xf6, 0x29, 0x17, 0xbe
    .byte 0xef, 0x70, 0x37, 0x3f, 0x12, 0x85, 0x2e, 0xbf, 0x7a, 0x37, 0x9e, 0xbe, 0x00, 0x00, 0x00, 0x3f
    .byte 0xbd, 0x1b, 0x4f, 0xbf, 0x00, 0x00, 0x00, 0x00, 0x4f, 0x96, 0x06, 0x3f, 0x44, 0xc4, 0x59, 0xbf
    .byte 0x4f, 0x96, 0x06, 0xbf, 0x00, 0x00, 0x00, 0x00, 0x44, 0xc4, 0x59, 0xbf, 0xf0, 0xbe, 0xe2, 0xbe
    .byte 0xab, 0x96, 0x74, 0x3e, 0x6d, 0x3b, 0x5d, 0xbf, 0xf6, 0x29, 0x97, 0xbe, 0x00, 0x00, 0x00, 0x00
    .byte 0x9a, 0x96, 0x74, 0xbf, 0xea, 0x5b, 0x26, 0xbe, 0x5f, 0x96, 0x86, 0x3e, 0x68, 0x78, 0x73, 0xbf
    .byte 0x00, 0x00, 0x00, 0x00, 0x00, 0x00, 0x00, 0x00, 0x00, 0x00, 0x80, 0xbf, 0xf6, 0x29, 0x97, 0x3e
    .byte 0x00, 0x00, 0x00, 0x00, 0x9a, 0x96, 0x74, 0xbf, 0xea, 0x5b, 0x26, 0x3e, 0x5f, 0x96, 0x86, 0x3e
    .byte 0x68, 0x78, 0x73, 0xbf, 0xf0, 0xbe, 0xe2, 0xbe, 0xab, 0x96, 0x74, 0xbe, 0x6d, 0x3b, 0x5d, 0xbf
    .byte 0x7a, 0x37, 0x9e, 0xbe, 0x00, 0x00, 0x00, 0xbf, 0xbd, 0x1b, 0x4f, 0xbf, 0xea, 0x5b, 0x26, 0xbe
    .byte 0x5f, 0x96, 0x86, 0xbe, 0x68, 0x78, 0x73, 0xbf, 0x00, 0x00, 0x00, 0x00, 0x44, 0xc4, 0x59, 0xbf
    .byte 0x4f, 0x96, 0x06, 0xbf, 0xf6, 0x29, 0x17, 0xbe, 0xef, 0x70, 0x37, 0xbf, 0x12, 0x85, 0x2e, 0xbf
    .byte 0xf6, 0x29, 0x17, 0x3e, 0xef, 0x70, 0x37, 0xbf, 0x12, 0x85, 0x2e, 0xbf, 0x00, 0x00, 0x00, 0x00
    .byte 0x4f, 0x96, 0x06, 0xbf, 0x44, 0xc4, 0x59, 0xbf, 0x7a, 0x37, 0x9e, 0x3e, 0x00, 0x00, 0x00, 0xbf
    .byte 0xbd, 0x1b, 0x4f, 0xbf, 0xf0, 0xbe, 0xe2, 0x3e, 0xab, 0x96, 0x74, 0xbe, 0x6d, 0x3b, 0x5d, 0xbf
    .byte 0xea, 0x5b, 0x26, 0x3e, 0x5f, 0x96, 0x86, 0xbe, 0x68, 0x78, 0x73, 0xbf, 0xab, 0x96, 0x74, 0x3e
    .byte 0x6d, 0x3b, 0x5d, 0xbf, 0xf0, 0xbe, 0xe2, 0xbe, 0x00, 0x00, 0x00, 0x3f, 0xbd, 0x1b, 0x4f, 0xbf
    .byte 0x7a, 0x37, 0x9e, 0xbe, 0x33, 0xc4, 0xd9, 0x3e, 0x49, 0x2d, 0x30, 0xbf, 0x14, 0x79, 0x16, 0xbf
    .byte 0xef, 0x70, 0x37, 0x3f, 0x12, 0x85, 0x2e, 0xbf, 0xf6, 0x29, 0x17, 0xbe, 0x49, 0x2d, 0x30, 0x3f
    .byte 0x14, 0x79, 0x16, 0xbf, 0x33, 0xc4, 0xd9, 0xbe, 0x14, 0x79, 0x16, 0x3f, 0x33, 0xc4, 0xd9, 0xbe
    .byte 0x49, 0x2d, 0x30, 0xbf, 0x00, 0x00, 0x00, 0x00, 0x9a, 0x96, 0x74, 0xbf, 0xf6, 0x29, 0x97, 0xbe
    .byte 0x00, 0x00, 0x00, 0x00, 0x00, 0x00, 0x80, 0xbf, 0x00, 0x00, 0x00, 0x00, 0x5f, 0x96, 0x86, 0x3e
    .byte 0x68, 0x78, 0x73, 0xbf, 0xea, 0x5b, 0x26, 0xbe, 0x00, 0x00, 0x00, 0x00, 0x44, 0xc4, 0x59, 0xbf
    .byte 0x4f, 0x96, 0x06, 0x3f, 0x00, 0x00, 0x00, 0x00, 0x9a, 0x96, 0x74, 0xbf, 0xf6, 0x29, 0x97, 0x3e
    .byte 0xab, 0x96, 0x74, 0x3e, 0x6d, 0x3b, 0x5d, 0xbf, 0xf0, 0xbe, 0xe2, 0x3e, 0x5f, 0x96, 0x86, 0x3e
    .byte 0x68, 0x78, 0x73, 0xbf, 0xea, 0x5b, 0x26, 0x3e, 0x00, 0x00, 0x00, 0x3f, 0xbd, 0x1b, 0x4f, 0xbf
    .byte 0x7a, 0x37, 0x9e, 0x3e, 0xef, 0x70, 0x37, 0x3f, 0x12, 0x85, 0x2e, 0xbf, 0xf6, 0x29, 0x17, 0x3e
    .byte 0x4f, 0x96, 0x06, 0x3f, 0x44, 0xc4, 0x59, 0xbf, 0x00, 0x00, 0x00, 0x00, 0xab, 0x96, 0x74, 0xbe
    .byte 0x6d, 0x3b, 0x5d, 0xbf, 0xf0, 0xbe, 0xe2, 0xbe, 0x00, 0x00, 0x00, 0xbf, 0xbd, 0x1b, 0x4f, 0xbf
    .byte 0x7a, 0x37, 0x9e, 0xbe, 0x5f, 0x96, 0x86, 0xbe, 0x68, 0x78, 0x73, 0xbf, 0xea, 0x5b, 0x26, 0xbe
    .byte 0x44, 0xc4, 0x59, 0xbf, 0x4f, 0x96, 0x06, 0xbf, 0x00, 0x00, 0x00, 0x00, 0xef, 0x70, 0x37, 0xbf
    .byte 0x12, 0x85, 0x2e, 0xbf, 0xf6, 0x29, 0x17, 0xbe, 0xef, 0x70, 0x37, 0xbf, 0x12, 0x85, 0x2e, 0xbf
    .byte 0xf6, 0x29, 0x17, 0x3e, 0x4f, 0x96, 0x06, 0xbf, 0x44, 0xc4, 0x59, 0xbf, 0x00, 0x00, 0x00, 0x00
    .byte 0x00, 0x00, 0x00, 0xbf, 0xbd, 0x1b, 0x4f, 0xbf, 0x7a, 0x37, 0x9e, 0x3e, 0xab, 0x96, 0x74, 0xbe
    .byte 0x6d, 0x3b, 0x5d, 0xbf, 0xf0, 0xbe, 0xe2, 0x3e, 0x5f, 0x96, 0x86, 0xbe, 0x68, 0x78, 0x73, 0xbf
    .byte 0xea, 0x5b, 0x26, 0x3e, 0x6d, 0x3b, 0x5d, 0xbf, 0xf0, 0xbe, 0xe2, 0xbe, 0xab, 0x96, 0x74, 0x3e
    .byte 0xbd, 0x1b, 0x4f, 0xbf, 0x7a, 0x37, 0x9e, 0xbe, 0x00, 0x00, 0x00, 0x3f, 0x49, 0x2d, 0x30, 0xbf
    .byte 0x14, 0x79, 0x16, 0xbf, 0x33, 0xc4, 0xd9, 0x3e, 0x12, 0x85, 0x2e, 0xbf, 0xf6, 0x29, 0x17, 0xbe
    .byte 0xef, 0x70, 0x37, 0x3f, 0xf0, 0xbe, 0xe2, 0xbe, 0xab, 0x96, 0x74, 0xbe, 0x6d, 0x3b, 0x5d, 0x3f
    .byte 0x14, 0x79, 0x16, 0xbf, 0x33, 0xc4, 0xd9, 0xbe, 0x49, 0x2d, 0x30, 0x3f, 0x7a, 0x37, 0x9e, 0xbe
    .byte 0x00, 0x00, 0x00, 0xbf, 0xbd, 0x1b, 0x4f, 0x3f, 0xf6, 0x29, 0x17, 0xbe, 0xef, 0x70, 0x37, 0xbf
    .byte 0x12, 0x85, 0x2e, 0x3f, 0x33, 0xc4, 0xd9, 0xbe, 0x49, 0x2d, 0x30, 0xbf, 0x14, 0x79, 0x16, 0x3f
    .byte 0xea, 0x5b, 0x26, 0xbe, 0x5f, 0x96, 0x86, 0xbe, 0x68, 0x78, 0x73, 0x3f, 0xf0, 0xbe, 0xe2, 0x3e
    .byte 0xab, 0x96, 0x74, 0xbe, 0x6d, 0x3b, 0x5d, 0x3f, 0xea, 0x5b, 0x26, 0x3e, 0x5f, 0x96, 0x86, 0xbe
    .byte 0x68, 0x78, 0x73, 0x3f, 0x7a, 0x37, 0x9e, 0x3e, 0x00, 0x00, 0x00, 0xbf, 0xbd, 0x1b, 0x4f, 0x3f
    .byte 0xf6, 0x29, 0x17, 0x3e, 0xef, 0x70, 0x37, 0xbf, 0x12, 0x85, 0x2e, 0x3f, 0x00, 0x00, 0x00, 0x00
    .byte 0x4f, 0x96, 0x06, 0xbf, 0x44, 0xc4, 0x59, 0x3f, 0x33, 0xc4, 0xd9, 0x3e, 0x49, 0x2d, 0x30, 0xbf
    .byte 0x14, 0x79, 0x16, 0x3f, 0x14, 0x79, 0x16, 0x3f, 0x33, 0xc4, 0xd9, 0xbe, 0x49, 0x2d, 0x30, 0x3f
    .byte 0x49, 0x2d, 0x30, 0x3f, 0x14, 0x79, 0x16, 0xbf, 0x33, 0xc4, 0xd9, 0x3e, 0x9a, 0x96, 0x74, 0xbf
    .byte 0xf6, 0x29, 0x97, 0x3e, 0x00, 0x00, 0x00, 0x00, 0x68, 0x78, 0x73, 0xbf, 0xea, 0x5b, 0x26, 0x3e
    .byte 0x5f, 0x96, 0x86, 0x3e, 0x00, 0x00, 0x80, 0xbf, 0x00, 0x00, 0x00, 0x00, 0x00, 0x00, 0x00, 0x00
    .byte 0x44, 0xc4, 0x59, 0xbf, 0x00, 0x00, 0x00, 0x00, 0x4f, 0x96, 0x06, 0x3f, 0x9a, 0x96, 0x74, 0xbf
    .byte 0xf6, 0x29, 0x97, 0xbe, 0x00, 0x00, 0x00, 0x00, 0x68, 0x78, 0x73, 0xbf, 0xea, 0x5b, 0x26, 0xbe
    .byte 0x5f, 0x96, 0x86, 0x3e, 0x6d, 0x3b, 0x5d, 0xbf, 0xf0, 0xbe, 0xe2, 0x3e, 0xab, 0x96, 0x74, 0xbe
    .byte 0x68, 0x78, 0x73, 0xbf, 0xea, 0x5b, 0x26, 0x3e, 0x5f, 0x96, 0x86, 0xbe, 0xbd, 0x1b, 0x4f, 0xbf
    .byte 0x7a, 0x37, 0x9e, 0x3e, 0x00, 0x00, 0x00, 0xbf, 0x6d, 0x3b, 0x5d, 0xbf, 0xf0, 0xbe, 0xe2, 0xbe
    .byte 0xab, 0x96, 0x74, 0xbe, 0x68, 0x78, 0x73, 0xbf, 0xea, 0x5b, 0x26, 0xbe, 0x5f, 0x96, 0x86, 0xbe
    .byte 0xbd, 0x1b, 0x4f, 0xbf, 0x7a, 0x37, 0x9e, 0xbe, 0x00, 0x00, 0x00, 0xbf, 0x12, 0x85, 0x2e, 0xbf
    .byte 0xf6, 0x29, 0x17, 0x3e, 0xef, 0x70, 0x37, 0xbf, 0x12, 0x85, 0x2e, 0xbf, 0xf6, 0x29, 0x17, 0xbe
    .byte 0xef, 0x70, 0x37, 0xbf, 0x44, 0xc4, 0x59, 0xbf, 0x00, 0x00, 0x00, 0x00, 0x4f, 0x96, 0x06, 0xbf
    .byte 0x49, 0x2d, 0x30, 0xbf, 0x14, 0x79, 0x16, 0x3f, 0x33, 0xc4, 0xd9, 0xbe, 0x14, 0x79, 0x16, 0xbf
    .byte 0x33, 0xc4, 0xd9, 0x3e, 0x49, 0x2d, 0x30, 0xbf, 0x33, 0xc4, 0xd9, 0xbe, 0x49, 0x2d, 0x30, 0x3f
    .byte 0x14, 0x79, 0x16, 0xbf, 0x33, 0xc4, 0xd9, 0xbe, 0x49, 0x2d, 0x30, 0xbf, 0x14, 0x79, 0x16, 0xbf
    .byte 0x14, 0x79, 0x16, 0xbf, 0x33, 0xc4, 0xd9, 0xbe, 0x49, 0x2d, 0x30, 0xbf, 0x49, 0x2d, 0x30, 0xbf
    .byte 0x14, 0x79, 0x16, 0xbf, 0x33, 0xc4, 0xd9, 0xbe

.globl holdrand
.type holdrand, @object
.size holdrand, 8
.align 4
holdrand:
    .byte 0xef, 0xcd, 0xab, 0x89, 0x00, 0x00, 0x00, 0x00

.globl cl_cdkeychecksum
.type cl_cdkeychecksum, @object
.size cl_cdkeychecksum, 12
.align 4
cl_cdkeychecksum:
    .byte 0x20, 0x20, 0x20, 0x20, 0x00, 0x00, 0x00, 0x00, 0x00, 0x00, 0x00, 0x00

.globl cl_cdkey
.type cl_cdkey, @object
.size cl_cdkey, 52
.align 4
cl_cdkey:
    .byte 0x20, 0x20, 0x20, 0x20, 0x20, 0x20, 0x20, 0x20, 0x20, 0x20, 0x20, 0x20, 0x20, 0x20, 0x20, 0x20
    .byte 0x20, 0x20, 0x20, 0x20, 0x20, 0x20, 0x20, 0x20, 0x20, 0x20, 0x20, 0x20, 0x20, 0x20, 0x20, 0x20
    .byte 0x00, 0x00, 0x00, 0x00, 0x00, 0x00, 0x00, 0x00, 0x00, 0x00, 0x00, 0x00, 0x00, 0x00, 0x00, 0x00
    .byte 0x00, 0x00, 0x00, 0x00

.globl noticeErrors
.type noticeErrors, @object
.size noticeErrors, 32
.align 4
noticeErrors:
    .long str_00215f8c
    .long str_00215fa4
    .long str_00215fb8
    .long str_00215fcc
    .long str_00215fe8
    .long str_00216004
    .long str_0021601c
    .long 0

.globl g_languages
.type g_languages, @object
.size g_languages, 128
.align 4
g_languages:
    .long str_0021699c
    .byte 0x00, 0x00, 0x00, 0x00
    .long str_002169a4
    .byte 0x00, 0x00, 0x00, 0x00
    .long str_002169ac
    .byte 0x00, 0x00, 0x00, 0x00
    .long str_002169b4
    .byte 0x00, 0x00, 0x00, 0x00
    .long str_002169bc
    .byte 0x00, 0x00, 0x00, 0x00
    .long str_002169c4
    .byte 0x00, 0x00, 0x00, 0x00
    .long str_002169cc
    .byte 0x00, 0x00, 0x00, 0x00
    .long str_002169d4
    .byte 0x00, 0x00, 0x00, 0x00
    .long str_002169dc
    .byte 0x00, 0x00, 0x00, 0x00
    .long str_002169e4
    .byte 0x00, 0x00, 0x00, 0x00
    .long str_002169f0
    .byte 0x00, 0x00, 0x00, 0x00
    .long str_002169fc
    .byte 0x00, 0x00, 0x00, 0x00
    .long str_00216a04
    .byte 0x00, 0x00, 0x00, 0x00
    .long str_00216a0c
    .byte 0x00, 0x00, 0x00, 0x00, 0x00, 0x00, 0x00, 0x00, 0x00, 0x00, 0x00, 0x00, 0x00, 0x00, 0x00, 0x00
    .byte 0x00, 0x00, 0x00, 0x00

.globl fs_numServerIwds
.type fs_numServerIwds, @object
.size fs_numServerIwds, 4
.align 4
fs_numServerIwds:
    .byte 0x00, 0x00, 0x00, 0x00

.globl fs_packFiles
.type fs_packFiles, @object
.size fs_packFiles, 4
.align 4
fs_packFiles:
    .byte 0x00, 0x00, 0x00, 0x00

.globl fs_searchpaths
.type fs_searchpaths, @object
.size fs_searchpaths, 24
.align 4
fs_searchpaths:
    .byte 0x00, 0x00, 0x00, 0x00, 0x00, 0x00, 0x00, 0x00, 0x00, 0x00, 0x00, 0x00, 0x00, 0x00, 0x00, 0x00
    .byte 0x00, 0x00, 0x00, 0x00, 0x00, 0x00, 0x00, 0x00

.globl TheStringPackage
.type TheStringPackage, @object
.size TheStringPackage, 32
.align 4
TheStringPackage:
    .byte 0x00, 0x00, 0x00, 0x00, 0x00, 0x00, 0x00, 0x00, 0x00, 0x00, 0x00, 0x00, 0x00, 0x00, 0x00, 0x00
    .byte 0x00, 0x00, 0x00, 0x00, 0x00, 0x00, 0x00, 0x00, 0x00, 0x00, 0x00, 0x00, 0x00, 0x00, 0x00, 0x00

.globl bg_itemlist
.type bg_itemlist, @object
.size bg_itemlist, 5824
.align 4
bg_itemlist:
    .byte 0x00, 0x00, 0x00, 0x00, 0x00, 0x00, 0x00, 0x00, 0x00, 0x00, 0x00, 0x00, 0x00, 0x00, 0x00, 0x00
    .byte 0x00, 0x00, 0x00, 0x00, 0x00, 0x00, 0x00, 0x00, 0x00, 0x00, 0x00, 0x00, 0x00, 0x00, 0x00, 0x00
    .byte 0x00, 0x00, 0x00, 0x00, 0x00, 0x00, 0x00, 0x00, 0x00, 0x00, 0x00, 0x00, 0x00, 0x00, 0x00, 0x00
    .byte 0xb8, 0x57, 0x21, 0x00, 0xb8, 0x57, 0x21, 0x00, 0xb8, 0x57, 0x21, 0x00, 0xb8, 0x57, 0x21, 0x00
    .byte 0xb8, 0x57, 0x21, 0x00, 0x00, 0x00, 0x00, 0x00, 0x00, 0x00, 0x00, 0x00, 0x00, 0x00, 0x00, 0x00
    .byte 0x00, 0x00, 0x00, 0x00, 0x00, 0x00, 0x00, 0x00, 0x00, 0x00, 0x00, 0x00, 0xb8, 0x57, 0x21, 0x00
    .byte 0xb8, 0x57, 0x21, 0x00, 0xb8, 0x57, 0x21, 0x00, 0xb8, 0x57, 0x21, 0x00, 0xb8, 0x57, 0x21, 0x00
    .byte 0x00, 0x00, 0x00, 0x00, 0x00, 0x00, 0x00, 0x00, 0x00, 0x00, 0x00, 0x00, 0x00, 0x00, 0x00, 0x00
    .byte 0x00, 0x00, 0x00, 0x00, 0x00, 0x00, 0x00, 0x00, 0xb8, 0x57, 0x21, 0x00, 0xb8, 0x57, 0x21, 0x00
    .byte 0xb8, 0x57, 0x21, 0x00, 0xb8, 0x57, 0x21, 0x00, 0xb8, 0x57, 0x21, 0x00, 0x00, 0x00, 0x00, 0x00
    .byte 0x00, 0x00, 0x00, 0x00, 0x00, 0x00, 0x00, 0x00, 0x00, 0x00, 0x00, 0x00, 0x00, 0x00, 0x00, 0x00
    .byte 0x00, 0x00, 0x00, 0x00, 0xb8, 0x57, 0x21, 0x00, 0xb8, 0x57, 0x21, 0x00, 0xb8, 0x57, 0x21, 0x00
    .byte 0xb8, 0x57, 0x21, 0x00, 0xb8, 0x57, 0x21, 0x00, 0x00, 0x00, 0x00, 0x00, 0x00, 0x00, 0x00, 0x00
    .byte 0x00, 0x00, 0x00, 0x00, 0x00, 0x00, 0x00, 0x00, 0x00, 0x00, 0x00, 0x00, 0x00, 0x00, 0x00, 0x00
    .byte 0xb8, 0x57, 0x21, 0x00, 0xb8, 0x57, 0x21, 0x00, 0xb8, 0x57, 0x21, 0x00, 0xb8, 0x57, 0x21, 0x00
    .byte 0xb8, 0x57, 0x21, 0x00, 0x00, 0x00, 0x00, 0x00, 0x00, 0x00, 0x00, 0x00, 0x00, 0x00, 0x00, 0x00
    .byte 0x00, 0x00, 0x00, 0x00, 0x00, 0x00, 0x00, 0x00, 0x00, 0x00, 0x00, 0x00, 0xb8, 0x57, 0x21, 0x00
    .byte 0xb8, 0x57, 0x21, 0x00, 0xb8, 0x57, 0x21, 0x00, 0xb8, 0x57, 0x21, 0x00, 0xb8, 0x57, 0x21, 0x00
    .byte 0x00, 0x00, 0x00, 0x00, 0x00, 0x00, 0x00, 0x00, 0x00, 0x00, 0x00, 0x00, 0x00, 0x00, 0x00, 0x00
    .byte 0x00, 0x00, 0x00, 0x00, 0x00, 0x00, 0x00, 0x00, 0xb8, 0x57, 0x21, 0x00, 0xb8, 0x57, 0x21, 0x00
    .byte 0xb8, 0x57, 0x21, 0x00, 0xb8, 0x57, 0x21, 0x00, 0xb8, 0x57, 0x21, 0x00, 0x00, 0x00, 0x00, 0x00
    .byte 0x00, 0x00, 0x00, 0x00, 0x00, 0x00, 0x00, 0x00, 0x00, 0x00, 0x00, 0x00, 0x00, 0x00, 0x00, 0x00
    .byte 0x00, 0x00, 0x00, 0x00, 0xb8, 0x57, 0x21, 0x00, 0xb8, 0x57, 0x21, 0x00, 0xb8, 0x57, 0x21, 0x00
    .byte 0xb8, 0x57, 0x21, 0x00, 0xb8, 0x57, 0x21, 0x00, 0x00, 0x00, 0x00, 0x00, 0x00, 0x00, 0x00, 0x00
    .byte 0x00, 0x00, 0x00, 0x00, 0x00, 0x00, 0x00, 0x00, 0x00, 0x00, 0x00, 0x00, 0x00, 0x00, 0x00, 0x00
    .byte 0xb8, 0x57, 0x21, 0x00, 0xb8, 0x57, 0x21, 0x00, 0xb8, 0x57, 0x21, 0x00, 0xb8, 0x57, 0x21, 0x00
    .byte 0xb8, 0x57, 0x21, 0x00, 0x00, 0x00, 0x00, 0x00, 0x00, 0x00, 0x00, 0x00, 0x00, 0x00, 0x00, 0x00
    .byte 0x00, 0x00, 0x00, 0x00, 0x00, 0x00, 0x00, 0x00, 0x00, 0x00, 0x00, 0x00, 0xb8, 0x57, 0x21, 0x00
    .byte 0xb8, 0x57, 0x21, 0x00, 0xb8, 0x57, 0x21, 0x00, 0xb8, 0x57, 0x21, 0x00, 0xb8, 0x57, 0x21, 0x00
    .byte 0x00, 0x00, 0x00, 0x00, 0x00, 0x00, 0x00, 0x00, 0x00, 0x00, 0x00, 0x00, 0x00, 0x00, 0x00, 0x00
    .byte 0x00, 0x00, 0x00, 0x00, 0x00, 0x00, 0x00, 0x00, 0xb8, 0x57, 0x21, 0x00, 0xb8, 0x57, 0x21, 0x00
    .byte 0xb8, 0x57, 0x21, 0x00, 0xb8, 0x57, 0x21, 0x00, 0xb8, 0x57, 0x21, 0x00, 0x00, 0x00, 0x00, 0x00
    .byte 0x00, 0x00, 0x00, 0x00, 0x00, 0x00, 0x00, 0x00, 0x00, 0x00, 0x00, 0x00, 0x00, 0x00, 0x00, 0x00
    .byte 0x00, 0x00, 0x00, 0x00, 0xb8, 0x57, 0x21, 0x00, 0xb8, 0x57, 0x21, 0x00, 0xb8, 0x57, 0x21, 0x00
    .byte 0xb8, 0x57, 0x21, 0x00, 0xb8, 0x57, 0x21, 0x00, 0x00, 0x00, 0x00, 0x00, 0x00, 0x00, 0x00, 0x00
    .byte 0x00, 0x00, 0x00, 0x00, 0x00, 0x00, 0x00, 0x00, 0x00, 0x00, 0x00, 0x00, 0x00, 0x00, 0x00, 0x00
    .byte 0xb8, 0x57, 0x21, 0x00, 0xb8, 0x57, 0x21, 0x00, 0xb8, 0x57, 0x21, 0x00, 0xb8, 0x57, 0x21, 0x00
    .byte 0xb8, 0x57, 0x21, 0x00, 0x00, 0x00, 0x00, 0x00, 0x00, 0x00, 0x00, 0x00, 0x00, 0x00, 0x00, 0x00
    .byte 0x00, 0x00, 0x00, 0x00, 0x00, 0x00, 0x00, 0x00, 0x00, 0x00, 0x00, 0x00, 0xb8, 0x57, 0x21, 0x00
    .byte 0xb8, 0x57, 0x21, 0x00, 0xb8, 0x57, 0x21, 0x00, 0xb8, 0x57, 0x21, 0x00, 0xb8, 0x57, 0x21, 0x00
    .byte 0x00, 0x00, 0x00, 0x00, 0x00, 0x00, 0x00, 0x00, 0x00, 0x00, 0x00, 0x00, 0x00, 0x00, 0x00, 0x00
    .byte 0x00, 0x00, 0x00, 0x00, 0x00, 0x00, 0x00, 0x00, 0xb8, 0x57, 0x21, 0x00, 0xb8, 0x57, 0x21, 0x00
    .byte 0xb8, 0x57, 0x21, 0x00, 0xb8, 0x57, 0x21, 0x00, 0xb8, 0x57, 0x21, 0x00, 0x00, 0x00, 0x00, 0x00
    .byte 0x00, 0x00, 0x00, 0x00, 0x00, 0x00, 0x00, 0x00, 0x00, 0x00, 0x00, 0x00, 0x00, 0x00, 0x00, 0x00
    .byte 0x00, 0x00, 0x00, 0x00, 0xb8, 0x57, 0x21, 0x00, 0xb8, 0x57, 0x21, 0x00, 0xb8, 0x57, 0x21, 0x00
    .byte 0xb8, 0x57, 0x21, 0x00, 0xb8, 0x57, 0x21, 0x00, 0x00, 0x00, 0x00, 0x00, 0x00, 0x00, 0x00, 0x00
    .byte 0x00, 0x00, 0x00, 0x00, 0x00, 0x00, 0x00, 0x00, 0x00, 0x00, 0x00, 0x00, 0x00, 0x00, 0x00, 0x00
    .byte 0xb8, 0x57, 0x21, 0x00, 0xb8, 0x57, 0x21, 0x00, 0xb8, 0x57, 0x21, 0x00, 0xb8, 0x57, 0x21, 0x00
    .byte 0xb8, 0x57, 0x21, 0x00, 0x00, 0x00, 0x00, 0x00, 0x00, 0x00, 0x00, 0x00, 0x00, 0x00, 0x00, 0x00
    .byte 0x00, 0x00, 0x00, 0x00, 0x00, 0x00, 0x00, 0x00, 0x00, 0x00, 0x00, 0x00, 0xb8, 0x57, 0x21, 0x00
    .byte 0xb8, 0x57, 0x21, 0x00, 0xb8, 0x57, 0x21, 0x00, 0xb8, 0x57, 0x21, 0x00, 0xb8, 0x57, 0x21, 0x00
    .byte 0x00, 0x00, 0x00, 0x00, 0x00, 0x00, 0x00, 0x00, 0x00, 0x00, 0x00, 0x00, 0x00, 0x00, 0x00, 0x00
    .byte 0x00, 0x00, 0x00, 0x00, 0x00, 0x00, 0x00, 0x00, 0xb8, 0x57, 0x21, 0x00, 0xb8, 0x57, 0x21, 0x00
    .byte 0xb8, 0x57, 0x21, 0x00, 0xb8, 0x57, 0x21, 0x00, 0xb8, 0x57, 0x21, 0x00, 0x00, 0x00, 0x00, 0x00
    .byte 0x00, 0x00, 0x00, 0x00, 0x00, 0x00, 0x00, 0x00, 0x00, 0x00, 0x00, 0x00, 0x00, 0x00, 0x00, 0x00
    .byte 0x00, 0x00, 0x00, 0x00, 0xb8, 0x57, 0x21, 0x00, 0xb8, 0x57, 0x21, 0x00, 0xb8, 0x57, 0x21, 0x00
    .byte 0xb8, 0x57, 0x21, 0x00, 0xb8, 0x57, 0x21, 0x00, 0x00, 0x00, 0x00, 0x00, 0x00, 0x00, 0x00, 0x00
    .byte 0x00, 0x00, 0x00, 0x00, 0x00, 0x00, 0x00, 0x00, 0x00, 0x00, 0x00, 0x00, 0x00, 0x00, 0x00, 0x00
    .byte 0xb8, 0x57, 0x21, 0x00, 0xb8, 0x57, 0x21, 0x00, 0xb8, 0x57, 0x21, 0x00, 0xb8, 0x57, 0x21, 0x00
    .byte 0xb8, 0x57, 0x21, 0x00, 0x00, 0x00, 0x00, 0x00, 0x00, 0x00, 0x00, 0x00, 0x00, 0x00, 0x00, 0x00
    .byte 0x00, 0x00, 0x00, 0x00, 0x00, 0x00, 0x00, 0x00, 0x00, 0x00, 0x00, 0x00, 0xb8, 0x57, 0x21, 0x00
    .byte 0xb8, 0x57, 0x21, 0x00, 0xb8, 0x57, 0x21, 0x00, 0xb8, 0x57, 0x21, 0x00, 0xb8, 0x57, 0x21, 0x00
    .byte 0x00, 0x00, 0x00, 0x00, 0x00, 0x00, 0x00, 0x00, 0x00, 0x00, 0x00, 0x00, 0x00, 0x00, 0x00, 0x00
    .byte 0x00, 0x00, 0x00, 0x00, 0x00, 0x00, 0x00, 0x00, 0xb8, 0x57, 0x21, 0x00, 0xb8, 0x57, 0x21, 0x00
    .byte 0xb8, 0x57, 0x21, 0x00, 0xb8, 0x57, 0x21, 0x00, 0xb8, 0x57, 0x21, 0x00, 0x00, 0x00, 0x00, 0x00
    .byte 0x00, 0x00, 0x00, 0x00, 0x00, 0x00, 0x00, 0x00, 0x00, 0x00, 0x00, 0x00, 0x00, 0x00, 0x00, 0x00
    .byte 0x00, 0x00, 0x00, 0x00, 0xb8, 0x57, 0x21, 0x00, 0xb8, 0x57, 0x21, 0x00, 0xb8, 0x57, 0x21, 0x00
    .byte 0xb8, 0x57, 0x21, 0x00, 0xb8, 0x57, 0x21, 0x00, 0x00, 0x00, 0x00, 0x00, 0x00, 0x00, 0x00, 0x00
    .byte 0x00, 0x00, 0x00, 0x00, 0x00, 0x00, 0x00, 0x00, 0x00, 0x00, 0x00, 0x00, 0x00, 0x00, 0x00, 0x00
    .byte 0xb8, 0x57, 0x21, 0x00, 0xb8, 0x57, 0x21, 0x00, 0xb8, 0x57, 0x21, 0x00, 0xb8, 0x57, 0x21, 0x00
    .byte 0xb8, 0x57, 0x21, 0x00, 0x00, 0x00, 0x00, 0x00, 0x00, 0x00, 0x00, 0x00, 0x00, 0x00, 0x00, 0x00
    .byte 0x00, 0x00, 0x00, 0x00, 0x00, 0x00, 0x00, 0x00, 0x00, 0x00, 0x00, 0x00, 0xb8, 0x57, 0x21, 0x00
    .byte 0xb8, 0x57, 0x21, 0x00, 0xb8, 0x57, 0x21, 0x00, 0xb8, 0x57, 0x21, 0x00, 0xb8, 0x57, 0x21, 0x00
    .byte 0x00, 0x00, 0x00, 0x00, 0x00, 0x00, 0x00, 0x00, 0x00, 0x00, 0x00, 0x00, 0x00, 0x00, 0x00, 0x00
    .byte 0x00, 0x00, 0x00, 0x00, 0x00, 0x00, 0x00, 0x00, 0xb8, 0x57, 0x21, 0x00, 0xb8, 0x57, 0x21, 0x00
    .byte 0xb8, 0x57, 0x21, 0x00, 0xb8, 0x57, 0x21, 0x00, 0xb8, 0x57, 0x21, 0x00, 0x00, 0x00, 0x00, 0x00
    .byte 0x00, 0x00, 0x00, 0x00, 0x00, 0x00, 0x00, 0x00, 0x00, 0x00, 0x00, 0x00, 0x00, 0x00, 0x00, 0x00
    .byte 0x00, 0x00, 0x00, 0x00, 0xb8, 0x57, 0x21, 0x00, 0xb8, 0x57, 0x21, 0x00, 0xb8, 0x57, 0x21, 0x00
    .byte 0xb8, 0x57, 0x21, 0x00, 0xb8, 0x57, 0x21, 0x00, 0x00, 0x00, 0x00, 0x00, 0x00, 0x00, 0x00, 0x00
    .byte 0x00, 0x00, 0x00, 0x00, 0x00, 0x00, 0x00, 0x00, 0x00, 0x00, 0x00, 0x00, 0x00, 0x00, 0x00, 0x00
    .byte 0xb8, 0x57, 0x21, 0x00, 0xb8, 0x57, 0x21, 0x00, 0xb8, 0x57, 0x21, 0x00, 0xb8, 0x57, 0x21, 0x00
    .byte 0xb8, 0x57, 0x21, 0x00, 0x00, 0x00, 0x00, 0x00, 0x00, 0x00, 0x00, 0x00, 0x00, 0x00, 0x00, 0x00
    .byte 0x00, 0x00, 0x00, 0x00, 0x00, 0x00, 0x00, 0x00, 0x00, 0x00, 0x00, 0x00, 0xb8, 0x57, 0x21, 0x00
    .byte 0xb8, 0x57, 0x21, 0x00, 0xb8, 0x57, 0x21, 0x00, 0xb8, 0x57, 0x21, 0x00, 0xb8, 0x57, 0x21, 0x00
    .byte 0x00, 0x00, 0x00, 0x00, 0x00, 0x00, 0x00, 0x00, 0x00, 0x00, 0x00, 0x00, 0x00, 0x00, 0x00, 0x00
    .byte 0x00, 0x00, 0x00, 0x00, 0x00, 0x00, 0x00, 0x00, 0xb8, 0x57, 0x21, 0x00, 0xb8, 0x57, 0x21, 0x00
    .byte 0xb8, 0x57, 0x21, 0x00, 0xb8, 0x57, 0x21, 0x00, 0xb8, 0x57, 0x21, 0x00, 0x00, 0x00, 0x00, 0x00
    .byte 0x00, 0x00, 0x00, 0x00, 0x00, 0x00, 0x00, 0x00, 0x00, 0x00, 0x00, 0x00, 0x00, 0x00, 0x00, 0x00
    .byte 0x00, 0x00, 0x00, 0x00, 0xb8, 0x57, 0x21, 0x00, 0xb8, 0x57, 0x21, 0x00, 0xb8, 0x57, 0x21, 0x00
    .byte 0xb8, 0x57, 0x21, 0x00, 0xb8, 0x57, 0x21, 0x00, 0x00, 0x00, 0x00, 0x00, 0x00, 0x00, 0x00, 0x00
    .byte 0x00, 0x00, 0x00, 0x00, 0x00, 0x00, 0x00, 0x00, 0x00, 0x00, 0x00, 0x00, 0x00, 0x00, 0x00, 0x00
    .byte 0xb8, 0x57, 0x21, 0x00, 0xb8, 0x57, 0x21, 0x00, 0xb8, 0x57, 0x21, 0x00, 0xb8, 0x57, 0x21, 0x00
    .byte 0xb8, 0x57, 0x21, 0x00, 0x00, 0x00, 0x00, 0x00, 0x00, 0x00, 0x00, 0x00, 0x00, 0x00, 0x00, 0x00
    .byte 0x00, 0x00, 0x00, 0x00, 0x00, 0x00, 0x00, 0x00, 0x00, 0x00, 0x00, 0x00, 0xb8, 0x57, 0x21, 0x00
    .byte 0xb8, 0x57, 0x21, 0x00, 0xb8, 0x57, 0x21, 0x00, 0xb8, 0x57, 0x21, 0x00, 0xb8, 0x57, 0x21, 0x00
    .byte 0x00, 0x00, 0x00, 0x00, 0x00, 0x00, 0x00, 0x00, 0x00, 0x00, 0x00, 0x00, 0x00, 0x00, 0x00, 0x00
    .byte 0x00, 0x00, 0x00, 0x00, 0x00, 0x00, 0x00, 0x00, 0xb8, 0x57, 0x21, 0x00, 0xb8, 0x57, 0x21, 0x00
    .byte 0xb8, 0x57, 0x21, 0x00, 0xb8, 0x57, 0x21, 0x00, 0xb8, 0x57, 0x21, 0x00, 0x00, 0x00, 0x00, 0x00
    .byte 0x00, 0x00, 0x00, 0x00, 0x00, 0x00, 0x00, 0x00, 0x00, 0x00, 0x00, 0x00, 0x00, 0x00, 0x00, 0x00
    .byte 0x00, 0x00, 0x00, 0x00, 0xb8, 0x57, 0x21, 0x00, 0xb8, 0x57, 0x21, 0x00, 0xb8, 0x57, 0x21, 0x00
    .byte 0xb8, 0x57, 0x21, 0x00, 0xb8, 0x57, 0x21, 0x00, 0x00, 0x00, 0x00, 0x00, 0x00, 0x00, 0x00, 0x00
    .byte 0x00, 0x00, 0x00, 0x00, 0x00, 0x00, 0x00, 0x00, 0x00, 0x00, 0x00, 0x00, 0x00, 0x00, 0x00, 0x00
    .byte 0xb8, 0x57, 0x21, 0x00, 0xb8, 0x57, 0x21, 0x00, 0xb8, 0x57, 0x21, 0x00, 0xb8, 0x57, 0x21, 0x00
    .byte 0xb8, 0x57, 0x21, 0x00, 0x00, 0x00, 0x00, 0x00, 0x00, 0x00, 0x00, 0x00, 0x00, 0x00, 0x00, 0x00
    .byte 0x00, 0x00, 0x00, 0x00, 0x00, 0x00, 0x00, 0x00, 0x00, 0x00, 0x00, 0x00, 0xb8, 0x57, 0x21, 0x00
    .byte 0xb8, 0x57, 0x21, 0x00, 0xb8, 0x57, 0x21, 0x00, 0xb8, 0x57, 0x21, 0x00, 0xb8, 0x57, 0x21, 0x00
    .byte 0x00, 0x00, 0x00, 0x00, 0x00, 0x00, 0x00, 0x00, 0x00, 0x00, 0x00, 0x00, 0x00, 0x00, 0x00, 0x00
    .byte 0x00, 0x00, 0x00, 0x00, 0x00, 0x00, 0x00, 0x00, 0xb8, 0x57, 0x21, 0x00, 0xb8, 0x57, 0x21, 0x00
    .byte 0xb8, 0x57, 0x21, 0x00, 0xb8, 0x57, 0x21, 0x00, 0xb8, 0x57, 0x21, 0x00, 0x00, 0x00, 0x00, 0x00
    .byte 0x00, 0x00, 0x00, 0x00, 0x00, 0x00, 0x00, 0x00, 0x00, 0x00, 0x00, 0x00, 0x00, 0x00, 0x00, 0x00
    .byte 0x00, 0x00, 0x00, 0x00, 0xb8, 0x57, 0x21, 0x00, 0xb8, 0x57, 0x21, 0x00, 0xb8, 0x57, 0x21, 0x00
    .byte 0xb8, 0x57, 0x21, 0x00, 0xb8, 0x57, 0x21, 0x00, 0x00, 0x00, 0x00, 0x00, 0x00, 0x00, 0x00, 0x00
    .byte 0x00, 0x00, 0x00, 0x00, 0x00, 0x00, 0x00, 0x00, 0x00, 0x00, 0x00, 0x00, 0x00, 0x00, 0x00, 0x00
    .byte 0xb8, 0x57, 0x21, 0x00, 0xb8, 0x57, 0x21, 0x00, 0xb8, 0x57, 0x21, 0x00, 0xb8, 0x57, 0x21, 0x00
    .byte 0xb8, 0x57, 0x21, 0x00, 0x00, 0x00, 0x00, 0x00, 0x00, 0x00, 0x00, 0x00, 0x00, 0x00, 0x00, 0x00
    .byte 0x00, 0x00, 0x00, 0x00, 0x00, 0x00, 0x00, 0x00, 0x00, 0x00, 0x00, 0x00, 0xb8, 0x57, 0x21, 0x00
    .byte 0xb8, 0x57, 0x21, 0x00, 0xb8, 0x57, 0x21, 0x00, 0xb8, 0x57, 0x21, 0x00, 0xb8, 0x57, 0x21, 0x00
    .byte 0x00, 0x00, 0x00, 0x00, 0x00, 0x00, 0x00, 0x00, 0x00, 0x00, 0x00, 0x00, 0x00, 0x00, 0x00, 0x00
    .byte 0x00, 0x00, 0x00, 0x00, 0x00, 0x00, 0x00, 0x00, 0xb8, 0x57, 0x21, 0x00, 0xb8, 0x57, 0x21, 0x00
    .byte 0xb8, 0x57, 0x21, 0x00, 0xb8, 0x57, 0x21, 0x00, 0xb8, 0x57, 0x21, 0x00, 0x00, 0x00, 0x00, 0x00
    .byte 0x00, 0x00, 0x00, 0x00, 0x00, 0x00, 0x00, 0x00, 0x00, 0x00, 0x00, 0x00, 0x00, 0x00, 0x00, 0x00
    .byte 0x00, 0x00, 0x00, 0x00, 0xb8, 0x57, 0x21, 0x00, 0xb8, 0x57, 0x21, 0x00, 0xb8, 0x57, 0x21, 0x00
    .byte 0xb8, 0x57, 0x21, 0x00, 0xb8, 0x57, 0x21, 0x00, 0x00, 0x00, 0x00, 0x00, 0x00, 0x00, 0x00, 0x00
    .byte 0x00, 0x00, 0x00, 0x00, 0x00, 0x00, 0x00, 0x00, 0x00, 0x00, 0x00, 0x00, 0x00, 0x00, 0x00, 0x00
    .byte 0xb8, 0x57, 0x21, 0x00, 0xb8, 0x57, 0x21, 0x00, 0xb8, 0x57, 0x21, 0x00, 0xb8, 0x57, 0x21, 0x00
    .byte 0xb8, 0x57, 0x21, 0x00, 0x00, 0x00, 0x00, 0x00, 0x00, 0x00, 0x00, 0x00, 0x00, 0x00, 0x00, 0x00
    .byte 0x00, 0x00, 0x00, 0x00, 0x00, 0x00, 0x00, 0x00, 0x00, 0x00, 0x00, 0x00, 0xb8, 0x57, 0x21, 0x00
    .byte 0xb8, 0x57, 0x21, 0x00, 0xb8, 0x57, 0x21, 0x00, 0xb8, 0x57, 0x21, 0x00, 0xb8, 0x57, 0x21, 0x00
    .byte 0x00, 0x00, 0x00, 0x00, 0x00, 0x00, 0x00, 0x00, 0x00, 0x00, 0x00, 0x00, 0x00, 0x00, 0x00, 0x00
    .byte 0x00, 0x00, 0x00, 0x00, 0x00, 0x00, 0x00, 0x00, 0xb8, 0x57, 0x21, 0x00, 0xb8, 0x57, 0x21, 0x00
    .byte 0xb8, 0x57, 0x21, 0x00, 0xb8, 0x57, 0x21, 0x00, 0xb8, 0x57, 0x21, 0x00, 0x00, 0x00, 0x00, 0x00
    .byte 0x00, 0x00, 0x00, 0x00, 0x00, 0x00, 0x00, 0x00, 0x00, 0x00, 0x00, 0x00, 0x00, 0x00, 0x00, 0x00
    .byte 0x00, 0x00, 0x00, 0x00, 0xb8, 0x57, 0x21, 0x00, 0xb8, 0x57, 0x21, 0x00, 0xb8, 0x57, 0x21, 0x00
    .byte 0xb8, 0x57, 0x21, 0x00, 0xb8, 0x57, 0x21, 0x00, 0x00, 0x00, 0x00, 0x00, 0x00, 0x00, 0x00, 0x00
    .byte 0x00, 0x00, 0x00, 0x00, 0x00, 0x00, 0x00, 0x00, 0x00, 0x00, 0x00, 0x00, 0x00, 0x00, 0x00, 0x00
    .byte 0xb8, 0x57, 0x21, 0x00, 0xb8, 0x57, 0x21, 0x00, 0xb8, 0x57, 0x21, 0x00, 0xb8, 0x57, 0x21, 0x00
    .byte 0xb8, 0x57, 0x21, 0x00, 0x00, 0x00, 0x00, 0x00, 0x00, 0x00, 0x00, 0x00, 0x00, 0x00, 0x00, 0x00
    .byte 0x00, 0x00, 0x00, 0x00, 0x00, 0x00, 0x00, 0x00, 0x00, 0x00, 0x00, 0x00, 0xb8, 0x57, 0x21, 0x00
    .byte 0xb8, 0x57, 0x21, 0x00, 0xb8, 0x57, 0x21, 0x00, 0xb8, 0x57, 0x21, 0x00, 0xb8, 0x57, 0x21, 0x00
    .byte 0x00, 0x00, 0x00, 0x00, 0x00, 0x00, 0x00, 0x00, 0x00, 0x00, 0x00, 0x00, 0x00, 0x00, 0x00, 0x00
    .byte 0x00, 0x00, 0x00, 0x00, 0x00, 0x00, 0x00, 0x00, 0xb8, 0x57, 0x21, 0x00, 0xb8, 0x57, 0x21, 0x00
    .byte 0xb8, 0x57, 0x21, 0x00, 0xb8, 0x57, 0x21, 0x00, 0xb8, 0x57, 0x21, 0x00, 0x00, 0x00, 0x00, 0x00
    .byte 0x00, 0x00, 0x00, 0x00, 0x00, 0x00, 0x00, 0x00, 0x00, 0x00, 0x00, 0x00, 0x00, 0x00, 0x00, 0x00
    .byte 0x00, 0x00, 0x00, 0x00, 0xb8, 0x57, 0x21, 0x00, 0xb8, 0x57, 0x21, 0x00, 0xb8, 0x57, 0x21, 0x00
    .byte 0xb8, 0x57, 0x21, 0x00, 0xb8, 0x57, 0x21, 0x00, 0x00, 0x00, 0x00, 0x00, 0x00, 0x00, 0x00, 0x00
    .byte 0x00, 0x00, 0x00, 0x00, 0x00, 0x00, 0x00, 0x00, 0x00, 0x00, 0x00, 0x00, 0x00, 0x00, 0x00, 0x00
    .byte 0xb8, 0x57, 0x21, 0x00, 0xb8, 0x57, 0x21, 0x00, 0xb8, 0x57, 0x21, 0x00, 0xb8, 0x57, 0x21, 0x00
    .byte 0xb8, 0x57, 0x21, 0x00, 0x00, 0x00, 0x00, 0x00, 0x00, 0x00, 0x00, 0x00, 0x00, 0x00, 0x00, 0x00
    .byte 0x00, 0x00, 0x00, 0x00, 0x00, 0x00, 0x00, 0x00, 0x00, 0x00, 0x00, 0x00, 0xb8, 0x57, 0x21, 0x00
    .byte 0xb8, 0x57, 0x21, 0x00, 0xb8, 0x57, 0x21, 0x00, 0xb8, 0x57, 0x21, 0x00, 0xb8, 0x57, 0x21, 0x00
    .byte 0x00, 0x00, 0x00, 0x00, 0x00, 0x00, 0x00, 0x00, 0x00, 0x00, 0x00, 0x00, 0x00, 0x00, 0x00, 0x00
    .byte 0x00, 0x00, 0x00, 0x00, 0x00, 0x00, 0x00, 0x00, 0xb8, 0x57, 0x21, 0x00, 0xb8, 0x57, 0x21, 0x00
    .byte 0xb8, 0x57, 0x21, 0x00, 0xb8, 0x57, 0x21, 0x00, 0xb8, 0x57, 0x21, 0x00, 0x00, 0x00, 0x00, 0x00
    .byte 0x00, 0x00, 0x00, 0x00, 0x00, 0x00, 0x00, 0x00, 0x00, 0x00, 0x00, 0x00, 0x00, 0x00, 0x00, 0x00
    .byte 0x00, 0x00, 0x00, 0x00, 0xb8, 0x57, 0x21, 0x00, 0xb8, 0x57, 0x21, 0x00, 0xb8, 0x57, 0x21, 0x00
    .byte 0xb8, 0x57, 0x21, 0x00, 0xb8, 0x57, 0x21, 0x00, 0x00, 0x00, 0x00, 0x00, 0x00, 0x00, 0x00, 0x00
    .byte 0x00, 0x00, 0x00, 0x00, 0x00, 0x00, 0x00, 0x00, 0x00, 0x00, 0x00, 0x00, 0x00, 0x00, 0x00, 0x00
    .byte 0xb8, 0x57, 0x21, 0x00, 0xb8, 0x57, 0x21, 0x00, 0xb8, 0x57, 0x21, 0x00, 0xb8, 0x57, 0x21, 0x00
    .byte 0xb8, 0x57, 0x21, 0x00, 0x00, 0x00, 0x00, 0x00, 0x00, 0x00, 0x00, 0x00, 0x00, 0x00, 0x00, 0x00
    .byte 0x00, 0x00, 0x00, 0x00, 0x00, 0x00, 0x00, 0x00, 0x00, 0x00, 0x00, 0x00, 0xb8, 0x57, 0x21, 0x00
    .byte 0xb8, 0x57, 0x21, 0x00, 0xb8, 0x57, 0x21, 0x00, 0xb8, 0x57, 0x21, 0x00, 0xb8, 0x57, 0x21, 0x00
    .byte 0x00, 0x00, 0x00, 0x00, 0x00, 0x00, 0x00, 0x00, 0x00, 0x00, 0x00, 0x00, 0x00, 0x00, 0x00, 0x00
    .byte 0x00, 0x00, 0x00, 0x00, 0x00, 0x00, 0x00, 0x00, 0xb8, 0x57, 0x21, 0x00, 0xb8, 0x57, 0x21, 0x00
    .byte 0xb8, 0x57, 0x21, 0x00, 0xb8, 0x57, 0x21, 0x00, 0xb8, 0x57, 0x21, 0x00, 0x00, 0x00, 0x00, 0x00
    .byte 0x00, 0x00, 0x00, 0x00, 0x00, 0x00, 0x00, 0x00, 0x00, 0x00, 0x00, 0x00, 0x00, 0x00, 0x00, 0x00
    .byte 0x00, 0x00, 0x00, 0x00, 0xb8, 0x57, 0x21, 0x00, 0xb8, 0x57, 0x21, 0x00, 0xb8, 0x57, 0x21, 0x00
    .byte 0xb8, 0x57, 0x21, 0x00, 0xb8, 0x57, 0x21, 0x00, 0x00, 0x00, 0x00, 0x00, 0x00, 0x00, 0x00, 0x00
    .byte 0x00, 0x00, 0x00, 0x00, 0x00, 0x00, 0x00, 0x00, 0x00, 0x00, 0x00, 0x00, 0x00, 0x00, 0x00, 0x00
    .byte 0xb8, 0x57, 0x21, 0x00, 0xb8, 0x57, 0x21, 0x00, 0xb8, 0x57, 0x21, 0x00, 0xb8, 0x57, 0x21, 0x00
    .byte 0xb8, 0x57, 0x21, 0x00, 0x00, 0x00, 0x00, 0x00, 0x00, 0x00, 0x00, 0x00, 0x00, 0x00, 0x00, 0x00
    .byte 0x00, 0x00, 0x00, 0x00, 0x00, 0x00, 0x00, 0x00, 0x00, 0x00, 0x00, 0x00, 0xb8, 0x57, 0x21, 0x00
    .byte 0xb8, 0x57, 0x21, 0x00, 0xb8, 0x57, 0x21, 0x00, 0xb8, 0x57, 0x21, 0x00, 0xb8, 0x57, 0x21, 0x00
    .byte 0x00, 0x00, 0x00, 0x00, 0x00, 0x00, 0x00, 0x00, 0x00, 0x00, 0x00, 0x00, 0x00, 0x00, 0x00, 0x00
    .byte 0x00, 0x00, 0x00, 0x00, 0x00, 0x00, 0x00, 0x00, 0xb8, 0x57, 0x21, 0x00, 0xb8, 0x57, 0x21, 0x00
    .byte 0xb8, 0x57, 0x21, 0x00, 0xb8, 0x57, 0x21, 0x00, 0xb8, 0x57, 0x21, 0x00, 0x00, 0x00, 0x00, 0x00
    .byte 0x00, 0x00, 0x00, 0x00, 0x00, 0x00, 0x00, 0x00, 0x00, 0x00, 0x00, 0x00, 0x00, 0x00, 0x00, 0x00
    .byte 0x00, 0x00, 0x00, 0x00, 0xb8, 0x57, 0x21, 0x00, 0xb8, 0x57, 0x21, 0x00, 0xb8, 0x57, 0x21, 0x00
    .byte 0xb8, 0x57, 0x21, 0x00, 0xb8, 0x57, 0x21, 0x00, 0x00, 0x00, 0x00, 0x00, 0x00, 0x00, 0x00, 0x00
    .byte 0x00, 0x00, 0x00, 0x00, 0x00, 0x00, 0x00, 0x00, 0x00, 0x00, 0x00, 0x00, 0x00, 0x00, 0x00, 0x00
    .byte 0xb8, 0x57, 0x21, 0x00, 0xb8, 0x57, 0x21, 0x00, 0xb8, 0x57, 0x21, 0x00, 0xb8, 0x57, 0x21, 0x00
    .byte 0xb8, 0x57, 0x21, 0x00, 0x00, 0x00, 0x00, 0x00, 0x00, 0x00, 0x00, 0x00, 0x00, 0x00, 0x00, 0x00
    .byte 0x00, 0x00, 0x00, 0x00, 0x00, 0x00, 0x00, 0x00, 0x00, 0x00, 0x00, 0x00, 0xb8, 0x57, 0x21, 0x00
    .byte 0xb8, 0x57, 0x21, 0x00, 0xb8, 0x57, 0x21, 0x00, 0xb8, 0x57, 0x21, 0x00, 0xb8, 0x57, 0x21, 0x00
    .byte 0x00, 0x00, 0x00, 0x00, 0x00, 0x00, 0x00, 0x00, 0x00, 0x00, 0x00, 0x00, 0x00, 0x00, 0x00, 0x00
    .byte 0x00, 0x00, 0x00, 0x00, 0x00, 0x00, 0x00, 0x00, 0xb8, 0x57, 0x21, 0x00, 0xb8, 0x57, 0x21, 0x00
    .byte 0xb8, 0x57, 0x21, 0x00, 0xb8, 0x57, 0x21, 0x00, 0xb8, 0x57, 0x21, 0x00, 0x00, 0x00, 0x00, 0x00
    .byte 0x00, 0x00, 0x00, 0x00, 0x00, 0x00, 0x00, 0x00, 0x00, 0x00, 0x00, 0x00, 0x00, 0x00, 0x00, 0x00
    .byte 0x00, 0x00, 0x00, 0x00, 0xb8, 0x57, 0x21, 0x00, 0xb8, 0x57, 0x21, 0x00, 0xb8, 0x57, 0x21, 0x00
    .byte 0xb8, 0x57, 0x21, 0x00, 0xb8, 0x57, 0x21, 0x00, 0x00, 0x00, 0x00, 0x00, 0x00, 0x00, 0x00, 0x00
    .byte 0x00, 0x00, 0x00, 0x00, 0x00, 0x00, 0x00, 0x00, 0x00, 0x00, 0x00, 0x00, 0x00, 0x00, 0x00, 0x00
    .byte 0xb8, 0x57, 0x21, 0x00, 0xb8, 0x57, 0x21, 0x00, 0xb8, 0x57, 0x21, 0x00, 0xb8, 0x57, 0x21, 0x00
    .byte 0xb8, 0x57, 0x21, 0x00, 0x00, 0x00, 0x00, 0x00, 0x00, 0x00, 0x00, 0x00, 0x00, 0x00, 0x00, 0x00
    .byte 0x00, 0x00, 0x00, 0x00, 0x00, 0x00, 0x00, 0x00, 0x00, 0x00, 0x00, 0x00, 0xb8, 0x57, 0x21, 0x00
    .byte 0xb8, 0x57, 0x21, 0x00, 0xb8, 0x57, 0x21, 0x00, 0xb8, 0x57, 0x21, 0x00, 0xb8, 0x57, 0x21, 0x00
    .byte 0x00, 0x00, 0x00, 0x00, 0x00, 0x00, 0x00, 0x00, 0x00, 0x00, 0x00, 0x00, 0x00, 0x00, 0x00, 0x00
    .byte 0x00, 0x00, 0x00, 0x00, 0x00, 0x00, 0x00, 0x00, 0xb8, 0x57, 0x21, 0x00, 0xb8, 0x57, 0x21, 0x00
    .byte 0xb8, 0x57, 0x21, 0x00, 0xb8, 0x57, 0x21, 0x00, 0xb8, 0x57, 0x21, 0x00, 0x00, 0x00, 0x00, 0x00
    .byte 0x00, 0x00, 0x00, 0x00, 0x00, 0x00, 0x00, 0x00, 0x00, 0x00, 0x00, 0x00, 0x00, 0x00, 0x00, 0x00
    .byte 0x00, 0x00, 0x00, 0x00, 0xb8, 0x57, 0x21, 0x00, 0xb8, 0x57, 0x21, 0x00, 0xb8, 0x57, 0x21, 0x00
    .byte 0xb8, 0x57, 0x21, 0x00, 0xb8, 0x57, 0x21, 0x00, 0x00, 0x00, 0x00, 0x00, 0x00, 0x00, 0x00, 0x00
    .byte 0x00, 0x00, 0x00, 0x00, 0x00, 0x00, 0x00, 0x00, 0x00, 0x00, 0x00, 0x00, 0x00, 0x00, 0x00, 0x00
    .byte 0xb8, 0x57, 0x21, 0x00, 0xb8, 0x57, 0x21, 0x00, 0xb8, 0x57, 0x21, 0x00, 0xb8, 0x57, 0x21, 0x00
    .byte 0xb8, 0x57, 0x21, 0x00, 0x00, 0x00, 0x00, 0x00, 0x00, 0x00, 0x00, 0x00, 0x00, 0x00, 0x00, 0x00
    .byte 0x00, 0x00, 0x00, 0x00, 0x00, 0x00, 0x00, 0x00, 0x00, 0x00, 0x00, 0x00, 0xb8, 0x57, 0x21, 0x00
    .byte 0xb8, 0x57, 0x21, 0x00, 0xb8, 0x57, 0x21, 0x00, 0xb8, 0x57, 0x21, 0x00, 0xb8, 0x57, 0x21, 0x00
    .byte 0x00, 0x00, 0x00, 0x00, 0x00, 0x00, 0x00, 0x00, 0x00, 0x00, 0x00, 0x00, 0x00, 0x00, 0x00, 0x00
    .byte 0x00, 0x00, 0x00, 0x00, 0x00, 0x00, 0x00, 0x00, 0xb8, 0x57, 0x21, 0x00, 0xb8, 0x57, 0x21, 0x00
    .byte 0xb8, 0x57, 0x21, 0x00, 0xb8, 0x57, 0x21, 0x00, 0xb8, 0x57, 0x21, 0x00, 0x00, 0x00, 0x00, 0x00
    .byte 0x00, 0x00, 0x00, 0x00, 0x00, 0x00, 0x00, 0x00, 0x00, 0x00, 0x00, 0x00, 0x00, 0x00, 0x00, 0x00
    .byte 0x00, 0x00, 0x00, 0x00, 0xb8, 0x57, 0x21, 0x00, 0xb8, 0x57, 0x21, 0x00, 0xb8, 0x57, 0x21, 0x00
    .byte 0xb8, 0x57, 0x21, 0x00, 0xb8, 0x57, 0x21, 0x00, 0x00, 0x00, 0x00, 0x00, 0x00, 0x00, 0x00, 0x00
    .byte 0x00, 0x00, 0x00, 0x00, 0x00, 0x00, 0x00, 0x00, 0x00, 0x00, 0x00, 0x00, 0x00, 0x00, 0x00, 0x00
    .byte 0xb8, 0x57, 0x21, 0x00, 0xb8, 0x57, 0x21, 0x00, 0xb8, 0x57, 0x21, 0x00, 0xb8, 0x57, 0x21, 0x00
    .byte 0xb8, 0x57, 0x21, 0x00, 0x00, 0x00, 0x00, 0x00, 0x00, 0x00, 0x00, 0x00, 0x00, 0x00, 0x00, 0x00
    .byte 0x00, 0x00, 0x00, 0x00, 0x00, 0x00, 0x00, 0x00, 0x00, 0x00, 0x00, 0x00, 0xb8, 0x57, 0x21, 0x00
    .byte 0xb8, 0x57, 0x21, 0x00, 0xb8, 0x57, 0x21, 0x00, 0xb8, 0x57, 0x21, 0x00, 0xb8, 0x57, 0x21, 0x00
    .byte 0x00, 0x00, 0x00, 0x00, 0x00, 0x00, 0x00, 0x00, 0x00, 0x00, 0x00, 0x00, 0x00, 0x00, 0x00, 0x00
    .byte 0x00, 0x00, 0x00, 0x00, 0x00, 0x00, 0x00, 0x00, 0xb8, 0x57, 0x21, 0x00, 0xb8, 0x57, 0x21, 0x00
    .byte 0xb8, 0x57, 0x21, 0x00, 0xb8, 0x57, 0x21, 0x00, 0xb8, 0x57, 0x21, 0x00, 0x00, 0x00, 0x00, 0x00
    .byte 0x00, 0x00, 0x00, 0x00, 0x00, 0x00, 0x00, 0x00, 0x00, 0x00, 0x00, 0x00, 0x00, 0x00, 0x00, 0x00
    .byte 0x00, 0x00, 0x00, 0x00, 0xb8, 0x57, 0x21, 0x00, 0xb8, 0x57, 0x21, 0x00, 0xb8, 0x57, 0x21, 0x00
    .byte 0xb8, 0x57, 0x21, 0x00, 0xb8, 0x57, 0x21, 0x00, 0x00, 0x00, 0x00, 0x00, 0x00, 0x00, 0x00, 0x00
    .byte 0x00, 0x00, 0x00, 0x00, 0x00, 0x00, 0x00, 0x00, 0x00, 0x00, 0x00, 0x00, 0x00, 0x00, 0x00, 0x00
    .byte 0xb8, 0x57, 0x21, 0x00, 0xb8, 0x57, 0x21, 0x00, 0xb8, 0x57, 0x21, 0x00, 0xb8, 0x57, 0x21, 0x00
    .byte 0xb8, 0x57, 0x21, 0x00, 0x00, 0x00, 0x00, 0x00, 0x00, 0x00, 0x00, 0x00, 0x00, 0x00, 0x00, 0x00
    .byte 0x00, 0x00, 0x00, 0x00, 0x00, 0x00, 0x00, 0x00, 0x00, 0x00, 0x00, 0x00, 0xb8, 0x57, 0x21, 0x00
    .byte 0xb8, 0x57, 0x21, 0x00, 0xb8, 0x57, 0x21, 0x00, 0xb8, 0x57, 0x21, 0x00, 0xb8, 0x57, 0x21, 0x00
    .byte 0x00, 0x00, 0x00, 0x00, 0x00, 0x00, 0x00, 0x00, 0x00, 0x00, 0x00, 0x00, 0x00, 0x00, 0x00, 0x00
    .byte 0x00, 0x00, 0x00, 0x00, 0x00, 0x00, 0x00, 0x00, 0xb8, 0x57, 0x21, 0x00, 0xb8, 0x57, 0x21, 0x00
    .byte 0xb8, 0x57, 0x21, 0x00, 0xb8, 0x57, 0x21, 0x00, 0xb8, 0x57, 0x21, 0x00, 0x00, 0x00, 0x00, 0x00
    .byte 0x00, 0x00, 0x00, 0x00, 0x00, 0x00, 0x00, 0x00, 0x00, 0x00, 0x00, 0x00, 0x00, 0x00, 0x00, 0x00
    .byte 0x00, 0x00, 0x00, 0x00, 0xb8, 0x57, 0x21, 0x00, 0xb8, 0x57, 0x21, 0x00, 0xb8, 0x57, 0x21, 0x00
    .byte 0xb8, 0x57, 0x21, 0x00, 0xb8, 0x57, 0x21, 0x00, 0x00, 0x00, 0x00, 0x00, 0x00, 0x00, 0x00, 0x00
    .byte 0x00, 0x00, 0x00, 0x00, 0x00, 0x00, 0x00, 0x00, 0x00, 0x00, 0x00, 0x00, 0x00, 0x00, 0x00, 0x00
    .byte 0xb8, 0x57, 0x21, 0x00, 0xb8, 0x57, 0x21, 0x00, 0xb8, 0x57, 0x21, 0x00, 0xb8, 0x57, 0x21, 0x00
    .byte 0xb8, 0x57, 0x21, 0x00, 0x00, 0x00, 0x00, 0x00, 0x00, 0x00, 0x00, 0x00, 0x00, 0x00, 0x00, 0x00
    .byte 0x00, 0x00, 0x00, 0x00, 0x00, 0x00, 0x00, 0x00, 0x00, 0x00, 0x00, 0x00, 0xb8, 0x57, 0x21, 0x00
    .byte 0xb8, 0x57, 0x21, 0x00, 0xb8, 0x57, 0x21, 0x00, 0xb8, 0x57, 0x21, 0x00, 0xb8, 0x57, 0x21, 0x00
    .byte 0x00, 0x00, 0x00, 0x00, 0x00, 0x00, 0x00, 0x00, 0x00, 0x00, 0x00, 0x00, 0x00, 0x00, 0x00, 0x00
    .byte 0x00, 0x00, 0x00, 0x00, 0x00, 0x00, 0x00, 0x00, 0xb8, 0x57, 0x21, 0x00, 0xb8, 0x57, 0x21, 0x00
    .byte 0xb8, 0x57, 0x21, 0x00, 0xb8, 0x57, 0x21, 0x00, 0xb8, 0x57, 0x21, 0x00, 0x00, 0x00, 0x00, 0x00
    .byte 0x00, 0x00, 0x00, 0x00, 0x00, 0x00, 0x00, 0x00, 0x00, 0x00, 0x00, 0x00, 0x00, 0x00, 0x00, 0x00
    .byte 0x00, 0x00, 0x00, 0x00, 0xb8, 0x57, 0x21, 0x00, 0xb8, 0x57, 0x21, 0x00, 0xb8, 0x57, 0x21, 0x00
    .byte 0xb8, 0x57, 0x21, 0x00, 0xb8, 0x57, 0x21, 0x00, 0x00, 0x00, 0x00, 0x00, 0x00, 0x00, 0x00, 0x00
    .byte 0x00, 0x00, 0x00, 0x00, 0x00, 0x00, 0x00, 0x00, 0x00, 0x00, 0x00, 0x00, 0x00, 0x00, 0x00, 0x00
    .byte 0xb8, 0x57, 0x21, 0x00, 0xb8, 0x57, 0x21, 0x00, 0xb8, 0x57, 0x21, 0x00, 0xb8, 0x57, 0x21, 0x00
    .byte 0xb8, 0x57, 0x21, 0x00, 0x00, 0x00, 0x00, 0x00, 0x00, 0x00, 0x00, 0x00, 0x00, 0x00, 0x00, 0x00
    .byte 0x00, 0x00, 0x00, 0x00, 0x00, 0x00, 0x00, 0x00, 0x00, 0x00, 0x00, 0x00, 0xb8, 0x57, 0x21, 0x00
    .byte 0xb8, 0x57, 0x21, 0x00, 0xb8, 0x57, 0x21, 0x00, 0xb8, 0x57, 0x21, 0x00, 0xb8, 0x57, 0x21, 0x00
    .byte 0x00, 0x00, 0x00, 0x00, 0x00, 0x00, 0x00, 0x00, 0x00, 0x00, 0x00, 0x00, 0x00, 0x00, 0x00, 0x00
    .byte 0x00, 0x00, 0x00, 0x00, 0x00, 0x00, 0x00, 0x00, 0xb8, 0x57, 0x21, 0x00, 0xb8, 0x57, 0x21, 0x00
    .byte 0xb8, 0x57, 0x21, 0x00, 0xb8, 0x57, 0x21, 0x00, 0xb8, 0x57, 0x21, 0x00, 0x00, 0x00, 0x00, 0x00
    .byte 0x00, 0x00, 0x00, 0x00, 0x00, 0x00, 0x00, 0x00, 0x00, 0x00, 0x00, 0x00, 0x00, 0x00, 0x00, 0x00
    .byte 0x00, 0x00, 0x00, 0x00, 0xb8, 0x57, 0x21, 0x00, 0xb8, 0x57, 0x21, 0x00, 0xb8, 0x57, 0x21, 0x00
    .byte 0xb8, 0x57, 0x21, 0x00, 0xb8, 0x57, 0x21, 0x00, 0x00, 0x00, 0x00, 0x00, 0x00, 0x00, 0x00, 0x00
    .byte 0x00, 0x00, 0x00, 0x00, 0x00, 0x00, 0x00, 0x00, 0x00, 0x00, 0x00, 0x00, 0x00, 0x00, 0x00, 0x00
    .byte 0xb8, 0x57, 0x21, 0x00, 0xb8, 0x57, 0x21, 0x00, 0xb8, 0x57, 0x21, 0x00, 0xb8, 0x57, 0x21, 0x00
    .byte 0xb8, 0x57, 0x21, 0x00, 0x00, 0x00, 0x00, 0x00, 0x00, 0x00, 0x00, 0x00, 0x00, 0x00, 0x00, 0x00
    .byte 0x00, 0x00, 0x00, 0x00, 0x00, 0x00, 0x00, 0x00, 0x00, 0x00, 0x00, 0x00, 0xb8, 0x57, 0x21, 0x00
    .byte 0xb8, 0x57, 0x21, 0x00, 0xb8, 0x57, 0x21, 0x00, 0xb8, 0x57, 0x21, 0x00, 0xb8, 0x57, 0x21, 0x00
    .byte 0x00, 0x00, 0x00, 0x00, 0x00, 0x00, 0x00, 0x00, 0x00, 0x00, 0x00, 0x00, 0x00, 0x00, 0x00, 0x00
    .byte 0x00, 0x00, 0x00, 0x00, 0x00, 0x00, 0x00, 0x00, 0xb8, 0x57, 0x21, 0x00, 0xb8, 0x57, 0x21, 0x00
    .byte 0xb8, 0x57, 0x21, 0x00, 0xb8, 0x57, 0x21, 0x00, 0xb8, 0x57, 0x21, 0x00, 0x00, 0x00, 0x00, 0x00
    .byte 0x00, 0x00, 0x00, 0x00, 0x00, 0x00, 0x00, 0x00, 0x00, 0x00, 0x00, 0x00, 0x00, 0x00, 0x00, 0x00
    .byte 0x00, 0x00, 0x00, 0x00, 0xb8, 0x57, 0x21, 0x00, 0xb8, 0x57, 0x21, 0x00, 0xb8, 0x57, 0x21, 0x00
    .byte 0xb8, 0x57, 0x21, 0x00, 0xb8, 0x57, 0x21, 0x00, 0x00, 0x00, 0x00, 0x00, 0x00, 0x00, 0x00, 0x00
    .byte 0x00, 0x00, 0x00, 0x00, 0x00, 0x00, 0x00, 0x00, 0x00, 0x00, 0x00, 0x00, 0x00, 0x00, 0x00, 0x00
    .byte 0xb8, 0x57, 0x21, 0x00, 0xb8, 0x57, 0x21, 0x00, 0xb8, 0x57, 0x21, 0x00, 0xb8, 0x57, 0x21, 0x00
    .byte 0xb8, 0x57, 0x21, 0x00, 0x00, 0x00, 0x00, 0x00, 0x00, 0x00, 0x00, 0x00, 0x00, 0x00, 0x00, 0x00
    .byte 0x00, 0x00, 0x00, 0x00, 0x00, 0x00, 0x00, 0x00, 0x00, 0x00, 0x00, 0x00, 0xb8, 0x57, 0x21, 0x00
    .byte 0xb8, 0x57, 0x21, 0x00, 0xb8, 0x57, 0x21, 0x00, 0xb8, 0x57, 0x21, 0x00, 0xb8, 0x57, 0x21, 0x00
    .byte 0x00, 0x00, 0x00, 0x00, 0x00, 0x00, 0x00, 0x00, 0x00, 0x00, 0x00, 0x00, 0x00, 0x00, 0x00, 0x00
    .byte 0x00, 0x00, 0x00, 0x00, 0x00, 0x00, 0x00, 0x00, 0xb8, 0x57, 0x21, 0x00, 0xb8, 0x57, 0x21, 0x00
    .byte 0xb8, 0x57, 0x21, 0x00, 0xb8, 0x57, 0x21, 0x00, 0xb8, 0x57, 0x21, 0x00, 0x00, 0x00, 0x00, 0x00
    .byte 0x00, 0x00, 0x00, 0x00, 0x00, 0x00, 0x00, 0x00, 0x00, 0x00, 0x00, 0x00, 0x00, 0x00, 0x00, 0x00
    .byte 0x00, 0x00, 0x00, 0x00, 0xb8, 0x57, 0x21, 0x00, 0xb8, 0x57, 0x21, 0x00, 0xb8, 0x57, 0x21, 0x00
    .byte 0xb8, 0x57, 0x21, 0x00, 0xb8, 0x57, 0x21, 0x00, 0x00, 0x00, 0x00, 0x00, 0x00, 0x00, 0x00, 0x00
    .byte 0x00, 0x00, 0x00, 0x00, 0x00, 0x00, 0x00, 0x00, 0x00, 0x00, 0x00, 0x00, 0x00, 0x00, 0x00, 0x00
    .byte 0xb8, 0x57, 0x21, 0x00, 0xb8, 0x57, 0x21, 0x00, 0xb8, 0x57, 0x21, 0x00, 0xb8, 0x57, 0x21, 0x00
    .byte 0xb8, 0x57, 0x21, 0x00, 0x00, 0x00, 0x00, 0x00, 0x00, 0x00, 0x00, 0x00, 0x00, 0x00, 0x00, 0x00
    .byte 0x00, 0x00, 0x00, 0x00, 0x00, 0x00, 0x00, 0x00, 0x00, 0x00, 0x00, 0x00, 0xb8, 0x57, 0x21, 0x00
    .byte 0xb8, 0x57, 0x21, 0x00, 0xb8, 0x57, 0x21, 0x00, 0xb8, 0x57, 0x21, 0x00, 0xb8, 0x57, 0x21, 0x00
    .byte 0x00, 0x00, 0x00, 0x00, 0x00, 0x00, 0x00, 0x00, 0x00, 0x00, 0x00, 0x00, 0x00, 0x00, 0x00, 0x00
    .byte 0x00, 0x00, 0x00, 0x00, 0x00, 0x00, 0x00, 0x00, 0xb8, 0x57, 0x21, 0x00, 0xb8, 0x57, 0x21, 0x00
    .byte 0xb8, 0x57, 0x21, 0x00, 0xb8, 0x57, 0x21, 0x00, 0xb8, 0x57, 0x21, 0x00, 0x00, 0x00, 0x00, 0x00
    .byte 0x00, 0x00, 0x00, 0x00, 0x00, 0x00, 0x00, 0x00, 0x00, 0x00, 0x00, 0x00, 0x00, 0x00, 0x00, 0x00
    .byte 0x00, 0x00, 0x00, 0x00, 0xb8, 0x57, 0x21, 0x00, 0xb8, 0x57, 0x21, 0x00, 0xb8, 0x57, 0x21, 0x00
    .byte 0xb8, 0x57, 0x21, 0x00, 0xb8, 0x57, 0x21, 0x00, 0x00, 0x00, 0x00, 0x00, 0x00, 0x00, 0x00, 0x00
    .byte 0x00, 0x00, 0x00, 0x00, 0x00, 0x00, 0x00, 0x00, 0x00, 0x00, 0x00, 0x00, 0x00, 0x00, 0x00, 0x00
    .byte 0xb8, 0x57, 0x21, 0x00, 0xb8, 0x57, 0x21, 0x00, 0xb8, 0x57, 0x21, 0x00, 0xb8, 0x57, 0x21, 0x00
    .byte 0xb8, 0x57, 0x21, 0x00, 0x00, 0x00, 0x00, 0x00, 0x00, 0x00, 0x00, 0x00, 0x00, 0x00, 0x00, 0x00
    .byte 0x00, 0x00, 0x00, 0x00, 0x00, 0x00, 0x00, 0x00, 0x00, 0x00, 0x00, 0x00, 0xb8, 0x57, 0x21, 0x00
    .byte 0xb8, 0x57, 0x21, 0x00, 0xb8, 0x57, 0x21, 0x00, 0xb8, 0x57, 0x21, 0x00, 0xb8, 0x57, 0x21, 0x00
    .byte 0x00, 0x00, 0x00, 0x00, 0x00, 0x00, 0x00, 0x00, 0x00, 0x00, 0x00, 0x00, 0x00, 0x00, 0x00, 0x00
    .byte 0x00, 0x00, 0x00, 0x00, 0x00, 0x00, 0x00, 0x00, 0xb8, 0x57, 0x21, 0x00, 0xb8, 0x57, 0x21, 0x00
    .byte 0xb8, 0x57, 0x21, 0x00, 0xb8, 0x57, 0x21, 0x00, 0xb8, 0x57, 0x21, 0x00, 0x00, 0x00, 0x00, 0x00
    .byte 0x00, 0x00, 0x00, 0x00, 0x00, 0x00, 0x00, 0x00, 0x00, 0x00, 0x00, 0x00, 0x00, 0x00, 0x00, 0x00
    .byte 0x00, 0x00, 0x00, 0x00, 0xb8, 0x57, 0x21, 0x00, 0xb8, 0x57, 0x21, 0x00, 0xb8, 0x57, 0x21, 0x00
    .byte 0xb8, 0x57, 0x21, 0x00, 0xb8, 0x57, 0x21, 0x00, 0x00, 0x00, 0x00, 0x00, 0x00, 0x00, 0x00, 0x00
    .byte 0x00, 0x00, 0x00, 0x00, 0x00, 0x00, 0x00, 0x00, 0x00, 0x00, 0x00, 0x00, 0x00, 0x00, 0x00, 0x00
    .byte 0xb8, 0x57, 0x21, 0x00, 0xb8, 0x57, 0x21, 0x00, 0xb8, 0x57, 0x21, 0x00, 0xb8, 0x57, 0x21, 0x00
    .byte 0xb8, 0x57, 0x21, 0x00, 0x00, 0x00, 0x00, 0x00, 0x00, 0x00, 0x00, 0x00, 0x00, 0x00, 0x00, 0x00
    .byte 0x00, 0x00, 0x00, 0x00, 0x00, 0x00, 0x00, 0x00, 0x00, 0x00, 0x00, 0x00, 0xb8, 0x57, 0x21, 0x00
    .byte 0xb8, 0x57, 0x21, 0x00, 0xb8, 0x57, 0x21, 0x00, 0xb8, 0x57, 0x21, 0x00, 0xb8, 0x57, 0x21, 0x00
    .byte 0x00, 0x00, 0x00, 0x00, 0x00, 0x00, 0x00, 0x00, 0x00, 0x00, 0x00, 0x00, 0x00, 0x00, 0x00, 0x00
    .byte 0x00, 0x00, 0x00, 0x00, 0x00, 0x00, 0x00, 0x00, 0xb8, 0x57, 0x21, 0x00, 0xb8, 0x57, 0x21, 0x00
    .byte 0xb8, 0x57, 0x21, 0x00, 0xb8, 0x57, 0x21, 0x00, 0xb8, 0x57, 0x21, 0x00, 0x00, 0x00, 0x00, 0x00
    .byte 0x00, 0x00, 0x00, 0x00, 0x00, 0x00, 0x00, 0x00, 0x00, 0x00, 0x00, 0x00, 0x00, 0x00, 0x00, 0x00
    .byte 0x00, 0x00, 0x00, 0x00, 0xb8, 0x57, 0x21, 0x00, 0xb8, 0x57, 0x21, 0x00, 0xb8, 0x57, 0x21, 0x00
    .byte 0xb8, 0x57, 0x21, 0x00, 0xb8, 0x57, 0x21, 0x00, 0x00, 0x00, 0x00, 0x00, 0x00, 0x00, 0x00, 0x00
    .byte 0x00, 0x00, 0x00, 0x00, 0x00, 0x00, 0x00, 0x00, 0x00, 0x00, 0x00, 0x00, 0x00, 0x00, 0x00, 0x00
    .byte 0xb8, 0x57, 0x21, 0x00, 0xb8, 0x57, 0x21, 0x00, 0xb8, 0x57, 0x21, 0x00, 0xb8, 0x57, 0x21, 0x00
    .byte 0xb8, 0x57, 0x21, 0x00, 0x00, 0x00, 0x00, 0x00, 0x00, 0x00, 0x00, 0x00, 0x00, 0x00, 0x00, 0x00
    .byte 0x00, 0x00, 0x00, 0x00, 0x00, 0x00, 0x00, 0x00, 0x00, 0x00, 0x00, 0x00, 0xb8, 0x57, 0x21, 0x00
    .byte 0xb8, 0x57, 0x21, 0x00, 0xb8, 0x57, 0x21, 0x00, 0xb8, 0x57, 0x21, 0x00, 0xb8, 0x57, 0x21, 0x00
    .byte 0x00, 0x00, 0x00, 0x00, 0x00, 0x00, 0x00, 0x00, 0x00, 0x00, 0x00, 0x00, 0x00, 0x00, 0x00, 0x00
    .byte 0x00, 0x00, 0x00, 0x00, 0x00, 0x00, 0x00, 0x00, 0xb8, 0x57, 0x21, 0x00, 0xb8, 0x57, 0x21, 0x00
    .byte 0xb8, 0x57, 0x21, 0x00, 0xb8, 0x57, 0x21, 0x00, 0xb8, 0x57, 0x21, 0x00, 0x00, 0x00, 0x00, 0x00
    .byte 0x00, 0x00, 0x00, 0x00, 0x00, 0x00, 0x00, 0x00, 0x00, 0x00, 0x00, 0x00, 0x00, 0x00, 0x00, 0x00
    .byte 0x00, 0x00, 0x00, 0x00, 0xb8, 0x57, 0x21, 0x00, 0xb8, 0x57, 0x21, 0x00, 0xb8, 0x57, 0x21, 0x00
    .byte 0xb8, 0x57, 0x21, 0x00, 0xb8, 0x57, 0x21, 0x00, 0x00, 0x00, 0x00, 0x00, 0x00, 0x00, 0x00, 0x00
    .byte 0x00, 0x00, 0x00, 0x00, 0x00, 0x00, 0x00, 0x00, 0x00, 0x00, 0x00, 0x00, 0x00, 0x00, 0x00, 0x00
    .byte 0xb8, 0x57, 0x21, 0x00, 0xb8, 0x57, 0x21, 0x00, 0xb8, 0x57, 0x21, 0x00, 0xb8, 0x57, 0x21, 0x00
    .byte 0xb8, 0x57, 0x21, 0x00, 0x00, 0x00, 0x00, 0x00, 0x00, 0x00, 0x00, 0x00, 0x00, 0x00, 0x00, 0x00
    .byte 0x00, 0x00, 0x00, 0x00, 0x00, 0x00, 0x00, 0x00, 0x00, 0x00, 0x00, 0x00, 0xb8, 0x57, 0x21, 0x00
    .byte 0xb8, 0x57, 0x21, 0x00, 0xb8, 0x57, 0x21, 0x00, 0xb8, 0x57, 0x21, 0x00, 0xb8, 0x57, 0x21, 0x00
    .byte 0x00, 0x00, 0x00, 0x00, 0x00, 0x00, 0x00, 0x00, 0x00, 0x00, 0x00, 0x00, 0x00, 0x00, 0x00, 0x00
    .byte 0x00, 0x00, 0x00, 0x00, 0x00, 0x00, 0x00, 0x00, 0xb8, 0x57, 0x21, 0x00, 0xb8, 0x57, 0x21, 0x00
    .byte 0xb8, 0x57, 0x21, 0x00, 0xb8, 0x57, 0x21, 0x00, 0xb8, 0x57, 0x21, 0x00, 0x00, 0x00, 0x00, 0x00
    .byte 0x00, 0x00, 0x00, 0x00, 0x00, 0x00, 0x00, 0x00, 0x00, 0x00, 0x00, 0x00, 0x00, 0x00, 0x00, 0x00
    .byte 0x00, 0x00, 0x00, 0x00, 0xb8, 0x57, 0x21, 0x00, 0xb8, 0x57, 0x21, 0x00, 0xb8, 0x57, 0x21, 0x00
    .byte 0xb8, 0x57, 0x21, 0x00, 0xb8, 0x57, 0x21, 0x00, 0x00, 0x00, 0x00, 0x00, 0x00, 0x00, 0x00, 0x00
    .byte 0x00, 0x00, 0x00, 0x00, 0x00, 0x00, 0x00, 0x00, 0x00, 0x00, 0x00, 0x00, 0x00, 0x00, 0x00, 0x00
    .byte 0xb8, 0x57, 0x21, 0x00, 0xb8, 0x57, 0x21, 0x00, 0xb8, 0x57, 0x21, 0x00, 0xb8, 0x57, 0x21, 0x00
    .byte 0xb8, 0x57, 0x21, 0x00, 0x00, 0x00, 0x00, 0x00, 0x00, 0x00, 0x00, 0x00, 0x00, 0x00, 0x00, 0x00
    .byte 0x00, 0x00, 0x00, 0x00, 0x00, 0x00, 0x00, 0x00, 0x00, 0x00, 0x00, 0x00, 0xb8, 0x57, 0x21, 0x00
    .byte 0xb8, 0x57, 0x21, 0x00, 0xb8, 0x57, 0x21, 0x00, 0xb8, 0x57, 0x21, 0x00, 0xb8, 0x57, 0x21, 0x00
    .byte 0x00, 0x00, 0x00, 0x00, 0x00, 0x00, 0x00, 0x00, 0x00, 0x00, 0x00, 0x00, 0x00, 0x00, 0x00, 0x00
    .byte 0x00, 0x00, 0x00, 0x00, 0x00, 0x00, 0x00, 0x00, 0xb8, 0x57, 0x21, 0x00, 0xb8, 0x57, 0x21, 0x00
    .byte 0xb8, 0x57, 0x21, 0x00, 0xb8, 0x57, 0x21, 0x00, 0xb8, 0x57, 0x21, 0x00, 0x00, 0x00, 0x00, 0x00
    .byte 0x00, 0x00, 0x00, 0x00, 0x00, 0x00, 0x00, 0x00, 0x00, 0x00, 0x00, 0x00, 0x00, 0x00, 0x00, 0x00
    .byte 0x00, 0x00, 0x00, 0x00, 0xb8, 0x57, 0x21, 0x00, 0xb8, 0x57, 0x21, 0x00, 0xb8, 0x57, 0x21, 0x00
    .byte 0xb8, 0x57, 0x21, 0x00, 0xb8, 0x57, 0x21, 0x00, 0x00, 0x00, 0x00, 0x00, 0x00, 0x00, 0x00, 0x00
    .byte 0x00, 0x00, 0x00, 0x00, 0x00, 0x00, 0x00, 0x00, 0x00, 0x00, 0x00, 0x00, 0x00, 0x00, 0x00, 0x00
    .byte 0xb8, 0x57, 0x21, 0x00, 0xb8, 0x57, 0x21, 0x00, 0xb8, 0x57, 0x21, 0x00, 0xb8, 0x57, 0x21, 0x00
    .byte 0xb8, 0x57, 0x21, 0x00, 0x00, 0x00, 0x00, 0x00, 0x00, 0x00, 0x00, 0x00, 0x00, 0x00, 0x00, 0x00
    .byte 0x00, 0x00, 0x00, 0x00, 0x00, 0x00, 0x00, 0x00, 0x00, 0x00, 0x00, 0x00, 0xb8, 0x57, 0x21, 0x00
    .byte 0xb8, 0x57, 0x21, 0x00, 0xb8, 0x57, 0x21, 0x00, 0xb8, 0x57, 0x21, 0x00, 0xb8, 0x57, 0x21, 0x00
    .byte 0x00, 0x00, 0x00, 0x00, 0x00, 0x00, 0x00, 0x00, 0x00, 0x00, 0x00, 0x00, 0x00, 0x00, 0x00, 0x00
    .byte 0x00, 0x00, 0x00, 0x00, 0x00, 0x00, 0x00, 0x00, 0xb8, 0x57, 0x21, 0x00, 0xb8, 0x57, 0x21, 0x00
    .byte 0xb8, 0x57, 0x21, 0x00, 0xb8, 0x57, 0x21, 0x00, 0xb8, 0x57, 0x21, 0x00, 0x00, 0x00, 0x00, 0x00
    .byte 0x00, 0x00, 0x00, 0x00, 0x00, 0x00, 0x00, 0x00, 0x00, 0x00, 0x00, 0x00, 0x00, 0x00, 0x00, 0x00
    .byte 0x00, 0x00, 0x00, 0x00, 0xb8, 0x57, 0x21, 0x00, 0xb8, 0x57, 0x21, 0x00, 0xb8, 0x57, 0x21, 0x00
    .byte 0xb8, 0x57, 0x21, 0x00, 0xb8, 0x57, 0x21, 0x00, 0x00, 0x00, 0x00, 0x00, 0x00, 0x00, 0x00, 0x00
    .byte 0x00, 0x00, 0x00, 0x00, 0x00, 0x00, 0x00, 0x00, 0x00, 0x00, 0x00, 0x00
    .long str_002181d8
    .long str_002181ec
    .long str_00218200
    .byte 0x00, 0x00, 0x00, 0x00
    .long str_00218214
    .long str_00218228
    .byte 0x0a, 0x00, 0x00, 0x00, 0x03, 0x00, 0x00, 0x00, 0x00, 0x00, 0x00, 0x00, 0x00, 0x00, 0x00, 0x00
    .byte 0x00, 0x00, 0x00, 0x00
    .long str_00218238
    .long str_0021824c
    .long str_00218260
    .byte 0x00, 0x00, 0x00, 0x00
    .long str_00218274
    .long str_00218288
    .byte 0x32, 0x00, 0x00, 0x00, 0x03, 0x00, 0x00, 0x00, 0x00, 0x00, 0x00, 0x00, 0x00, 0x00, 0x00, 0x00
    .byte 0x00, 0x00, 0x00, 0x00, 0x00, 0x00, 0x00, 0x00, 0x00, 0x00, 0x00, 0x00, 0x00, 0x00, 0x00, 0x00
    .byte 0x00, 0x00, 0x00, 0x00, 0x00, 0x00, 0x00, 0x00, 0x00, 0x00, 0x00, 0x00, 0x00, 0x00, 0x00, 0x00
    .byte 0x00, 0x00, 0x00, 0x00, 0x00, 0x00, 0x00, 0x00, 0x00, 0x00, 0x00, 0x00, 0x00, 0x00, 0x00, 0x00
    .byte 0x00, 0x00, 0x00, 0x00, 0x00, 0x00, 0x00, 0x00, 0x00, 0x00, 0x00, 0x00, 0x00, 0x00, 0x00, 0x00

.globl snd_roomStrings
.type snd_roomStrings, @object
.size snd_roomStrings, 128
.align 4
snd_roomStrings:
    .long str_00218e0c
    .long str_00218e14
    .long str_00218e20
    .long str_00218e28
    .long str_00218e34
    .long str_00218e40
    .long str_00218e4c
    .long str_00218e58
    .long str_00218e64
    .long str_00218e6c
    .long str_00218e74
    .long str_00218e7c
    .long str_00218e8c
    .long str_00218e94
    .long str_00218ea4
    .long str_00218eac
    .long str_00218eb4
    .long str_00218ebc
    .long str_00218ec8
    .long str_00218ed0
    .long str_00218ed8
    .long str_00218ee4
    .long str_00218ef0
    .long str_00218efc
    .long str_00218f04
    .long str_00218f0c
    .byte 0x00, 0x00, 0x00, 0x00, 0x00, 0x00, 0x00, 0x00, 0x00, 0x00, 0x00, 0x00, 0x00, 0x00, 0x00, 0x00
    .byte 0x00, 0x00, 0x00, 0x00, 0x00, 0x00, 0x00, 0x00

.globl cmd_text
.type cmd_text, @object
.size cmd_text, 32
.align 4
cmd_text:
    .long cmd_texts
    .byte 0x00, 0x00, 0x00, 0x00, 0x00, 0x00, 0x00, 0x00, 0x00, 0x00, 0x00, 0x00, 0x00, 0x00, 0x00, 0x00
    .byte 0x00, 0x00, 0x00, 0x00, 0x00, 0x00, 0x00, 0x00, 0x00, 0x00, 0x00, 0x00

.globl dvarOnOffStrings
.type dvarOnOffStrings, @object
.size dvarOnOffStrings, 32
.align 4
dvarOnOffStrings:
    .long str_00219524
    .long str_00219528
    .byte 0x00, 0x00, 0x00, 0x00, 0x00, 0x00, 0x00, 0x00, 0x00, 0x00, 0x00, 0x00, 0x00, 0x00, 0x00, 0x00
    .byte 0x00, 0x00, 0x00, 0x00, 0x00, 0x00, 0x00, 0x00

.globl fxInitialized
.type fxInitialized, @object
.size fxInitialized, 4
.align 4
fxInitialized:
    .byte 0x00, 0x00, 0x00, 0x00

.globl theFxHelper
.type theFxHelper, @object
.size theFxHelper, 4
.align 4
theFxHelper:
    .long theFxHelpers

.globl effectListNonBolt
.type effectListNonBolt, @object
.size effectListNonBolt, 4
.align 4
effectListNonBolt:
    .long effectListArrayNonBolt

.globl effectListBolt
.type effectListBolt, @object
.size effectListBolt, 4
.align 4
effectListBolt:
    .long effectListArrayBolt

.globl effectClusters
.type effectClusters, @object
.size effectClusters, 16
.align 4
effectClusters:
    .long effectClusterArray
    .byte 0x00, 0x00, 0x00, 0x00, 0x00, 0x00, 0x00, 0x00, 0x00, 0x00, 0x00, 0x00

.globl defaultEffect
.type defaultEffect, @object
.size defaultEffect, 4
.align 4
defaultEffect:
    .byte 0x00, 0x00, 0x00, 0x00

.globl theFxScheduler
.type theFxScheduler, @object
.size theFxScheduler, 28
.align 4
theFxScheduler:
    .byte 0x00, 0x00, 0x00, 0x00, 0x00, 0x00, 0x00, 0x00, 0x00, 0x00, 0x00, 0x00, 0x00, 0x00, 0x00, 0x00
    .byte 0x00, 0x00, 0x00, 0x00, 0x00, 0x00, 0x00, 0x00, 0x00, 0x00, 0x00, 0x00

.globl g_rendererExists
.type g_rendererExists, @object
.size g_rendererExists, 32
.align 4
g_rendererExists:
    .byte 0x01, 0x00, 0x00, 0x00, 0x00, 0x00, 0x00, 0x00, 0x00, 0x00, 0x00, 0x00, 0x00, 0x00, 0x00, 0x00
    .byte 0x00, 0x00, 0x00, 0x00, 0x00, 0x00, 0x00, 0x00, 0x00, 0x00, 0x00, 0x00, 0x00, 0x00, 0x00, 0x00

.globl eventnames
.type eventnames, @object
.size eventnames, 800
.align 4
eventnames:
    .long str_0021a974
    .long str_0021a97c
    .long str_0021a994
    .long str_0021a9ac
    .long str_0021a9c4
    .long str_0021a9dc
    .long str_0021a9f4
    .long str_0021aa10
    .long str_0021aa28
    .long str_0021aa40
    .long str_0021aa58
    .long str_0021aa70
    .long str_0021aa88
    .long str_0021aaa0
    .long str_0021aab4
    .long str_0021aacc
    .long str_0021aae0
    .long str_0021aaf8
    .long str_0021ab10
    .long str_0021ab28
    .long str_0021ab40
    .long str_0021ab58
    .long str_0021ab70
    .long str_0021ab88
    .long str_0021aba0
    .long str_0021abbc
    .long str_0021abd4
    .long str_0021abec
    .long str_0021ac04
    .long str_0021ac1c
    .long str_0021ac38
    .long str_0021ac50
    .long str_0021ac68
    .long str_0021ac84
    .long str_0021ac9c
    .long str_0021acb4
    .long str_0021accc
    .long str_0021ace4
    .long str_0021acfc
    .long str_0021ad14
    .long str_0021ad2c
    .long str_0021ad48
    .long str_0021ad60
    .long str_0021ad78
    .long str_0021ad90
    .long str_0021ada8
    .long str_0021adc0
    .long str_0021addc
    .long str_0021adf8
    .long str_0021ae10
    .long str_0021ae28
    .long str_0021ae44
    .long str_0021ae5c
    .long str_0021ae78
    .long str_0021ae90
    .long str_0021aea8
    .long str_0021aec4
    .long str_0021aedc
    .long str_0021aef4
    .long str_0021af10
    .long str_0021af28
    .long str_0021af40
    .long str_0021af58
    .long str_0021af70
    .long str_0021af8c
    .long str_0021afa4
    .long str_0021afbc
    .long str_0021afd4
    .long str_0021afec
    .long str_0021b004
    .long str_0021b020
    .long str_0021b030
    .long str_0021b040
    .long str_0021b050
    .long str_0021b060
    .long str_0021b070
    .long str_0021b084
    .long str_0021b094
    .long str_0021b0a4
    .long str_0021b0b4
    .long str_0021b0c4
    .long str_0021b0d4
    .long str_0021b0e4
    .long str_0021b0f0
    .long str_0021b100
    .long str_0021b10c
    .long str_0021b11c
    .long str_0021b12c
    .long str_0021b13c
    .long str_0021b14c
    .long str_0021b15c
    .long str_0021b16c
    .long str_0021b17c
    .long str_0021b18c
    .long str_0021b1a0
    .long str_0021b1b0
    .long str_0021b1c4
    .long str_0021b1d8
    .long str_0021b1ec
    .long str_0021b200
    .long str_0021b210
    .long str_0021b224
    .long str_0021b238
    .long str_0021b24c
    .long str_0021b260
    .long str_0021b274
    .long str_0021b284
    .long str_0021b298
    .long str_0021b2a8
    .long str_0021b2bc
    .long str_0021b2d0
    .long str_0021b2e0
    .long str_0021b2f0
    .long str_0021b300
    .long str_0021b314
    .long str_0021b324
    .long str_0021b338
    .long str_0021b350
    .long str_0021b368
    .long str_0021b380
    .long str_0021b398
    .long str_0021b3b0
    .long str_0021b3cc
    .long str_0021b3e4
    .long str_0021b3fc
    .long str_0021b414
    .long str_0021b42c
    .long str_0021b444
    .long str_0021b45c
    .long str_0021b470
    .long str_0021b488
    .long str_0021b49c
    .long str_0021b4b4
    .long str_0021b4cc
    .long str_0021b4e4
    .long str_0021b4fc
    .long str_0021b514
    .long str_0021b52c
    .long str_0021b544
    .long str_0021b55c
    .long str_0021b570
    .long str_0021b588
    .long str_0021b5a0
    .long str_0021b5b8
    .long str_0021b5c8
    .long str_0021b5d8
    .long str_0021b5e8
    .long str_0021b5f4
    .long str_0021b604
    .long str_0021b618
    .long str_0021b628
    .long str_0021b634
    .long str_0021b64c
    .long str_0021b65c
    .long str_0021b66c
    .long str_0021b67c
    .long str_0021b690
    .long str_0021b6a0
    .long str_0021b6b4
    .long str_0021b6c4
    .long str_0021b6d4
    .long str_0021b6ec
    .long str_0021b700
    .long str_0021b710
    .long str_0021b720
    .long str_0021b730
    .long str_0021b740
    .long str_0021b750
    .long str_0021b764
    .long str_0021b778
    .long str_0021b78c
    .long str_0021b7a0
    .long str_0021b7b8
    .long str_0021b7cc
    .long str_0021b7dc
    .long str_0021b7ec
    .long str_0021b800
    .long str_0021b818
    .long str_0021b830
    .long str_0021b844
    .long str_0021b854
    .long str_0021b870
    .long str_0021b884
    .long str_0021b898
    .long str_0021b8a8
    .long str_0021b8bc
    .long str_0021b8d8
    .long str_0021b8f4
    .long str_0021b908
    .long str_0021b91c
    .long str_0021b930
    .long str_0021b94c
    .long str_0021b960
    .long str_0021b97c
    .long str_0021b988
    .long str_0021b994
    .long str_0021b9a8
    .long str_0021b9b8
    .long str_0021b9cc
    .byte 0x00, 0x00, 0x00, 0x00

.globl pmoveHandlers
.type pmoveHandlers, @object
.size pmoveHandlers, 32
.align 4
pmoveHandlers:
    .long CG_TraceCapsule
    .long CG_PointContents
    .byte 0x00, 0x00, 0x00, 0x00
    .long G_TraceCapsule
    .long SV_PointContents
    .long G_PlayerEvent
    .byte 0x00, 0x00, 0x00, 0x00, 0x00, 0x00, 0x00, 0x00

.globl viewLerp_CrouchStand
.type viewLerp_CrouchStand, @object
.size viewLerp_CrouchStand, 128
.align 4
viewLerp_CrouchStand:
    .byte 0x00, 0x00, 0x00, 0x00, 0x00, 0x00, 0x20, 0x42, 0x00, 0x00, 0x00, 0x00, 0x05, 0x00, 0x00, 0x00
    .byte 0x00, 0x00, 0x22, 0x42, 0x00, 0x00, 0x00, 0x00, 0x0a, 0x00, 0x00, 0x00, 0x00, 0x00, 0x26, 0x42
    .byte 0x00, 0x00, 0x00, 0x00, 0x14, 0x00, 0x00, 0x00, 0x00, 0x00, 0x30, 0x42, 0x00, 0x00, 0x00, 0x00
    .byte 0x46, 0x00, 0x00, 0x00, 0x00, 0x00, 0x60, 0x42, 0x00, 0x00, 0x00, 0x00, 0x60, 0x00, 0x00, 0x00
    .byte 0x00, 0x00, 0x6a, 0x42, 0x00, 0x00, 0x00, 0x00, 0x63, 0x00, 0x00, 0x00, 0x00, 0x00, 0x6e, 0x42
    .byte 0x00, 0x00, 0x00, 0x00, 0x64, 0x00, 0x00, 0x00, 0x00, 0x00, 0x70, 0x42, 0x00, 0x00, 0x00, 0x00
    .byte 0xff, 0xff, 0xff, 0xff, 0x00, 0x00, 0x00, 0x00, 0x00, 0x00, 0x00, 0x00, 0x00, 0x00, 0x00, 0x00
    .byte 0x00, 0x00, 0x00, 0x00, 0x00, 0x00, 0x00, 0x00, 0x00, 0x00, 0x00, 0x00, 0x00, 0x00, 0x00, 0x00

.globl viewLerp_ProneCrouch
.type viewLerp_ProneCrouch, @object
.size viewLerp_ProneCrouch, 96
.align 4
viewLerp_ProneCrouch:
    .byte 0x00, 0x00, 0x00, 0x00, 0x00, 0x00, 0x30, 0x41, 0x00, 0x00, 0x00, 0x00, 0x05, 0x00, 0x00, 0x00
    .byte 0x00, 0x00, 0x20, 0x41, 0x00, 0x00, 0x00, 0x00, 0x1e, 0x00, 0x00, 0x00, 0x00, 0x00, 0xa8, 0x41
    .byte 0x00, 0x00, 0x00, 0x00, 0x32, 0x00, 0x00, 0x00, 0x00, 0x00, 0xc8, 0x41, 0x00, 0x00, 0x00, 0x00
    .byte 0x43, 0x00, 0x00, 0x00, 0x00, 0x00, 0xf8, 0x41, 0x00, 0x00, 0x00, 0x00, 0x53, 0x00, 0x00, 0x00
    .byte 0x00, 0x00, 0x08, 0x42, 0x00, 0x00, 0x00, 0x00, 0x64, 0x00, 0x00, 0x00, 0x00, 0x00, 0x20, 0x42
    .byte 0x00, 0x00, 0x00, 0x00, 0xff, 0xff, 0xff, 0xff, 0x00, 0x00, 0x00, 0x00, 0x00, 0x00, 0x00, 0x00

.globl viewLerp_StandCrouch
.type viewLerp_StandCrouch, @object
.size viewLerp_StandCrouch, 128
.align 4
viewLerp_StandCrouch:
    .byte 0x00, 0x00, 0x00, 0x00, 0x00, 0x00, 0x70, 0x42, 0x00, 0x00, 0x00, 0x00, 0x01, 0x00, 0x00, 0x00
    .byte 0x00, 0x00, 0x6e, 0x42, 0x00, 0x00, 0x00, 0x00, 0x04, 0x00, 0x00, 0x00, 0x00, 0x00, 0x6a, 0x42
    .byte 0x00, 0x00, 0x00, 0x00, 0x1e, 0x00, 0x00, 0x00, 0x00, 0x00, 0x60, 0x42, 0x00, 0x00, 0x00, 0x00
    .byte 0x50, 0x00, 0x00, 0x00, 0x00, 0x00, 0x30, 0x42, 0x00, 0x00, 0x00, 0x00, 0x5a, 0x00, 0x00, 0x00
    .byte 0x00, 0x00, 0x26, 0x42, 0x00, 0x00, 0x00, 0x00, 0x5f, 0x00, 0x00, 0x00, 0x00, 0x00, 0x22, 0x42
    .byte 0x00, 0x00, 0x00, 0x00, 0x64, 0x00, 0x00, 0x00, 0x00, 0x00, 0x20, 0x42, 0x00, 0x00, 0x00, 0x00
    .byte 0xff, 0xff, 0xff, 0xff, 0x00, 0x00, 0x00, 0x00, 0x00, 0x00, 0x00, 0x00, 0x00, 0x00, 0x00, 0x00
    .byte 0x00, 0x00, 0x00, 0x00, 0x00, 0x00, 0x00, 0x00, 0x00, 0x00, 0x00, 0x00, 0x00, 0x00, 0x00, 0x00

.globl viewLerp_CrouchProne
.type viewLerp_CrouchProne, @object
.size viewLerp_CrouchProne, 160
.align 4
viewLerp_CrouchProne:
    .byte 0x00, 0x00, 0x00, 0x00, 0x00, 0x00, 0x20, 0x42, 0x00, 0x00, 0x00, 0x00, 0x0b, 0x00, 0x00, 0x00
    .byte 0x00, 0x00, 0x18, 0x42, 0x00, 0x00, 0x00, 0x00, 0x16, 0x00, 0x00, 0x00, 0x00, 0x00, 0x04, 0x42
    .byte 0x00, 0x00, 0x00, 0x00, 0x22, 0x00, 0x00, 0x00, 0x00, 0x00, 0xc8, 0x41, 0x00, 0x00, 0x00, 0x00
    .byte 0x2d, 0x00, 0x00, 0x00, 0x00, 0x00, 0x80, 0x41, 0x00, 0x00, 0x00, 0x00, 0x32, 0x00, 0x00, 0x00
    .byte 0x00, 0x00, 0x70, 0x41, 0x00, 0x00, 0x00, 0x00, 0x37, 0x00, 0x00, 0x00, 0x00, 0x00, 0x80, 0x41
    .byte 0x00, 0x00, 0x00, 0x00, 0x46, 0x00, 0x00, 0x00, 0x00, 0x00, 0x90, 0x41, 0x00, 0x00, 0x00, 0x00
    .byte 0x5a, 0x00, 0x00, 0x00, 0x00, 0x00, 0x88, 0x41, 0x00, 0x00, 0x00, 0x00, 0x64, 0x00, 0x00, 0x00
    .byte 0x00, 0x00, 0x30, 0x41, 0x00, 0x00, 0x00, 0x00, 0xff, 0xff, 0xff, 0xff, 0x00, 0x00, 0x00, 0x00
    .byte 0x00, 0x00, 0x00, 0x00, 0x00, 0x00, 0x00, 0x00, 0x00, 0x00, 0x00, 0x00, 0x00, 0x00, 0x00, 0x00
    .byte 0x00, 0x00, 0x00, 0x00, 0x00, 0x00, 0x00, 0x00, 0x00, 0x00, 0x00, 0x00, 0x00, 0x00, 0x00, 0x00

.globl bg_iNumWeapons
.type bg_iNumWeapons, @object
.size bg_iNumWeapons, 32
.align 4
bg_iNumWeapons:
    .byte 0x00, 0x00, 0x00, 0x00, 0x00, 0x00, 0x00, 0x00, 0x00, 0x00, 0x00, 0x00, 0x00, 0x00, 0x00, 0x00
    .byte 0x00, 0x00, 0x00, 0x00, 0x00, 0x00, 0x00, 0x00, 0x00, 0x00, 0x00, 0x00, 0x00, 0x00, 0x00, 0x00

.globl g_EndPos
.type g_EndPos, @object
.size g_EndPos, 32
.align 4
g_EndPos:
    .byte 0x00, 0x00, 0x00, 0x00, 0x00, 0x00, 0x00, 0x00, 0x00, 0x00, 0x00, 0x00, 0x00, 0x00, 0x00, 0x00
    .byte 0x00, 0x00, 0x00, 0x00, 0x00, 0x00, 0x00, 0x00, 0x00, 0x00, 0x00, 0x00, 0x00, 0x00, 0x00, 0x00

.globl var_typename
.type var_typename, @object
.size var_typename, 96
.align 4
var_typename:
    .long str_0021d23c
    .long str_0021d248
    .long str_0021d250
    .long str_0021d258
    .long str_0021d26c
    .long str_0021d274
    .long str_0021d27c
    .long str_0021d280
    .long str_0021d288
    .long str_0021d294
    .long str_0021d2a0
    .long str_0021d2a8
    .long str_0021d2b4
    .long str_0021d2c8
    .long str_0021d2d8
    .long str_0021d2e4
    .long str_0021d2e4
    .long str_0021d2e4
    .long str_0021d2e4
    .long str_0021d2ec
    .long str_0021d2f4
    .long str_0021d304
    .long str_0021d30c
    .long str_0021d314

.globl g_classMap
.type g_classMap, @object
.size g_classMap, 64
.align 4
g_classMap:
    .byte 0x00, 0x00, 0x00, 0x00, 0x65, 0x00, 0x00, 0x00
    .long str_0021d304
    .byte 0x00, 0x00, 0x00, 0x00, 0x68, 0x00, 0x00, 0x00
    .long str_0021d324
    .byte 0x00, 0x00, 0x00, 0x00, 0x70, 0x00, 0x00, 0x00
    .long str_0021d32c
    .byte 0x00, 0x00, 0x00, 0x00, 0x76, 0x00, 0x00, 0x00
    .long str_0021d338
    .byte 0x00, 0x00, 0x00, 0x00, 0x00, 0x00, 0x00, 0x00, 0x00, 0x00, 0x00, 0x00, 0x00, 0x00, 0x00, 0x00

.globl propertyNames
.type propertyNames, @object
.size propertyNames, 32
.align 4
propertyNames:
    .long str_0021dd64
    .long str_0021dd70
    .long str_0021dd7c
    .byte 0x00, 0x00, 0x00, 0x00, 0x00, 0x00, 0x00, 0x00, 0x00, 0x00, 0x00, 0x00, 0x00, 0x00, 0x00, 0x00
    .byte 0x00, 0x00, 0x00, 0x00

.globl s_mantleTrans
.type s_mantleTrans, @object
.size s_mantleTrans, 96
.align 4
s_mantleTrans:
    .byte 0x01, 0x00, 0x00, 0x00, 0x08, 0x00, 0x00, 0x00, 0x00, 0x00, 0x64, 0x42, 0x02, 0x00, 0x00, 0x00
    .byte 0x08, 0x00, 0x00, 0x00, 0x00, 0x00, 0x4c, 0x42, 0x03, 0x00, 0x00, 0x00, 0x09, 0x00, 0x00, 0x00
    .byte 0x00, 0x00, 0x34, 0x42, 0x04, 0x00, 0x00, 0x00, 0x09, 0x00, 0x00, 0x00, 0x00, 0x00, 0x1c, 0x42
    .byte 0x05, 0x00, 0x00, 0x00, 0x09, 0x00, 0x00, 0x00, 0x00, 0x00, 0x04, 0x42, 0x06, 0x00, 0x00, 0x00
    .byte 0x0a, 0x00, 0x00, 0x00, 0x00, 0x00, 0xd8, 0x41, 0x07, 0x00, 0x00, 0x00, 0x0a, 0x00, 0x00, 0x00
    .byte 0x00, 0x00, 0xa8, 0x41, 0x00, 0x00, 0x00, 0x00, 0x00, 0x00, 0x00, 0x00, 0x00, 0x00, 0x00, 0x00

.globl s_mantleAnimNames
.type s_mantleAnimNames, @object
.size s_mantleAnimNames, 64
.align 4
s_mantleAnimNames:
    .long str_0021dfa4
    .long str_0021dfb4
    .long str_0021dfc4
    .long str_0021dfd4
    .long str_0021dfe4
    .long str_0021dff4
    .long str_0021e004
    .long str_0021e014
    .long str_0021e024
    .long str_0021e038
    .long str_0021e04c
    .byte 0x00, 0x00, 0x00, 0x00, 0x00, 0x00, 0x00, 0x00, 0x00, 0x00, 0x00, 0x00, 0x00, 0x00, 0x00, 0x00
    .byte 0x00, 0x00, 0x00, 0x00

.globl __ZN11FxBoltFrame12g_mFrameListE
.type __ZN11FxBoltFrame12g_mFrameListE, @object
.size __ZN11FxBoltFrame12g_mFrameListE, 32
.align 4
__ZN11FxBoltFrame12g_mFrameListE:
    .byte 0x00, 0x00, 0x00, 0x00, 0x00, 0x00, 0x00, 0x00, 0x00, 0x00, 0x00, 0x00, 0x00, 0x00, 0x00, 0x00
    .byte 0x00, 0x00, 0x00, 0x00, 0x00, 0x00, 0x00, 0x00, 0x00, 0x00, 0x00, 0x00, 0x00, 0x00, 0x00, 0x00

.globl g_parse
.type g_parse, @object
.size g_parse, 18912
.align 4
g_parse:
    .byte 0x00, 0x00, 0x00, 0x00, 0x00, 0x00, 0x00, 0x00, 0x00, 0x00, 0x00, 0x00, 0x00, 0x00, 0x00, 0x00
    .byte 0x00, 0x00, 0x00, 0x00, 0x00, 0x00, 0x00, 0x00, 0x00, 0x00, 0x00, 0x00, 0x00, 0x00, 0x00, 0x00
    .byte 0x00, 0x00, 0x00, 0x00, 0x00, 0x00, 0x00, 0x00, 0x00, 0x00, 0x00, 0x00, 0x00, 0x00, 0x00, 0x00
    .byte 0x00, 0x00, 0x00, 0x00, 0x00, 0x00, 0x00, 0x00, 0x00, 0x00, 0x00, 0x00, 0x00, 0x00, 0x00, 0x00
    .byte 0x00, 0x00, 0x00, 0x00, 0x00, 0x00, 0x00, 0x00, 0x00, 0x00, 0x00, 0x00, 0x00, 0x00, 0x00, 0x00
    .byte 0x00, 0x00, 0x00, 0x00, 0x00, 0x00, 0x00, 0x00, 0x00, 0x00, 0x00, 0x00, 0x00, 0x00, 0x00, 0x00
    .byte 0x00, 0x00, 0x00, 0x00, 0x00, 0x00, 0x00, 0x00, 0x00, 0x00, 0x00, 0x00, 0x00, 0x00, 0x00, 0x00
    .byte 0x00, 0x00, 0x00, 0x00, 0x00, 0x00, 0x00, 0x00, 0x00, 0x00, 0x00, 0x00, 0x00, 0x00, 0x00, 0x00
    .byte 0x00, 0x00, 0x00, 0x00, 0x00, 0x00, 0x00, 0x00, 0x00, 0x00, 0x00, 0x00, 0x00, 0x00, 0x00, 0x00
    .byte 0x00, 0x00, 0x00, 0x00, 0x00, 0x00, 0x00, 0x00, 0x00, 0x00, 0x00, 0x00, 0x00, 0x00, 0x00, 0x00
    .byte 0x00, 0x00, 0x00, 0x00, 0x00, 0x00, 0x00, 0x00, 0x00, 0x00, 0x00, 0x00, 0x00, 0x00, 0x00, 0x00
    .byte 0x00, 0x00, 0x00, 0x00, 0x00, 0x00, 0x00, 0x00, 0x00, 0x00, 0x00, 0x00, 0x00, 0x00, 0x00, 0x00
    .byte 0x00, 0x00, 0x00, 0x00, 0x00, 0x00, 0x00, 0x00, 0x00, 0x00, 0x00, 0x00, 0x00, 0x00, 0x00, 0x00
    .byte 0x00, 0x00, 0x00, 0x00, 0x00, 0x00, 0x00, 0x00, 0x00, 0x00, 0x00, 0x00, 0x00, 0x00, 0x00, 0x00
    .byte 0x00, 0x00, 0x00, 0x00, 0x00, 0x00, 0x00, 0x00, 0x00, 0x00, 0x00, 0x00, 0x00, 0x00, 0x00, 0x00
    .byte 0x00, 0x00, 0x00, 0x00, 0x00, 0x00, 0x00, 0x00, 0x00, 0x00, 0x00, 0x00, 0x00, 0x00, 0x00, 0x00
    .byte 0x00, 0x00, 0x00, 0x00, 0x00, 0x00, 0x00, 0x00, 0x00, 0x00, 0x00, 0x00, 0x00, 0x00, 0x00, 0x00
    .byte 0x00, 0x00, 0x00, 0x00, 0x00, 0x00, 0x00, 0x00, 0x00, 0x00, 0x00, 0x00, 0x00, 0x00, 0x00, 0x00
    .byte 0x00, 0x00, 0x00, 0x00, 0x00, 0x00, 0x00, 0x00, 0x00, 0x00, 0x00, 0x00, 0x00, 0x00, 0x00, 0x00
    .byte 0x00, 0x00, 0x00, 0x00, 0x00, 0x00, 0x00, 0x00, 0x00, 0x00, 0x00, 0x00, 0x00, 0x00, 0x00, 0x00
    .byte 0x00, 0x00, 0x00, 0x00, 0x00, 0x00, 0x00, 0x00, 0x00, 0x00, 0x00, 0x00, 0x00, 0x00, 0x00, 0x00
    .byte 0x00, 0x00, 0x00, 0x00, 0x00, 0x00, 0x00, 0x00, 0x00, 0x00, 0x00, 0x00, 0x00, 0x00, 0x00, 0x00
    .byte 0x00, 0x00, 0x00, 0x00, 0x00, 0x00, 0x00, 0x00, 0x00, 0x00, 0x00, 0x00, 0x00, 0x00, 0x00, 0x00
    .byte 0x00, 0x00, 0x00, 0x00, 0x00, 0x00, 0x00, 0x00, 0x00, 0x00, 0x00, 0x00, 0x00, 0x00, 0x00, 0x00
    .byte 0x00, 0x00, 0x00, 0x00, 0x00, 0x00, 0x00, 0x00, 0x00, 0x00, 0x00, 0x00, 0x00, 0x00, 0x00, 0x00
    .byte 0x00, 0x00, 0x00, 0x00, 0x00, 0x00, 0x00, 0x00, 0x00, 0x00, 0x00, 0x00, 0x00, 0x00, 0x00, 0x00
    .byte 0x00, 0x00, 0x00, 0x00, 0x00, 0x00, 0x00, 0x00, 0x00, 0x00, 0x00, 0x00, 0x00, 0x00, 0x00, 0x00
    .byte 0x00, 0x00, 0x00, 0x00, 0x00, 0x00, 0x00, 0x00, 0x00, 0x00, 0x00, 0x00, 0x00, 0x00, 0x00, 0x00
    .byte 0x00, 0x00, 0x00, 0x00, 0x00, 0x00, 0x00, 0x00, 0x00, 0x00, 0x00, 0x00, 0x00, 0x00, 0x00, 0x00
    .byte 0x00, 0x00, 0x00, 0x00, 0x00, 0x00, 0x00, 0x00, 0x00, 0x00, 0x00, 0x00, 0x00, 0x00, 0x00, 0x00
    .byte 0x00, 0x00, 0x00, 0x00, 0x00, 0x00, 0x00, 0x00, 0x00, 0x00, 0x00, 0x00, 0x00, 0x00, 0x00, 0x00
    .byte 0x00, 0x00, 0x00, 0x00, 0x00, 0x00, 0x00, 0x00, 0x00, 0x00, 0x00, 0x00, 0x00, 0x00, 0x00, 0x00
    .byte 0x00, 0x00, 0x00, 0x00, 0x00, 0x00, 0x00, 0x00, 0x00, 0x00, 0x00, 0x00, 0x00, 0x00, 0x00, 0x00
    .byte 0x00, 0x00, 0x00, 0x00, 0x00, 0x00, 0x00, 0x00, 0x00, 0x00, 0x00, 0x00, 0x00, 0x00, 0x00, 0x00
    .byte 0x00, 0x00, 0x00, 0x00, 0x00, 0x00, 0x00, 0x00, 0x00, 0x00, 0x00, 0x00, 0x00, 0x00, 0x00, 0x00
    .byte 0x00, 0x00, 0x00, 0x00, 0x00, 0x00, 0x00, 0x00, 0x00, 0x00, 0x00, 0x00, 0x00, 0x00, 0x00, 0x00
    .byte 0x00, 0x00, 0x00, 0x00, 0x00, 0x00, 0x00, 0x00, 0x00, 0x00, 0x00, 0x00, 0x00, 0x00, 0x00, 0x00
    .byte 0x00, 0x00, 0x00, 0x00, 0x00, 0x00, 0x00, 0x00, 0x00, 0x00, 0x00, 0x00, 0x00, 0x00, 0x00, 0x00
    .byte 0x00, 0x00, 0x00, 0x00, 0x00, 0x00, 0x00, 0x00, 0x00, 0x00, 0x00, 0x00, 0x00, 0x00, 0x00, 0x00
    .byte 0x00, 0x00, 0x00, 0x00, 0x00, 0x00, 0x00, 0x00, 0x00, 0x00, 0x00, 0x00, 0x00, 0x00, 0x00, 0x00
    .byte 0x00, 0x00, 0x00, 0x00, 0x00, 0x00, 0x00, 0x00, 0x00, 0x00, 0x00, 0x00, 0x00, 0x00, 0x00, 0x00
    .byte 0x00, 0x00, 0x00, 0x00, 0x00, 0x00, 0x00, 0x00, 0x00, 0x00, 0x00, 0x00, 0x00, 0x00, 0x00, 0x00
    .byte 0x00, 0x00, 0x00, 0x00, 0x00, 0x00, 0x00, 0x00, 0x00, 0x00, 0x00, 0x00, 0x00, 0x00, 0x00, 0x00
    .byte 0x00, 0x00, 0x00, 0x00, 0x00, 0x00, 0x00, 0x00, 0x00, 0x00, 0x00, 0x00, 0x00, 0x00, 0x00, 0x00
    .byte 0x00, 0x00, 0x00, 0x00, 0x00, 0x00, 0x00, 0x00, 0x00, 0x00, 0x00, 0x00, 0x00, 0x00, 0x00, 0x00
    .byte 0x00, 0x00, 0x00, 0x00, 0x00, 0x00, 0x00, 0x00, 0x00, 0x00, 0x00, 0x00, 0x00, 0x00, 0x00, 0x00
    .byte 0x00, 0x00, 0x00, 0x00, 0x00, 0x00, 0x00, 0x00, 0x00, 0x00, 0x00, 0x00, 0x00, 0x00, 0x00, 0x00
    .byte 0x00, 0x00, 0x00, 0x00, 0x00, 0x00, 0x00, 0x00, 0x00, 0x00, 0x00, 0x00, 0x00, 0x00, 0x00, 0x00
    .byte 0x00, 0x00, 0x00, 0x00, 0x00, 0x00, 0x00, 0x00, 0x00, 0x00, 0x00, 0x00, 0x00, 0x00, 0x00, 0x00
    .byte 0x00, 0x00, 0x00, 0x00, 0x00, 0x00, 0x00, 0x00, 0x00, 0x00, 0x00, 0x00, 0x00, 0x00, 0x00, 0x00
    .byte 0x00, 0x00, 0x00, 0x00, 0x00, 0x00, 0x00, 0x00, 0x00, 0x00, 0x00, 0x00, 0x00, 0x00, 0x00, 0x00
    .byte 0x00, 0x00, 0x00, 0x00, 0x00, 0x00, 0x00, 0x00, 0x00, 0x00, 0x00, 0x00, 0x00, 0x00, 0x00, 0x00
    .byte 0x00, 0x00, 0x00, 0x00, 0x00, 0x00, 0x00, 0x00, 0x00, 0x00, 0x00, 0x00, 0x00, 0x00, 0x00, 0x00
    .byte 0x00, 0x00, 0x00, 0x00, 0x00, 0x00, 0x00, 0x00, 0x00, 0x00, 0x00, 0x00, 0x00, 0x00, 0x00, 0x00
    .byte 0x00, 0x00, 0x00, 0x00, 0x00, 0x00, 0x00, 0x00, 0x00, 0x00, 0x00, 0x00, 0x00, 0x00, 0x00, 0x00
    .byte 0x00, 0x00, 0x00, 0x00, 0x00, 0x00, 0x00, 0x00, 0x00, 0x00, 0x00, 0x00, 0x00, 0x00, 0x00, 0x00
    .byte 0x00, 0x00, 0x00, 0x00, 0x00, 0x00, 0x00, 0x00, 0x00, 0x00, 0x00, 0x00, 0x00, 0x00, 0x00, 0x00
    .byte 0x00, 0x00, 0x00, 0x00, 0x00, 0x00, 0x00, 0x00, 0x00, 0x00, 0x00, 0x00, 0x00, 0x00, 0x00, 0x00
    .byte 0x00, 0x00, 0x00, 0x00, 0x00, 0x00, 0x00, 0x00, 0x00, 0x00, 0x00, 0x00, 0x00, 0x00, 0x00, 0x00
    .byte 0x00, 0x00, 0x00, 0x00, 0x00, 0x00, 0x00, 0x00, 0x00, 0x00, 0x00, 0x00, 0x00, 0x00, 0x00, 0x00
    .byte 0x00, 0x00, 0x00, 0x00, 0x00, 0x00, 0x00, 0x00, 0x00, 0x00, 0x00, 0x00, 0x00, 0x00, 0x00, 0x00
    .byte 0x00, 0x00, 0x00, 0x00, 0x00, 0x00, 0x00, 0x00, 0x00, 0x00, 0x00, 0x00, 0x00, 0x00, 0x00, 0x00
    .byte 0x00, 0x00, 0x00, 0x00, 0x00, 0x00, 0x00, 0x00, 0x00, 0x00, 0x00, 0x00, 0x00, 0x00, 0x00, 0x00
    .byte 0x00, 0x00, 0x00, 0x00, 0x00, 0x00, 0x00, 0x00, 0x00, 0x00, 0x00, 0x00, 0x00, 0x00, 0x00, 0x00
    .byte 0x01, 0x00, 0x00, 0x00, 0x00, 0x01, 0x00, 0x00, 0x01, 0x00, 0x00, 0x00, 0xb8, 0x57, 0x21, 0x00
    .byte 0xb8, 0x57, 0x21, 0x00, 0x01, 0x00, 0x00, 0x00, 0x00, 0x00, 0x00, 0x00, 0x00, 0x00, 0x00, 0x00
    .byte 0x00, 0x00, 0x00, 0x00, 0x00, 0x00, 0x00, 0x00, 0x00, 0x00, 0x00, 0x00, 0x00, 0x00, 0x00, 0x00
    .byte 0x00, 0x00, 0x00, 0x00, 0x00, 0x00, 0x00, 0x00, 0x00, 0x00, 0x00, 0x00, 0x00, 0x00, 0x00, 0x00
    .byte 0x00, 0x00, 0x00, 0x00, 0x00, 0x00, 0x00, 0x00, 0x00, 0x00, 0x00, 0x00, 0x00, 0x00, 0x00, 0x00
    .byte 0x00, 0x00, 0x00, 0x00, 0x00, 0x00, 0x00, 0x00, 0x00, 0x00, 0x00, 0x00, 0x00, 0x00, 0x00, 0x00
    .byte 0x00, 0x00, 0x00, 0x00, 0x00, 0x00, 0x00, 0x00, 0x00, 0x00, 0x00, 0x00, 0x00, 0x00, 0x00, 0x00
    .byte 0x00, 0x00, 0x00, 0x00, 0x00, 0x00, 0x00, 0x00, 0x00, 0x00, 0x00, 0x00, 0x00, 0x00, 0x00, 0x00
    .byte 0x00, 0x00, 0x00, 0x00, 0x00, 0x00, 0x00, 0x00, 0x00, 0x00, 0x00, 0x00, 0x00, 0x00, 0x00, 0x00
    .byte 0x00, 0x00, 0x00, 0x00, 0x00, 0x00, 0x00, 0x00, 0x00, 0x00, 0x00, 0x00, 0x00, 0x00, 0x00, 0x00
    .byte 0x00, 0x00, 0x00, 0x00, 0x00, 0x00, 0x00, 0x00, 0x00, 0x00, 0x00, 0x00, 0x00, 0x00, 0x00, 0x00
    .byte 0x00, 0x00, 0x00, 0x00, 0x00, 0x00, 0x00, 0x00, 0x00, 0x00, 0x00, 0x00, 0x00, 0x00, 0x00, 0x00
    .byte 0x00, 0x00, 0x00, 0x00, 0x00, 0x00, 0x00, 0x00, 0x00, 0x00, 0x00, 0x00, 0x00, 0x00, 0x00, 0x00
    .byte 0x00, 0x00, 0x00, 0x00, 0x00, 0x00, 0x00, 0x00, 0x00, 0x00, 0x00, 0x00, 0x00, 0x00, 0x00, 0x00
    .byte 0x00, 0x00, 0x00, 0x00, 0x00, 0x00, 0x00, 0x00, 0x00, 0x00, 0x00, 0x00, 0x00, 0x00, 0x00, 0x00
    .byte 0x00, 0x00, 0x00, 0x00, 0x00, 0x00, 0x00, 0x00, 0x00, 0x00, 0x00, 0x00, 0x00, 0x00, 0x00, 0x00
    .byte 0x00, 0x00, 0x00, 0x00, 0x00, 0x00, 0x00, 0x00, 0x00, 0x00, 0x00, 0x00, 0x00, 0x00, 0x00, 0x00
    .byte 0x00, 0x00, 0x00, 0x00, 0x00, 0x00, 0x00, 0x00, 0x00, 0x00, 0x00, 0x00, 0x00, 0x00, 0x00, 0x00
    .byte 0x00, 0x00, 0x00, 0x00, 0x00, 0x00, 0x00, 0x00, 0x00, 0x00, 0x00, 0x00, 0x00, 0x00, 0x00, 0x00
    .byte 0x00, 0x00, 0x00, 0x00, 0x00, 0x00, 0x00, 0x00, 0x00, 0x00, 0x00, 0x00, 0x00, 0x00, 0x00, 0x00
    .byte 0x00, 0x00, 0x00, 0x00, 0x00, 0x00, 0x00, 0x00, 0x00, 0x00, 0x00, 0x00, 0x00, 0x00, 0x00, 0x00
    .byte 0x00, 0x00, 0x00, 0x00, 0x00, 0x00, 0x00, 0x00, 0x00, 0x00, 0x00, 0x00, 0x00, 0x00, 0x00, 0x00
    .byte 0x00, 0x00, 0x00, 0x00, 0x00, 0x00, 0x00, 0x00, 0x00, 0x00, 0x00, 0x00, 0x00, 0x00, 0x00, 0x00
    .byte 0x00, 0x00, 0x00, 0x00, 0x00, 0x00, 0x00, 0x00, 0x00, 0x00, 0x00, 0x00, 0x00, 0x00, 0x00, 0x00
    .byte 0x00, 0x00, 0x00, 0x00, 0x00, 0x00, 0x00, 0x00, 0x00, 0x00, 0x00, 0x00, 0x00, 0x00, 0x00, 0x00
    .byte 0x00, 0x00, 0x00, 0x00, 0x00, 0x00, 0x00, 0x00, 0x00, 0x00, 0x00, 0x00, 0x00, 0x00, 0x00, 0x00
    .byte 0x00, 0x00, 0x00, 0x00, 0x00, 0x00, 0x00, 0x00, 0x00, 0x00, 0x00, 0x00, 0x00, 0x00, 0x00, 0x00
    .byte 0x00, 0x00, 0x00, 0x00, 0x00, 0x00, 0x00, 0x00, 0x00, 0x00, 0x00, 0x00, 0x00, 0x00, 0x00, 0x00
    .byte 0x00, 0x00, 0x00, 0x00, 0x00, 0x00, 0x00, 0x00, 0x00, 0x00, 0x00, 0x00, 0x00, 0x00, 0x00, 0x00
    .byte 0x00, 0x00, 0x00, 0x00, 0x00, 0x00, 0x00, 0x00, 0x00, 0x00, 0x00, 0x00, 0x00, 0x00, 0x00, 0x00
    .byte 0x00, 0x00, 0x00, 0x00, 0x00, 0x00, 0x00, 0x00, 0x00, 0x00, 0x00, 0x00, 0x00, 0x00, 0x00, 0x00
    .byte 0x00, 0x00, 0x00, 0x00, 0x00, 0x00, 0x00, 0x00, 0x00, 0x00, 0x00, 0x00, 0x00, 0x00, 0x00, 0x00
    .byte 0x00, 0x00, 0x00, 0x00, 0x00, 0x00, 0x00, 0x00, 0x00, 0x00, 0x00, 0x00, 0x00, 0x00, 0x00, 0x00
    .byte 0x00, 0x00, 0x00, 0x00, 0x00, 0x00, 0x00, 0x00, 0x00, 0x00, 0x00, 0x00, 0x00, 0x00, 0x00, 0x00
    .byte 0x00, 0x00, 0x00, 0x00, 0x00, 0x00, 0x00, 0x00, 0x00, 0x00, 0x00, 0x00, 0x00, 0x00, 0x00, 0x00
    .byte 0x00, 0x00, 0x00, 0x00, 0x00, 0x00, 0x00, 0x00, 0x00, 0x00, 0x00, 0x00, 0x00, 0x00, 0x00, 0x00
    .byte 0x00, 0x00, 0x00, 0x00, 0x00, 0x00, 0x00, 0x00, 0x00, 0x00, 0x00, 0x00, 0x00, 0x00, 0x00, 0x00
    .byte 0x00, 0x00, 0x00, 0x00, 0x00, 0x00, 0x00, 0x00, 0x00, 0x00, 0x00, 0x00, 0x00, 0x00, 0x00, 0x00
    .byte 0x00, 0x00, 0x00, 0x00, 0x00, 0x00, 0x00, 0x00, 0x00, 0x00, 0x00, 0x00, 0x00, 0x00, 0x00, 0x00
    .byte 0x00, 0x00, 0x00, 0x00, 0x00, 0x00, 0x00, 0x00, 0x00, 0x00, 0x00, 0x00, 0x00, 0x00, 0x00, 0x00
    .byte 0x00, 0x00, 0x00, 0x00, 0x00, 0x00, 0x00, 0x00, 0x00, 0x00, 0x00, 0x00, 0x00, 0x00, 0x00, 0x00
    .byte 0x00, 0x00, 0x00, 0x00, 0x00, 0x00, 0x00, 0x00, 0x00, 0x00, 0x00, 0x00, 0x00, 0x00, 0x00, 0x00
    .byte 0x00, 0x00, 0x00, 0x00, 0x00, 0x00, 0x00, 0x00, 0x00, 0x00, 0x00, 0x00, 0x00, 0x00, 0x00, 0x00
    .byte 0x00, 0x00, 0x00, 0x00, 0x00, 0x00, 0x00, 0x00, 0x00, 0x00, 0x00, 0x00, 0x00, 0x00, 0x00, 0x00
    .byte 0x00, 0x00, 0x00, 0x00, 0x00, 0x00, 0x00, 0x00, 0x00, 0x00, 0x00, 0x00, 0x00, 0x00, 0x00, 0x00
    .byte 0x00, 0x00, 0x00, 0x00, 0x00, 0x00, 0x00, 0x00, 0x00, 0x00, 0x00, 0x00, 0x00, 0x00, 0x00, 0x00
    .byte 0x00, 0x00, 0x00, 0x00, 0x00, 0x00, 0x00, 0x00, 0x00, 0x00, 0x00, 0x00, 0x00, 0x00, 0x00, 0x00
    .byte 0x00, 0x00, 0x00, 0x00, 0x00, 0x00, 0x00, 0x00, 0x00, 0x00, 0x00, 0x00, 0x00, 0x00, 0x00, 0x00
    .byte 0x00, 0x00, 0x00, 0x00, 0x00, 0x00, 0x00, 0x00, 0x00, 0x00, 0x00, 0x00, 0x00, 0x00, 0x00, 0x00
    .byte 0x00, 0x00, 0x00, 0x00, 0x00, 0x00, 0x00, 0x00, 0x00, 0x00, 0x00, 0x00, 0x00, 0x00, 0x00, 0x00
    .byte 0x00, 0x00, 0x00, 0x00, 0x00, 0x00, 0x00, 0x00, 0x00, 0x00, 0x00, 0x00, 0x00, 0x00, 0x00, 0x00
    .byte 0x00, 0x00, 0x00, 0x00, 0x00, 0x00, 0x00, 0x00, 0x00, 0x00, 0x00, 0x00, 0x00, 0x00, 0x00, 0x00
    .byte 0x00, 0x00, 0x00, 0x00, 0x00, 0x00, 0x00, 0x00, 0x00, 0x00, 0x00, 0x00, 0x00, 0x00, 0x00, 0x00
    .byte 0x00, 0x00, 0x00, 0x00, 0x00, 0x00, 0x00, 0x00, 0x00, 0x00, 0x00, 0x00, 0x00, 0x00, 0x00, 0x00
    .byte 0x00, 0x00, 0x00, 0x00, 0x00, 0x00, 0x00, 0x00, 0x00, 0x00, 0x00, 0x00, 0x00, 0x00, 0x00, 0x00
    .byte 0x00, 0x00, 0x00, 0x00, 0x00, 0x00, 0x00, 0x00, 0x00, 0x00, 0x00, 0x00, 0x00, 0x00, 0x00, 0x00
    .byte 0x00, 0x00, 0x00, 0x00, 0x00, 0x00, 0x00, 0x00, 0x00, 0x00, 0x00, 0x00, 0x00, 0x00, 0x00, 0x00
    .byte 0x00, 0x00, 0x00, 0x00, 0x00, 0x00, 0x00, 0x00, 0x00, 0x00, 0x00, 0x00, 0x00, 0x00, 0x00, 0x00
    .byte 0x00, 0x00, 0x00, 0x00, 0x00, 0x00, 0x00, 0x00, 0x00, 0x00, 0x00, 0x00, 0x00, 0x00, 0x00, 0x00
    .byte 0x00, 0x00, 0x00, 0x00, 0x00, 0x00, 0x00, 0x00, 0x00, 0x00, 0x00, 0x00, 0x00, 0x00, 0x00, 0x00
    .byte 0x00, 0x00, 0x00, 0x00, 0x00, 0x00, 0x00, 0x00, 0x00, 0x00, 0x00, 0x00, 0x00, 0x00, 0x00, 0x00
    .byte 0x00, 0x00, 0x00, 0x00, 0x00, 0x00, 0x00, 0x00, 0x00, 0x00, 0x00, 0x00, 0x00, 0x00, 0x00, 0x00
    .byte 0x00, 0x00, 0x00, 0x00, 0x00, 0x00, 0x00, 0x00, 0x00, 0x00, 0x00, 0x00, 0x00, 0x00, 0x00, 0x00
    .byte 0x00, 0x00, 0x00, 0x00, 0x00, 0x00, 0x00, 0x00, 0x00, 0x00, 0x00, 0x00, 0x00, 0x00, 0x00, 0x00
    .byte 0x00, 0x00, 0x00, 0x00, 0x00, 0x00, 0x00, 0x00, 0x00, 0x00, 0x00, 0x00, 0x00, 0x00, 0x00, 0x00
    .byte 0x00, 0x00, 0x00, 0x00, 0x00, 0x00, 0x00, 0x00, 0x00, 0x00, 0x00, 0x00, 0x00, 0x00, 0x00, 0x00
    .byte 0x00, 0x00, 0x00, 0x00, 0x00, 0x00, 0x00, 0x00, 0x00, 0x00, 0x00, 0x00, 0x00, 0x00, 0x00, 0x00
    .byte 0x00, 0x00, 0x00, 0x00, 0x00, 0x00, 0x00, 0x00, 0x00, 0x00, 0x00, 0x00, 0x00, 0x00, 0x00, 0x00
    .byte 0x00, 0x00, 0x00, 0x00, 0x00, 0x00, 0x00, 0x00, 0x00, 0x00, 0x00, 0x00, 0x00, 0x00, 0x00, 0x00
    .byte 0x00, 0x00, 0x00, 0x00, 0x00, 0x00, 0x00, 0x00, 0x00, 0x00, 0x00, 0x00, 0x00, 0x00, 0x00, 0x00
    .byte 0x00, 0x00, 0x00, 0x00, 0x00, 0x00, 0x00, 0x00, 0x00, 0x00, 0x00, 0x00, 0x00, 0x00, 0x00, 0x00
    .byte 0x00, 0x00, 0x00, 0x00, 0x00, 0x00, 0x00, 0x00, 0x00, 0x00, 0x00, 0x00, 0x00, 0x00, 0x00, 0x00
    .byte 0x00, 0x00, 0x00, 0x00, 0x00, 0x00, 0x00, 0x00, 0x00, 0x00, 0x00, 0x00, 0x00, 0x00, 0x00, 0x00
    .byte 0x00, 0x00, 0x00, 0x00, 0x00, 0x00, 0x00, 0x00, 0x00, 0x00, 0x00, 0x00, 0x00, 0x00, 0x00, 0x00
    .byte 0x00, 0x00, 0x00, 0x00, 0x00, 0x00, 0x00, 0x00, 0x00, 0x00, 0x00, 0x00, 0x00, 0x00, 0x00, 0x00
    .byte 0x00, 0x00, 0x00, 0x00, 0x00, 0x00, 0x00, 0x00, 0x00, 0x00, 0x00, 0x00, 0x00, 0x00, 0x00, 0x00
    .byte 0x00, 0x00, 0x00, 0x00, 0x00, 0x00, 0x00, 0x00, 0x00, 0x00, 0x00, 0x00, 0x00, 0x00, 0x00, 0x00
    .byte 0x00, 0x00, 0x00, 0x00, 0x00, 0x00, 0x00, 0x00, 0x00, 0x00, 0x00, 0x00, 0x00, 0x00, 0x00, 0x00
    .byte 0x00, 0x00, 0x00, 0x00, 0x00, 0x00, 0x00, 0x00, 0x00, 0x00, 0x00, 0x00, 0x00, 0x00, 0x00, 0x00
    .byte 0x00, 0x00, 0x00, 0x00, 0x00, 0x00, 0x00, 0x00, 0x00, 0x00, 0x00, 0x00, 0x00, 0x00, 0x00, 0x00
    .byte 0x00, 0x00, 0x00, 0x00, 0x00, 0x00, 0x00, 0x00, 0x00, 0x00, 0x00, 0x00, 0x00, 0x00, 0x00, 0x00
    .byte 0x00, 0x00, 0x00, 0x00, 0x00, 0x00, 0x00, 0x00, 0x00, 0x00, 0x00, 0x00, 0x00, 0x00, 0x00, 0x00
    .byte 0x00, 0x00, 0x00, 0x00, 0x00, 0x00, 0x00, 0x00, 0x00, 0x00, 0x00, 0x00, 0x00, 0x00, 0x00, 0x00
    .byte 0x00, 0x00, 0x00, 0x00, 0x00, 0x00, 0x00, 0x00, 0x00, 0x00, 0x00, 0x00, 0x00, 0x00, 0x00, 0x00
    .byte 0x00, 0x00, 0x00, 0x00, 0x00, 0x00, 0x00, 0x00, 0x00, 0x00, 0x00, 0x00, 0x00, 0x00, 0x00, 0x00
    .byte 0x00, 0x00, 0x00, 0x00, 0x00, 0x00, 0x00, 0x00, 0x00, 0x00, 0x00, 0x00, 0x00, 0x00, 0x00, 0x00
    .byte 0x00, 0x00, 0x00, 0x00, 0x00, 0x00, 0x00, 0x00, 0x00, 0x00, 0x00, 0x00, 0x00, 0x00, 0x00, 0x00
    .byte 0x00, 0x00, 0x00, 0x00, 0x00, 0x00, 0x00, 0x00, 0x00, 0x00, 0x00, 0x00, 0x00, 0x00, 0x00, 0x00
    .byte 0x00, 0x00, 0x00, 0x00, 0x00, 0x00, 0x00, 0x00, 0x00, 0x00, 0x00, 0x00, 0x00, 0x00, 0x00, 0x00
    .byte 0x00, 0x00, 0x00, 0x00, 0x00, 0x00, 0x00, 0x00, 0x00, 0x00, 0x00, 0x00, 0x00, 0x00, 0x00, 0x00
    .byte 0x00, 0x00, 0x00, 0x00, 0x00, 0x00, 0x00, 0x00, 0x00, 0x00, 0x00, 0x00, 0x00, 0x00, 0x00, 0x00
    .byte 0x00, 0x00, 0x00, 0x00, 0x00, 0x00, 0x00, 0x00, 0x00, 0x00, 0x00, 0x00, 0x00, 0x00, 0x00, 0x00
    .byte 0x00, 0x00, 0x00, 0x00, 0x00, 0x00, 0x00, 0x00, 0x00, 0x00, 0x00, 0x00, 0x00, 0x00, 0x00, 0x00
    .byte 0x00, 0x00, 0x00, 0x00, 0x00, 0x00, 0x00, 0x00, 0x00, 0x00, 0x00, 0x00, 0x00, 0x00, 0x00, 0x00
    .byte 0x00, 0x00, 0x00, 0x00, 0x00, 0x00, 0x00, 0x00, 0x00, 0x00, 0x00, 0x00, 0x00, 0x00, 0x00, 0x00
    .byte 0x00, 0x00, 0x00, 0x00, 0x00, 0x00, 0x00, 0x00, 0x00, 0x00, 0x00, 0x00, 0x00, 0x00, 0x00, 0x00
    .byte 0x00, 0x00, 0x00, 0x00, 0x00, 0x00, 0x00, 0x00, 0x00, 0x00, 0x00, 0x00, 0x00, 0x00, 0x00, 0x00
    .byte 0x00, 0x00, 0x00, 0x00, 0x00, 0x00, 0x00, 0x00, 0x00, 0x00, 0x00, 0x00, 0x00, 0x00, 0x00, 0x00
    .byte 0x00, 0x00, 0x00, 0x00, 0x00, 0x00, 0x00, 0x00, 0x00, 0x00, 0x00, 0x00, 0x00, 0x00, 0x00, 0x00
    .byte 0x00, 0x00, 0x00, 0x00, 0x00, 0x00, 0x00, 0x00, 0x00, 0x00, 0x00, 0x00, 0x00, 0x00, 0x00, 0x00
    .byte 0x00, 0x00, 0x00, 0x00, 0x00, 0x00, 0x00, 0x00, 0x00, 0x00, 0x00, 0x00, 0x00, 0x00, 0x00, 0x00
    .byte 0x00, 0x00, 0x00, 0x00, 0x00, 0x00, 0x00, 0x00, 0x00, 0x00, 0x00, 0x00, 0x00, 0x00, 0x00, 0x00
    .byte 0x00, 0x00, 0x00, 0x00, 0x00, 0x00, 0x00, 0x00, 0x00, 0x00, 0x00, 0x00, 0x00, 0x00, 0x00, 0x00
    .byte 0x00, 0x00, 0x00, 0x00, 0x00, 0x00, 0x00, 0x00, 0x00, 0x00, 0x00, 0x00, 0x00, 0x00, 0x00, 0x00
    .byte 0x00, 0x00, 0x00, 0x00, 0x00, 0x00, 0x00, 0x00, 0x00, 0x00, 0x00, 0x00, 0x00, 0x00, 0x00, 0x00
    .byte 0x00, 0x00, 0x00, 0x00, 0x00, 0x00, 0x00, 0x00, 0x00, 0x00, 0x00, 0x00, 0x00, 0x00, 0x00, 0x00
    .byte 0x00, 0x00, 0x00, 0x00, 0x00, 0x00, 0x00, 0x00, 0x00, 0x00, 0x00, 0x00, 0x00, 0x00, 0x00, 0x00
    .byte 0x00, 0x00, 0x00, 0x00, 0x00, 0x00, 0x00, 0x00, 0x00, 0x00, 0x00, 0x00, 0x00, 0x00, 0x00, 0x00
    .byte 0x00, 0x00, 0x00, 0x00, 0x00, 0x00, 0x00, 0x00, 0x00, 0x00, 0x00, 0x00, 0x00, 0x00, 0x00, 0x00
    .byte 0x00, 0x00, 0x00, 0x00, 0x00, 0x00, 0x00, 0x00, 0x00, 0x00, 0x00, 0x00, 0x00, 0x00, 0x00, 0x00
    .byte 0x00, 0x00, 0x00, 0x00, 0x00, 0x00, 0x00, 0x00, 0x00, 0x00, 0x00, 0x00, 0x00, 0x00, 0x00, 0x00
    .byte 0x00, 0x00, 0x00, 0x00, 0x00, 0x00, 0x00, 0x00, 0x00, 0x00, 0x00, 0x00, 0x00, 0x00, 0x00, 0x00
    .byte 0x00, 0x00, 0x00, 0x00, 0x00, 0x00, 0x00, 0x00, 0x00, 0x00, 0x00, 0x00, 0x00, 0x00, 0x00, 0x00
    .byte 0x00, 0x00, 0x00, 0x00, 0x00, 0x00, 0x00, 0x00, 0x00, 0x00, 0x00, 0x00, 0x00, 0x00, 0x00, 0x00
    .byte 0x00, 0x00, 0x00, 0x00, 0x00, 0x00, 0x00, 0x00, 0x00, 0x00, 0x00, 0x00, 0x00, 0x00, 0x00, 0x00
    .byte 0x00, 0x00, 0x00, 0x00, 0x00, 0x00, 0x00, 0x00, 0x00, 0x00, 0x00, 0x00, 0x00, 0x00, 0x00, 0x00
    .byte 0x00, 0x00, 0x00, 0x00, 0x00, 0x00, 0x00, 0x00, 0x00, 0x00, 0x00, 0x00, 0x00, 0x00, 0x00, 0x00
    .byte 0x00, 0x00, 0x00, 0x00, 0x00, 0x00, 0x00, 0x00, 0x00, 0x00, 0x00, 0x00, 0x00, 0x00, 0x00, 0x00
    .byte 0x00, 0x00, 0x00, 0x00, 0x00, 0x00, 0x00, 0x00, 0x00, 0x00, 0x00, 0x00, 0x00, 0x00, 0x00, 0x00
    .byte 0x00, 0x00, 0x00, 0x00, 0x00, 0x00, 0x00, 0x00, 0x00, 0x00, 0x00, 0x00, 0x00, 0x00, 0x00, 0x00
    .byte 0x00, 0x00, 0x00, 0x00, 0x00, 0x00, 0x00, 0x00, 0x00, 0x00, 0x00, 0x00, 0x00, 0x00, 0x00, 0x00
    .byte 0x00, 0x00, 0x00, 0x00, 0x00, 0x00, 0x00, 0x00, 0x00, 0x00, 0x00, 0x00, 0x00, 0x00, 0x00, 0x00
    .byte 0x00, 0x00, 0x00, 0x00, 0x00, 0x00, 0x00, 0x00, 0x00, 0x00, 0x00, 0x00, 0x00, 0x00, 0x00, 0x00
    .byte 0x00, 0x00, 0x00, 0x00, 0x00, 0x00, 0x00, 0x00, 0x00, 0x00, 0x00, 0x00, 0x00, 0x00, 0x00, 0x00
    .byte 0x00, 0x00, 0x00, 0x00, 0x00, 0x00, 0x00, 0x00, 0x00, 0x00, 0x00, 0x00, 0x00, 0x00, 0x00, 0x00
    .byte 0x00, 0x00, 0x00, 0x00, 0x00, 0x00, 0x00, 0x00, 0x00, 0x00, 0x00, 0x00, 0x00, 0x00, 0x00, 0x00
    .byte 0x00, 0x00, 0x00, 0x00, 0x00, 0x00, 0x00, 0x00, 0x00, 0x00, 0x00, 0x00, 0x00, 0x00, 0x00, 0x00
    .byte 0x00, 0x00, 0x00, 0x00, 0x00, 0x00, 0x00, 0x00, 0x00, 0x00, 0x00, 0x00, 0x00, 0x00, 0x00, 0x00
    .byte 0x00, 0x00, 0x00, 0x00, 0x00, 0x00, 0x00, 0x00, 0x00, 0x00, 0x00, 0x00, 0x00, 0x00, 0x00, 0x00
    .byte 0x00, 0x00, 0x00, 0x00, 0x00, 0x00, 0x00, 0x00, 0x00, 0x00, 0x00, 0x00, 0x00, 0x00, 0x00, 0x00
    .byte 0x00, 0x00, 0x00, 0x00, 0x00, 0x00, 0x00, 0x00, 0x00, 0x00, 0x00, 0x00, 0x00, 0x00, 0x00, 0x00
    .byte 0x00, 0x00, 0x00, 0x00, 0x00, 0x00, 0x00, 0x00, 0x00, 0x00, 0x00, 0x00, 0x00, 0x00, 0x00, 0x00
    .byte 0x00, 0x00, 0x00, 0x00, 0x00, 0x00, 0x00, 0x00, 0x00, 0x00, 0x00, 0x00, 0x00, 0x00, 0x00, 0x00
    .byte 0x00, 0x00, 0x00, 0x00, 0x00, 0x00, 0x00, 0x00, 0x00, 0x00, 0x00, 0x00, 0x00, 0x00, 0x00, 0x00
    .byte 0x00, 0x00, 0x00, 0x00, 0x00, 0x00, 0x00, 0x00, 0x00, 0x00, 0x00, 0x00, 0x00, 0x00, 0x00, 0x00
    .byte 0x00, 0x00, 0x00, 0x00, 0x00, 0x00, 0x00, 0x00, 0x00, 0x00, 0x00, 0x00, 0x00, 0x00, 0x00, 0x00
    .byte 0x00, 0x00, 0x00, 0x00, 0x00, 0x00, 0x00, 0x00, 0x00, 0x00, 0x00, 0x00, 0x00, 0x00, 0x00, 0x00
    .byte 0x00, 0x00, 0x00, 0x00, 0x00, 0x00, 0x00, 0x00, 0x00, 0x00, 0x00, 0x00, 0x00, 0x00, 0x00, 0x00
    .byte 0x00, 0x00, 0x00, 0x00, 0x00, 0x00, 0x00, 0x00, 0x00, 0x00, 0x00, 0x00, 0x00, 0x00, 0x00, 0x00
    .byte 0x00, 0x00, 0x00, 0x00, 0x00, 0x00, 0x00, 0x00, 0x00, 0x00, 0x00, 0x00, 0x00, 0x00, 0x00, 0x00
    .byte 0x00, 0x00, 0x00, 0x00, 0x00, 0x00, 0x00, 0x00, 0x00, 0x00, 0x00, 0x00, 0x00, 0x00, 0x00, 0x00
    .byte 0x00, 0x00, 0x00, 0x00, 0x00, 0x00, 0x00, 0x00, 0x00, 0x00, 0x00, 0x00, 0x00, 0x00, 0x00, 0x00
    .byte 0x00, 0x00, 0x00, 0x00, 0x00, 0x00, 0x00, 0x00, 0x00, 0x00, 0x00, 0x00, 0x00, 0x00, 0x00, 0x00
    .byte 0x00, 0x00, 0x00, 0x00, 0x00, 0x00, 0x00, 0x00, 0x00, 0x00, 0x00, 0x00, 0x00, 0x00, 0x00, 0x00
    .byte 0x00, 0x00, 0x00, 0x00, 0x00, 0x00, 0x00, 0x00, 0x00, 0x00, 0x00, 0x00, 0x00, 0x00, 0x00, 0x00
    .byte 0x00, 0x00, 0x00, 0x00, 0x00, 0x00, 0x00, 0x00, 0x00, 0x00, 0x00, 0x00, 0x00, 0x00, 0x00, 0x00
    .byte 0x00, 0x00, 0x00, 0x00, 0x00, 0x00, 0x00, 0x00, 0x00, 0x00, 0x00, 0x00, 0x00, 0x00, 0x00, 0x00
    .byte 0x00, 0x00, 0x00, 0x00, 0x00, 0x00, 0x00, 0x00, 0x00, 0x00, 0x00, 0x00, 0x00, 0x00, 0x00, 0x00
    .byte 0x00, 0x00, 0x00, 0x00, 0x00, 0x00, 0x00, 0x00, 0x00, 0x00, 0x00, 0x00, 0x00, 0x00, 0x00, 0x00
    .byte 0x00, 0x00, 0x00, 0x00, 0x00, 0x00, 0x00, 0x00, 0x00, 0x00, 0x00, 0x00, 0x00, 0x00, 0x00, 0x00
    .byte 0x00, 0x00, 0x00, 0x00, 0x00, 0x00, 0x00, 0x00, 0x00, 0x00, 0x00, 0x00, 0x00, 0x00, 0x00, 0x00
    .byte 0x00, 0x00, 0x00, 0x00, 0x00, 0x00, 0x00, 0x00, 0x00, 0x00, 0x00, 0x00, 0x00, 0x00, 0x00, 0x00
    .byte 0x00, 0x00, 0x00, 0x00, 0x00, 0x00, 0x00, 0x00, 0x00, 0x00, 0x00, 0x00, 0x00, 0x00, 0x00, 0x00
    .byte 0x00, 0x00, 0x00, 0x00, 0x00, 0x00, 0x00, 0x00, 0x00, 0x00, 0x00, 0x00, 0x00, 0x00, 0x00, 0x00
    .byte 0x00, 0x00, 0x00, 0x00, 0x00, 0x00, 0x00, 0x00, 0x00, 0x00, 0x00, 0x00, 0x00, 0x00, 0x00, 0x00
    .byte 0x00, 0x00, 0x00, 0x00, 0x00, 0x00, 0x00, 0x00, 0x00, 0x00, 0x00, 0x00, 0x00, 0x00, 0x00, 0x00
    .byte 0x00, 0x00, 0x00, 0x00, 0x00, 0x00, 0x00, 0x00, 0x00, 0x00, 0x00, 0x00, 0x00, 0x00, 0x00, 0x00
    .byte 0x00, 0x00, 0x00, 0x00, 0x00, 0x00, 0x00, 0x00, 0x00, 0x00, 0x00, 0x00, 0x00, 0x00, 0x00, 0x00
    .byte 0x00, 0x00, 0x00, 0x00, 0x00, 0x00, 0x00, 0x00, 0x00, 0x00, 0x00, 0x00, 0x00, 0x00, 0x00, 0x00
    .byte 0x00, 0x00, 0x00, 0x00, 0x00, 0x00, 0x00, 0x00, 0x00, 0x00, 0x00, 0x00, 0x00, 0x00, 0x00, 0x00
    .byte 0x00, 0x00, 0x00, 0x00, 0x00, 0x00, 0x00, 0x00, 0x00, 0x00, 0x00, 0x00, 0x00, 0x00, 0x00, 0x00
    .byte 0x00, 0x00, 0x00, 0x00, 0x00, 0x00, 0x00, 0x00, 0x00, 0x00, 0x00, 0x00, 0x00, 0x00, 0x00, 0x00
    .byte 0x00, 0x00, 0x00, 0x00, 0x00, 0x00, 0x00, 0x00, 0x00, 0x00, 0x00, 0x00, 0x00, 0x00, 0x00, 0x00
    .byte 0x00, 0x00, 0x00, 0x00, 0x00, 0x00, 0x00, 0x00, 0x00, 0x00, 0x00, 0x00, 0x00, 0x00, 0x00, 0x00
    .byte 0x00, 0x00, 0x00, 0x00, 0x00, 0x00, 0x00, 0x00, 0x00, 0x00, 0x00, 0x00, 0x00, 0x00, 0x00, 0x00
    .byte 0x00, 0x00, 0x00, 0x00, 0x00, 0x00, 0x00, 0x00, 0x00, 0x00, 0x00, 0x00, 0x00, 0x00, 0x00, 0x00
    .byte 0x00, 0x00, 0x00, 0x00, 0x00, 0x00, 0x00, 0x00, 0x00, 0x00, 0x00, 0x00, 0x00, 0x00, 0x00, 0x00
    .byte 0x00, 0x00, 0x00, 0x00, 0x00, 0x00, 0x00, 0x00, 0x00, 0x00, 0x00, 0x00, 0x00, 0x00, 0x00, 0x00
    .byte 0x00, 0x00, 0x00, 0x00, 0x00, 0x00, 0x00, 0x00, 0x00, 0x00, 0x00, 0x00, 0x00, 0x00, 0x00, 0x00
    .byte 0x00, 0x00, 0x00, 0x00, 0x00, 0x00, 0x00, 0x00, 0x00, 0x00, 0x00, 0x00, 0x00, 0x00, 0x00, 0x00
    .byte 0x00, 0x00, 0x00, 0x00, 0x00, 0x00, 0x00, 0x00, 0x00, 0x00, 0x00, 0x00, 0x00, 0x00, 0x00, 0x00
    .byte 0x00, 0x00, 0x00, 0x00, 0x00, 0x00, 0x00, 0x00, 0x00, 0x00, 0x00, 0x00, 0x00, 0x00, 0x00, 0x00
    .byte 0x00, 0x00, 0x00, 0x00, 0x00, 0x00, 0x00, 0x00, 0x00, 0x00, 0x00, 0x00, 0x00, 0x00, 0x00, 0x00
    .byte 0x00, 0x00, 0x00, 0x00, 0x00, 0x00, 0x00, 0x00, 0x00, 0x00, 0x00, 0x00, 0x00, 0x00, 0x00, 0x00
    .byte 0x00, 0x00, 0x00, 0x00, 0x00, 0x00, 0x00, 0x00, 0x00, 0x00, 0x00, 0x00, 0x00, 0x00, 0x00, 0x00
    .byte 0x00, 0x00, 0x00, 0x00, 0x00, 0x00, 0x00, 0x00, 0x00, 0x00, 0x00, 0x00, 0x00, 0x00, 0x00, 0x00
    .byte 0x00, 0x00, 0x00, 0x00, 0x00, 0x00, 0x00, 0x00, 0x00, 0x00, 0x00, 0x00, 0x00, 0x00, 0x00, 0x00
    .byte 0x00, 0x00, 0x00, 0x00, 0x00, 0x00, 0x00, 0x00, 0x00, 0x00, 0x00, 0x00, 0x00, 0x00, 0x00, 0x00
    .byte 0x00, 0x00, 0x00, 0x00, 0x00, 0x00, 0x00, 0x00, 0x00, 0x00, 0x00, 0x00, 0x00, 0x00, 0x00, 0x00
    .byte 0x00, 0x00, 0x00, 0x00, 0x00, 0x00, 0x00, 0x00, 0x00, 0x00, 0x00, 0x00, 0x00, 0x00, 0x00, 0x00
    .byte 0x00, 0x00, 0x00, 0x00, 0x00, 0x00, 0x00, 0x00, 0x00, 0x00, 0x00, 0x00, 0x00, 0x00, 0x00, 0x00
    .byte 0x00, 0x00, 0x00, 0x00, 0x00, 0x00, 0x00, 0x00, 0x00, 0x00, 0x00, 0x00, 0x00, 0x00, 0x00, 0x00
    .byte 0x00, 0x00, 0x00, 0x00, 0x00, 0x00, 0x00, 0x00, 0x00, 0x00, 0x00, 0x00, 0x00, 0x00, 0x00, 0x00
    .byte 0x00, 0x00, 0x00, 0x00, 0x00, 0x00, 0x00, 0x00, 0x00, 0x00, 0x00, 0x00, 0x00, 0x00, 0x00, 0x00
    .byte 0x00, 0x00, 0x00, 0x00, 0x00, 0x00, 0x00, 0x00, 0x00, 0x00, 0x00, 0x00, 0x00, 0x00, 0x00, 0x00
    .byte 0x00, 0x00, 0x00, 0x00, 0x00, 0x00, 0x00, 0x00, 0x00, 0x00, 0x00, 0x00, 0x00, 0x00, 0x00, 0x00
    .byte 0x00, 0x00, 0x00, 0x00, 0x00, 0x00, 0x00, 0x00, 0x00, 0x00, 0x00, 0x00, 0x00, 0x00, 0x00, 0x00
    .byte 0x00, 0x00, 0x00, 0x00, 0x00, 0x00, 0x00, 0x00, 0x00, 0x00, 0x00, 0x00, 0x00, 0x00, 0x00, 0x00
    .byte 0x00, 0x00, 0x00, 0x00, 0x00, 0x00, 0x00, 0x00, 0x00, 0x00, 0x00, 0x00, 0x00, 0x00, 0x00, 0x00
    .byte 0x00, 0x00, 0x00, 0x00, 0x00, 0x00, 0x00, 0x00, 0x00, 0x00, 0x00, 0x00, 0x00, 0x00, 0x00, 0x00
    .byte 0x00, 0x00, 0x00, 0x00, 0x00, 0x00, 0x00, 0x00, 0x00, 0x00, 0x00, 0x00, 0x00, 0x00, 0x00, 0x00
    .byte 0x00, 0x00, 0x00, 0x00, 0x00, 0x00, 0x00, 0x00, 0x00, 0x00, 0x00, 0x00, 0x00, 0x00, 0x00, 0x00
    .byte 0x00, 0x00, 0x00, 0x00, 0x00, 0x00, 0x00, 0x00, 0x00, 0x00, 0x00, 0x00, 0x00, 0x00, 0x00, 0x00
    .byte 0x00, 0x00, 0x00, 0x00, 0x00, 0x00, 0x00, 0x00, 0x00, 0x00, 0x00, 0x00, 0x00, 0x00, 0x00, 0x00
    .byte 0x00, 0x00, 0x00, 0x00, 0x00, 0x00, 0x00, 0x00, 0x00, 0x00, 0x00, 0x00, 0x00, 0x00, 0x00, 0x00
    .byte 0x00, 0x00, 0x00, 0x00, 0x00, 0x00, 0x00, 0x00, 0x00, 0x00, 0x00, 0x00, 0x00, 0x00, 0x00, 0x00
    .byte 0x00, 0x00, 0x00, 0x00, 0x00, 0x00, 0x00, 0x00, 0x00, 0x00, 0x00, 0x00, 0x00, 0x00, 0x00, 0x00
    .byte 0x00, 0x00, 0x00, 0x00, 0x00, 0x00, 0x00, 0x00, 0x00, 0x00, 0x00, 0x00, 0x00, 0x00, 0x00, 0x00
    .byte 0x00, 0x00, 0x00, 0x00, 0x00, 0x00, 0x00, 0x00, 0x00, 0x00, 0x00, 0x00, 0x00, 0x00, 0x00, 0x00
    .byte 0x00, 0x00, 0x00, 0x00, 0x00, 0x00, 0x00, 0x00, 0x00, 0x00, 0x00, 0x00, 0x00, 0x00, 0x00, 0x00
    .byte 0x00, 0x00, 0x00, 0x00, 0x00, 0x00, 0x00, 0x00, 0x00, 0x00, 0x00, 0x00, 0x00, 0x00, 0x00, 0x00
    .byte 0x00, 0x00, 0x00, 0x00, 0x00, 0x00, 0x00, 0x00, 0x00, 0x00, 0x00, 0x00, 0x00, 0x00, 0x00, 0x00
    .byte 0x00, 0x00, 0x00, 0x00, 0x00, 0x00, 0x00, 0x00, 0x00, 0x00, 0x00, 0x00, 0x00, 0x00, 0x00, 0x00
    .byte 0x00, 0x00, 0x00, 0x00, 0x00, 0x00, 0x00, 0x00, 0x00, 0x00, 0x00, 0x00, 0x00, 0x00, 0x00, 0x00
    .byte 0x00, 0x00, 0x00, 0x00, 0x00, 0x00, 0x00, 0x00, 0x00, 0x00, 0x00, 0x00, 0x00, 0x00, 0x00, 0x00
    .byte 0x00, 0x00, 0x00, 0x00, 0x00, 0x00, 0x00, 0x00, 0x00, 0x00, 0x00, 0x00, 0x00, 0x00, 0x00, 0x00
    .byte 0x00, 0x00, 0x00, 0x00, 0x00, 0x00, 0x00, 0x00, 0x00, 0x00, 0x00, 0x00, 0x00, 0x00, 0x00, 0x00
    .byte 0x00, 0x00, 0x00, 0x00, 0x00, 0x00, 0x00, 0x00, 0x00, 0x00, 0x00, 0x00, 0x00, 0x00, 0x00, 0x00
    .byte 0x00, 0x00, 0x00, 0x00, 0x00, 0x00, 0x00, 0x00, 0x00, 0x00, 0x00, 0x00, 0x00, 0x00, 0x00, 0x00
    .byte 0x00, 0x00, 0x00, 0x00, 0x00, 0x00, 0x00, 0x00, 0x00, 0x00, 0x00, 0x00, 0x00, 0x00, 0x00, 0x00
    .byte 0x00, 0x00, 0x00, 0x00, 0x00, 0x00, 0x00, 0x00, 0x00, 0x00, 0x00, 0x00, 0x00, 0x00, 0x00, 0x00
    .byte 0x00, 0x00, 0x00, 0x00, 0x00, 0x00, 0x00, 0x00, 0x00, 0x00, 0x00, 0x00, 0x00, 0x00, 0x00, 0x00
    .byte 0x00, 0x00, 0x00, 0x00, 0x00, 0x00, 0x00, 0x00, 0x00, 0x00, 0x00, 0x00, 0x00, 0x00, 0x00, 0x00
    .byte 0x00, 0x00, 0x00, 0x00, 0x00, 0x00, 0x00, 0x00, 0x00, 0x00, 0x00, 0x00, 0x00, 0x00, 0x00, 0x00
    .byte 0x00, 0x00, 0x00, 0x00, 0x00, 0x00, 0x00, 0x00, 0x00, 0x00, 0x00, 0x00, 0x00, 0x00, 0x00, 0x00
    .byte 0x00, 0x00, 0x00, 0x00, 0x00, 0x00, 0x00, 0x00, 0x00, 0x00, 0x00, 0x00, 0x00, 0x00, 0x00, 0x00
    .byte 0x00, 0x00, 0x00, 0x00, 0x00, 0x00, 0x00, 0x00, 0x00, 0x00, 0x00, 0x00, 0x00, 0x00, 0x00, 0x00
    .byte 0x00, 0x00, 0x00, 0x00, 0x00, 0x00, 0x00, 0x00, 0x00, 0x00, 0x00, 0x00, 0x00, 0x00, 0x00, 0x00
    .byte 0x00, 0x00, 0x00, 0x00, 0x00, 0x00, 0x00, 0x00, 0x00, 0x00, 0x00, 0x00, 0x00, 0x00, 0x00, 0x00
    .byte 0x00, 0x00, 0x00, 0x00, 0x00, 0x00, 0x00, 0x00, 0x00, 0x00, 0x00, 0x00, 0x00, 0x00, 0x00, 0x00
    .byte 0x00, 0x00, 0x00, 0x00, 0x00, 0x00, 0x00, 0x00, 0x00, 0x00, 0x00, 0x00, 0x00, 0x00, 0x00, 0x00
    .byte 0x00, 0x00, 0x00, 0x00, 0x00, 0x00, 0x00, 0x00, 0x00, 0x00, 0x00, 0x00, 0x00, 0x00, 0x00, 0x00
    .byte 0x00, 0x00, 0x00, 0x00, 0x00, 0x00, 0x00, 0x00, 0x00, 0x00, 0x00, 0x00, 0x00, 0x00, 0x00, 0x00
    .byte 0x00, 0x00, 0x00, 0x00, 0x00, 0x00, 0x00, 0x00, 0x00, 0x00, 0x00, 0x00, 0x00, 0x00, 0x00, 0x00
    .byte 0x00, 0x00, 0x00, 0x00, 0x00, 0x00, 0x00, 0x00, 0x00, 0x00, 0x00, 0x00, 0x00, 0x00, 0x00, 0x00
    .byte 0x00, 0x00, 0x00, 0x00, 0x00, 0x00, 0x00, 0x00, 0x00, 0x00, 0x00, 0x00, 0x00, 0x00, 0x00, 0x00
    .byte 0x00, 0x00, 0x00, 0x00, 0x00, 0x00, 0x00, 0x00, 0x00, 0x00, 0x00, 0x00, 0x00, 0x00, 0x00, 0x00
    .byte 0x00, 0x00, 0x00, 0x00, 0x00, 0x00, 0x00, 0x00, 0x00, 0x00, 0x00, 0x00, 0x00, 0x00, 0x00, 0x00
    .byte 0x00, 0x00, 0x00, 0x00, 0x00, 0x00, 0x00, 0x00, 0x00, 0x00, 0x00, 0x00, 0x00, 0x00, 0x00, 0x00
    .byte 0x00, 0x00, 0x00, 0x00, 0x00, 0x00, 0x00, 0x00, 0x00, 0x00, 0x00, 0x00, 0x00, 0x00, 0x00, 0x00
    .byte 0x00, 0x00, 0x00, 0x00, 0x00, 0x00, 0x00, 0x00, 0x00, 0x00, 0x00, 0x00, 0x00, 0x00, 0x00, 0x00
    .byte 0x00, 0x00, 0x00, 0x00, 0x00, 0x00, 0x00, 0x00, 0x00, 0x00, 0x00, 0x00, 0x00, 0x00, 0x00, 0x00
    .byte 0x00, 0x00, 0x00, 0x00, 0x00, 0x00, 0x00, 0x00, 0x00, 0x00, 0x00, 0x00, 0x00, 0x00, 0x00, 0x00
    .byte 0x00, 0x00, 0x00, 0x00, 0x00, 0x00, 0x00, 0x00, 0x00, 0x00, 0x00, 0x00, 0x00, 0x00, 0x00, 0x00
    .byte 0x00, 0x00, 0x00, 0x00, 0x00, 0x00, 0x00, 0x00, 0x00, 0x00, 0x00, 0x00, 0x00, 0x00, 0x00, 0x00
    .byte 0x00, 0x00, 0x00, 0x00, 0x00, 0x00, 0x00, 0x00, 0x00, 0x00, 0x00, 0x00, 0x00, 0x00, 0x00, 0x00
    .byte 0x00, 0x00, 0x00, 0x00, 0x00, 0x00, 0x00, 0x00, 0x00, 0x00, 0x00, 0x00, 0x00, 0x00, 0x00, 0x00
    .byte 0x00, 0x00, 0x00, 0x00, 0x00, 0x00, 0x00, 0x00, 0x00, 0x00, 0x00, 0x00, 0x00, 0x00, 0x00, 0x00
    .byte 0x00, 0x00, 0x00, 0x00, 0x00, 0x00, 0x00, 0x00, 0x00, 0x00, 0x00, 0x00, 0x00, 0x00, 0x00, 0x00
    .byte 0x00, 0x00, 0x00, 0x00, 0x00, 0x00, 0x00, 0x00, 0x00, 0x00, 0x00, 0x00, 0x00, 0x00, 0x00, 0x00
    .byte 0x00, 0x00, 0x00, 0x00, 0x00, 0x00, 0x00, 0x00, 0x00, 0x00, 0x00, 0x00, 0x00, 0x00, 0x00, 0x00
    .byte 0x00, 0x00, 0x00, 0x00, 0x00, 0x00, 0x00, 0x00, 0x00, 0x00, 0x00, 0x00, 0x00, 0x00, 0x00, 0x00
    .byte 0x00, 0x00, 0x00, 0x00, 0x00, 0x00, 0x00, 0x00, 0x00, 0x00, 0x00, 0x00, 0x00, 0x00, 0x00, 0x00
    .byte 0x00, 0x00, 0x00, 0x00, 0x00, 0x00, 0x00, 0x00, 0x00, 0x00, 0x00, 0x00, 0x00, 0x00, 0x00, 0x00
    .byte 0x00, 0x00, 0x00, 0x00, 0x00, 0x00, 0x00, 0x00, 0x00, 0x00, 0x00, 0x00, 0x00, 0x00, 0x00, 0x00
    .byte 0x00, 0x00, 0x00, 0x00, 0x00, 0x00, 0x00, 0x00, 0x00, 0x00, 0x00, 0x00, 0x00, 0x00, 0x00, 0x00
    .byte 0x00, 0x00, 0x00, 0x00, 0x00, 0x00, 0x00, 0x00, 0x00, 0x00, 0x00, 0x00, 0x00, 0x00, 0x00, 0x00
    .byte 0x00, 0x00, 0x00, 0x00, 0x00, 0x00, 0x00, 0x00, 0x00, 0x00, 0x00, 0x00, 0x00, 0x00, 0x00, 0x00
    .byte 0x00, 0x00, 0x00, 0x00, 0x00, 0x00, 0x00, 0x00, 0x00, 0x00, 0x00, 0x00, 0x00, 0x00, 0x00, 0x00
    .byte 0x00, 0x00, 0x00, 0x00, 0x00, 0x00, 0x00, 0x00, 0x00, 0x00, 0x00, 0x00, 0x00, 0x00, 0x00, 0x00
    .byte 0x00, 0x00, 0x00, 0x00, 0x00, 0x00, 0x00, 0x00, 0x00, 0x00, 0x00, 0x00, 0x00, 0x00, 0x00, 0x00
    .byte 0x00, 0x00, 0x00, 0x00, 0x00, 0x00, 0x00, 0x00, 0x00, 0x00, 0x00, 0x00, 0x00, 0x00, 0x00, 0x00
    .byte 0x00, 0x00, 0x00, 0x00, 0x00, 0x00, 0x00, 0x00, 0x00, 0x00, 0x00, 0x00, 0x00, 0x00, 0x00, 0x00
    .byte 0x00, 0x00, 0x00, 0x00, 0x00, 0x00, 0x00, 0x00, 0x00, 0x00, 0x00, 0x00, 0x00, 0x00, 0x00, 0x00
    .byte 0x00, 0x00, 0x00, 0x00, 0x00, 0x00, 0x00, 0x00, 0x00, 0x00, 0x00, 0x00, 0x00, 0x00, 0x00, 0x00
    .byte 0x00, 0x00, 0x00, 0x00, 0x00, 0x00, 0x00, 0x00, 0x00, 0x00, 0x00, 0x00, 0x00, 0x00, 0x00, 0x00
    .byte 0x00, 0x00, 0x00, 0x00, 0x00, 0x00, 0x00, 0x00, 0x00, 0x00, 0x00, 0x00, 0x00, 0x00, 0x00, 0x00
    .byte 0x00, 0x00, 0x00, 0x00, 0x00, 0x00, 0x00, 0x00, 0x00, 0x00, 0x00, 0x00, 0x00, 0x00, 0x00, 0x00
    .byte 0x00, 0x00, 0x00, 0x00, 0x00, 0x00, 0x00, 0x00, 0x00, 0x00, 0x00, 0x00, 0x00, 0x00, 0x00, 0x00
    .byte 0x00, 0x00, 0x00, 0x00, 0x00, 0x00, 0x00, 0x00, 0x00, 0x00, 0x00, 0x00, 0x00, 0x00, 0x00, 0x00
    .byte 0x00, 0x00, 0x00, 0x00, 0x00, 0x00, 0x00, 0x00, 0x00, 0x00, 0x00, 0x00, 0x00, 0x00, 0x00, 0x00
    .byte 0x00, 0x00, 0x00, 0x00, 0x00, 0x00, 0x00, 0x00, 0x00, 0x00, 0x00, 0x00, 0x00, 0x00, 0x00, 0x00
    .byte 0x00, 0x00, 0x00, 0x00, 0x00, 0x00, 0x00, 0x00, 0x00, 0x00, 0x00, 0x00, 0x00, 0x00, 0x00, 0x00
    .byte 0x00, 0x00, 0x00, 0x00, 0x00, 0x00, 0x00, 0x00, 0x00, 0x00, 0x00, 0x00, 0x00, 0x00, 0x00, 0x00
    .byte 0x00, 0x00, 0x00, 0x00, 0x00, 0x00, 0x00, 0x00, 0x00, 0x00, 0x00, 0x00, 0x00, 0x00, 0x00, 0x00
    .byte 0x00, 0x00, 0x00, 0x00, 0x00, 0x00, 0x00, 0x00, 0x00, 0x00, 0x00, 0x00, 0x00, 0x00, 0x00, 0x00
    .byte 0x00, 0x00, 0x00, 0x00, 0x00, 0x00, 0x00, 0x00, 0x00, 0x00, 0x00, 0x00, 0x00, 0x00, 0x00, 0x00
    .byte 0x00, 0x00, 0x00, 0x00, 0x00, 0x00, 0x00, 0x00, 0x00, 0x00, 0x00, 0x00, 0x00, 0x00, 0x00, 0x00
    .byte 0x00, 0x00, 0x00, 0x00, 0x00, 0x00, 0x00, 0x00, 0x00, 0x00, 0x00, 0x00, 0x00, 0x00, 0x00, 0x00
    .byte 0x00, 0x00, 0x00, 0x00, 0x00, 0x00, 0x00, 0x00, 0x00, 0x00, 0x00, 0x00, 0x00, 0x00, 0x00, 0x00
    .byte 0x00, 0x00, 0x00, 0x00, 0x00, 0x00, 0x00, 0x00, 0x00, 0x00, 0x00, 0x00, 0x00, 0x00, 0x00, 0x00
    .byte 0x00, 0x00, 0x00, 0x00, 0x00, 0x00, 0x00, 0x00, 0x00, 0x00, 0x00, 0x00, 0x00, 0x00, 0x00, 0x00
    .byte 0x00, 0x00, 0x00, 0x00, 0x00, 0x00, 0x00, 0x00, 0x00, 0x00, 0x00, 0x00, 0x00, 0x00, 0x00, 0x00
    .byte 0x00, 0x00, 0x00, 0x00, 0x00, 0x00, 0x00, 0x00, 0x00, 0x00, 0x00, 0x00, 0x00, 0x00, 0x00, 0x00
    .byte 0x00, 0x00, 0x00, 0x00, 0x00, 0x00, 0x00, 0x00, 0x00, 0x00, 0x00, 0x00, 0x00, 0x00, 0x00, 0x00
    .byte 0x00, 0x00, 0x00, 0x00, 0x00, 0x00, 0x00, 0x00, 0x00, 0x00, 0x00, 0x00, 0x00, 0x00, 0x00, 0x00
    .byte 0x00, 0x00, 0x00, 0x00, 0x00, 0x00, 0x00, 0x00, 0x00, 0x00, 0x00, 0x00, 0x00, 0x00, 0x00, 0x00
    .byte 0x00, 0x00, 0x00, 0x00, 0x00, 0x00, 0x00, 0x00, 0x00, 0x00, 0x00, 0x00, 0x00, 0x00, 0x00, 0x00
    .byte 0x00, 0x00, 0x00, 0x00, 0x00, 0x00, 0x00, 0x00, 0x00, 0x00, 0x00, 0x00, 0x00, 0x00, 0x00, 0x00
    .byte 0x00, 0x00, 0x00, 0x00, 0x00, 0x00, 0x00, 0x00, 0x00, 0x00, 0x00, 0x00, 0x00, 0x00, 0x00, 0x00
    .byte 0x00, 0x00, 0x00, 0x00, 0x00, 0x00, 0x00, 0x00, 0x00, 0x00, 0x00, 0x00, 0x00, 0x00, 0x00, 0x00
    .byte 0x00, 0x00, 0x00, 0x00, 0x00, 0x00, 0x00, 0x00, 0x00, 0x00, 0x00, 0x00, 0x00, 0x00, 0x00, 0x00
    .byte 0x00, 0x00, 0x00, 0x00, 0x00, 0x00, 0x00, 0x00, 0x00, 0x00, 0x00, 0x00, 0x00, 0x00, 0x00, 0x00
    .byte 0x00, 0x00, 0x00, 0x00, 0x00, 0x00, 0x00, 0x00, 0x00, 0x00, 0x00, 0x00, 0x00, 0x00, 0x00, 0x00
    .byte 0x00, 0x00, 0x00, 0x00, 0x00, 0x00, 0x00, 0x00, 0x00, 0x00, 0x00, 0x00, 0x00, 0x00, 0x00, 0x00
    .byte 0x00, 0x00, 0x00, 0x00, 0x00, 0x00, 0x00, 0x00, 0x00, 0x00, 0x00, 0x00, 0x00, 0x00, 0x00, 0x00
    .byte 0x00, 0x00, 0x00, 0x00, 0x00, 0x00, 0x00, 0x00, 0x00, 0x00, 0x00, 0x00, 0x00, 0x00, 0x00, 0x00
    .byte 0x00, 0x00, 0x00, 0x00, 0x00, 0x00, 0x00, 0x00, 0x00, 0x00, 0x00, 0x00, 0x00, 0x00, 0x00, 0x00
    .byte 0x00, 0x00, 0x00, 0x00, 0x00, 0x00, 0x00, 0x00, 0x00, 0x00, 0x00, 0x00, 0x00, 0x00, 0x00, 0x00
    .byte 0x00, 0x00, 0x00, 0x00, 0x00, 0x00, 0x00, 0x00, 0x00, 0x00, 0x00, 0x00, 0x00, 0x00, 0x00, 0x00
    .byte 0x00, 0x00, 0x00, 0x00, 0x00, 0x00, 0x00, 0x00, 0x00, 0x00, 0x00, 0x00, 0x00, 0x00, 0x00, 0x00
    .byte 0x00, 0x00, 0x00, 0x00, 0x00, 0x00, 0x00, 0x00, 0x00, 0x00, 0x00, 0x00, 0x00, 0x00, 0x00, 0x00
    .byte 0x00, 0x00, 0x00, 0x00, 0x00, 0x00, 0x00, 0x00, 0x00, 0x00, 0x00, 0x00, 0x00, 0x00, 0x00, 0x00
    .byte 0x00, 0x00, 0x00, 0x00, 0x00, 0x00, 0x00, 0x00, 0x00, 0x00, 0x00, 0x00, 0x00, 0x00, 0x00, 0x00
    .byte 0x00, 0x00, 0x00, 0x00, 0x00, 0x00, 0x00, 0x00, 0x00, 0x00, 0x00, 0x00, 0x00, 0x00, 0x00, 0x00
    .byte 0x00, 0x00, 0x00, 0x00, 0x00, 0x00, 0x00, 0x00, 0x00, 0x00, 0x00, 0x00, 0x00, 0x00, 0x00, 0x00
    .byte 0x00, 0x00, 0x00, 0x00, 0x00, 0x00, 0x00, 0x00, 0x00, 0x00, 0x00, 0x00, 0x00, 0x00, 0x00, 0x00
    .byte 0x00, 0x00, 0x00, 0x00, 0x00, 0x00, 0x00, 0x00, 0x00, 0x00, 0x00, 0x00, 0x00, 0x00, 0x00, 0x00
    .byte 0x00, 0x00, 0x00, 0x00, 0x00, 0x00, 0x00, 0x00, 0x00, 0x00, 0x00, 0x00, 0x00, 0x00, 0x00, 0x00
    .byte 0x00, 0x00, 0x00, 0x00, 0x00, 0x00, 0x00, 0x00, 0x00, 0x00, 0x00, 0x00, 0x00, 0x00, 0x00, 0x00
    .byte 0x00, 0x00, 0x00, 0x00, 0x00, 0x00, 0x00, 0x00, 0x00, 0x00, 0x00, 0x00, 0x00, 0x00, 0x00, 0x00
    .byte 0x00, 0x00, 0x00, 0x00, 0x00, 0x00, 0x00, 0x00, 0x00, 0x00, 0x00, 0x00, 0x00, 0x00, 0x00, 0x00
    .byte 0x00, 0x00, 0x00, 0x00, 0x00, 0x00, 0x00, 0x00, 0x00, 0x00, 0x00, 0x00, 0x00, 0x00, 0x00, 0x00
    .byte 0x00, 0x00, 0x00, 0x00, 0x00, 0x00, 0x00, 0x00, 0x00, 0x00, 0x00, 0x00, 0x00, 0x00, 0x00, 0x00
    .byte 0x00, 0x00, 0x00, 0x00, 0x00, 0x00, 0x00, 0x00, 0x00, 0x00, 0x00, 0x00, 0x00, 0x00, 0x00, 0x00
    .byte 0x00, 0x00, 0x00, 0x00, 0x00, 0x00, 0x00, 0x00, 0x00, 0x00, 0x00, 0x00, 0x00, 0x00, 0x00, 0x00
    .byte 0x00, 0x00, 0x00, 0x00, 0x00, 0x00, 0x00, 0x00, 0x00, 0x00, 0x00, 0x00, 0x00, 0x00, 0x00, 0x00
    .byte 0x00, 0x00, 0x00, 0x00, 0x00, 0x00, 0x00, 0x00, 0x00, 0x00, 0x00, 0x00, 0x00, 0x00, 0x00, 0x00
    .byte 0x00, 0x00, 0x00, 0x00, 0x00, 0x00, 0x00, 0x00, 0x00, 0x00, 0x00, 0x00, 0x00, 0x00, 0x00, 0x00
    .byte 0x00, 0x00, 0x00, 0x00, 0x00, 0x00, 0x00, 0x00, 0x00, 0x00, 0x00, 0x00, 0x00, 0x00, 0x00, 0x00
    .byte 0x00, 0x00, 0x00, 0x00, 0x00, 0x00, 0x00, 0x00, 0x00, 0x00, 0x00, 0x00, 0x00, 0x00, 0x00, 0x00
    .byte 0x00, 0x00, 0x00, 0x00, 0x00, 0x00, 0x00, 0x00, 0x00, 0x00, 0x00, 0x00, 0x00, 0x00, 0x00, 0x00
    .byte 0x00, 0x00, 0x00, 0x00, 0x00, 0x00, 0x00, 0x00, 0x00, 0x00, 0x00, 0x00, 0x00, 0x00, 0x00, 0x00
    .byte 0x00, 0x00, 0x00, 0x00, 0x00, 0x00, 0x00, 0x00, 0x00, 0x00, 0x00, 0x00, 0x00, 0x00, 0x00, 0x00
    .byte 0x00, 0x00, 0x00, 0x00, 0x00, 0x00, 0x00, 0x00, 0x00, 0x00, 0x00, 0x00, 0x00, 0x00, 0x00, 0x00
    .byte 0x00, 0x00, 0x00, 0x00, 0x00, 0x00, 0x00, 0x00, 0x00, 0x00, 0x00, 0x00, 0x00, 0x00, 0x00, 0x00
    .byte 0x00, 0x00, 0x00, 0x00, 0x00, 0x00, 0x00, 0x00, 0x00, 0x00, 0x00, 0x00, 0x00, 0x00, 0x00, 0x00
    .byte 0x00, 0x00, 0x00, 0x00, 0x00, 0x00, 0x00, 0x00, 0x00, 0x00, 0x00, 0x00, 0x00, 0x00, 0x00, 0x00
    .byte 0x00, 0x00, 0x00, 0x00, 0x00, 0x00, 0x00, 0x00, 0x00, 0x00, 0x00, 0x00, 0x00, 0x00, 0x00, 0x00
    .byte 0x00, 0x00, 0x00, 0x00, 0x00, 0x00, 0x00, 0x00, 0x00, 0x00, 0x00, 0x00, 0x00, 0x00, 0x00, 0x00
    .byte 0x00, 0x00, 0x00, 0x00, 0x00, 0x00, 0x00, 0x00, 0x00, 0x00, 0x00, 0x00, 0x00, 0x00, 0x00, 0x00
    .byte 0x00, 0x00, 0x00, 0x00, 0x00, 0x00, 0x00, 0x00, 0x00, 0x00, 0x00, 0x00, 0x00, 0x00, 0x00, 0x00
    .byte 0x00, 0x00, 0x00, 0x00, 0x00, 0x00, 0x00, 0x00, 0x00, 0x00, 0x00, 0x00, 0x00, 0x00, 0x00, 0x00
    .byte 0x00, 0x00, 0x00, 0x00, 0x00, 0x00, 0x00, 0x00, 0x00, 0x00, 0x00, 0x00, 0x00, 0x00, 0x00, 0x00
    .byte 0x00, 0x00, 0x00, 0x00, 0x00, 0x00, 0x00, 0x00, 0x00, 0x00, 0x00, 0x00, 0x00, 0x00, 0x00, 0x00
    .byte 0x00, 0x00, 0x00, 0x00, 0x00, 0x00, 0x00, 0x00, 0x00, 0x00, 0x00, 0x00, 0x00, 0x00, 0x00, 0x00
    .byte 0x00, 0x00, 0x00, 0x00, 0x00, 0x00, 0x00, 0x00, 0x00, 0x00, 0x00, 0x00, 0x00, 0x00, 0x00, 0x00
    .byte 0x00, 0x00, 0x00, 0x00, 0x00, 0x00, 0x00, 0x00, 0x00, 0x00, 0x00, 0x00, 0x00, 0x00, 0x00, 0x00
    .byte 0x00, 0x00, 0x00, 0x00, 0x00, 0x00, 0x00, 0x00, 0x00, 0x00, 0x00, 0x00, 0x00, 0x00, 0x00, 0x00
    .byte 0x00, 0x00, 0x00, 0x00, 0x00, 0x00, 0x00, 0x00, 0x00, 0x00, 0x00, 0x00, 0x00, 0x00, 0x00, 0x00
    .byte 0x00, 0x00, 0x00, 0x00, 0x00, 0x00, 0x00, 0x00, 0x00, 0x00, 0x00, 0x00, 0x00, 0x00, 0x00, 0x00
    .byte 0x00, 0x00, 0x00, 0x00, 0x00, 0x00, 0x00, 0x00, 0x00, 0x00, 0x00, 0x00, 0x00, 0x00, 0x00, 0x00
    .byte 0x00, 0x00, 0x00, 0x00, 0x00, 0x00, 0x00, 0x00, 0x00, 0x00, 0x00, 0x00, 0x00, 0x00, 0x00, 0x00
    .byte 0x00, 0x00, 0x00, 0x00, 0x00, 0x00, 0x00, 0x00, 0x00, 0x00, 0x00, 0x00, 0x00, 0x00, 0x00, 0x00
    .byte 0x00, 0x00, 0x00, 0x00, 0x00, 0x00, 0x00, 0x00, 0x00, 0x00, 0x00, 0x00, 0x00, 0x00, 0x00, 0x00
    .byte 0x00, 0x00, 0x00, 0x00, 0x00, 0x00, 0x00, 0x00, 0x00, 0x00, 0x00, 0x00, 0x00, 0x00, 0x00, 0x00
    .byte 0x00, 0x00, 0x00, 0x00, 0x00, 0x00, 0x00, 0x00, 0x00, 0x00, 0x00, 0x00, 0x00, 0x00, 0x00, 0x00
    .byte 0x00, 0x00, 0x00, 0x00, 0x00, 0x00, 0x00, 0x00, 0x00, 0x00, 0x00, 0x00, 0x00, 0x00, 0x00, 0x00
    .byte 0x00, 0x00, 0x00, 0x00, 0x00, 0x00, 0x00, 0x00, 0x00, 0x00, 0x00, 0x00, 0x00, 0x00, 0x00, 0x00
    .byte 0x00, 0x00, 0x00, 0x00, 0x00, 0x00, 0x00, 0x00, 0x00, 0x00, 0x00, 0x00, 0x00, 0x00, 0x00, 0x00
    .byte 0x00, 0x00, 0x00, 0x00, 0x00, 0x00, 0x00, 0x00, 0x00, 0x00, 0x00, 0x00, 0x00, 0x00, 0x00, 0x00
    .byte 0x00, 0x00, 0x00, 0x00, 0x00, 0x00, 0x00, 0x00, 0x00, 0x00, 0x00, 0x00, 0x00, 0x00, 0x00, 0x00
    .byte 0x00, 0x00, 0x00, 0x00, 0x00, 0x00, 0x00, 0x00, 0x00, 0x00, 0x00, 0x00, 0x00, 0x00, 0x00, 0x00
    .byte 0x00, 0x00, 0x00, 0x00, 0x00, 0x00, 0x00, 0x00, 0x00, 0x00, 0x00, 0x00, 0x00, 0x00, 0x00, 0x00
    .byte 0x00, 0x00, 0x00, 0x00, 0x00, 0x00, 0x00, 0x00, 0x00, 0x00, 0x00, 0x00, 0x00, 0x00, 0x00, 0x00
    .byte 0x00, 0x00, 0x00, 0x00, 0x00, 0x00, 0x00, 0x00, 0x00, 0x00, 0x00, 0x00, 0x00, 0x00, 0x00, 0x00
    .byte 0x00, 0x00, 0x00, 0x00, 0x00, 0x00, 0x00, 0x00, 0x00, 0x00, 0x00, 0x00, 0x00, 0x00, 0x00, 0x00
    .byte 0x00, 0x00, 0x00, 0x00, 0x00, 0x00, 0x00, 0x00, 0x00, 0x00, 0x00, 0x00, 0x00, 0x00, 0x00, 0x00
    .byte 0x00, 0x00, 0x00, 0x00, 0x00, 0x00, 0x00, 0x00, 0x00, 0x00, 0x00, 0x00, 0x00, 0x00, 0x00, 0x00
    .byte 0x00, 0x00, 0x00, 0x00, 0x00, 0x00, 0x00, 0x00, 0x00, 0x00, 0x00, 0x00, 0x00, 0x00, 0x00, 0x00
    .byte 0x00, 0x00, 0x00, 0x00, 0x00, 0x00, 0x00, 0x00, 0x00, 0x00, 0x00, 0x00, 0x00, 0x00, 0x00, 0x00
    .byte 0x00, 0x00, 0x00, 0x00, 0x00, 0x00, 0x00, 0x00, 0x00, 0x00, 0x00, 0x00, 0x00, 0x00, 0x00, 0x00
    .byte 0x00, 0x00, 0x00, 0x00, 0x00, 0x00, 0x00, 0x00, 0x00, 0x00, 0x00, 0x00, 0x00, 0x00, 0x00, 0x00
    .byte 0x00, 0x00, 0x00, 0x00, 0x00, 0x00, 0x00, 0x00, 0x00, 0x00, 0x00, 0x00, 0x00, 0x00, 0x00, 0x00
    .byte 0x00, 0x00, 0x00, 0x00, 0x00, 0x00, 0x00, 0x00, 0x00, 0x00, 0x00, 0x00, 0x00, 0x00, 0x00, 0x00
    .byte 0x00, 0x00, 0x00, 0x00, 0x00, 0x00, 0x00, 0x00, 0x00, 0x00, 0x00, 0x00, 0x00, 0x00, 0x00, 0x00
    .byte 0x00, 0x00, 0x00, 0x00, 0x00, 0x00, 0x00, 0x00, 0x00, 0x00, 0x00, 0x00, 0x00, 0x00, 0x00, 0x00
    .byte 0x00, 0x00, 0x00, 0x00, 0x00, 0x00, 0x00, 0x00, 0x00, 0x00, 0x00, 0x00, 0x00, 0x00, 0x00, 0x00
    .byte 0x00, 0x00, 0x00, 0x00, 0x00, 0x00, 0x00, 0x00, 0x00, 0x00, 0x00, 0x00, 0x00, 0x00, 0x00, 0x00
    .byte 0x00, 0x00, 0x00, 0x00, 0x00, 0x00, 0x00, 0x00, 0x00, 0x00, 0x00, 0x00, 0x00, 0x00, 0x00, 0x00
    .byte 0x00, 0x00, 0x00, 0x00, 0x00, 0x00, 0x00, 0x00, 0x00, 0x00, 0x00, 0x00, 0x00, 0x00, 0x00, 0x00
    .byte 0x00, 0x00, 0x00, 0x00, 0x00, 0x00, 0x00, 0x00, 0x00, 0x00, 0x00, 0x00, 0x00, 0x00, 0x00, 0x00
    .byte 0x00, 0x00, 0x00, 0x00, 0x00, 0x00, 0x00, 0x00, 0x00, 0x00, 0x00, 0x00, 0x00, 0x00, 0x00, 0x00
    .byte 0x00, 0x00, 0x00, 0x00, 0x00, 0x00, 0x00, 0x00, 0x00, 0x00, 0x00, 0x00, 0x00, 0x00, 0x00, 0x00
    .byte 0x00, 0x00, 0x00, 0x00, 0x00, 0x00, 0x00, 0x00, 0x00, 0x00, 0x00, 0x00, 0x00, 0x00, 0x00, 0x00
    .byte 0x00, 0x00, 0x00, 0x00, 0x00, 0x00, 0x00, 0x00, 0x00, 0x00, 0x00, 0x00, 0x00, 0x00, 0x00, 0x00
    .byte 0x00, 0x00, 0x00, 0x00, 0x00, 0x00, 0x00, 0x00, 0x00, 0x00, 0x00, 0x00, 0x00, 0x00, 0x00, 0x00
    .byte 0x00, 0x00, 0x00, 0x00, 0x00, 0x00, 0x00, 0x00, 0x00, 0x00, 0x00, 0x00, 0x00, 0x00, 0x00, 0x00
    .byte 0x00, 0x00, 0x00, 0x00, 0x00, 0x00, 0x00, 0x00, 0x00, 0x00, 0x00, 0x00, 0x00, 0x00, 0x00, 0x00
    .byte 0x00, 0x00, 0x00, 0x00, 0x00, 0x00, 0x00, 0x00, 0x00, 0x00, 0x00, 0x00, 0x00, 0x00, 0x00, 0x00
    .byte 0x00, 0x00, 0x00, 0x00, 0x00, 0x00, 0x00, 0x00, 0x00, 0x00, 0x00, 0x00, 0x00, 0x00, 0x00, 0x00
    .byte 0x00, 0x00, 0x00, 0x00, 0x00, 0x00, 0x00, 0x00, 0x00, 0x00, 0x00, 0x00, 0x00, 0x00, 0x00, 0x00
    .byte 0x00, 0x00, 0x00, 0x00, 0x00, 0x00, 0x00, 0x00, 0x00, 0x00, 0x00, 0x00, 0x00, 0x00, 0x00, 0x00
    .byte 0x00, 0x00, 0x00, 0x00, 0x00, 0x00, 0x00, 0x00, 0x00, 0x00, 0x00, 0x00, 0x00, 0x00, 0x00, 0x00
    .byte 0x00, 0x00, 0x00, 0x00, 0x00, 0x00, 0x00, 0x00, 0x00, 0x00, 0x00, 0x00, 0x00, 0x00, 0x00, 0x00
    .byte 0x00, 0x00, 0x00, 0x00, 0x00, 0x00, 0x00, 0x00, 0x00, 0x00, 0x00, 0x00, 0x00, 0x00, 0x00, 0x00
    .byte 0x00, 0x00, 0x00, 0x00, 0x00, 0x00, 0x00, 0x00, 0x00, 0x00, 0x00, 0x00, 0x00, 0x00, 0x00, 0x00
    .byte 0x00, 0x00, 0x00, 0x00, 0x00, 0x00, 0x00, 0x00, 0x00, 0x00, 0x00, 0x00, 0x00, 0x00, 0x00, 0x00
    .byte 0x00, 0x00, 0x00, 0x00, 0x00, 0x00, 0x00, 0x00, 0x00, 0x00, 0x00, 0x00, 0x00, 0x00, 0x00, 0x00
    .byte 0x00, 0x00, 0x00, 0x00, 0x00, 0x00, 0x00, 0x00, 0x00, 0x00, 0x00, 0x00, 0x00, 0x00, 0x00, 0x00
    .byte 0x00, 0x00, 0x00, 0x00, 0x00, 0x00, 0x00, 0x00, 0x00, 0x00, 0x00, 0x00, 0x00, 0x00, 0x00, 0x00
    .byte 0x00, 0x00, 0x00, 0x00, 0x00, 0x00, 0x00, 0x00, 0x00, 0x00, 0x00, 0x00, 0x00, 0x00, 0x00, 0x00
    .byte 0x00, 0x00, 0x00, 0x00, 0x00, 0x00, 0x00, 0x00, 0x00, 0x00, 0x00, 0x00, 0x00, 0x00, 0x00, 0x00
    .byte 0x00, 0x00, 0x00, 0x00, 0x00, 0x00, 0x00, 0x00, 0x00, 0x00, 0x00, 0x00, 0x00, 0x00, 0x00, 0x00
    .byte 0x00, 0x00, 0x00, 0x00, 0x00, 0x00, 0x00, 0x00, 0x00, 0x00, 0x00, 0x00, 0x00, 0x00, 0x00, 0x00
    .byte 0x00, 0x00, 0x00, 0x00, 0x00, 0x00, 0x00, 0x00, 0x00, 0x00, 0x00, 0x00, 0x00, 0x00, 0x00, 0x00
    .byte 0x00, 0x00, 0x00, 0x00, 0x00, 0x00, 0x00, 0x00, 0x00, 0x00, 0x00, 0x00, 0x00, 0x00, 0x00, 0x00
    .byte 0x00, 0x00, 0x00, 0x00, 0x00, 0x00, 0x00, 0x00, 0x00, 0x00, 0x00, 0x00, 0x00, 0x00, 0x00, 0x00
    .byte 0x00, 0x00, 0x00, 0x00, 0x00, 0x00, 0x00, 0x00, 0x00, 0x00, 0x00, 0x00, 0x00, 0x00, 0x00, 0x00
    .byte 0x00, 0x00, 0x00, 0x00, 0x00, 0x00, 0x00, 0x00, 0x00, 0x00, 0x00, 0x00, 0x00, 0x00, 0x00, 0x00
    .byte 0x00, 0x00, 0x00, 0x00, 0x00, 0x00, 0x00, 0x00, 0x00, 0x00, 0x00, 0x00, 0x00, 0x00, 0x00, 0x00
    .byte 0x00, 0x00, 0x00, 0x00, 0x00, 0x00, 0x00, 0x00, 0x00, 0x00, 0x00, 0x00, 0x00, 0x00, 0x00, 0x00
    .byte 0x00, 0x00, 0x00, 0x00, 0x00, 0x00, 0x00, 0x00, 0x00, 0x00, 0x00, 0x00, 0x00, 0x00, 0x00, 0x00
    .byte 0x00, 0x00, 0x00, 0x00, 0x00, 0x00, 0x00, 0x00, 0x00, 0x00, 0x00, 0x00, 0x00, 0x00, 0x00, 0x00
    .byte 0x00, 0x00, 0x00, 0x00, 0x00, 0x00, 0x00, 0x00, 0x00, 0x00, 0x00, 0x00, 0x00, 0x00, 0x00, 0x00
    .byte 0x00, 0x00, 0x00, 0x00, 0x00, 0x00, 0x00, 0x00, 0x00, 0x00, 0x00, 0x00, 0x00, 0x00, 0x00, 0x00
    .byte 0x00, 0x00, 0x00, 0x00, 0x00, 0x00, 0x00, 0x00, 0x00, 0x00, 0x00, 0x00, 0x00, 0x00, 0x00, 0x00
    .byte 0x00, 0x00, 0x00, 0x00, 0x00, 0x00, 0x00, 0x00, 0x00, 0x00, 0x00, 0x00, 0x00, 0x00, 0x00, 0x00
    .byte 0x00, 0x00, 0x00, 0x00, 0x00, 0x00, 0x00, 0x00, 0x00, 0x00, 0x00, 0x00, 0x00, 0x00, 0x00, 0x00
    .byte 0x00, 0x00, 0x00, 0x00, 0x00, 0x00, 0x00, 0x00, 0x00, 0x00, 0x00, 0x00, 0x00, 0x00, 0x00, 0x00
    .byte 0x00, 0x00, 0x00, 0x00, 0x00, 0x00, 0x00, 0x00, 0x00, 0x00, 0x00, 0x00, 0x00, 0x00, 0x00, 0x00
    .byte 0x00, 0x00, 0x00, 0x00, 0x00, 0x00, 0x00, 0x00, 0x00, 0x00, 0x00, 0x00, 0x00, 0x00, 0x00, 0x00
    .byte 0x00, 0x00, 0x00, 0x00, 0x00, 0x00, 0x00, 0x00, 0x00, 0x00, 0x00, 0x00, 0x00, 0x00, 0x00, 0x00
    .byte 0x00, 0x00, 0x00, 0x00, 0x00, 0x00, 0x00, 0x00, 0x00, 0x00, 0x00, 0x00, 0x00, 0x00, 0x00, 0x00
    .byte 0x00, 0x00, 0x00, 0x00, 0x00, 0x00, 0x00, 0x00, 0x00, 0x00, 0x00, 0x00, 0x00, 0x00, 0x00, 0x00
    .byte 0x00, 0x00, 0x00, 0x00, 0x00, 0x00, 0x00, 0x00, 0x00, 0x00, 0x00, 0x00, 0x00, 0x00, 0x00, 0x00
    .byte 0x00, 0x00, 0x00, 0x00, 0x00, 0x00, 0x00, 0x00, 0x00, 0x00, 0x00, 0x00, 0x00, 0x00, 0x00, 0x00
    .byte 0x00, 0x00, 0x00, 0x00, 0x00, 0x00, 0x00, 0x00, 0x00, 0x00, 0x00, 0x00, 0x00, 0x00, 0x00, 0x00
    .byte 0x00, 0x00, 0x00, 0x00, 0x00, 0x00, 0x00, 0x00, 0x00, 0x00, 0x00, 0x00, 0x00, 0x00, 0x00, 0x00
    .byte 0x00, 0x00, 0x00, 0x00, 0x00, 0x00, 0x00, 0x00, 0x00, 0x00, 0x00, 0x00, 0x00, 0x00, 0x00, 0x00
    .byte 0x00, 0x00, 0x00, 0x00, 0x00, 0x00, 0x00, 0x00, 0x00, 0x00, 0x00, 0x00, 0x00, 0x00, 0x00, 0x00
    .byte 0x00, 0x00, 0x00, 0x00, 0x00, 0x00, 0x00, 0x00, 0x00, 0x00, 0x00, 0x00, 0x00, 0x00, 0x00, 0x00
    .byte 0x00, 0x00, 0x00, 0x00, 0x00, 0x00, 0x00, 0x00, 0x00, 0x00, 0x00, 0x00, 0x00, 0x00, 0x00, 0x00
    .byte 0x00, 0x00, 0x00, 0x00, 0x00, 0x00, 0x00, 0x00, 0x00, 0x00, 0x00, 0x00, 0x00, 0x00, 0x00, 0x00
    .byte 0x00, 0x00, 0x00, 0x00, 0x00, 0x00, 0x00, 0x00, 0x00, 0x00, 0x00, 0x00, 0x00, 0x00, 0x00, 0x00
    .byte 0x00, 0x00, 0x00, 0x00, 0x00, 0x00, 0x00, 0x00, 0x00, 0x00, 0x00, 0x00, 0x00, 0x00, 0x00, 0x00
    .byte 0x00, 0x00, 0x00, 0x00, 0x00, 0x00, 0x00, 0x00, 0x00, 0x00, 0x00, 0x00, 0x00, 0x00, 0x00, 0x00
    .byte 0x00, 0x00, 0x00, 0x00, 0x00, 0x00, 0x00, 0x00, 0x00, 0x00, 0x00, 0x00, 0x00, 0x00, 0x00, 0x00
    .byte 0x00, 0x00, 0x00, 0x00, 0x00, 0x00, 0x00, 0x00, 0x00, 0x00, 0x00, 0x00, 0x00, 0x00, 0x00, 0x00
    .byte 0x00, 0x00, 0x00, 0x00, 0x00, 0x00, 0x00, 0x00, 0x00, 0x00, 0x00, 0x00, 0x00, 0x00, 0x00, 0x00
    .byte 0x00, 0x00, 0x00, 0x00, 0x00, 0x00, 0x00, 0x00, 0x00, 0x00, 0x00, 0x00, 0x00, 0x00, 0x00, 0x00
    .byte 0x00, 0x00, 0x00, 0x00, 0x00, 0x00, 0x00, 0x00, 0x00, 0x00, 0x00, 0x00, 0x00, 0x00, 0x00, 0x00
    .byte 0x00, 0x00, 0x00, 0x00, 0x00, 0x00, 0x00, 0x00, 0x00, 0x00, 0x00, 0x00, 0x00, 0x00, 0x00, 0x00
    .byte 0x00, 0x00, 0x00, 0x00, 0x00, 0x00, 0x00, 0x00, 0x00, 0x00, 0x00, 0x00, 0x00, 0x00, 0x00, 0x00
    .byte 0x00, 0x00, 0x00, 0x00, 0x00, 0x00, 0x00, 0x00, 0x00, 0x00, 0x00, 0x00, 0x00, 0x00, 0x00, 0x00
    .byte 0x00, 0x00, 0x00, 0x00, 0x00, 0x00, 0x00, 0x00, 0x00, 0x00, 0x00, 0x00, 0x00, 0x00, 0x00, 0x00
    .byte 0x00, 0x00, 0x00, 0x00, 0x00, 0x00, 0x00, 0x00, 0x00, 0x00, 0x00, 0x00, 0x00, 0x00, 0x00, 0x00
    .byte 0x00, 0x00, 0x00, 0x00, 0x00, 0x00, 0x00, 0x00, 0x00, 0x00, 0x00, 0x00, 0x00, 0x00, 0x00, 0x00
    .byte 0x00, 0x00, 0x00, 0x00, 0x00, 0x00, 0x00, 0x00, 0x00, 0x00, 0x00, 0x00, 0x00, 0x00, 0x00, 0x00
    .byte 0x00, 0x00, 0x00, 0x00, 0x00, 0x00, 0x00, 0x00, 0x00, 0x00, 0x00, 0x00, 0x00, 0x00, 0x00, 0x00
    .byte 0x00, 0x00, 0x00, 0x00, 0x00, 0x00, 0x00, 0x00, 0x00, 0x00, 0x00, 0x00, 0x00, 0x00, 0x00, 0x00
    .byte 0x00, 0x00, 0x00, 0x00, 0x00, 0x00, 0x00, 0x00, 0x00, 0x00, 0x00, 0x00, 0x00, 0x00, 0x00, 0x00
    .byte 0x00, 0x00, 0x00, 0x00, 0x00, 0x00, 0x00, 0x00, 0x00, 0x00, 0x00, 0x00, 0x00, 0x00, 0x00, 0x00
    .byte 0x00, 0x00, 0x00, 0x00, 0x00, 0x00, 0x00, 0x00, 0x00, 0x00, 0x00, 0x00, 0x00, 0x00, 0x00, 0x00
    .byte 0x00, 0x00, 0x00, 0x00, 0x00, 0x00, 0x00, 0x00, 0x00, 0x00, 0x00, 0x00, 0x00, 0x00, 0x00, 0x00
    .byte 0x00, 0x00, 0x00, 0x00, 0x00, 0x00, 0x00, 0x00, 0x00, 0x00, 0x00, 0x00, 0x00, 0x00, 0x00, 0x00
    .byte 0x00, 0x00, 0x00, 0x00, 0x00, 0x00, 0x00, 0x00, 0x00, 0x00, 0x00, 0x00, 0x00, 0x00, 0x00, 0x00
    .byte 0x00, 0x00, 0x00, 0x00, 0x00, 0x00, 0x00, 0x00, 0x00, 0x00, 0x00, 0x00, 0x00, 0x00, 0x00, 0x00
    .byte 0x00, 0x00, 0x00, 0x00, 0x00, 0x00, 0x00, 0x00, 0x00, 0x00, 0x00, 0x00, 0x00, 0x00, 0x00, 0x00
    .byte 0x00, 0x00, 0x00, 0x00, 0x00, 0x00, 0x00, 0x00, 0x00, 0x00, 0x00, 0x00, 0x00, 0x00, 0x00, 0x00
    .byte 0x00, 0x00, 0x00, 0x00, 0x00, 0x00, 0x00, 0x00, 0x00, 0x00, 0x00, 0x00, 0x00, 0x00, 0x00, 0x00
    .byte 0x00, 0x00, 0x00, 0x00, 0x00, 0x00, 0x00, 0x00, 0x00, 0x00, 0x00, 0x00, 0x00, 0x00, 0x00, 0x00
    .byte 0x00, 0x00, 0x00, 0x00, 0x00, 0x00, 0x00, 0x00, 0x00, 0x00, 0x00, 0x00, 0x00, 0x00, 0x00, 0x00
    .byte 0x00, 0x00, 0x00, 0x00, 0x00, 0x00, 0x00, 0x00, 0x00, 0x00, 0x00, 0x00, 0x00, 0x00, 0x00, 0x00
    .byte 0x00, 0x00, 0x00, 0x00, 0x00, 0x00, 0x00, 0x00, 0x00, 0x00, 0x00, 0x00, 0x00, 0x00, 0x00, 0x00
    .byte 0x00, 0x00, 0x00, 0x00, 0x00, 0x00, 0x00, 0x00, 0x00, 0x00, 0x00, 0x00, 0x00, 0x00, 0x00, 0x00
    .byte 0x00, 0x00, 0x00, 0x00, 0x00, 0x00, 0x00, 0x00, 0x00, 0x00, 0x00, 0x00, 0x00, 0x00, 0x00, 0x00
    .byte 0x00, 0x00, 0x00, 0x00, 0x00, 0x00, 0x00, 0x00, 0x00, 0x00, 0x00, 0x00, 0x00, 0x00, 0x00, 0x00
    .byte 0x00, 0x00, 0x00, 0x00, 0x00, 0x00, 0x00, 0x00, 0x00, 0x00, 0x00, 0x00, 0x00, 0x00, 0x00, 0x00
    .byte 0x00, 0x00, 0x00, 0x00, 0x00, 0x00, 0x00, 0x00, 0x00, 0x00, 0x00, 0x00, 0x00, 0x00, 0x00, 0x00
    .byte 0x00, 0x00, 0x00, 0x00, 0x00, 0x00, 0x00, 0x00, 0x00, 0x00, 0x00, 0x00, 0x00, 0x00, 0x00, 0x00
    .byte 0x00, 0x00, 0x00, 0x00, 0x00, 0x00, 0x00, 0x00, 0x00, 0x00, 0x00, 0x00, 0x00, 0x00, 0x00, 0x00
    .byte 0x00, 0x00, 0x00, 0x00, 0x00, 0x00, 0x00, 0x00, 0x00, 0x00, 0x00, 0x00, 0x00, 0x00, 0x00, 0x00
    .byte 0x00, 0x00, 0x00, 0x00, 0x00, 0x00, 0x00, 0x00, 0x00, 0x00, 0x00, 0x00, 0x00, 0x00, 0x00, 0x00
    .byte 0x00, 0x00, 0x00, 0x00, 0x00, 0x00, 0x00, 0x00, 0x00, 0x00, 0x00, 0x00, 0x00, 0x00, 0x00, 0x00
    .byte 0x00, 0x00, 0x00, 0x00, 0x00, 0x00, 0x00, 0x00, 0x00, 0x00, 0x00, 0x00, 0x00, 0x00, 0x00, 0x00
    .byte 0x00, 0x00, 0x00, 0x00, 0x00, 0x00, 0x00, 0x00, 0x00, 0x00, 0x00, 0x00, 0x00, 0x00, 0x00, 0x00
    .byte 0x00, 0x00, 0x00, 0x00, 0x00, 0x00, 0x00, 0x00, 0x00, 0x00, 0x00, 0x00, 0x00, 0x00, 0x00, 0x00
    .byte 0x00, 0x00, 0x00, 0x00, 0x00, 0x00, 0x00, 0x00, 0x00, 0x00, 0x00, 0x00, 0x00, 0x00, 0x00, 0x00
    .byte 0x00, 0x00, 0x00, 0x00, 0x00, 0x00, 0x00, 0x00, 0x00, 0x00, 0x00, 0x00, 0x00, 0x00, 0x00, 0x00
    .byte 0x00, 0x00, 0x00, 0x00, 0x00, 0x00, 0x00, 0x00, 0x00, 0x00, 0x00, 0x00, 0x00, 0x00, 0x00, 0x00
    .byte 0x00, 0x00, 0x00, 0x00, 0x00, 0x00, 0x00, 0x00, 0x00, 0x00, 0x00, 0x00, 0x00, 0x00, 0x00, 0x00
    .byte 0x00, 0x00, 0x00, 0x00, 0x00, 0x00, 0x00, 0x00, 0x00, 0x00, 0x00, 0x00, 0x00, 0x00, 0x00, 0x00
    .byte 0x00, 0x00, 0x00, 0x00, 0x00, 0x00, 0x00, 0x00, 0x00, 0x00, 0x00, 0x00, 0x00, 0x00, 0x00, 0x00
    .byte 0x00, 0x00, 0x00, 0x00, 0x00, 0x00, 0x00, 0x00, 0x00, 0x00, 0x00, 0x00, 0x00, 0x00, 0x00, 0x00
    .byte 0x00, 0x00, 0x00, 0x00, 0x00, 0x00, 0x00, 0x00, 0x00, 0x00, 0x00, 0x00, 0x00, 0x00, 0x00, 0x00
    .byte 0x00, 0x00, 0x00, 0x00, 0x00, 0x00, 0x00, 0x00, 0x00, 0x00, 0x00, 0x00, 0x00, 0x00, 0x00, 0x00
    .byte 0x00, 0x00, 0x00, 0x00, 0x00, 0x00, 0x00, 0x00, 0x00, 0x00, 0x00, 0x00, 0x00, 0x00, 0x00, 0x00
    .byte 0x00, 0x00, 0x00, 0x00, 0x00, 0x00, 0x00, 0x00, 0x00, 0x00, 0x00, 0x00, 0x00, 0x00, 0x00, 0x00
    .byte 0x00, 0x00, 0x00, 0x00, 0x00, 0x00, 0x00, 0x00, 0x00, 0x00, 0x00, 0x00, 0x00, 0x00, 0x00, 0x00
    .byte 0x00, 0x00, 0x00, 0x00, 0x00, 0x00, 0x00, 0x00, 0x00, 0x00, 0x00, 0x00, 0x00, 0x00, 0x00, 0x00
    .byte 0x00, 0x00, 0x00, 0x00, 0x00, 0x00, 0x00, 0x00, 0x00, 0x00, 0x00, 0x00, 0x00, 0x00, 0x00, 0x00
    .byte 0x00, 0x00, 0x00, 0x00, 0x00, 0x00, 0x00, 0x00, 0x00, 0x00, 0x00, 0x00, 0x00, 0x00, 0x00, 0x00
    .byte 0x00, 0x00, 0x00, 0x00, 0x00, 0x00, 0x00, 0x00, 0x00, 0x00, 0x00, 0x00, 0x00, 0x00, 0x00, 0x00
    .byte 0x00, 0x00, 0x00, 0x00, 0x00, 0x00, 0x00, 0x00, 0x00, 0x00, 0x00, 0x00, 0x00, 0x00, 0x00, 0x00
    .byte 0x00, 0x00, 0x00, 0x00, 0x00, 0x00, 0x00, 0x00, 0x00, 0x00, 0x00, 0x00, 0x00, 0x00, 0x00, 0x00
    .byte 0x00, 0x00, 0x00, 0x00, 0x00, 0x00, 0x00, 0x00, 0x00, 0x00, 0x00, 0x00, 0x00, 0x00, 0x00, 0x00
    .byte 0x00, 0x00, 0x00, 0x00, 0x00, 0x00, 0x00, 0x00, 0x00, 0x00, 0x00, 0x00, 0x00, 0x00, 0x00, 0x00
    .byte 0x00, 0x00, 0x00, 0x00, 0x00, 0x00, 0x00, 0x00, 0x00, 0x00, 0x00, 0x00, 0x00, 0x00, 0x00, 0x00
    .byte 0x00, 0x00, 0x00, 0x00, 0x00, 0x00, 0x00, 0x00, 0x00, 0x00, 0x00, 0x00, 0x00, 0x00, 0x00, 0x00
    .byte 0x00, 0x00, 0x00, 0x00, 0x00, 0x00, 0x00, 0x00, 0x00, 0x00, 0x00, 0x00, 0x00, 0x00, 0x00, 0x00
    .byte 0x00, 0x00, 0x00, 0x00, 0x00, 0x00, 0x00, 0x00, 0x00, 0x00, 0x00, 0x00, 0x00, 0x00, 0x00, 0x00
    .byte 0x00, 0x00, 0x00, 0x00, 0x00, 0x00, 0x00, 0x00, 0x00, 0x00, 0x00, 0x00, 0x00, 0x00, 0x00, 0x00
    .byte 0x00, 0x00, 0x00, 0x00, 0x00, 0x00, 0x00, 0x00, 0x00, 0x00, 0x00, 0x00, 0x00, 0x00, 0x00, 0x00
    .byte 0x00, 0x00, 0x00, 0x00, 0x00, 0x00, 0x00, 0x00, 0x00, 0x00, 0x00, 0x00, 0x00, 0x00, 0x00, 0x00
    .byte 0x00, 0x00, 0x00, 0x00, 0x00, 0x00, 0x00, 0x00, 0x00, 0x00, 0x00, 0x00, 0x00, 0x00, 0x00, 0x00
    .byte 0x00, 0x00, 0x00, 0x00, 0x00, 0x00, 0x00, 0x00, 0x00, 0x00, 0x00, 0x00, 0x00, 0x00, 0x00, 0x00
    .byte 0x00, 0x00, 0x00, 0x00, 0x00, 0x00, 0x00, 0x00, 0x00, 0x00, 0x00, 0x00, 0x00, 0x00, 0x00, 0x00
    .byte 0x00, 0x00, 0x00, 0x00, 0x00, 0x00, 0x00, 0x00, 0x00, 0x00, 0x00, 0x00, 0x00, 0x00, 0x00, 0x00
    .byte 0x00, 0x00, 0x00, 0x00, 0x00, 0x00, 0x00, 0x00, 0x00, 0x00, 0x00, 0x00, 0x00, 0x00, 0x00, 0x00
    .byte 0x00, 0x00, 0x00, 0x00, 0x00, 0x00, 0x00, 0x00, 0x00, 0x00, 0x00, 0x00, 0x00, 0x00, 0x00, 0x00
    .byte 0x00, 0x00, 0x00, 0x00, 0x00, 0x00, 0x00, 0x00, 0x00, 0x00, 0x00, 0x00, 0x00, 0x00, 0x00, 0x00
    .byte 0x00, 0x00, 0x00, 0x00, 0x00, 0x00, 0x00, 0x00, 0x00, 0x00, 0x00, 0x00, 0x00, 0x00, 0x00, 0x00
    .byte 0x00, 0x00, 0x00, 0x00, 0x00, 0x00, 0x00, 0x00, 0x00, 0x00, 0x00, 0x00, 0x00, 0x00, 0x00, 0x00
    .byte 0x00, 0x00, 0x00, 0x00, 0x00, 0x00, 0x00, 0x00, 0x00, 0x00, 0x00, 0x00, 0x00, 0x00, 0x00, 0x00
    .byte 0x00, 0x00, 0x00, 0x00, 0x00, 0x00, 0x00, 0x00, 0x00, 0x00, 0x00, 0x00, 0x00, 0x00, 0x00, 0x00
    .byte 0x00, 0x00, 0x00, 0x00, 0x00, 0x00, 0x00, 0x00, 0x00, 0x00, 0x00, 0x00, 0x00, 0x00, 0x00, 0x00
    .byte 0x00, 0x00, 0x00, 0x00, 0x00, 0x00, 0x00, 0x00, 0x00, 0x00, 0x00, 0x00, 0x00, 0x00, 0x00, 0x00
    .byte 0x00, 0x00, 0x00, 0x00, 0x00, 0x00, 0x00, 0x00, 0x00, 0x00, 0x00, 0x00, 0x00, 0x00, 0x00, 0x00
    .byte 0x00, 0x00, 0x00, 0x00, 0x00, 0x00, 0x00, 0x00, 0x00, 0x00, 0x00, 0x00, 0x00, 0x00, 0x00, 0x00
    .byte 0x00, 0x00, 0x00, 0x00, 0x00, 0x00, 0x00, 0x00, 0x00, 0x00, 0x00, 0x00, 0x00, 0x00, 0x00, 0x00
    .byte 0x00, 0x00, 0x00, 0x00, 0x00, 0x00, 0x00, 0x00, 0x00, 0x00, 0x00, 0x00, 0x00, 0x00, 0x00, 0x00
    .byte 0x00, 0x00, 0x00, 0x00, 0x00, 0x00, 0x00, 0x00, 0x00, 0x00, 0x00, 0x00, 0x00, 0x00, 0x00, 0x00
    .byte 0x00, 0x00, 0x00, 0x00, 0x00, 0x00, 0x00, 0x00, 0x00, 0x00, 0x00, 0x00, 0x00, 0x00, 0x00, 0x00
    .byte 0x00, 0x00, 0x00, 0x00, 0x00, 0x00, 0x00, 0x00, 0x00, 0x00, 0x00, 0x00, 0x00, 0x00, 0x00, 0x00
    .byte 0x00, 0x00, 0x00, 0x00, 0x00, 0x00, 0x00, 0x00, 0x00, 0x00, 0x00, 0x00, 0x00, 0x00, 0x00, 0x00
    .byte 0x00, 0x00, 0x00, 0x00, 0x00, 0x00, 0x00, 0x00, 0x00, 0x00, 0x00, 0x00, 0x00, 0x00, 0x00, 0x00
    .byte 0x00, 0x00, 0x00, 0x00, 0x00, 0x00, 0x00, 0x00, 0x00, 0x00, 0x00, 0x00, 0x00, 0x00, 0x00, 0x00
    .byte 0x00, 0x00, 0x00, 0x00, 0x00, 0x00, 0x00, 0x00, 0x00, 0x00, 0x00, 0x00, 0x00, 0x00, 0x00, 0x00
    .byte 0x00, 0x00, 0x00, 0x00, 0x00, 0x00, 0x00, 0x00, 0x00, 0x00, 0x00, 0x00, 0x00, 0x00, 0x00, 0x00
    .byte 0x00, 0x00, 0x00, 0x00, 0x00, 0x00, 0x00, 0x00, 0x00, 0x00, 0x00, 0x00, 0x00, 0x00, 0x00, 0x00
    .byte 0x00, 0x00, 0x00, 0x00, 0x00, 0x00, 0x00, 0x00, 0x00, 0x00, 0x00, 0x00, 0x00, 0x00, 0x00, 0x00
    .byte 0x00, 0x00, 0x00, 0x00, 0x00, 0x00, 0x00, 0x00, 0x00, 0x00, 0x00, 0x00, 0x00, 0x00, 0x00, 0x00
    .byte 0x00, 0x00, 0x00, 0x00, 0x00, 0x00, 0x00, 0x00, 0x00, 0x00, 0x00, 0x00, 0x00, 0x00, 0x00, 0x00
    .byte 0x00, 0x00, 0x00, 0x00, 0x00, 0x00, 0x00, 0x00, 0x00, 0x00, 0x00, 0x00, 0x00, 0x00, 0x00, 0x00
    .byte 0x00, 0x00, 0x00, 0x00, 0x00, 0x00, 0x00, 0x00, 0x00, 0x00, 0x00, 0x00, 0x00, 0x00, 0x00, 0x00
    .byte 0x00, 0x00, 0x00, 0x00, 0x00, 0x00, 0x00, 0x00, 0x00, 0x00, 0x00, 0x00, 0x00, 0x00, 0x00, 0x00
    .byte 0x00, 0x00, 0x00, 0x00, 0x00, 0x00, 0x00, 0x00, 0x00, 0x00, 0x00, 0x00, 0x00, 0x00, 0x00, 0x00
    .byte 0x00, 0x00, 0x00, 0x00, 0x00, 0x00, 0x00, 0x00, 0x00, 0x00, 0x00, 0x00, 0x00, 0x00, 0x00, 0x00
    .byte 0x00, 0x00, 0x00, 0x00, 0x00, 0x00, 0x00, 0x00, 0x00, 0x00, 0x00, 0x00, 0x00, 0x00, 0x00, 0x00
    .byte 0x00, 0x00, 0x00, 0x00, 0x00, 0x00, 0x00, 0x00, 0x00, 0x00, 0x00, 0x00, 0x00, 0x00, 0x00, 0x00
    .byte 0x00, 0x00, 0x00, 0x00, 0x00, 0x00, 0x00, 0x00, 0x00, 0x00, 0x00, 0x00, 0x00, 0x00, 0x00, 0x00
    .byte 0x00, 0x00, 0x00, 0x00, 0x00, 0x00, 0x00, 0x00, 0x00, 0x00, 0x00, 0x00, 0x00, 0x00, 0x00, 0x00
    .byte 0x00, 0x00, 0x00, 0x00, 0x00, 0x00, 0x00, 0x00, 0x00, 0x00, 0x00, 0x00, 0x00, 0x00, 0x00, 0x00
    .byte 0x00, 0x00, 0x00, 0x00, 0x00, 0x00, 0x00, 0x00, 0x00, 0x00, 0x00, 0x00, 0x00, 0x00, 0x00, 0x00
    .byte 0x00, 0x00, 0x00, 0x00, 0x00, 0x00, 0x00, 0x00, 0x00, 0x00, 0x00, 0x00, 0x00, 0x00, 0x00, 0x00
    .byte 0x00, 0x00, 0x00, 0x00, 0x00, 0x00, 0x00, 0x00, 0x00, 0x00, 0x00, 0x00, 0x00, 0x00, 0x00, 0x00
    .byte 0x00, 0x00, 0x00, 0x00, 0x00, 0x00, 0x00, 0x00, 0x00, 0x00, 0x00, 0x00, 0x00, 0x00, 0x00, 0x00
    .byte 0x00, 0x00, 0x00, 0x00, 0x00, 0x00, 0x00, 0x00, 0x00, 0x00, 0x00, 0x00, 0x00, 0x00, 0x00, 0x00
    .byte 0x00, 0x00, 0x00, 0x00, 0x00, 0x00, 0x00, 0x00, 0x00, 0x00, 0x00, 0x00, 0x00, 0x00, 0x00, 0x00
    .byte 0x00, 0x00, 0x00, 0x00, 0x00, 0x00, 0x00, 0x00, 0x00, 0x00, 0x00, 0x00, 0x00, 0x00, 0x00, 0x00
    .byte 0x00, 0x00, 0x00, 0x00, 0x00, 0x00, 0x00, 0x00, 0x00, 0x00, 0x00, 0x00, 0x00, 0x00, 0x00, 0x00
    .byte 0x00, 0x00, 0x00, 0x00, 0x00, 0x00, 0x00, 0x00, 0x00, 0x00, 0x00, 0x00, 0x00, 0x00, 0x00, 0x00
    .byte 0x00, 0x00, 0x00, 0x00, 0x00, 0x00, 0x00, 0x00, 0x00, 0x00, 0x00, 0x00, 0x00, 0x00, 0x00, 0x00
    .byte 0x00, 0x00, 0x00, 0x00, 0x00, 0x00, 0x00, 0x00, 0x00, 0x00, 0x00, 0x00, 0x00, 0x00, 0x00, 0x00
    .byte 0x00, 0x00, 0x00, 0x00, 0x00, 0x00, 0x00, 0x00, 0x00, 0x00, 0x00, 0x00, 0x00, 0x00, 0x00, 0x00
    .byte 0x00, 0x00, 0x00, 0x00, 0x00, 0x00, 0x00, 0x00, 0x00, 0x00, 0x00, 0x00, 0x00, 0x00, 0x00, 0x00
    .byte 0x00, 0x00, 0x00, 0x00, 0x00, 0x00, 0x00, 0x00, 0x00, 0x00, 0x00, 0x00, 0x00, 0x00, 0x00, 0x00
    .byte 0x00, 0x00, 0x00, 0x00, 0x00, 0x00, 0x00, 0x00, 0x00, 0x00, 0x00, 0x00, 0x00, 0x00, 0x00, 0x00
    .byte 0x00, 0x00, 0x00, 0x00, 0x00, 0x00, 0x00, 0x00, 0x00, 0x00, 0x00, 0x00, 0x00, 0x00, 0x00, 0x00
    .byte 0x00, 0x00, 0x00, 0x00, 0x00, 0x00, 0x00, 0x00, 0x00, 0x00, 0x00, 0x00, 0x00, 0x00, 0x00, 0x00
    .byte 0x00, 0x00, 0x00, 0x00, 0x00, 0x00, 0x00, 0x00, 0x00, 0x00, 0x00, 0x00, 0x00, 0x00, 0x00, 0x00
    .byte 0x00, 0x00, 0x00, 0x00, 0x00, 0x00, 0x00, 0x00, 0x00, 0x00, 0x00, 0x00, 0x00, 0x00, 0x00, 0x00
    .byte 0x00, 0x00, 0x00, 0x00, 0x00, 0x00, 0x00, 0x00, 0x00, 0x00, 0x00, 0x00, 0x00, 0x00, 0x00, 0x00
    .byte 0x00, 0x00, 0x00, 0x00, 0x00, 0x00, 0x00, 0x00, 0x00, 0x00, 0x00, 0x00, 0x00, 0x00, 0x00, 0x00
    .byte 0x00, 0x00, 0x00, 0x00, 0x00, 0x00, 0x00, 0x00, 0x00, 0x00, 0x00, 0x00, 0x00, 0x00, 0x00, 0x00
    .byte 0x00, 0x00, 0x00, 0x00, 0x00, 0x00, 0x00, 0x00, 0x00, 0x00, 0x00, 0x00, 0x00, 0x00, 0x00, 0x00
    .byte 0x00, 0x00, 0x00, 0x00, 0x00, 0x00, 0x00, 0x00, 0x00, 0x00, 0x00, 0x00, 0x00, 0x00, 0x00, 0x00
    .byte 0x00, 0x00, 0x00, 0x00, 0x00, 0x00, 0x00, 0x00, 0x00, 0x00, 0x00, 0x00, 0x00, 0x00, 0x00, 0x00
    .byte 0x00, 0x00, 0x00, 0x00, 0x00, 0x00, 0x00, 0x00, 0x00, 0x00, 0x00, 0x00, 0x00, 0x00, 0x00, 0x00
    .byte 0x00, 0x00, 0x00, 0x00, 0x00, 0x00, 0x00, 0x00, 0x00, 0x00, 0x00, 0x00, 0x00, 0x00, 0x00, 0x00
    .byte 0x00, 0x00, 0x00, 0x00, 0x00, 0x00, 0x00, 0x00, 0x00, 0x00, 0x00, 0x00, 0x00, 0x00, 0x00, 0x00
    .byte 0x00, 0x00, 0x00, 0x00, 0x00, 0x00, 0x00, 0x00, 0x00, 0x00, 0x00, 0x00, 0x00, 0x00, 0x00, 0x00
    .byte 0x00, 0x00, 0x00, 0x00, 0x00, 0x00, 0x00, 0x00, 0x00, 0x00, 0x00, 0x00, 0x00, 0x00, 0x00, 0x00
    .byte 0x00, 0x00, 0x00, 0x00, 0x00, 0x00, 0x00, 0x00, 0x00, 0x00, 0x00, 0x00, 0x00, 0x00, 0x00, 0x00
    .byte 0x00, 0x00, 0x00, 0x00, 0x00, 0x00, 0x00, 0x00, 0x00, 0x00, 0x00, 0x00, 0x00, 0x00, 0x00, 0x00
    .byte 0x00, 0x00, 0x00, 0x00, 0x00, 0x00, 0x00, 0x00, 0x00, 0x00, 0x00, 0x00, 0x00, 0x00, 0x00, 0x00
    .byte 0x00, 0x00, 0x00, 0x00, 0x00, 0x00, 0x00, 0x00, 0x00, 0x00, 0x00, 0x00, 0x00, 0x00, 0x00, 0x00
    .byte 0x00, 0x00, 0x00, 0x00, 0x00, 0x00, 0x00, 0x00, 0x00, 0x00, 0x00, 0x00, 0x00, 0x00, 0x00, 0x00
    .byte 0x00, 0x00, 0x00, 0x00, 0x00, 0x00, 0x00, 0x00, 0x00, 0x00, 0x00, 0x00, 0x00, 0x00, 0x00, 0x00
    .byte 0x00, 0x00, 0x00, 0x00, 0x00, 0x00, 0x00, 0x00, 0x00, 0x00, 0x00, 0x00, 0x00, 0x00, 0x00, 0x00
    .byte 0x00, 0x00, 0x00, 0x00, 0x00, 0x00, 0x00, 0x00, 0x00, 0x00, 0x00, 0x00, 0x00, 0x00, 0x00, 0x00
    .byte 0x00, 0x00, 0x00, 0x00, 0x00, 0x00, 0x00, 0x00, 0x00, 0x00, 0x00, 0x00, 0x00, 0x00, 0x00, 0x00
    .byte 0x00, 0x00, 0x00, 0x00, 0x00, 0x00, 0x00, 0x00, 0x00, 0x00, 0x00, 0x00, 0x00, 0x00, 0x00, 0x00
    .byte 0x00, 0x00, 0x00, 0x00, 0x00, 0x00, 0x00, 0x00, 0x00, 0x00, 0x00, 0x00, 0x00, 0x00, 0x00, 0x00
    .byte 0x00, 0x00, 0x00, 0x00, 0x00, 0x00, 0x00, 0x00, 0x00, 0x00, 0x00, 0x00, 0x00, 0x00, 0x00, 0x00
    .byte 0x00, 0x00, 0x00, 0x00, 0x00, 0x00, 0x00, 0x00, 0x00, 0x00, 0x00, 0x00, 0x00, 0x00, 0x00, 0x00
    .byte 0x00, 0x00, 0x00, 0x00, 0x00, 0x00, 0x00, 0x00, 0x00, 0x00, 0x00, 0x00, 0x00, 0x00, 0x00, 0x00
    .byte 0x00, 0x00, 0x00, 0x00, 0x00, 0x00, 0x00, 0x00, 0x00, 0x00, 0x00, 0x00, 0x00, 0x00, 0x00, 0x00
    .byte 0x00, 0x00, 0x00, 0x00, 0x00, 0x00, 0x00, 0x00, 0x00, 0x00, 0x00, 0x00, 0x00, 0x00, 0x00, 0x00
    .byte 0x00, 0x00, 0x00, 0x00, 0x00, 0x00, 0x00, 0x00, 0x00, 0x00, 0x00, 0x00, 0x00, 0x00, 0x00, 0x00
    .byte 0x00, 0x00, 0x00, 0x00, 0x00, 0x00, 0x00, 0x00, 0x00, 0x00, 0x00, 0x00, 0x00, 0x00, 0x00, 0x00
    .byte 0x00, 0x00, 0x00, 0x00, 0x00, 0x00, 0x00, 0x00, 0x00, 0x00, 0x00, 0x00, 0x00, 0x00, 0x00, 0x00
    .byte 0x00, 0x00, 0x00, 0x00, 0x00, 0x00, 0x00, 0x00, 0x00, 0x00, 0x00, 0x00, 0x00, 0x00, 0x00, 0x00
    .byte 0x00, 0x00, 0x00, 0x00, 0x00, 0x00, 0x00, 0x00, 0x00, 0x00, 0x00, 0x00, 0x00, 0x00, 0x00, 0x00
    .byte 0x00, 0x00, 0x00, 0x00, 0x00, 0x00, 0x00, 0x00, 0x00, 0x00, 0x00, 0x00, 0x00, 0x00, 0x00, 0x00
    .byte 0x00, 0x00, 0x00, 0x00, 0x00, 0x00, 0x00, 0x00, 0x00, 0x00, 0x00, 0x00, 0x00, 0x00, 0x00, 0x00
    .byte 0x00, 0x00, 0x00, 0x00, 0x00, 0x00, 0x00, 0x00, 0x00, 0x00, 0x00, 0x00, 0x00, 0x00, 0x00, 0x00
    .byte 0x00, 0x00, 0x00, 0x00, 0x00, 0x00, 0x00, 0x00, 0x00, 0x00, 0x00, 0x00, 0x00, 0x00, 0x00, 0x00
    .byte 0x00, 0x00, 0x00, 0x00, 0x00, 0x00, 0x00, 0x00, 0x00, 0x00, 0x00, 0x00, 0x00, 0x00, 0x00, 0x00
    .byte 0x00, 0x00, 0x00, 0x00, 0x00, 0x00, 0x00, 0x00, 0x00, 0x00, 0x00, 0x00, 0x00, 0x00, 0x00, 0x00
    .byte 0x00, 0x00, 0x00, 0x00, 0x00, 0x00, 0x00, 0x00, 0x00, 0x00, 0x00, 0x00, 0x00, 0x00, 0x00, 0x00
    .byte 0x00, 0x00, 0x00, 0x00, 0x00, 0x00, 0x00, 0x00, 0x00, 0x00, 0x00, 0x00, 0x00, 0x00, 0x00, 0x00
    .byte 0x00, 0x00, 0x00, 0x00, 0x00, 0x00, 0x00, 0x00, 0x00, 0x00, 0x00, 0x00, 0x00, 0x00, 0x00, 0x00
    .byte 0x00, 0x00, 0x00, 0x00, 0x00, 0x00, 0x00, 0x00, 0x00, 0x00, 0x00, 0x00, 0x00, 0x00, 0x00, 0x00
    .byte 0x00, 0x00, 0x00, 0x00, 0x00, 0x00, 0x00, 0x00, 0x00, 0x00, 0x00, 0x00, 0x00, 0x00, 0x00, 0x00
    .byte 0x00, 0x00, 0x00, 0x00, 0x00, 0x00, 0x00, 0x00, 0x00, 0x00, 0x00, 0x00, 0x00, 0x00, 0x00, 0x00
    .byte 0x00, 0x00, 0x00, 0x00, 0x00, 0x00, 0x00, 0x00, 0x00, 0x00, 0x00, 0x00, 0x00, 0x00, 0x00, 0x00
    .byte 0x00, 0x00, 0x00, 0x00, 0x00, 0x00, 0x00, 0x00, 0x00, 0x00, 0x00, 0x00, 0x00, 0x00, 0x00, 0x00
    .byte 0x00, 0x00, 0x00, 0x00, 0x00, 0x00, 0x00, 0x00, 0x00, 0x00, 0x00, 0x00, 0x00, 0x00, 0x00, 0x00
    .byte 0x00, 0x00, 0x00, 0x00, 0x00, 0x00, 0x00, 0x00, 0x00, 0x00, 0x00, 0x00, 0x00, 0x00, 0x00, 0x00
    .byte 0x00, 0x00, 0x00, 0x00, 0x00, 0x00, 0x00, 0x00, 0x00, 0x00, 0x00, 0x00, 0x00, 0x00, 0x00, 0x00
    .byte 0x00, 0x00, 0x00, 0x00, 0x00, 0x00, 0x00, 0x00, 0x00, 0x00, 0x00, 0x00, 0x00, 0x00, 0x00, 0x00
    .byte 0x00, 0x00, 0x00, 0x00, 0x00, 0x00, 0x00, 0x00, 0x00, 0x00, 0x00, 0x00, 0x00, 0x00, 0x00, 0x00
    .byte 0x00, 0x00, 0x00, 0x00, 0x00, 0x00, 0x00, 0x00, 0x00, 0x00, 0x00, 0x00, 0x00, 0x00, 0x00, 0x00
    .byte 0x00, 0x00, 0x00, 0x00, 0x00, 0x00, 0x00, 0x00, 0x00, 0x00, 0x00, 0x00, 0x00, 0x00, 0x00, 0x00
    .byte 0x00, 0x00, 0x00, 0x00, 0x00, 0x00, 0x00, 0x00, 0x00, 0x00, 0x00, 0x00, 0x00, 0x00, 0x00, 0x00
    .byte 0x00, 0x00, 0x00, 0x00, 0x00, 0x00, 0x00, 0x00, 0x00, 0x00, 0x00, 0x00, 0x00, 0x00, 0x00, 0x00
    .byte 0x00, 0x00, 0x00, 0x00, 0x00, 0x00, 0x00, 0x00, 0x00, 0x00, 0x00, 0x00, 0x00, 0x00, 0x00, 0x00
    .byte 0x00, 0x00, 0x00, 0x00, 0x00, 0x00, 0x00, 0x00, 0x00, 0x00, 0x00, 0x00, 0x00, 0x00, 0x00, 0x00
    .byte 0x00, 0x00, 0x00, 0x00, 0x00, 0x00, 0x00, 0x00, 0x00, 0x00, 0x00, 0x00, 0x00, 0x00, 0x00, 0x00
    .byte 0x00, 0x00, 0x00, 0x00, 0x00, 0x00, 0x00, 0x00, 0x00, 0x00, 0x00, 0x00, 0x00, 0x00, 0x00, 0x00
    .byte 0x00, 0x00, 0x00, 0x00, 0x00, 0x00, 0x00, 0x00, 0x00, 0x00, 0x00, 0x00, 0x00, 0x00, 0x00, 0x00
    .byte 0x00, 0x00, 0x00, 0x00, 0x00, 0x00, 0x00, 0x00, 0x00, 0x00, 0x00, 0x00, 0x00, 0x00, 0x00, 0x00
    .byte 0x00, 0x00, 0x00, 0x00, 0x00, 0x00, 0x00, 0x00, 0x00, 0x00, 0x00, 0x00, 0x00, 0x00, 0x00, 0x00
    .byte 0x00, 0x00, 0x00, 0x00, 0x00, 0x00, 0x00, 0x00, 0x00, 0x00, 0x00, 0x00, 0x00, 0x00, 0x00, 0x00
    .byte 0x00, 0x00, 0x00, 0x00, 0x00, 0x00, 0x00, 0x00, 0x00, 0x00, 0x00, 0x00, 0x00, 0x00, 0x00, 0x00
    .byte 0x00, 0x00, 0x00, 0x00, 0x00, 0x00, 0x00, 0x00, 0x00, 0x00, 0x00, 0x00, 0x00, 0x00, 0x00, 0x00
    .byte 0x00, 0x00, 0x00, 0x00, 0x00, 0x00, 0x00, 0x00, 0x00, 0x00, 0x00, 0x00, 0x00, 0x00, 0x00, 0x00
    .byte 0x00, 0x00, 0x00, 0x00, 0x00, 0x00, 0x00, 0x00, 0x00, 0x00, 0x00, 0x00, 0x00, 0x00, 0x00, 0x00
    .byte 0x00, 0x00, 0x00, 0x00, 0x00, 0x00, 0x00, 0x00, 0x00, 0x00, 0x00, 0x00, 0x00, 0x00, 0x00, 0x00
    .byte 0x00, 0x00, 0x00, 0x00, 0x00, 0x00, 0x00, 0x00, 0x00, 0x00, 0x00, 0x00, 0x00, 0x00, 0x00, 0x00
    .byte 0x00, 0x00, 0x00, 0x00, 0x00, 0x00, 0x00, 0x00, 0x00, 0x00, 0x00, 0x00, 0x00, 0x00, 0x00, 0x00
    .byte 0x00, 0x00, 0x00, 0x00, 0x00, 0x00, 0x00, 0x00, 0x00, 0x00, 0x00, 0x00, 0x00, 0x00, 0x00, 0x00
    .byte 0x00, 0x00, 0x00, 0x00, 0x00, 0x00, 0x00, 0x00, 0x00, 0x00, 0x00, 0x00, 0x00, 0x00, 0x00, 0x00
    .byte 0x00, 0x00, 0x00, 0x00, 0x00, 0x00, 0x00, 0x00, 0x00, 0x00, 0x00, 0x00, 0x00, 0x00, 0x00, 0x00
    .byte 0x00, 0x00, 0x00, 0x00, 0x00, 0x00, 0x00, 0x00, 0x00, 0x00, 0x00, 0x00, 0x00, 0x00, 0x00, 0x00
    .byte 0x00, 0x00, 0x00, 0x00, 0x00, 0x00, 0x00, 0x00, 0x00, 0x00, 0x00, 0x00, 0x00, 0x00, 0x00, 0x00
    .byte 0x00, 0x00, 0x00, 0x00, 0x00, 0x00, 0x00, 0x00, 0x00, 0x00, 0x00, 0x00, 0x00, 0x00, 0x00, 0x00
    .byte 0x00, 0x00, 0x00, 0x00, 0x00, 0x00, 0x00, 0x00, 0x00, 0x00, 0x00, 0x00, 0x00, 0x00, 0x00, 0x00
    .byte 0x00, 0x00, 0x00, 0x00, 0x00, 0x00, 0x00, 0x00, 0x00, 0x00, 0x00, 0x00, 0x00, 0x00, 0x00, 0x00
    .byte 0x00, 0x00, 0x00, 0x00, 0x00, 0x00, 0x00, 0x00, 0x00, 0x00, 0x00, 0x00, 0x00, 0x00, 0x00, 0x00
    .byte 0x00, 0x00, 0x00, 0x00, 0x00, 0x00, 0x00, 0x00, 0x00, 0x00, 0x00, 0x00, 0x00, 0x00, 0x00, 0x00
    .byte 0x00, 0x00, 0x00, 0x00, 0x00, 0x00, 0x00, 0x00, 0x00, 0x00, 0x00, 0x00, 0x00, 0x00, 0x00, 0x00
    .byte 0x00, 0x00, 0x00, 0x00, 0x00, 0x00, 0x00, 0x00, 0x00, 0x00, 0x00, 0x00, 0x00, 0x00, 0x00, 0x00
    .byte 0x00, 0x00, 0x00, 0x00, 0x00, 0x00, 0x00, 0x00, 0x00, 0x00, 0x00, 0x00, 0x00, 0x00, 0x00, 0x00
    .byte 0x00, 0x00, 0x00, 0x00, 0x00, 0x00, 0x00, 0x00, 0x00, 0x00, 0x00, 0x00, 0x00, 0x00, 0x00, 0x00
    .byte 0x00, 0x00, 0x00, 0x00, 0x00, 0x00, 0x00, 0x00, 0x00, 0x00, 0x00, 0x00, 0x00, 0x00, 0x00, 0x00
    .byte 0x00, 0x00, 0x00, 0x00, 0x00, 0x00, 0x00, 0x00, 0x00, 0x00, 0x00, 0x00, 0x00, 0x00, 0x00, 0x00
    .byte 0x00, 0x00, 0x00, 0x00, 0x00, 0x00, 0x00, 0x00, 0x00, 0x00, 0x00, 0x00, 0x00, 0x00, 0x00, 0x00
    .byte 0x00, 0x00, 0x00, 0x00, 0x00, 0x00, 0x00, 0x00, 0x00, 0x00, 0x00, 0x00, 0x00, 0x00, 0x00, 0x00
    .byte 0x00, 0x00, 0x00, 0x00, 0x00, 0x00, 0x00, 0x00, 0x00, 0x00, 0x00, 0x00, 0x00, 0x00, 0x00, 0x00
    .byte 0x00, 0x00, 0x00, 0x00, 0x00, 0x00, 0x00, 0x00, 0x00, 0x00, 0x00, 0x00, 0x00, 0x00, 0x00, 0x00
    .byte 0x00, 0x00, 0x00, 0x00, 0x00, 0x00, 0x00, 0x00, 0x00, 0x00, 0x00, 0x00, 0x00, 0x00, 0x00, 0x00
    .byte 0x00, 0x00, 0x00, 0x00, 0x00, 0x00, 0x00, 0x00, 0x00, 0x00, 0x00, 0x00, 0x00, 0x00, 0x00, 0x00
    .byte 0x00, 0x00, 0x00, 0x00, 0x00, 0x00, 0x00, 0x00, 0x00, 0x00, 0x00, 0x00, 0x00, 0x00, 0x00, 0x00
    .byte 0x00, 0x00, 0x00, 0x00, 0x00, 0x00, 0x00, 0x00, 0x00, 0x00, 0x00, 0x00, 0x00, 0x00, 0x00, 0x00
    .byte 0x00, 0x00, 0x00, 0x00, 0x00, 0x00, 0x00, 0x00, 0x00, 0x00, 0x00, 0x00, 0x00, 0x00, 0x00, 0x00
    .byte 0x00, 0x00, 0x00, 0x00, 0x00, 0x00, 0x00, 0x00, 0x00, 0x00, 0x00, 0x00, 0x00, 0x00, 0x00, 0x00
    .byte 0x00, 0x00, 0x00, 0x00, 0x00, 0x00, 0x00, 0x00, 0x00, 0x00, 0x00, 0x00, 0x00, 0x00, 0x00, 0x00
    .byte 0x00, 0x00, 0x00, 0x00, 0x00, 0x00, 0x00, 0x00, 0x00, 0x00, 0x00, 0x00, 0x00, 0x00, 0x00, 0x00
    .byte 0x00, 0x00, 0x00, 0x00, 0x00, 0x00, 0x00, 0x00, 0x00, 0x00, 0x00, 0x00, 0x00, 0x00, 0x00, 0x00
    .byte 0x00, 0x00, 0x00, 0x00, 0x00, 0x00, 0x00, 0x00, 0x00, 0x00, 0x00, 0x00, 0x00, 0x00, 0x00, 0x00
    .byte 0x00, 0x00, 0x00, 0x00, 0x00, 0x00, 0x00, 0x00, 0x00, 0x00, 0x00, 0x00, 0x00, 0x00, 0x00, 0x00
    .byte 0x00, 0x00, 0x00, 0x00, 0x00, 0x00, 0x00, 0x00, 0x00, 0x00, 0x00, 0x00, 0x00, 0x00, 0x00, 0x00
    .byte 0x00, 0x00, 0x00, 0x00, 0x00, 0x00, 0x00, 0x00, 0x00, 0x00, 0x00, 0x00, 0x00, 0x00, 0x00, 0x00
    .byte 0x00, 0x00, 0x00, 0x00, 0x00, 0x00, 0x00, 0x00, 0x00, 0x00, 0x00, 0x00, 0x00, 0x00, 0x00, 0x00
    .byte 0x00, 0x00, 0x00, 0x00, 0x00, 0x00, 0x00, 0x00, 0x00, 0x00, 0x00, 0x00, 0x00, 0x00, 0x00, 0x00
    .byte 0x00, 0x00, 0x00, 0x00, 0x00, 0x00, 0x00, 0x00, 0x00, 0x00, 0x00, 0x00, 0x00, 0x00, 0x00, 0x00
    .byte 0x00, 0x00, 0x00, 0x00, 0x00, 0x00, 0x00, 0x00, 0x00, 0x00, 0x00, 0x00, 0x00, 0x00, 0x00, 0x00
    .byte 0x00, 0x00, 0x00, 0x00, 0x00, 0x00, 0x00, 0x00, 0x00, 0x00, 0x00, 0x00, 0x00, 0x00, 0x00, 0x00
    .byte 0x00, 0x00, 0x00, 0x00, 0x00, 0x00, 0x00, 0x00, 0x00, 0x00, 0x00, 0x00, 0x00, 0x00, 0x00, 0x00
    .byte 0x00, 0x00, 0x00, 0x00, 0x00, 0x00, 0x00, 0x00, 0x00, 0x00, 0x00, 0x00, 0x00, 0x00, 0x00, 0x00
    .byte 0x00, 0x00, 0x00, 0x00, 0x00, 0x00, 0x00, 0x00, 0x00, 0x00, 0x00, 0x00, 0x00, 0x00, 0x00, 0x00
    .byte 0x00, 0x00, 0x00, 0x00, 0x00, 0x00, 0x00, 0x00, 0x00, 0x00, 0x00, 0x00, 0x00, 0x00, 0x00, 0x00
    .byte 0x00, 0x00, 0x00, 0x00, 0x00, 0x00, 0x00, 0x00, 0x00, 0x00, 0x00, 0x00, 0x00, 0x00, 0x00, 0x00
    .byte 0x00, 0x00, 0x00, 0x00, 0x00, 0x00, 0x00, 0x00, 0x00, 0x00, 0x00, 0x00, 0x00, 0x00, 0x00, 0x00
    .byte 0x00, 0x00, 0x00, 0x00, 0x00, 0x00, 0x00, 0x00, 0x00, 0x00, 0x00, 0x00, 0x00, 0x00, 0x00, 0x00
    .byte 0x00, 0x00, 0x00, 0x00, 0x00, 0x00, 0x00, 0x00, 0x00, 0x00, 0x00, 0x00, 0x00, 0x00, 0x00, 0x00
    .byte 0x00, 0x00, 0x00, 0x00, 0x00, 0x00, 0x00, 0x00, 0x00, 0x00, 0x00, 0x00, 0x00, 0x00, 0x00, 0x00
    .byte 0x00, 0x00, 0x00, 0x00, 0x00, 0x00, 0x00, 0x00, 0x00, 0x00, 0x00, 0x00, 0x00, 0x00, 0x00, 0x00
    .byte 0x00, 0x00, 0x00, 0x00, 0x00, 0x00, 0x00, 0x00, 0x00, 0x00, 0x00, 0x00, 0x00, 0x00, 0x00, 0x00
    .byte 0x00, 0x00, 0x00, 0x00, 0x00, 0x00, 0x00, 0x00, 0x00, 0x00, 0x00, 0x00, 0x00, 0x00, 0x00, 0x00
    .byte 0x00, 0x00, 0x00, 0x00, 0x00, 0x00, 0x00, 0x00, 0x00, 0x00, 0x00, 0x00, 0x00, 0x00, 0x00, 0x00
    .byte 0x00, 0x00, 0x00, 0x00, 0x00, 0x00, 0x00, 0x00, 0x00, 0x00, 0x00, 0x00, 0x00, 0x00, 0x00, 0x00
    .byte 0x00, 0x00, 0x00, 0x00, 0x00, 0x00, 0x00, 0x00, 0x00, 0x00, 0x00, 0x00, 0x00, 0x00, 0x00, 0x00
    .byte 0x00, 0x00, 0x00, 0x00, 0x00, 0x00, 0x00, 0x00, 0x00, 0x00, 0x00, 0x00, 0x00, 0x00, 0x00, 0x00
    .byte 0x00, 0x00, 0x00, 0x00, 0x00, 0x00, 0x00, 0x00, 0x00, 0x00, 0x00, 0x00, 0x00, 0x00, 0x00, 0x00
    .byte 0x00, 0x00, 0x00, 0x00, 0x00, 0x00, 0x00, 0x00, 0x00, 0x00, 0x00, 0x00, 0x00, 0x00, 0x00, 0x00
    .byte 0x00, 0x00, 0x00, 0x00, 0x00, 0x00, 0x00, 0x00, 0x00, 0x00, 0x00, 0x00, 0x00, 0x00, 0x00, 0x00
    .byte 0x00, 0x00, 0x00, 0x00, 0x00, 0x00, 0x00, 0x00, 0x00, 0x00, 0x00, 0x00, 0x00, 0x00, 0x00, 0x00
    .byte 0x00, 0x00, 0x00, 0x00, 0x00, 0x00, 0x00, 0x00, 0x00, 0x00, 0x00, 0x00, 0x00, 0x00, 0x00, 0x00
    .byte 0x00, 0x00, 0x00, 0x00, 0x00, 0x00, 0x00, 0x00, 0x00, 0x00, 0x00, 0x00, 0x00, 0x00, 0x00, 0x00
    .byte 0x00, 0x00, 0x00, 0x00, 0x00, 0x00, 0x00, 0x00, 0x00, 0x00, 0x00, 0x00, 0x00, 0x00, 0x00, 0x00
    .byte 0x00, 0x00, 0x00, 0x00, 0x00, 0x00, 0x00, 0x00, 0x00, 0x00, 0x00, 0x00, 0x00, 0x00, 0x00, 0x00
    .byte 0x00, 0x00, 0x00, 0x00, 0x00, 0x00, 0x00, 0x00, 0x00, 0x00, 0x00, 0x00, 0x00, 0x00, 0x00, 0x00
    .byte 0x00, 0x00, 0x00, 0x00, 0x00, 0x00, 0x00, 0x00, 0x00, 0x00, 0x00, 0x00, 0x00, 0x00, 0x00, 0x00
    .byte 0x00, 0x00, 0x00, 0x00, 0x00, 0x00, 0x00, 0x00, 0x00, 0x00, 0x00, 0x00, 0x00, 0x00, 0x00, 0x00
    .byte 0x00, 0x00, 0x00, 0x00, 0x00, 0x00, 0x00, 0x00, 0x00, 0x00, 0x00, 0x00, 0x00, 0x00, 0x00, 0x00
    .byte 0x00, 0x00, 0x00, 0x00, 0x00, 0x00, 0x00, 0x00, 0x00, 0x00, 0x00, 0x00, 0x00, 0x00, 0x00, 0x00
    .byte 0x00, 0x00, 0x00, 0x00, 0x00, 0x00, 0x00, 0x00, 0x00, 0x00, 0x00, 0x00, 0x00, 0x00, 0x00, 0x00
    .byte 0x00, 0x00, 0x00, 0x00, 0x00, 0x00, 0x00, 0x00, 0x00, 0x00, 0x00, 0x00, 0x00, 0x00, 0x00, 0x00
    .byte 0x00, 0x00, 0x00, 0x00, 0x00, 0x00, 0x00, 0x00, 0x00, 0x00, 0x00, 0x00, 0x00, 0x00, 0x00, 0x00
    .byte 0x00, 0x00, 0x00, 0x00, 0x00, 0x00, 0x00, 0x00, 0x00, 0x00, 0x00, 0x00, 0x00, 0x00, 0x00, 0x00
    .byte 0x00, 0x00, 0x00, 0x00, 0x00, 0x00, 0x00, 0x00, 0x00, 0x00, 0x00, 0x00, 0x00, 0x00, 0x00, 0x00
    .byte 0x00, 0x00, 0x00, 0x00, 0x00, 0x00, 0x00, 0x00, 0x00, 0x00, 0x00, 0x00, 0x00, 0x00, 0x00, 0x00
    .byte 0x00, 0x00, 0x00, 0x00, 0x00, 0x00, 0x00, 0x00, 0x00, 0x00, 0x00, 0x00, 0x00, 0x00, 0x00, 0x00
    .byte 0x00, 0x00, 0x00, 0x00, 0x00, 0x00, 0x00, 0x00, 0x00, 0x00, 0x00, 0x00, 0x00, 0x00, 0x00, 0x00
    .byte 0x00, 0x00, 0x00, 0x00, 0x00, 0x00, 0x00, 0x00, 0x00, 0x00, 0x00, 0x00, 0x00, 0x00, 0x00, 0x00
    .byte 0x00, 0x00, 0x00, 0x00, 0x00, 0x00, 0x00, 0x00, 0x00, 0x00, 0x00, 0x00, 0x00, 0x00, 0x00, 0x00
    .byte 0x00, 0x00, 0x00, 0x00, 0x00, 0x00, 0x00, 0x00, 0x00, 0x00, 0x00, 0x00, 0x00, 0x00, 0x00, 0x00
    .byte 0x00, 0x00, 0x00, 0x00, 0x00, 0x00, 0x00, 0x00, 0x00, 0x00, 0x00, 0x00, 0x00, 0x00, 0x00, 0x00
    .byte 0x00, 0x00, 0x00, 0x00, 0x00, 0x00, 0x00, 0x00, 0x00, 0x00, 0x00, 0x00, 0x00, 0x00, 0x00, 0x00
    .byte 0x00, 0x00, 0x00, 0x00, 0x00, 0x00, 0x00, 0x00, 0x00, 0x00, 0x00, 0x00, 0x00, 0x00, 0x00, 0x00
    .byte 0x00, 0x00, 0x00, 0x00, 0x00, 0x00, 0x00, 0x00, 0x00, 0x00, 0x00, 0x00, 0x00, 0x00, 0x00, 0x00
    .byte 0x00, 0x00, 0x00, 0x00, 0x00, 0x00, 0x00, 0x00, 0x00, 0x00, 0x00, 0x00, 0x00, 0x00, 0x00, 0x00
    .byte 0x00, 0x00, 0x00, 0x00, 0x00, 0x00, 0x00, 0x00, 0x00, 0x00, 0x00, 0x00, 0x00, 0x00, 0x00, 0x00
    .byte 0x00, 0x00, 0x00, 0x00, 0x00, 0x00, 0x00, 0x00, 0x00, 0x00, 0x00, 0x00, 0x00, 0x00, 0x00, 0x00
    .byte 0x00, 0x00, 0x00, 0x00, 0x00, 0x00, 0x00, 0x00, 0x00, 0x00, 0x00, 0x00, 0x00, 0x00, 0x00, 0x00
    .byte 0x00, 0x00, 0x00, 0x00, 0x00, 0x00, 0x00, 0x00, 0x00, 0x00, 0x00, 0x00, 0x00, 0x00, 0x00, 0x00
    .byte 0x00, 0x00, 0x00, 0x00, 0x00, 0x00, 0x00, 0x00, 0x00, 0x00, 0x00, 0x00, 0x00, 0x00, 0x00, 0x00
    .byte 0x00, 0x00, 0x00, 0x00, 0x00, 0x00, 0x00, 0x00, 0x00, 0x00, 0x00, 0x00, 0x00, 0x00, 0x00, 0x00
    .byte 0x00, 0x00, 0x00, 0x00, 0x00, 0x00, 0x00, 0x00, 0x00, 0x00, 0x00, 0x00, 0x00, 0x00, 0x00, 0x00
    .byte 0x00, 0x00, 0x00, 0x00, 0x00, 0x00, 0x00, 0x00, 0x00, 0x00, 0x00, 0x00, 0x00, 0x00, 0x00, 0x00
    .byte 0x00, 0x00, 0x00, 0x00, 0x00, 0x00, 0x00, 0x00, 0x00, 0x00, 0x00, 0x00, 0x00, 0x00, 0x00, 0x00
    .byte 0x00, 0x00, 0x00, 0x00, 0x00, 0x00, 0x00, 0x00, 0x00, 0x00, 0x00, 0x00, 0x00, 0x00, 0x00, 0x00
    .byte 0x00, 0x00, 0x00, 0x00, 0x00, 0x00, 0x00, 0x00, 0x00, 0x00, 0x00, 0x00, 0x00, 0x00, 0x00, 0x00
    .byte 0x00, 0x00, 0x00, 0x00, 0x00, 0x00, 0x00, 0x00, 0x00, 0x00, 0x00, 0x00, 0x00, 0x00, 0x00, 0x00
    .byte 0x00, 0x00, 0x00, 0x00, 0x00, 0x00, 0x00, 0x00, 0x00, 0x00, 0x00, 0x00, 0x00, 0x00, 0x00, 0x00
    .byte 0x00, 0x00, 0x00, 0x00, 0x00, 0x00, 0x00, 0x00, 0x00, 0x00, 0x00, 0x00, 0x00, 0x00, 0x00, 0x00
    .byte 0x00, 0x00, 0x00, 0x00, 0x00, 0x00, 0x00, 0x00, 0x00, 0x00, 0x00, 0x00, 0x00, 0x00, 0x00, 0x00
    .byte 0x00, 0x00, 0x00, 0x00, 0x00, 0x00, 0x00, 0x00, 0x00, 0x00, 0x00, 0x00, 0x00, 0x00, 0x00, 0x00
    .byte 0x00, 0x00, 0x00, 0x00, 0x00, 0x00, 0x00, 0x00, 0x00, 0x00, 0x00, 0x00, 0x00, 0x00, 0x00, 0x00
    .byte 0x00, 0x00, 0x00, 0x00, 0x00, 0x00, 0x00, 0x00, 0x00, 0x00, 0x00, 0x00, 0x00, 0x00, 0x00, 0x00
    .byte 0x00, 0x00, 0x00, 0x00, 0x00, 0x00, 0x00, 0x00, 0x00, 0x00, 0x00, 0x00, 0x00, 0x00, 0x00, 0x00
    .byte 0x00, 0x00, 0x00, 0x00, 0x00, 0x00, 0x00, 0x00, 0x00, 0x00, 0x00, 0x00, 0x00, 0x00, 0x00, 0x00
    .byte 0x00, 0x00, 0x00, 0x00, 0x00, 0x00, 0x00, 0x00, 0x00, 0x00, 0x00, 0x00, 0x00, 0x00, 0x00, 0x00
    .byte 0x00, 0x00, 0x00, 0x00, 0x00, 0x00, 0x00, 0x00, 0x00, 0x00, 0x00, 0x00, 0x00, 0x00, 0x00, 0x00
    .byte 0x00, 0x00, 0x00, 0x00, 0x00, 0x00, 0x00, 0x00, 0x00, 0x00, 0x00, 0x00, 0x00, 0x00, 0x00, 0x00
    .byte 0x00, 0x00, 0x00, 0x00, 0x00, 0x00, 0x00, 0x00, 0x00, 0x00, 0x00, 0x00, 0x00, 0x00, 0x00, 0x00
    .byte 0x00, 0x00, 0x00, 0x00, 0x00, 0x00, 0x00, 0x00, 0x00, 0x00, 0x00, 0x00, 0x00, 0x00, 0x00, 0x00
    .byte 0x00, 0x00, 0x00, 0x00, 0x00, 0x00, 0x00, 0x00, 0x00, 0x00, 0x00, 0x00, 0x00, 0x00, 0x00, 0x00
    .byte 0x00, 0x00, 0x00, 0x00, 0x00, 0x00, 0x00, 0x00, 0x00, 0x00, 0x00, 0x00, 0x00, 0x00, 0x00, 0x00
    .byte 0x00, 0x00, 0x00, 0x00, 0x00, 0x00, 0x00, 0x00, 0x00, 0x00, 0x00, 0x00, 0x00, 0x00, 0x00, 0x00
    .byte 0x00, 0x00, 0x00, 0x00, 0x00, 0x00, 0x00, 0x00, 0x00, 0x00, 0x00, 0x00, 0x00, 0x00, 0x00, 0x00
    .byte 0x00, 0x00, 0x00, 0x00, 0x00, 0x00, 0x00, 0x00, 0x00, 0x00, 0x00, 0x00, 0x00, 0x00, 0x00, 0x00
    .byte 0x00, 0x00, 0x00, 0x00, 0x00, 0x00, 0x00, 0x00, 0x00, 0x00, 0x00, 0x00, 0x00, 0x00, 0x00, 0x00
    .byte 0x00, 0x00, 0x00, 0x00, 0x00, 0x00, 0x00, 0x00, 0x00, 0x00, 0x00, 0x00, 0x00, 0x00, 0x00, 0x00
    .byte 0x00, 0x00, 0x00, 0x00, 0x00, 0x00, 0x00, 0x00, 0x00, 0x00, 0x00, 0x00, 0x00, 0x00, 0x00, 0x00
    .byte 0x00, 0x00, 0x00, 0x00, 0x00, 0x00, 0x00, 0x00, 0x00, 0x00, 0x00, 0x00, 0x00, 0x00, 0x00, 0x00
    .byte 0x00, 0x00, 0x00, 0x00, 0x00, 0x00, 0x00, 0x00, 0x00, 0x00, 0x00, 0x00, 0x00, 0x00, 0x00, 0x00
    .byte 0x00, 0x00, 0x00, 0x00, 0x00, 0x00, 0x00, 0x00, 0x00, 0x00, 0x00, 0x00, 0x00, 0x00, 0x00, 0x00
    .byte 0x00, 0x00, 0x00, 0x00, 0x00, 0x00, 0x00, 0x00, 0x00, 0x00, 0x00, 0x00, 0x00, 0x00, 0x00, 0x00
    .byte 0x00, 0x00, 0x00, 0x00, 0x00, 0x00, 0x00, 0x00, 0x00, 0x00, 0x00, 0x00, 0x00, 0x00, 0x00, 0x00
    .byte 0x00, 0x00, 0x00, 0x00, 0x00, 0x00, 0x00, 0x00, 0x00, 0x00, 0x00, 0x00, 0x00, 0x00, 0x00, 0x00
    .byte 0x00, 0x00, 0x00, 0x00, 0x00, 0x00, 0x00, 0x00, 0x00, 0x00, 0x00, 0x00, 0x00, 0x00, 0x00, 0x00
    .byte 0x00, 0x00, 0x00, 0x00, 0x00, 0x00, 0x00, 0x00, 0x00, 0x00, 0x00, 0x00, 0x00, 0x00, 0x00, 0x00
    .byte 0x00, 0x00, 0x00, 0x00, 0x00, 0x00, 0x00, 0x00, 0x00, 0x00, 0x00, 0x00, 0x00, 0x00, 0x00, 0x00
    .byte 0x00, 0x00, 0x00, 0x00, 0x00, 0x00, 0x00, 0x00, 0x00, 0x00, 0x00, 0x00, 0x00, 0x00, 0x00, 0x00
    .byte 0x00, 0x00, 0x00, 0x00, 0x00, 0x00, 0x00, 0x00, 0x00, 0x00, 0x00, 0x00, 0x00, 0x00, 0x00, 0x00
    .byte 0x00, 0x00, 0x00, 0x00, 0x00, 0x00, 0x00, 0x00, 0x00, 0x00, 0x00, 0x00, 0x00, 0x00, 0x00, 0x00
    .byte 0x00, 0x00, 0x00, 0x00, 0x00, 0x00, 0x00, 0x00, 0x00, 0x00, 0x00, 0x00, 0x00, 0x00, 0x00, 0x00
    .byte 0x00, 0x00, 0x00, 0x00, 0x00, 0x00, 0x00, 0x00, 0x00, 0x00, 0x00, 0x00, 0x00, 0x00, 0x00, 0x00
    .byte 0x00, 0x00, 0x00, 0x00, 0x00, 0x00, 0x00, 0x00, 0x00, 0x00, 0x00, 0x00, 0x00, 0x00, 0x00, 0x00
    .byte 0x00, 0x00, 0x00, 0x00, 0x00, 0x00, 0x00, 0x00, 0x00, 0x00, 0x00, 0x00, 0x00, 0x00, 0x00, 0x00
    .byte 0x00, 0x00, 0x00, 0x00, 0x00, 0x00, 0x00, 0x00, 0x00, 0x00, 0x00, 0x00, 0x00, 0x00, 0x00, 0x00
    .byte 0x00, 0x00, 0x00, 0x00, 0x00, 0x00, 0x00, 0x00, 0x00, 0x00, 0x00, 0x00, 0x00, 0x00, 0x00, 0x00
    .byte 0x00, 0x00, 0x00, 0x00, 0x00, 0x00, 0x00, 0x00, 0x00, 0x00, 0x00, 0x00, 0x00, 0x00, 0x00, 0x00
    .byte 0x00, 0x00, 0x00, 0x00, 0x00, 0x00, 0x00, 0x00, 0x00, 0x00, 0x00, 0x00, 0x00, 0x00, 0x00, 0x00
    .byte 0x00, 0x00, 0x00, 0x00, 0x00, 0x00, 0x00, 0x00, 0x00, 0x00, 0x00, 0x00, 0x00, 0x00, 0x00, 0x00
    .byte 0x00, 0x00, 0x00, 0x00, 0x00, 0x00, 0x00, 0x00, 0x00, 0x00, 0x00, 0x00, 0x00, 0x00, 0x00, 0x00
    .byte 0x00, 0x00, 0x00, 0x00, 0x00, 0x00, 0x00, 0x00, 0x00, 0x00, 0x00, 0x00, 0x00, 0x00, 0x00, 0x00
    .byte 0x00, 0x00, 0x00, 0x00, 0x00, 0x00, 0x00, 0x00, 0x00, 0x00, 0x00, 0x00, 0x00, 0x00, 0x00, 0x00
    .byte 0x00, 0x00, 0x00, 0x00, 0x00, 0x00, 0x00, 0x00, 0x00, 0x00, 0x00, 0x00, 0x00, 0x00, 0x00, 0x00
    .byte 0x00, 0x00, 0x00, 0x00, 0x00, 0x00, 0x00, 0x00, 0x00, 0x00, 0x00, 0x00, 0x00, 0x00, 0x00, 0x00
    .byte 0x00, 0x00, 0x00, 0x00, 0x00, 0x00, 0x00, 0x00, 0x00, 0x00, 0x00, 0x00, 0x00, 0x00, 0x00, 0x00
    .byte 0x00, 0x00, 0x00, 0x00, 0x00, 0x00, 0x00, 0x00, 0x00, 0x00, 0x00, 0x00, 0x00, 0x00, 0x00, 0x00
    .byte 0x00, 0x00, 0x00, 0x00, 0x00, 0x00, 0x00, 0x00, 0x00, 0x00, 0x00, 0x00, 0x00, 0x00, 0x00, 0x00
    .byte 0x00, 0x00, 0x00, 0x00, 0x00, 0x00, 0x00, 0x00, 0x00, 0x00, 0x00, 0x00, 0x00, 0x00, 0x00, 0x00
    .byte 0x00, 0x00, 0x00, 0x00, 0x00, 0x00, 0x00, 0x00, 0x00, 0x00, 0x00, 0x00, 0x00, 0x00, 0x00, 0x00
    .byte 0x00, 0x00, 0x00, 0x00, 0x00, 0x00, 0x00, 0x00, 0x00, 0x00, 0x00, 0x00, 0x00, 0x00, 0x00, 0x00
    .byte 0x00, 0x00, 0x00, 0x00, 0x00, 0x00, 0x00, 0x00, 0x00, 0x00, 0x00, 0x00, 0x00, 0x00, 0x00, 0x00
    .byte 0x00, 0x00, 0x00, 0x00, 0x00, 0x00, 0x00, 0x00, 0x00, 0x00, 0x00, 0x00, 0x00, 0x00, 0x00, 0x00
    .byte 0x00, 0x00, 0x00, 0x00, 0x00, 0x00, 0x00, 0x00, 0x00, 0x00, 0x00, 0x00, 0x00, 0x00, 0x00, 0x00
    .byte 0x00, 0x00, 0x00, 0x00, 0x00, 0x00, 0x00, 0x00, 0x00, 0x00, 0x00, 0x00, 0x00, 0x00, 0x00, 0x00
    .byte 0x00, 0x00, 0x00, 0x00, 0x00, 0x00, 0x00, 0x00, 0x00, 0x00, 0x00, 0x00, 0x00, 0x00, 0x00, 0x00
    .byte 0x00, 0x00, 0x00, 0x00, 0x00, 0x00, 0x00, 0x00, 0x00, 0x00, 0x00, 0x00, 0x00, 0x00, 0x00, 0x00
    .byte 0x00, 0x00, 0x00, 0x00, 0x00, 0x00, 0x00, 0x00, 0x00, 0x00, 0x00, 0x00, 0x00, 0x00, 0x00, 0x00
    .byte 0x00, 0x00, 0x00, 0x00, 0x00, 0x00, 0x00, 0x00, 0x00, 0x00, 0x00, 0x00, 0x00, 0x00, 0x00, 0x00
    .byte 0x00, 0x00, 0x00, 0x00, 0x00, 0x00, 0x00, 0x00, 0x00, 0x00, 0x00, 0x00, 0x00, 0x00, 0x00, 0x00
    .byte 0x00, 0x00, 0x00, 0x00, 0x00, 0x00, 0x00, 0x00, 0x00, 0x00, 0x00, 0x00, 0x00, 0x00, 0x00, 0x00
    .byte 0x00, 0x00, 0x00, 0x00, 0x00, 0x00, 0x00, 0x00, 0x00, 0x00, 0x00, 0x00, 0x00, 0x00, 0x00, 0x00
    .byte 0x00, 0x00, 0x00, 0x00, 0x00, 0x00, 0x00, 0x00, 0x00, 0x00, 0x00, 0x00, 0x00, 0x00, 0x00, 0x00
    .byte 0x00, 0x00, 0x00, 0x00, 0x00, 0x00, 0x00, 0x00, 0x00, 0x00, 0x00, 0x00, 0x00, 0x00, 0x00, 0x00
    .byte 0x00, 0x00, 0x00, 0x00, 0x00, 0x00, 0x00, 0x00, 0x00, 0x00, 0x00, 0x00, 0x00, 0x00, 0x00, 0x00
    .byte 0x00, 0x00, 0x00, 0x00, 0x00, 0x00, 0x00, 0x00, 0x00, 0x00, 0x00, 0x00, 0x00, 0x00, 0x00, 0x00
    .byte 0x00, 0x00, 0x00, 0x00, 0x00, 0x00, 0x00, 0x00, 0x00, 0x00, 0x00, 0x00, 0x00, 0x00, 0x00, 0x00
    .byte 0x00, 0x00, 0x00, 0x00, 0x00, 0x00, 0x00, 0x00, 0x00, 0x00, 0x00, 0x00, 0x00, 0x00, 0x00, 0x00
    .byte 0x00, 0x00, 0x00, 0x00, 0x00, 0x00, 0x00, 0x00, 0x00, 0x00, 0x00, 0x00, 0x00, 0x00, 0x00, 0x00
    .byte 0x00, 0x00, 0x00, 0x00, 0x00, 0x00, 0x00, 0x00, 0x00, 0x00, 0x00, 0x00, 0x00, 0x00, 0x00, 0x00
    .byte 0x00, 0x00, 0x00, 0x00, 0x00, 0x00, 0x00, 0x00, 0x00, 0x00, 0x00, 0x00, 0x00, 0x00, 0x00, 0x00
    .byte 0x00, 0x00, 0x00, 0x00, 0x00, 0x00, 0x00, 0x00, 0x00, 0x00, 0x00, 0x00, 0x00, 0x00, 0x00, 0x00
    .byte 0x00, 0x00, 0x00, 0x00, 0x00, 0x00, 0x00, 0x00, 0x00, 0x00, 0x00, 0x00, 0x00, 0x00, 0x00, 0x00
    .byte 0x00, 0x00, 0x00, 0x00, 0x00, 0x00, 0x00, 0x00, 0x00, 0x00, 0x00, 0x00, 0x00, 0x00, 0x00, 0x00
    .byte 0x00, 0x00, 0x00, 0x00, 0x00, 0x00, 0x00, 0x00, 0x00, 0x00, 0x00, 0x00, 0x00, 0x00, 0x00, 0x00
    .byte 0x00, 0x00, 0x00, 0x00, 0x00, 0x00, 0x00, 0x00, 0x00, 0x00, 0x00, 0x00, 0x00, 0x00, 0x00, 0x00
    .byte 0x00, 0x00, 0x00, 0x00, 0x00, 0x00, 0x00, 0x00, 0x00, 0x00, 0x00, 0x00, 0x00, 0x00, 0x00, 0x00
    .byte 0x00, 0x00, 0x00, 0x00, 0x00, 0x00, 0x00, 0x00, 0x00, 0x00, 0x00, 0x00, 0x00, 0x00, 0x00, 0x00
    .byte 0x00, 0x00, 0x00, 0x00, 0x00, 0x00, 0x00, 0x00, 0x00, 0x00, 0x00, 0x00, 0x00, 0x00, 0x00, 0x00
    .byte 0x00, 0x00, 0x00, 0x00, 0x00, 0x00, 0x00, 0x00, 0x00, 0x00, 0x00, 0x00, 0x00, 0x00, 0x00, 0x00
    .byte 0x00, 0x00, 0x00, 0x00, 0x00, 0x00, 0x00, 0x00, 0x00, 0x00, 0x00, 0x00, 0x00, 0x00, 0x00, 0x00
    .byte 0x00, 0x00, 0x00, 0x00, 0x00, 0x00, 0x00, 0x00, 0x00, 0x00, 0x00, 0x00, 0x00, 0x00, 0x00, 0x00
    .byte 0x00, 0x00, 0x00, 0x00, 0x00, 0x00, 0x00, 0x00, 0x00, 0x00, 0x00, 0x00, 0x00, 0x00, 0x00, 0x00
    .byte 0x00, 0x00, 0x00, 0x00, 0x00, 0x00, 0x00, 0x00, 0x00, 0x00, 0x00, 0x00, 0x00, 0x00, 0x00, 0x00
    .byte 0x00, 0x00, 0x00, 0x00, 0x00, 0x00, 0x00, 0x00, 0x00, 0x00, 0x00, 0x00, 0x00, 0x00, 0x00, 0x00
    .byte 0x00, 0x00, 0x00, 0x00, 0x00, 0x00, 0x00, 0x00, 0x00, 0x00, 0x00, 0x00, 0x00, 0x00, 0x00, 0x00
    .byte 0x00, 0x00, 0x00, 0x00, 0x00, 0x00, 0x00, 0x00, 0x00, 0x00, 0x00, 0x00, 0x00, 0x00, 0x00, 0x00
    .byte 0x00, 0x00, 0x00, 0x00, 0x00, 0x00, 0x00, 0x00, 0x00, 0x00, 0x00, 0x00, 0x00, 0x00, 0x00, 0x00
    .byte 0x00, 0x00, 0x00, 0x00, 0x00, 0x00, 0x00, 0x00, 0x00, 0x00, 0x00, 0x00, 0x00, 0x00, 0x00, 0x00
    .byte 0x00, 0x00, 0x00, 0x00, 0x00, 0x00, 0x00, 0x00, 0x00, 0x00, 0x00, 0x00, 0x00, 0x00, 0x00, 0x00
    .byte 0x00, 0x00, 0x00, 0x00, 0x00, 0x00, 0x00, 0x00, 0x00, 0x00, 0x00, 0x00, 0x00, 0x00, 0x00, 0x00
    .byte 0x00, 0x00, 0x00, 0x00, 0x00, 0x00, 0x00, 0x00, 0x00, 0x00, 0x00, 0x00, 0x00, 0x00, 0x00, 0x00
    .byte 0x00, 0x00, 0x00, 0x00, 0x00, 0x00, 0x00, 0x00, 0x00, 0x00, 0x00, 0x00, 0x00, 0x00, 0x00, 0x00
    .byte 0x00, 0x00, 0x00, 0x00, 0x00, 0x00, 0x00, 0x00, 0x00, 0x00, 0x00, 0x00, 0x00, 0x00, 0x00, 0x00
    .byte 0x00, 0x00, 0x00, 0x00, 0x00, 0x00, 0x00, 0x00, 0x00, 0x00, 0x00, 0x00, 0x00, 0x00, 0x00, 0x00
    .byte 0x00, 0x00, 0x00, 0x00, 0x00, 0x00, 0x00, 0x00, 0x00, 0x00, 0x00, 0x00, 0x00, 0x00, 0x00, 0x00
    .byte 0x00, 0x00, 0x00, 0x00, 0x00, 0x00, 0x00, 0x00, 0x00, 0x00, 0x00, 0x00, 0x00, 0x00, 0x00, 0x00
    .byte 0x00, 0x00, 0x00, 0x00, 0x00, 0x00, 0x00, 0x00, 0x00, 0x00, 0x00, 0x00, 0x00, 0x00, 0x00, 0x00
    .byte 0x00, 0x00, 0x00, 0x00, 0x00, 0x00, 0x00, 0x00, 0x00, 0x00, 0x00, 0x00, 0x00, 0x00, 0x00, 0x00
    .byte 0x00, 0x00, 0x00, 0x00, 0x00, 0x00, 0x00, 0x00, 0x00, 0x00, 0x00, 0x00, 0x00, 0x00, 0x00, 0x00
    .byte 0x00, 0x00, 0x00, 0x00, 0x00, 0x00, 0x00, 0x00, 0x00, 0x00, 0x00, 0x00, 0x00, 0x00, 0x00, 0x00
    .byte 0x00, 0x00, 0x00, 0x00, 0x00, 0x00, 0x00, 0x00, 0x00, 0x00, 0x00, 0x00, 0x00, 0x00, 0x00, 0x00
    .byte 0x00, 0x00, 0x00, 0x00, 0x00, 0x00, 0x00, 0x00, 0x00, 0x00, 0x00, 0x00, 0x00, 0x00, 0x00, 0x00
    .byte 0x00, 0x00, 0x00, 0x00, 0x00, 0x00, 0x00, 0x00, 0x00, 0x00, 0x00, 0x00, 0x00, 0x00, 0x00, 0x00
    .byte 0x00, 0x00, 0x00, 0x00, 0x00, 0x00, 0x00, 0x00, 0x00, 0x00, 0x00, 0x00, 0x00, 0x00, 0x00, 0x00
    .byte 0x00, 0x00, 0x00, 0x00, 0x00, 0x00, 0x00, 0x00, 0x00, 0x00, 0x00, 0x00, 0x00, 0x00, 0x00, 0x00
    .byte 0x00, 0x00, 0x00, 0x00, 0x00, 0x00, 0x00, 0x00, 0x00, 0x00, 0x00, 0x00, 0x00, 0x00, 0x00, 0x00
    .byte 0x00, 0x00, 0x00, 0x00, 0x00, 0x00, 0x00, 0x00, 0x00, 0x00, 0x00, 0x00, 0x00, 0x00, 0x00, 0x00
    .byte 0x00, 0x00, 0x00, 0x00, 0x00, 0x00, 0x00, 0x00, 0x00, 0x00, 0x00, 0x00, 0x00, 0x00, 0x00, 0x00
    .byte 0x00, 0x00, 0x00, 0x00, 0x00, 0x00, 0x00, 0x00, 0x00, 0x00, 0x00, 0x00, 0x00, 0x00, 0x00, 0x00
    .byte 0x00, 0x00, 0x00, 0x00, 0x00, 0x00, 0x00, 0x00, 0x00, 0x00, 0x00, 0x00, 0x00, 0x00, 0x00, 0x00
    .byte 0x00, 0x00, 0x00, 0x00, 0x00, 0x00, 0x00, 0x00, 0x00, 0x00, 0x00, 0x00, 0x00, 0x00, 0x00, 0x00
    .byte 0x00, 0x00, 0x00, 0x00, 0x00, 0x00, 0x00, 0x00, 0x00, 0x00, 0x00, 0x00, 0x00, 0x00, 0x00, 0x00
    .byte 0x00, 0x00, 0x00, 0x00, 0x00, 0x00, 0x00, 0x00, 0x00, 0x00, 0x00, 0x00, 0x00, 0x00, 0x00, 0x00
    .byte 0x00, 0x00, 0x00, 0x00, 0x00, 0x00, 0x00, 0x00, 0x00, 0x00, 0x00, 0x00, 0x00, 0x00, 0x00, 0x00
    .byte 0x00, 0x00, 0x00, 0x00, 0x00, 0x00, 0x00, 0x00, 0x00, 0x00, 0x00, 0x00, 0x00, 0x00, 0x00, 0x00
    .byte 0x00, 0x00, 0x00, 0x00, 0x00, 0x00, 0x00, 0x00, 0x00, 0x00, 0x00, 0x00, 0x00, 0x00, 0x00, 0x00
    .byte 0x00, 0x00, 0x00, 0x00, 0x00, 0x00, 0x00, 0x00, 0x00, 0x00, 0x00, 0x00, 0x00, 0x00, 0x00, 0x00
    .byte 0x00, 0x00, 0x00, 0x00, 0x00, 0x00, 0x00, 0x00, 0x00, 0x00, 0x00, 0x00, 0x00, 0x00, 0x00, 0x00
    .byte 0x00, 0x00, 0x00, 0x00, 0x00, 0x00, 0x00, 0x00, 0x00, 0x00, 0x00, 0x00, 0x00, 0x00, 0x00, 0x00
    .byte 0x00, 0x00, 0x00, 0x00, 0x00, 0x00, 0x00, 0x00, 0x00, 0x00, 0x00, 0x00, 0x00, 0x00, 0x00, 0x00
    .byte 0x00, 0x00, 0x00, 0x00, 0x00, 0x00, 0x00, 0x00, 0x00, 0x00, 0x00, 0x00, 0x00, 0x00, 0x00, 0x00
    .byte 0x00, 0x00, 0x00, 0x00, 0x00, 0x00, 0x00, 0x00, 0x00, 0x00, 0x00, 0x00, 0x00, 0x00, 0x00, 0x00
    .byte 0x00, 0x00, 0x00, 0x00, 0x00, 0x00, 0x00, 0x00, 0x00, 0x00, 0x00, 0x00, 0x00, 0x00, 0x00, 0x00
    .byte 0x00, 0x00, 0x00, 0x00, 0x00, 0x00, 0x00, 0x00, 0x00, 0x00, 0x00, 0x00, 0x00, 0x00, 0x00, 0x00
    .byte 0x00, 0x00, 0x00, 0x00, 0x00, 0x00, 0x00, 0x00, 0x00, 0x00, 0x00, 0x00, 0x00, 0x00, 0x00, 0x00
    .byte 0x00, 0x00, 0x00, 0x00, 0x00, 0x00, 0x00, 0x00, 0x00, 0x00, 0x00, 0x00, 0x00, 0x00, 0x00, 0x00
    .byte 0x00, 0x00, 0x00, 0x00, 0x00, 0x00, 0x00, 0x00, 0x00, 0x00, 0x00, 0x00, 0x00, 0x00, 0x00, 0x00
    .byte 0x00, 0x00, 0x00, 0x00, 0x00, 0x00, 0x00, 0x00, 0x00, 0x00, 0x00, 0x00, 0x00, 0x00, 0x00, 0x00
    .byte 0x00, 0x00, 0x00, 0x00, 0x00, 0x00, 0x00, 0x00, 0x00, 0x00, 0x00, 0x00, 0x00, 0x00, 0x00, 0x00
    .byte 0x00, 0x00, 0x00, 0x00, 0x00, 0x00, 0x00, 0x00, 0x00, 0x00, 0x00, 0x00, 0x00, 0x00, 0x00, 0x00
    .byte 0x00, 0x00, 0x00, 0x00, 0x00, 0x00, 0x00, 0x00, 0x00, 0x00, 0x00, 0x00, 0x00, 0x00, 0x00, 0x00
    .byte 0x00, 0x00, 0x00, 0x00, 0x00, 0x00, 0x00, 0x00, 0x00, 0x00, 0x00, 0x00, 0x00, 0x00, 0x00, 0x00
    .byte 0x00, 0x00, 0x00, 0x00, 0x00, 0x00, 0x00, 0x00, 0x00, 0x00, 0x00, 0x00, 0x00, 0x00, 0x00, 0x00
    .byte 0x00, 0x00, 0x00, 0x00, 0x00, 0x00, 0x00, 0x00, 0x00, 0x00, 0x00, 0x00, 0x00, 0x00, 0x00, 0x00
    .byte 0x00, 0x00, 0x00, 0x00, 0x00, 0x00, 0x00, 0x00, 0x00, 0x00, 0x00, 0x00, 0x00, 0x00, 0x00, 0x00
    .byte 0x00, 0x00, 0x00, 0x00, 0x00, 0x00, 0x00, 0x00, 0x00, 0x00, 0x00, 0x00, 0x00, 0x00, 0x00, 0x00
    .byte 0x00, 0x00, 0x00, 0x00, 0x00, 0x00, 0x00, 0x00, 0x00, 0x00, 0x00, 0x00, 0x00, 0x00, 0x00, 0x00
    .byte 0x00, 0x00, 0x00, 0x00, 0x00, 0x00, 0x00, 0x00, 0x00, 0x00, 0x00, 0x00, 0x00, 0x00, 0x00, 0x00
    .byte 0x00, 0x00, 0x00, 0x00, 0x00, 0x00, 0x00, 0x00, 0x00, 0x00, 0x00, 0x00, 0x00, 0x00, 0x00, 0x00
    .byte 0x00, 0x00, 0x00, 0x00, 0x00, 0x00, 0x00, 0x00, 0x00, 0x00, 0x00, 0x00, 0x00, 0x00, 0x00, 0x00
    .byte 0x00, 0x00, 0x00, 0x00, 0x00, 0x00, 0x00, 0x00, 0x00, 0x00, 0x00, 0x00, 0x00, 0x00, 0x00, 0x00
    .byte 0x00, 0x00, 0x00, 0x00, 0x00, 0x00, 0x00, 0x00, 0x00, 0x00, 0x00, 0x00, 0x00, 0x00, 0x00, 0x00
    .byte 0x00, 0x00, 0x00, 0x00, 0x00, 0x00, 0x00, 0x00, 0x00, 0x00, 0x00, 0x00, 0x00, 0x00, 0x00, 0x00
    .byte 0x00, 0x00, 0x00, 0x00, 0x00, 0x00, 0x00, 0x00, 0x00, 0x00, 0x00, 0x00, 0x00, 0x00, 0x00, 0x00
    .byte 0x00, 0x00, 0x00, 0x00, 0x00, 0x00, 0x00, 0x00, 0x00, 0x00, 0x00, 0x00, 0x00, 0x00, 0x00, 0x00
    .byte 0x00, 0x00, 0x00, 0x00, 0x00, 0x00, 0x00, 0x00, 0x00, 0x00, 0x00, 0x00, 0x00, 0x00, 0x00, 0x00
    .byte 0x00, 0x00, 0x00, 0x00, 0x00, 0x00, 0x00, 0x00, 0x00, 0x00, 0x00, 0x00, 0x00, 0x00, 0x00, 0x00
    .byte 0x00, 0x00, 0x00, 0x00, 0x00, 0x00, 0x00, 0x00, 0x00, 0x00, 0x00, 0x00, 0x00, 0x00, 0x00, 0x00
    .byte 0x00, 0x00, 0x00, 0x00, 0x00, 0x00, 0x00, 0x00, 0x00, 0x00, 0x00, 0x00, 0x00, 0x00, 0x00, 0x00
    .byte 0x00, 0x00, 0x00, 0x00, 0x00, 0x00, 0x00, 0x00, 0x00, 0x00, 0x00, 0x00, 0x00, 0x00, 0x00, 0x00
    .byte 0x00, 0x00, 0x00, 0x00, 0x00, 0x00, 0x00, 0x00, 0x00, 0x00, 0x00, 0x00, 0x00, 0x00, 0x00, 0x00
    .byte 0x00, 0x00, 0x00, 0x00, 0x00, 0x00, 0x00, 0x00, 0x00, 0x00, 0x00, 0x00, 0x00, 0x00, 0x00, 0x00
    .byte 0x00, 0x00, 0x00, 0x00, 0x00, 0x00, 0x00, 0x00, 0x00, 0x00, 0x00, 0x00, 0x00, 0x00, 0x00, 0x00
    .byte 0x00, 0x00, 0x00, 0x00, 0x00, 0x00, 0x00, 0x00, 0x00, 0x00, 0x00, 0x00, 0x00, 0x00, 0x00, 0x00
    .byte 0x00, 0x00, 0x00, 0x00, 0x00, 0x00, 0x00, 0x00, 0x00, 0x00, 0x00, 0x00, 0x00, 0x00, 0x00, 0x00
    .byte 0x00, 0x00, 0x00, 0x00, 0x00, 0x00, 0x00, 0x00, 0x00, 0x00, 0x00, 0x00, 0x00, 0x00, 0x00, 0x00
    .byte 0x00, 0x00, 0x00, 0x00, 0x00, 0x00, 0x00, 0x00, 0x00, 0x00, 0x00, 0x00, 0x00, 0x00, 0x00, 0x00
    .byte 0x00, 0x00, 0x00, 0x00, 0x00, 0x00, 0x00, 0x00, 0x00, 0x00, 0x00, 0x00, 0x00, 0x00, 0x00, 0x00
    .byte 0x00, 0x00, 0x00, 0x00, 0x00, 0x00, 0x00, 0x00, 0x00, 0x00, 0x00, 0x00, 0x00, 0x00, 0x00, 0x00
    .byte 0x00, 0x00, 0x00, 0x00, 0x00, 0x00, 0x00, 0x00, 0x00, 0x00, 0x00, 0x00, 0x00, 0x00, 0x00, 0x00
    .byte 0x00, 0x00, 0x00, 0x00, 0x00, 0x00, 0x00, 0x00, 0x00, 0x00, 0x00, 0x00, 0x00, 0x00, 0x00, 0x00
    .byte 0x00, 0x00, 0x00, 0x00, 0x00, 0x00, 0x00, 0x00, 0x00, 0x00, 0x00, 0x00, 0x00, 0x00, 0x00, 0x00
    .byte 0x00, 0x00, 0x00, 0x00, 0x00, 0x00, 0x00, 0x00, 0x00, 0x00, 0x00, 0x00, 0x00, 0x00, 0x00, 0x00
    .byte 0x00, 0x00, 0x00, 0x00, 0x00, 0x00, 0x00, 0x00, 0x00, 0x00, 0x00, 0x00, 0x00, 0x00, 0x00, 0x00
    .byte 0x00, 0x00, 0x00, 0x00, 0x00, 0x00, 0x00, 0x00, 0x00, 0x00, 0x00, 0x00, 0x00, 0x00, 0x00, 0x00
    .byte 0x00, 0x00, 0x00, 0x00, 0x00, 0x00, 0x00, 0x00, 0x00, 0x00, 0x00, 0x00, 0x00, 0x00, 0x00, 0x00
    .byte 0x00, 0x00, 0x00, 0x00, 0x00, 0x00, 0x00, 0x00, 0x00, 0x00, 0x00, 0x00, 0x00, 0x00, 0x00, 0x00
    .byte 0x00, 0x00, 0x00, 0x00, 0x00, 0x00, 0x00, 0x00, 0x00, 0x00, 0x00, 0x00, 0x00, 0x00, 0x00, 0x00
    .byte 0x00, 0x00, 0x00, 0x00, 0x00, 0x00, 0x00, 0x00, 0x00, 0x00, 0x00, 0x00, 0x00, 0x00, 0x00, 0x00
    .byte 0x00, 0x00, 0x00, 0x00, 0x00, 0x00, 0x00, 0x00, 0x00, 0x00, 0x00, 0x00, 0x00, 0x00, 0x00, 0x00
    .byte 0x00, 0x00, 0x00, 0x00, 0x00, 0x00, 0x00, 0x00, 0x00, 0x00, 0x00, 0x00, 0x00, 0x00, 0x00, 0x00
    .byte 0x00, 0x00, 0x00, 0x00, 0x00, 0x00, 0x00, 0x00, 0x00, 0x00, 0x00, 0x00, 0x00, 0x00, 0x00, 0x00
    .byte 0x00, 0x00, 0x00, 0x00, 0x00, 0x00, 0x00, 0x00, 0x00, 0x00, 0x00, 0x00, 0x00, 0x00, 0x00, 0x00
    .byte 0x00, 0x00, 0x00, 0x00, 0x00, 0x00, 0x00, 0x00, 0x00, 0x00, 0x00, 0x00, 0x00, 0x00, 0x00, 0x00
    .byte 0x00, 0x00, 0x00, 0x00, 0x00, 0x00, 0x00, 0x00, 0x00, 0x00, 0x00, 0x00, 0x00, 0x00, 0x00, 0x00
    .byte 0x00, 0x00, 0x00, 0x00, 0x00, 0x00, 0x00, 0x00, 0x00, 0x00, 0x00, 0x00, 0x00, 0x00, 0x00, 0x00
    .byte 0x00, 0x00, 0x00, 0x00, 0x00, 0x00, 0x00, 0x00, 0x00, 0x00, 0x00, 0x00, 0x00, 0x00, 0x00, 0x00
    .byte 0x00, 0x00, 0x00, 0x00, 0x00, 0x00, 0x00, 0x00, 0x00, 0x00, 0x00, 0x00, 0x00, 0x00, 0x00, 0x00
    .byte 0x00, 0x00, 0x00, 0x00, 0x00, 0x00, 0x00, 0x00, 0x00, 0x00, 0x00, 0x00, 0x00, 0x00, 0x00, 0x00
    .byte 0x00, 0x00, 0x00, 0x00, 0x00, 0x00, 0x00, 0x00, 0x00, 0x00, 0x00, 0x00, 0x00, 0x00, 0x00, 0x00
    .byte 0x00, 0x00, 0x00, 0x00, 0x00, 0x00, 0x00, 0x00, 0x00, 0x00, 0x00, 0x00, 0x00, 0x00, 0x00, 0x00
    .byte 0x00, 0x00, 0x00, 0x00, 0x00, 0x00, 0x00, 0x00, 0x00, 0x00, 0x00, 0x00, 0x00, 0x00, 0x00, 0x00
    .byte 0x00, 0x00, 0x00, 0x00, 0x00, 0x00, 0x00, 0x00, 0x00, 0x00, 0x00, 0x00, 0x00, 0x00, 0x00, 0x00
    .byte 0x00, 0x00, 0x00, 0x00, 0x00, 0x00, 0x00, 0x00, 0x00, 0x00, 0x00, 0x00, 0x00, 0x00, 0x00, 0x00
    .byte 0x00, 0x00, 0x00, 0x00, 0x00, 0x00, 0x00, 0x00, 0x00, 0x00, 0x00, 0x00, 0x00, 0x00, 0x00, 0x00
    .byte 0x00, 0x00, 0x00, 0x00, 0x00, 0x00, 0x00, 0x00, 0x00, 0x00, 0x00, 0x00, 0x00, 0x00, 0x00, 0x00
    .byte 0x00, 0x00, 0x00, 0x00, 0x00, 0x00, 0x00, 0x00, 0x00, 0x00, 0x00, 0x00, 0x00, 0x00, 0x00, 0x00
    .byte 0x00, 0x00, 0x00, 0x00, 0x00, 0x00, 0x00, 0x00, 0x00, 0x00, 0x00, 0x00, 0x00, 0x00, 0x00, 0x00
    .byte 0x00, 0x00, 0x00, 0x00, 0x00, 0x00, 0x00, 0x00, 0x00, 0x00, 0x00, 0x00, 0x00, 0x00, 0x00, 0x00
    .byte 0x00, 0x00, 0x00, 0x00, 0x00, 0x00, 0x00, 0x00, 0x00, 0x00, 0x00, 0x00, 0x00, 0x00, 0x00, 0x00
    .byte 0x00, 0x00, 0x00, 0x00, 0x00, 0x00, 0x00, 0x00, 0x00, 0x00, 0x00, 0x00, 0x00, 0x00, 0x00, 0x00
    .byte 0x00, 0x00, 0x00, 0x00, 0x00, 0x00, 0x00, 0x00, 0x00, 0x00, 0x00, 0x00, 0x00, 0x00, 0x00, 0x00
    .byte 0x00, 0x00, 0x00, 0x00, 0x00, 0x00, 0x00, 0x00, 0x00, 0x00, 0x00, 0x00, 0x00, 0x00, 0x00, 0x00
    .byte 0x00, 0x00, 0x00, 0x00, 0x00, 0x00, 0x00, 0x00, 0x00, 0x00, 0x00, 0x00, 0x00, 0x00, 0x00, 0x00
    .byte 0x00, 0x00, 0x00, 0x00, 0x00, 0x00, 0x00, 0x00, 0x00, 0x00, 0x00, 0x00, 0x00, 0x00, 0x00, 0x00
    .byte 0x00, 0x00, 0x00, 0x00, 0x00, 0x00, 0x00, 0x00, 0x00, 0x00, 0x00, 0x00, 0x00, 0x00, 0x00, 0x00
    .byte 0x00, 0x00, 0x00, 0x00, 0x00, 0x00, 0x00, 0x00, 0x00, 0x00, 0x00, 0x00, 0x00, 0x00, 0x00, 0x00
    .byte 0x00, 0x00, 0x00, 0x00, 0x00, 0x00, 0x00, 0x00, 0x00, 0x00, 0x00, 0x00, 0x00, 0x00, 0x00, 0x00
    .byte 0x00, 0x00, 0x00, 0x00, 0x00, 0x00, 0x00, 0x00, 0x00, 0x00, 0x00, 0x00, 0x00, 0x00, 0x00, 0x00
    .byte 0x00, 0x00, 0x00, 0x00, 0x00, 0x00, 0x00, 0x00, 0x00, 0x00, 0x00, 0x00, 0x00, 0x00, 0x00, 0x00
    .byte 0x00, 0x00, 0x00, 0x00, 0x00, 0x00, 0x00, 0x00, 0x00, 0x00, 0x00, 0x00, 0x00, 0x00, 0x00, 0x00
    .byte 0x00, 0x00, 0x00, 0x00, 0x00, 0x00, 0x00, 0x00, 0x00, 0x00, 0x00, 0x00, 0x00, 0x00, 0x00, 0x00
    .byte 0x00, 0x00, 0x00, 0x00, 0x00, 0x00, 0x00, 0x00, 0x00, 0x00, 0x00, 0x00, 0x00, 0x00, 0x00, 0x00
    .byte 0x00, 0x00, 0x00, 0x00, 0x00, 0x00, 0x00, 0x00, 0x00, 0x00, 0x00, 0x00, 0x00, 0x00, 0x00, 0x00
    .byte 0x00, 0x00, 0x00, 0x00, 0x00, 0x00, 0x00, 0x00, 0x00, 0x00, 0x00, 0x00, 0x00, 0x00, 0x00, 0x00
    .byte 0x00, 0x00, 0x00, 0x00, 0x00, 0x00, 0x00, 0x00, 0x00, 0x00, 0x00, 0x00, 0x00, 0x00, 0x00, 0x00
    .byte 0x00, 0x00, 0x00, 0x00, 0x00, 0x00, 0x00, 0x00, 0x00, 0x00, 0x00, 0x00, 0x00, 0x00, 0x00, 0x00
    .byte 0x00, 0x00, 0x00, 0x00, 0x00, 0x00, 0x00, 0x00, 0x00, 0x00, 0x00, 0x00, 0x00, 0x00, 0x00, 0x00
    .byte 0x00, 0x00, 0x00, 0x00, 0x00, 0x00, 0x00, 0x00, 0x00, 0x00, 0x00, 0x00, 0x00, 0x00, 0x00, 0x00
    .byte 0x00, 0x00, 0x00, 0x00, 0x00, 0x00, 0x00, 0x00, 0x00, 0x00, 0x00, 0x00, 0x00, 0x00, 0x00, 0x00
    .byte 0x00, 0x00, 0x00, 0x00, 0x00, 0x00, 0x00, 0x00, 0x00, 0x00, 0x00, 0x00, 0x00, 0x00, 0x00, 0x00
    .byte 0x00, 0x00, 0x00, 0x00, 0x00, 0x00, 0x00, 0x00, 0x00, 0x00, 0x00, 0x00, 0x00, 0x00, 0x00, 0x00
    .byte 0x00, 0x00, 0x00, 0x00, 0x00, 0x00, 0x00, 0x00, 0x00, 0x00, 0x00, 0x00, 0x00, 0x00, 0x00, 0x00
    .byte 0x00, 0x00, 0x00, 0x00, 0x00, 0x00, 0x00, 0x00, 0x00, 0x00, 0x00, 0x00, 0x00, 0x00, 0x00, 0x00
    .byte 0x00, 0x00, 0x00, 0x00, 0x00, 0x00, 0x00, 0x00, 0x00, 0x00, 0x00, 0x00, 0x00, 0x00, 0x00, 0x00
    .byte 0x00, 0x00, 0x00, 0x00, 0x00, 0x00, 0x00, 0x00, 0x00, 0x00, 0x00, 0x00, 0x00, 0x00, 0x00, 0x00
    .byte 0x00, 0x00, 0x00, 0x00, 0x00, 0x00, 0x00, 0x00, 0x00, 0x00, 0x00, 0x00, 0x00, 0x00, 0x00, 0x00
    .byte 0x00, 0x00, 0x00, 0x00, 0x00, 0x00, 0x00, 0x00, 0x00, 0x00, 0x00, 0x00, 0x00, 0x00, 0x00, 0x00
    .byte 0x00, 0x00, 0x00, 0x00, 0x00, 0x00, 0x00, 0x00, 0x00, 0x00, 0x00, 0x00, 0x00, 0x00, 0x00, 0x00
    .byte 0x00, 0x00, 0x00, 0x00, 0x00, 0x00, 0x00, 0x00, 0x00, 0x00, 0x00, 0x00, 0x00, 0x00, 0x00, 0x00
    .byte 0x00, 0x00, 0x00, 0x00, 0x00, 0x00, 0x00, 0x00, 0x00, 0x00, 0x00, 0x00, 0x00, 0x00, 0x00, 0x00
    .byte 0x00, 0x00, 0x00, 0x00, 0x00, 0x00, 0x00, 0x00, 0x00, 0x00, 0x00, 0x00, 0x00, 0x00, 0x00, 0x00
    .byte 0x00, 0x00, 0x00, 0x00, 0x00, 0x00, 0x00, 0x00, 0x00, 0x00, 0x00, 0x00, 0x00, 0x00, 0x00, 0x00
    .byte 0x00, 0x00, 0x00, 0x00, 0x00, 0x00, 0x00, 0x00, 0x00, 0x00, 0x00, 0x00, 0x00, 0x00, 0x00, 0x00
    .byte 0x00, 0x00, 0x00, 0x00, 0x00, 0x00, 0x00, 0x00, 0x00, 0x00, 0x00, 0x00, 0x00, 0x00, 0x00, 0x00
    .byte 0x00, 0x00, 0x00, 0x00, 0x00, 0x00, 0x00, 0x00, 0x00, 0x00, 0x00, 0x00, 0x00, 0x00, 0x00, 0x00
    .byte 0x00, 0x00, 0x00, 0x00, 0x00, 0x00, 0x00, 0x00, 0x00, 0x00, 0x00, 0x00, 0x00, 0x00, 0x00, 0x00
    .byte 0x00, 0x00, 0x00, 0x00, 0x00, 0x00, 0x00, 0x00, 0x00, 0x00, 0x00, 0x00, 0x00, 0x00, 0x00, 0x00
    .byte 0x00, 0x00, 0x00, 0x00, 0x00, 0x00, 0x00, 0x00, 0x00, 0x00, 0x00, 0x00, 0x00, 0x00, 0x00, 0x00
    .byte 0x00, 0x00, 0x00, 0x00, 0x00, 0x00, 0x00, 0x00, 0x00, 0x00, 0x00, 0x00, 0x00, 0x00, 0x00, 0x00
    .byte 0x00, 0x00, 0x00, 0x00, 0x00, 0x00, 0x00, 0x00, 0x00, 0x00, 0x00, 0x00, 0x00, 0x00, 0x00, 0x00
    .byte 0x00, 0x00, 0x00, 0x00, 0x00, 0x00, 0x00, 0x00, 0x00, 0x00, 0x00, 0x00, 0x00, 0x00, 0x00, 0x00
    .byte 0x00, 0x00, 0x00, 0x00, 0x00, 0x00, 0x00, 0x00, 0x00, 0x00, 0x00, 0x00, 0x00, 0x00, 0x00, 0x00
    .byte 0x00, 0x00, 0x00, 0x00, 0x00, 0x00, 0x00, 0x00, 0x00, 0x00, 0x00, 0x00, 0x00, 0x00, 0x00, 0x00
    .byte 0x00, 0x00, 0x00, 0x00, 0x00, 0x00, 0x00, 0x00, 0x00, 0x00, 0x00, 0x00, 0x00, 0x00, 0x00, 0x00
    .byte 0x00, 0x00, 0x00, 0x00, 0x00, 0x00, 0x00, 0x00, 0x00, 0x00, 0x00, 0x00, 0x00, 0x00, 0x00, 0x00
    .byte 0x00, 0x00, 0x00, 0x00, 0x00, 0x00, 0x00, 0x00, 0x00, 0x00, 0x00, 0x00, 0x00, 0x00, 0x00, 0x00
    .byte 0x00, 0x00, 0x00, 0x00, 0x00, 0x00, 0x00, 0x00, 0x00, 0x00, 0x00, 0x00, 0x00, 0x00, 0x00, 0x00
    .byte 0x00, 0x00, 0x00, 0x00, 0x00, 0x00, 0x00, 0x00, 0x00, 0x00, 0x00, 0x00, 0x00, 0x00, 0x00, 0x00
    .byte 0x00, 0x00, 0x00, 0x00, 0x00, 0x00, 0x00, 0x00, 0x00, 0x00, 0x00, 0x00, 0x00, 0x00, 0x00, 0x00
    .byte 0x00, 0x00, 0x00, 0x00, 0x00, 0x00, 0x00, 0x00, 0x00, 0x00, 0x00, 0x00, 0x00, 0x00, 0x00, 0x00
    .byte 0x00, 0x00, 0x00, 0x00, 0x00, 0x00, 0x00, 0x00, 0x00, 0x00, 0x00, 0x00, 0x00, 0x00, 0x00, 0x00
    .byte 0x00, 0x00, 0x00, 0x00, 0x00, 0x00, 0x00, 0x00, 0x00, 0x00, 0x00, 0x00, 0x00, 0x00, 0x00, 0x00
    .byte 0x00, 0x00, 0x00, 0x00, 0x00, 0x00, 0x00, 0x00, 0x00, 0x00, 0x00, 0x00, 0x00, 0x00, 0x00, 0x00
    .byte 0x00, 0x00, 0x00, 0x00, 0x00, 0x00, 0x00, 0x00, 0x00, 0x00, 0x00, 0x00, 0x00, 0x00, 0x00, 0x00
    .byte 0x00, 0x00, 0x00, 0x00, 0x00, 0x00, 0x00, 0x00, 0x00, 0x00, 0x00, 0x00, 0x00, 0x00, 0x00, 0x00
    .byte 0x00, 0x00, 0x00, 0x00, 0x00, 0x00, 0x00, 0x00, 0x00, 0x00, 0x00, 0x00, 0x00, 0x00, 0x00, 0x00
    .byte 0x00, 0x00, 0x00, 0x00, 0x00, 0x00, 0x00, 0x00, 0x00, 0x00, 0x00, 0x00, 0x00, 0x00, 0x00, 0x00
    .byte 0x00, 0x00, 0x00, 0x00, 0x00, 0x00, 0x00, 0x00, 0x00, 0x00, 0x00, 0x00, 0x00, 0x00, 0x00, 0x00
    .byte 0x00, 0x00, 0x00, 0x00, 0x00, 0x00, 0x00, 0x00, 0x00, 0x00, 0x00, 0x00, 0x00, 0x00, 0x00, 0x00
    .byte 0x00, 0x00, 0x00, 0x00, 0x00, 0x00, 0x00, 0x00, 0x00, 0x00, 0x00, 0x00, 0x00, 0x00, 0x00, 0x00
    .byte 0x00, 0x00, 0x00, 0x00, 0x00, 0x00, 0x00, 0x00, 0x00, 0x00, 0x00, 0x00, 0x00, 0x00, 0x00, 0x00
    .byte 0x00, 0x00, 0x00, 0x00, 0x00, 0x00, 0x00, 0x00, 0x00, 0x00, 0x00, 0x00, 0x00, 0x00, 0x00, 0x00
    .byte 0x00, 0x00, 0x00, 0x00, 0x00, 0x00, 0x00, 0x00, 0x00, 0x00, 0x00, 0x00, 0x00, 0x00, 0x00, 0x00
    .byte 0x00, 0x00, 0x00, 0x00, 0x00, 0x00, 0x00, 0x00, 0x00, 0x00, 0x00, 0x00, 0x00, 0x00, 0x00, 0x00
    .byte 0x00, 0x00, 0x00, 0x00, 0x00, 0x00, 0x00, 0x00, 0x00, 0x00, 0x00, 0x00, 0x00, 0x00, 0x00, 0x00
    .byte 0x00, 0x00, 0x00, 0x00, 0x00, 0x00, 0x00, 0x00, 0x00, 0x00, 0x00, 0x00, 0x00, 0x00, 0x00, 0x00
    .byte 0x00, 0x00, 0x00, 0x00, 0x00, 0x00, 0x00, 0x00, 0x00, 0x00, 0x00, 0x00, 0x00, 0x00, 0x00, 0x00
    .byte 0x00, 0x00, 0x00, 0x00, 0x00, 0x00, 0x00, 0x00, 0x00, 0x00, 0x00, 0x00, 0x00, 0x00, 0x00, 0x00
    .byte 0x00, 0x00, 0x00, 0x00, 0x00, 0x00, 0x00, 0x00, 0x00, 0x00, 0x00, 0x00, 0x00, 0x00, 0x00, 0x00
    .byte 0x00, 0x00, 0x00, 0x00, 0x00, 0x00, 0x00, 0x00, 0x00, 0x00, 0x00, 0x00, 0x00, 0x00, 0x00, 0x00
    .byte 0x00, 0x00, 0x00, 0x00, 0x00, 0x00, 0x00, 0x00, 0x00, 0x00, 0x00, 0x00, 0x00, 0x00, 0x00, 0x00
    .byte 0x00, 0x00, 0x00, 0x00, 0x00, 0x00, 0x00, 0x00, 0x00, 0x00, 0x00, 0x00, 0x00, 0x00, 0x00, 0x00
    .byte 0x00, 0x00, 0x00, 0x00, 0x00, 0x00, 0x00, 0x00, 0x00, 0x00, 0x00, 0x00, 0x00, 0x00, 0x00, 0x00
    .byte 0x00, 0x00, 0x00, 0x00, 0x00, 0x00, 0x00, 0x00, 0x00, 0x00, 0x00, 0x00, 0x00, 0x00, 0x00, 0x00
    .byte 0x00, 0x00, 0x00, 0x00, 0x00, 0x00, 0x00, 0x00, 0x00, 0x00, 0x00, 0x00, 0x00, 0x00, 0x00, 0x00
    .byte 0x00, 0x00, 0x00, 0x00, 0x00, 0x00, 0x00, 0x00, 0x00, 0x00, 0x00, 0x00, 0x00, 0x00, 0x00, 0x00
    .byte 0x00, 0x00, 0x00, 0x00, 0x00, 0x00, 0x00, 0x00, 0x00, 0x00, 0x00, 0x00, 0x00, 0x00, 0x00, 0x00
    .byte 0x00, 0x00, 0x00, 0x00, 0x00, 0x00, 0x00, 0x00, 0x00, 0x00, 0x00, 0x00, 0x00, 0x00, 0x00, 0x00
    .byte 0x00, 0x00, 0x00, 0x00, 0x00, 0x00, 0x00, 0x00, 0x00, 0x00, 0x00, 0x00, 0x00, 0x00, 0x00, 0x00
    .byte 0x00, 0x00, 0x00, 0x00, 0x00, 0x00, 0x00, 0x00, 0x00, 0x00, 0x00, 0x00, 0x00, 0x00, 0x00, 0x00
    .byte 0x00, 0x00, 0x00, 0x00, 0x00, 0x00, 0x00, 0x00, 0x00, 0x00, 0x00, 0x00, 0x00, 0x00, 0x00, 0x00
    .byte 0x00, 0x00, 0x00, 0x00, 0x00, 0x00, 0x00, 0x00, 0x00, 0x00, 0x00, 0x00, 0x00, 0x00, 0x00, 0x00
    .byte 0x00, 0x00, 0x00, 0x00, 0x00, 0x00, 0x00, 0x00, 0x00, 0x00, 0x00, 0x00, 0x00, 0x00, 0x00, 0x00
    .byte 0x00, 0x00, 0x00, 0x00, 0x00, 0x00, 0x00, 0x00, 0x00, 0x00, 0x00, 0x00, 0x00, 0x00, 0x00, 0x00
    .byte 0x00, 0x00, 0x00, 0x00, 0x00, 0x00, 0x00, 0x00, 0x00, 0x00, 0x00, 0x00, 0x00, 0x00, 0x00, 0x00
    .byte 0x00, 0x00, 0x00, 0x00, 0x00, 0x00, 0x00, 0x00, 0x00, 0x00, 0x00, 0x00, 0x00, 0x00, 0x00, 0x00
    .byte 0x00, 0x00, 0x00, 0x00, 0x00, 0x00, 0x00, 0x00, 0x00, 0x00, 0x00, 0x00, 0x00, 0x00, 0x00, 0x00
    .byte 0x00, 0x00, 0x00, 0x00, 0x00, 0x00, 0x00, 0x00, 0x00, 0x00, 0x00, 0x00, 0x00, 0x00, 0x00, 0x00
    .byte 0x00, 0x00, 0x00, 0x00, 0x00, 0x00, 0x00, 0x00, 0x00, 0x00, 0x00, 0x00, 0x00, 0x00, 0x00, 0x00
    .byte 0x00, 0x00, 0x00, 0x00, 0x00, 0x00, 0x00, 0x00, 0x00, 0x00, 0x00, 0x00, 0x00, 0x00, 0x00, 0x00
    .byte 0x00, 0x00, 0x00, 0x00, 0x00, 0x00, 0x00, 0x00, 0x00, 0x00, 0x00, 0x00, 0x00, 0x00, 0x00, 0x00
    .byte 0x00, 0x00, 0x00, 0x00, 0x00, 0x00, 0x00, 0x00, 0x00, 0x00, 0x00, 0x00, 0x00, 0x00, 0x00, 0x00
    .byte 0x00, 0x00, 0x00, 0x00, 0x00, 0x00, 0x00, 0x00, 0x00, 0x00, 0x00, 0x00, 0x00, 0x00, 0x00, 0x00
    .byte 0x00, 0x00, 0x00, 0x00, 0x00, 0x00, 0x00, 0x00, 0x00, 0x00, 0x00, 0x00, 0x00, 0x00, 0x00, 0x00
    .byte 0x00, 0x00, 0x00, 0x00, 0x00, 0x00, 0x00, 0x00, 0x00, 0x00, 0x00, 0x00, 0x00, 0x00, 0x00, 0x00
    .byte 0x00, 0x00, 0x00, 0x00, 0x00, 0x00, 0x00, 0x00, 0x00, 0x00, 0x00, 0x00, 0x00, 0x00, 0x00, 0x00
    .byte 0x00, 0x00, 0x00, 0x00, 0x00, 0x00, 0x00, 0x00, 0x00, 0x00, 0x00, 0x00, 0x00, 0x00, 0x00, 0x00
    .byte 0x00, 0x00, 0x00, 0x00, 0x00, 0x00, 0x00, 0x00, 0x00, 0x00, 0x00, 0x00, 0x00, 0x00, 0x00, 0x00
    .byte 0x00, 0x00, 0x00, 0x00, 0x00, 0x00, 0x00, 0x00, 0x00, 0x00, 0x00, 0x00, 0x00, 0x00, 0x00, 0x00
    .byte 0x00, 0x00, 0x00, 0x00, 0x00, 0x00, 0x00, 0x00, 0x00, 0x00, 0x00, 0x00, 0x00, 0x00, 0x00, 0x00
    .byte 0x00, 0x00, 0x00, 0x00, 0x00, 0x00, 0x00, 0x00, 0x00, 0x00, 0x00, 0x00, 0x00, 0x00, 0x00, 0x00
    .byte 0x00, 0x00, 0x00, 0x00, 0x00, 0x00, 0x00, 0x00, 0x00, 0x00, 0x00, 0x00, 0x00, 0x00, 0x00, 0x00
    .byte 0x00, 0x00, 0x00, 0x00, 0x00, 0x00, 0x00, 0x00, 0x00, 0x00, 0x00, 0x00, 0x00, 0x00, 0x00, 0x00
    .byte 0x00, 0x00, 0x00, 0x00, 0x00, 0x00, 0x00, 0x00, 0x00, 0x00, 0x00, 0x00, 0x00, 0x00, 0x00, 0x00
    .byte 0x00, 0x00, 0x00, 0x00, 0x00, 0x00, 0x00, 0x00, 0x00, 0x00, 0x00, 0x00, 0x00, 0x00, 0x00, 0x00
    .byte 0x00, 0x00, 0x00, 0x00, 0x00, 0x00, 0x00, 0x00, 0x00, 0x00, 0x00, 0x00, 0x00, 0x00, 0x00, 0x00
    .byte 0x00, 0x00, 0x00, 0x00, 0x00, 0x00, 0x00, 0x00, 0x00, 0x00, 0x00, 0x00, 0x00, 0x00, 0x00, 0x00
    .byte 0x00, 0x00, 0x00, 0x00, 0x00, 0x00, 0x00, 0x00, 0x00, 0x00, 0x00, 0x00, 0x00, 0x00, 0x00, 0x00
    .byte 0x00, 0x00, 0x00, 0x00, 0x00, 0x00, 0x00, 0x00, 0x00, 0x00, 0x00, 0x00, 0x00, 0x00, 0x00, 0x00
    .byte 0x00, 0x00, 0x00, 0x00, 0x00, 0x00, 0x00, 0x00, 0x00, 0x00, 0x00, 0x00, 0x00, 0x00, 0x00, 0x00
    .byte 0x00, 0x00, 0x00, 0x00, 0x00, 0x00, 0x00, 0x00, 0x00, 0x00, 0x00, 0x00, 0x00, 0x00, 0x00, 0x00
    .byte 0x00, 0x00, 0x00, 0x00, 0x00, 0x00, 0x00, 0x00, 0x00, 0x00, 0x00, 0x00, 0x00, 0x00, 0x00, 0x00
    .byte 0x00, 0x00, 0x00, 0x00, 0x00, 0x00, 0x00, 0x00, 0x00, 0x00, 0x00, 0x00, 0x00, 0x00, 0x00, 0x00
    .byte 0x00, 0x00, 0x00, 0x00, 0x00, 0x00, 0x00, 0x00, 0x00, 0x00, 0x00, 0x00, 0x00, 0x00, 0x00, 0x00
    .byte 0x00, 0x00, 0x00, 0x00, 0x00, 0x00, 0x00, 0x00, 0x00, 0x00, 0x00, 0x00, 0x00, 0x00, 0x00, 0x00
    .byte 0x00, 0x00, 0x00, 0x00, 0x00, 0x00, 0x00, 0x00, 0x00, 0x00, 0x00, 0x00, 0x00, 0x00, 0x00, 0x00
    .byte 0x00, 0x00, 0x00, 0x00, 0x00, 0x00, 0x00, 0x00, 0x00, 0x00, 0x00, 0x00, 0x00, 0x00, 0x00, 0x00
    .byte 0x00, 0x00, 0x00, 0x00, 0x00, 0x00, 0x00, 0x00, 0x00, 0x00, 0x00, 0x00, 0x00, 0x00, 0x00, 0x00
    .byte 0x00, 0x00, 0x00, 0x00, 0x00, 0x00, 0x00, 0x00, 0x00, 0x00, 0x00, 0x00, 0x00, 0x00, 0x00, 0x00
    .byte 0x00, 0x00, 0x00, 0x00, 0x00, 0x00, 0x00, 0x00, 0x00, 0x00, 0x00, 0x00, 0x00, 0x00, 0x00, 0x00
    .byte 0x00, 0x00, 0x00, 0x00, 0x00, 0x00, 0x00, 0x00, 0x00, 0x00, 0x00, 0x00, 0x00, 0x00, 0x00, 0x00
    .byte 0x00, 0x00, 0x00, 0x00, 0x00, 0x00, 0x00, 0x00, 0x00, 0x00, 0x00, 0x00, 0x00, 0x00, 0x00, 0x00
    .byte 0x00, 0x00, 0x00, 0x00, 0x00, 0x00, 0x00, 0x00, 0x00, 0x00, 0x00, 0x00, 0x00, 0x00, 0x00, 0x00
    .byte 0x00, 0x00, 0x00, 0x00, 0x00, 0x00, 0x00, 0x00, 0x00, 0x00, 0x00, 0x00, 0x00, 0x00, 0x00, 0x00
    .byte 0x00, 0x00, 0x00, 0x00, 0x00, 0x00, 0x00, 0x00, 0x00, 0x00, 0x00, 0x00, 0x00, 0x00, 0x00, 0x00
    .byte 0x00, 0x00, 0x00, 0x00, 0x00, 0x00, 0x00, 0x00, 0x00, 0x00, 0x00, 0x00, 0x00, 0x00, 0x00, 0x00
    .byte 0x00, 0x00, 0x00, 0x00, 0x00, 0x00, 0x00, 0x00, 0x00, 0x00, 0x00, 0x00, 0x00, 0x00, 0x00, 0x00
    .byte 0x00, 0x00, 0x00, 0x00, 0x00, 0x00, 0x00, 0x00, 0x00, 0x00, 0x00, 0x00, 0x00, 0x00, 0x00, 0x00
    .byte 0x00, 0x00, 0x00, 0x00, 0x00, 0x00, 0x00, 0x00, 0x00, 0x00, 0x00, 0x00, 0x00, 0x00, 0x00, 0x00
    .byte 0x00, 0x00, 0x00, 0x00, 0x00, 0x00, 0x00, 0x00, 0x00, 0x00, 0x00, 0x00, 0x00, 0x00, 0x00, 0x00
    .byte 0x00, 0x00, 0x00, 0x00, 0x00, 0x00, 0x00, 0x00, 0x00, 0x00, 0x00, 0x00, 0x00, 0x00, 0x00, 0x00
    .byte 0x00, 0x00, 0x00, 0x00, 0x00, 0x00, 0x00, 0x00, 0x00, 0x00, 0x00, 0x00, 0x00, 0x00, 0x00, 0x00
    .byte 0x00, 0x00, 0x00, 0x00, 0x00, 0x00, 0x00, 0x00, 0x00, 0x00, 0x00, 0x00, 0x00, 0x00, 0x00, 0x00
    .byte 0x00, 0x00, 0x00, 0x00, 0x00, 0x00, 0x00, 0x00, 0x00, 0x00, 0x00, 0x00, 0x00, 0x00, 0x00, 0x00
    .byte 0x00, 0x00, 0x00, 0x00, 0x00, 0x00, 0x00, 0x00, 0x00, 0x00, 0x00, 0x00, 0x00, 0x00, 0x00, 0x00
    .byte 0x00, 0x00, 0x00, 0x00, 0x00, 0x00, 0x00, 0x00, 0x00, 0x00, 0x00, 0x00, 0x00, 0x00, 0x00, 0x00
    .byte 0x00, 0x00, 0x00, 0x00, 0x00, 0x00, 0x00, 0x00, 0x00, 0x00, 0x00, 0x00, 0x00, 0x00, 0x00, 0x00
    .byte 0x00, 0x00, 0x00, 0x00, 0x00, 0x00, 0x00, 0x00, 0x00, 0x00, 0x00, 0x00, 0x00, 0x00, 0x00, 0x00
    .byte 0x00, 0x00, 0x00, 0x00, 0x00, 0x00, 0x00, 0x00, 0x00, 0x00, 0x00, 0x00, 0x00, 0x00, 0x00, 0x00
    .byte 0x00, 0x00, 0x00, 0x00, 0x00, 0x00, 0x00, 0x00, 0x00, 0x00, 0x00, 0x00, 0x00, 0x00, 0x00, 0x00
    .byte 0x00, 0x00, 0x00, 0x00, 0x00, 0x00, 0x00, 0x00, 0x00, 0x00, 0x00, 0x00, 0x00, 0x00, 0x00, 0x00
    .byte 0x00, 0x00, 0x00, 0x00, 0x00, 0x00, 0x00, 0x00, 0x00, 0x00, 0x00, 0x00, 0x00, 0x00, 0x00, 0x00
    .byte 0x00, 0x00, 0x00, 0x00, 0x00, 0x00, 0x00, 0x00, 0x00, 0x00, 0x00, 0x00, 0x00, 0x00, 0x00, 0x00
    .byte 0x00, 0x00, 0x00, 0x00, 0x00, 0x00, 0x00, 0x00, 0x00, 0x00, 0x00, 0x00, 0x00, 0x00, 0x00, 0x00
    .byte 0x00, 0x00, 0x00, 0x00, 0x00, 0x00, 0x00, 0x00, 0x00, 0x00, 0x00, 0x00, 0x00, 0x00, 0x00, 0x00
    .byte 0x00, 0x00, 0x00, 0x00, 0x00, 0x00, 0x00, 0x00, 0x00, 0x00, 0x00, 0x00, 0x00, 0x00, 0x00, 0x00
    .byte 0x00, 0x00, 0x00, 0x00, 0x00, 0x00, 0x00, 0x00, 0x00, 0x00, 0x00, 0x00, 0x00, 0x00, 0x00, 0x00
    .byte 0x00, 0x00, 0x00, 0x00, 0x00, 0x00, 0x00, 0x00, 0x00, 0x00, 0x00, 0x00, 0x00, 0x00, 0x00, 0x00
    .byte 0x00, 0x00, 0x00, 0x00, 0x00, 0x00, 0x00, 0x00, 0x00, 0x00, 0x00, 0x00, 0x00, 0x00, 0x00, 0x00
    .byte 0x00, 0x00, 0x00, 0x00, 0x00, 0x00, 0x00, 0x00, 0x00, 0x00, 0x00, 0x00, 0x00, 0x00, 0x00, 0x00
    .byte 0x00, 0x00, 0x00, 0x00, 0x00, 0x00, 0x00, 0x00, 0x00, 0x00, 0x00, 0x00, 0x00, 0x00, 0x00, 0x00
    .byte 0x00, 0x00, 0x00, 0x00, 0x00, 0x00, 0x00, 0x00, 0x00, 0x00, 0x00, 0x00, 0x00, 0x00, 0x00, 0x00
    .byte 0x00, 0x00, 0x00, 0x00, 0x00, 0x00, 0x00, 0x00, 0x00, 0x00, 0x00, 0x00, 0x00, 0x00, 0x00, 0x00
    .byte 0x00, 0x00, 0x00, 0x00, 0x00, 0x00, 0x00, 0x00, 0x00, 0x00, 0x00, 0x00, 0x00, 0x00, 0x00, 0x00
    .byte 0x00, 0x00, 0x00, 0x00, 0x00, 0x00, 0x00, 0x00, 0x00, 0x00, 0x00, 0x00, 0x00, 0x00, 0x00, 0x00
    .byte 0x00, 0x00, 0x00, 0x00, 0x00, 0x00, 0x00, 0x00, 0x00, 0x00, 0x00, 0x00, 0x00, 0x00, 0x00, 0x00
    .byte 0x00, 0x00, 0x00, 0x00, 0x00, 0x00, 0x00, 0x00, 0x00, 0x00, 0x00, 0x00, 0x00, 0x00, 0x00, 0x00
    .byte 0x00, 0x00, 0x00, 0x00, 0x00, 0x00, 0x00, 0x00, 0x00, 0x00, 0x00, 0x00, 0x00, 0x00, 0x00, 0x00
    .byte 0x00, 0x00, 0x00, 0x00, 0x00, 0x00, 0x00, 0x00, 0x00, 0x00, 0x00, 0x00, 0x00, 0x00, 0x00, 0x00
    .byte 0x00, 0x00, 0x00, 0x00, 0x00, 0x00, 0x00, 0x00, 0x00, 0x00, 0x00, 0x00, 0x00, 0x00, 0x00, 0x00
    .byte 0x00, 0x00, 0x00, 0x00, 0x00, 0x00, 0x00, 0x00, 0x00, 0x00, 0x00, 0x00, 0x00, 0x00, 0x00, 0x00
    .byte 0x00, 0x00, 0x00, 0x00, 0x00, 0x00, 0x00, 0x00, 0x00, 0x00, 0x00, 0x00, 0x00, 0x00, 0x00, 0x00
    .byte 0x00, 0x00, 0x00, 0x00, 0x00, 0x00, 0x00, 0x00, 0x00, 0x00, 0x00, 0x00, 0x00, 0x00, 0x00, 0x00
    .byte 0x00, 0x00, 0x00, 0x00, 0x00, 0x00, 0x00, 0x00, 0x00, 0x00, 0x00, 0x00, 0x00, 0x00, 0x00, 0x00
    .byte 0x00, 0x00, 0x00, 0x00, 0x00, 0x00, 0x00, 0x00, 0x00, 0x00, 0x00, 0x00, 0x00, 0x00, 0x00, 0x00
    .byte 0x00, 0x00, 0x00, 0x00, 0x00, 0x00, 0x00, 0x00, 0x00, 0x00, 0x00, 0x00, 0x00, 0x00, 0x00, 0x00
    .byte 0x00, 0x00, 0x00, 0x00, 0x00, 0x00, 0x00, 0x00, 0x00, 0x00, 0x00, 0x00, 0x00, 0x00, 0x00, 0x00
    .byte 0x00, 0x00, 0x00, 0x00, 0x00, 0x00, 0x00, 0x00, 0x00, 0x00, 0x00, 0x00, 0x00, 0x00, 0x00, 0x00
    .byte 0x00, 0x00, 0x00, 0x00, 0x00, 0x00, 0x00, 0x00, 0x00, 0x00, 0x00, 0x00, 0x00, 0x00, 0x00, 0x00
    .byte 0x00, 0x00, 0x00, 0x00, 0x00, 0x00, 0x00, 0x00, 0x00, 0x00, 0x00, 0x00, 0x00, 0x00, 0x00, 0x00
    .byte 0x00, 0x00, 0x00, 0x00, 0x00, 0x00, 0x00, 0x00, 0x00, 0x00, 0x00, 0x00, 0x00, 0x00, 0x00, 0x00
    .byte 0x00, 0x00, 0x00, 0x00, 0x00, 0x00, 0x00, 0x00, 0x00, 0x00, 0x00, 0x00, 0x00, 0x00, 0x00, 0x00
    .byte 0x00, 0x00, 0x00, 0x00, 0x00, 0x00, 0x00, 0x00, 0x00, 0x00, 0x00, 0x00, 0x00, 0x00, 0x00, 0x00
    .byte 0x00, 0x00, 0x00, 0x00, 0x00, 0x00, 0x00, 0x00, 0x00, 0x00, 0x00, 0x00, 0x00, 0x00, 0x00, 0x00
    .byte 0x00, 0x00, 0x00, 0x00, 0x00, 0x00, 0x00, 0x00, 0x00, 0x00, 0x00, 0x00, 0x00, 0x00, 0x00, 0x00
    .byte 0x00, 0x00, 0x00, 0x00, 0x00, 0x00, 0x00, 0x00, 0x00, 0x00, 0x00, 0x00, 0x00, 0x00, 0x00, 0x00
    .byte 0x00, 0x00, 0x00, 0x00, 0x00, 0x00, 0x00, 0x00, 0x00, 0x00, 0x00, 0x00, 0x00, 0x00, 0x00, 0x00
    .byte 0x00, 0x00, 0x00, 0x00, 0x00, 0x00, 0x00, 0x00, 0x00, 0x00, 0x00, 0x00, 0x00, 0x00, 0x00, 0x00
    .byte 0x00, 0x00, 0x00, 0x00, 0x00, 0x00, 0x00, 0x00, 0x00, 0x00, 0x00, 0x00, 0x00, 0x00, 0x00, 0x00
    .byte 0x00, 0x00, 0x00, 0x00, 0x00, 0x00, 0x00, 0x00, 0x00, 0x00, 0x00, 0x00, 0x00, 0x00, 0x00, 0x00
    .byte 0x00, 0x00, 0x00, 0x00, 0x00, 0x00, 0x00, 0x00, 0x00, 0x00, 0x00, 0x00, 0x00, 0x00, 0x00, 0x00
    .byte 0x00, 0x00, 0x00, 0x00, 0x00, 0x00, 0x00, 0x00, 0x00, 0x00, 0x00, 0x00, 0x00, 0x00, 0x00, 0x00
    .byte 0x00, 0x00, 0x00, 0x00, 0x00, 0x00, 0x00, 0x00, 0x00, 0x00, 0x00, 0x00, 0x00, 0x00, 0x00, 0x00
    .byte 0x00, 0x00, 0x00, 0x00, 0x00, 0x00, 0x00, 0x00, 0x00, 0x00, 0x00, 0x00, 0x00, 0x00, 0x00, 0x00
    .byte 0x00, 0x00, 0x00, 0x00, 0x00, 0x00, 0x00, 0x00, 0x00, 0x00, 0x00, 0x00, 0x00, 0x00, 0x00, 0x00
    .byte 0x00, 0x00, 0x00, 0x00, 0x00, 0x00, 0x00, 0x00, 0x00, 0x00, 0x00, 0x00, 0x00, 0x00, 0x00, 0x00
    .byte 0x00, 0x00, 0x00, 0x00, 0x00, 0x00, 0x00, 0x00, 0x00, 0x00, 0x00, 0x00, 0x00, 0x00, 0x00, 0x00
    .byte 0x00, 0x00, 0x00, 0x00, 0x00, 0x00, 0x00, 0x00, 0x00, 0x00, 0x00, 0x00, 0x00, 0x00, 0x00, 0x00
    .byte 0x00, 0x00, 0x00, 0x00, 0x00, 0x00, 0x00, 0x00, 0x00, 0x00, 0x00, 0x00, 0x00, 0x00, 0x00, 0x00
    .byte 0x00, 0x00, 0x00, 0x00, 0x00, 0x00, 0x00, 0x00, 0x00, 0x00, 0x00, 0x00, 0x00, 0x00, 0x00, 0x00
    .byte 0x00, 0x00, 0x00, 0x00, 0x00, 0x00, 0x00, 0x00, 0x00, 0x00, 0x00, 0x00, 0x00, 0x00, 0x00, 0x00
    .byte 0x00, 0x00, 0x00, 0x00, 0x00, 0x00, 0x00, 0x00, 0x00, 0x00, 0x00, 0x00, 0x00, 0x00, 0x00, 0x00
    .byte 0x00, 0x00, 0x00, 0x00, 0x00, 0x00, 0x00, 0x00, 0x00, 0x00, 0x00, 0x00, 0x00, 0x00, 0x00, 0x00
    .byte 0x00, 0x00, 0x00, 0x00, 0x00, 0x00, 0x00, 0x00, 0x00, 0x00, 0x00, 0x00, 0x00, 0x00, 0x00, 0x00
    .byte 0x00, 0x00, 0x00, 0x00, 0x00, 0x00, 0x00, 0x00, 0x00, 0x00, 0x00, 0x00, 0x00, 0x00, 0x00, 0x00
    .byte 0x00, 0x00, 0x00, 0x00, 0x00, 0x00, 0x00, 0x00, 0x00, 0x00, 0x00, 0x00, 0x00, 0x00, 0x00, 0x00
    .byte 0x00, 0x00, 0x00, 0x00, 0x00, 0x00, 0x00, 0x00, 0x00, 0x00, 0x00, 0x00, 0x00, 0x00, 0x00, 0x00
    .byte 0x00, 0x00, 0x00, 0x00, 0x00, 0x00, 0x00, 0x00, 0x00, 0x00, 0x00, 0x00, 0x00, 0x00, 0x00, 0x00
    .byte 0x00, 0x00, 0x00, 0x00, 0x00, 0x00, 0x00, 0x00, 0x00, 0x00, 0x00, 0x00, 0x00, 0x00, 0x00, 0x00
    .byte 0x00, 0x00, 0x00, 0x00, 0x00, 0x00, 0x00, 0x00, 0x00, 0x00, 0x00, 0x00, 0x00, 0x00, 0x00, 0x00
    .byte 0x00, 0x00, 0x00, 0x00, 0x00, 0x00, 0x00, 0x00, 0x00, 0x00, 0x00, 0x00, 0x00, 0x00, 0x00, 0x00
    .byte 0x00, 0x00, 0x00, 0x00, 0x00, 0x00, 0x00, 0x00, 0x00, 0x00, 0x00, 0x00, 0x00, 0x00, 0x00, 0x00
    .byte 0x00, 0x00, 0x00, 0x00, 0x00, 0x00, 0x00, 0x00, 0x00, 0x00, 0x00, 0x00, 0x00, 0x00, 0x00, 0x00
    .byte 0x00, 0x00, 0x00, 0x00, 0x00, 0x00, 0x00, 0x00, 0x00, 0x00, 0x00, 0x00, 0x00, 0x00, 0x00, 0x00
    .byte 0x00, 0x00, 0x00, 0x00, 0x00, 0x00, 0x00, 0x00, 0x00, 0x00, 0x00, 0x00, 0x00, 0x00, 0x00, 0x00
    .byte 0x00, 0x00, 0x00, 0x00, 0x00, 0x00, 0x00, 0x00, 0x00, 0x00, 0x00, 0x00, 0x00, 0x00, 0x00, 0x00
    .byte 0x00, 0x00, 0x00, 0x00, 0x00, 0x00, 0x00, 0x00, 0x00, 0x00, 0x00, 0x00, 0x00, 0x00, 0x00, 0x00
    .byte 0x00, 0x00, 0x00, 0x00, 0x00, 0x00, 0x00, 0x00, 0x00, 0x00, 0x00, 0x00, 0x00, 0x00, 0x00, 0x00
    .byte 0x00, 0x00, 0x00, 0x00, 0x00, 0x00, 0x00, 0x00, 0x00, 0x00, 0x00, 0x00, 0x00, 0x00, 0x00, 0x00
    .byte 0x00, 0x00, 0x00, 0x00, 0x00, 0x00, 0x00, 0x00, 0x00, 0x00, 0x00, 0x00, 0x00, 0x00, 0x00, 0x00
    .byte 0x00, 0x00, 0x00, 0x00, 0x00, 0x00, 0x00, 0x00, 0x00, 0x00, 0x00, 0x00, 0x00, 0x00, 0x00, 0x00
    .byte 0x00, 0x00, 0x00, 0x00, 0x00, 0x00, 0x00, 0x00, 0x00, 0x00, 0x00, 0x00, 0x00, 0x00, 0x00, 0x00
    .byte 0x00, 0x00, 0x00, 0x00, 0x00, 0x00, 0x00, 0x00, 0x00, 0x00, 0x00, 0x00, 0x00, 0x00, 0x00, 0x00
    .byte 0x00, 0x00, 0x00, 0x00, 0x00, 0x00, 0x00, 0x00, 0x00, 0x00, 0x00, 0x00, 0x00, 0x00, 0x00, 0x00
    .byte 0x00, 0x00, 0x00, 0x00, 0x00, 0x00, 0x00, 0x00, 0x00, 0x00, 0x00, 0x00, 0x00, 0x00, 0x00, 0x00
    .byte 0x00, 0x00, 0x00, 0x00, 0x00, 0x00, 0x00, 0x00, 0x00, 0x00, 0x00, 0x00, 0x00, 0x00, 0x00, 0x00

.globl punctuation
.type punctuation, @object
.size punctuation, 64
.align 4
punctuation:
    .long str_0021e844
    .long str_0021e848
    .long str_0021e84c
    .long str_0021e850
    .long str_0021e854
    .long str_0021e858
    .long str_0021e85c
    .long str_0021e860
    .long str_00216c3c
    .long str_0021e864
    .long str_0021e868
    .long str_0021e86c
    .long str_0021e870
    .long str_0021e874
    .byte 0x00, 0x00, 0x00, 0x00, 0x00, 0x00, 0x00, 0x00

.globl CL_handle
.type CL_handle, @object
.size CL_handle, 4
.align 4
CL_handle:
    .byte 0xff, 0xff, 0xff, 0xff

.globl currentHandle
.type currentHandle, @object
.size currentHandle, 28
.align 4
currentHandle:
    .byte 0xff, 0xff, 0xff, 0xff, 0x00, 0x00, 0x00, 0x00, 0x00, 0x00, 0x00, 0x00, 0x00, 0x00, 0x00, 0x00
    .byte 0x00, 0x00, 0x00, 0x00, 0x00, 0x00, 0x00, 0x00, 0x00, 0x00, 0x00, 0x00

.globl PADDING
.type PADDING, @object
.size PADDING, 64
.align 4
PADDING:
    .byte 0x80, 0x00, 0x00, 0x00, 0x00, 0x00, 0x00, 0x00, 0x00, 0x00, 0x00, 0x00, 0x00, 0x00, 0x00, 0x00
    .byte 0x00, 0x00, 0x00, 0x00, 0x00, 0x00, 0x00, 0x00, 0x00, 0x00, 0x00, 0x00, 0x00, 0x00, 0x00, 0x00
    .byte 0x00, 0x00, 0x00, 0x00, 0x00, 0x00, 0x00, 0x00, 0x00, 0x00, 0x00, 0x00, 0x00, 0x00, 0x00, 0x00
    .byte 0x00, 0x00, 0x00, 0x00, 0x00, 0x00, 0x00, 0x00, 0x00, 0x00, 0x00, 0x00, 0x00, 0x00, 0x00, 0x00

.globl legacyHacks
.type legacyHacks, @object
.size legacyHacks, 32
.align 4
legacyHacks:
    .long legacyHacksArray
    .byte 0x00, 0x00, 0x00, 0x00, 0x00, 0x00, 0x00, 0x00, 0x00, 0x00, 0x00, 0x00, 0x00, 0x00, 0x00, 0x00
    .byte 0x00, 0x00, 0x00, 0x00, 0x00, 0x00, 0x00, 0x00, 0x00, 0x00, 0x00, 0x00

.globl g_pszSndAliasKeyNames
.type g_pszSndAliasKeyNames, @object
.size g_pszSndAliasKeyNames, 96
.align 4
g_pszSndAliasKeyNames:
    .byte 0x00, 0x00, 0x00, 0x00
    .long str_002194b4
    .long str_0021eaec
    .long str_0021eaf8
    .long str_0021eb00
    .long str_0021eb0c
    .long str_0021eb14
    .long str_0021eb1c
    .long str_0021eb24
    .long str_0021eb30
    .long str_0021eb3c
    .long str_0021eb48
    .long str_0021eb54
    .long str_0021eb5c
    .long str_0021eb64
    .long str_0021eb6c
    .long str_0021eb78
    .long str_0021eb84
    .long str_0021eb90
    .long str_0021eba4
    .long str_0021ebb8
    .long str_0021ebc4
    .long str_0021ebd0
    .long str_0021ebd8

.globl g_pszChannelNames
.type g_pszChannelNames, @object
.size g_pszChannelNames, 64
.align 4
g_pszChannelNames:
    .long str_0021ebe8
    .long str_0021ebf0
    .long str_00216cd8
    .long str_0021ebf8
    .long str_0021ec00
    .long str_0021ec08
    .long str_0021ec10
    .long str_0021ec18
    .long str_0021ec20
    .long str_0021ec28
    .long str_002182a8
    .byte 0x00, 0x00, 0x00, 0x00, 0x00, 0x00, 0x00, 0x00, 0x00, 0x00, 0x00, 0x00, 0x00, 0x00, 0x00, 0x00
    .byte 0x00, 0x00, 0x00, 0x00

.globl infoParms
.type infoParms, @object
.size infoParms, 1088
.align 4
infoParms:
    .long str_0022009c
    .byte 0x00, 0x00, 0x00, 0x00
    .long 0x100000 /* bark surfaceFlags — was RB_TessEntity+912 (decompiler symbolized) */
    .byte 0x00, 0x00, 0x00, 0x00, 0x00, 0x00, 0x00, 0x00
    .long str_002200a4
    .byte 0x00, 0x00, 0x00, 0x00
    .long 0x200000 /* brick surfaceFlags — was jpeg_calc_output_dimensions+401 */
    .byte 0x00, 0x00, 0x00, 0x00, 0x00, 0x00, 0x00, 0x00
    .long str_002200ac
    .byte 0x00, 0x00, 0x00, 0x00
    .long 0x300000 /* carpet surfaceFlags — was yytable+2624 */
    .byte 0x00, 0x00, 0x00, 0x00, 0x00, 0x00, 0x00, 0x00
    .long str_002200b4
    .byte 0x00, 0x00, 0x00, 0x00, 0x00, 0x00, 0x40, 0x00, 0x00, 0x00, 0x00, 0x00, 0x00, 0x00, 0x00, 0x00
    .long str_002200bc
    .byte 0x00, 0x00, 0x00, 0x00
    .long 0x500000 /* concrete surfaceFlags — was cin+43584 */
    .byte 0x00, 0x00, 0x00, 0x00, 0x00, 0x00, 0x00, 0x00
    .long str_002200c8
    .byte 0x00, 0x00, 0x00, 0x00
    .long 0x600000 /* dirt surfaceFlags — was cin+1092160 */
    .byte 0x00, 0x00, 0x00, 0x00, 0x00, 0x00, 0x00, 0x00
    .long str_002200d0
    .byte 0x00, 0x00, 0x00, 0x00
    .long 0x700000 /* flesh surfaceFlags — was cin+2140736 */
    .byte 0x00, 0x00, 0x00, 0x00, 0x00, 0x00, 0x00, 0x00
    .long str_002200d8
    .byte 0x01, 0x00, 0x00, 0x00, 0x00, 0x00, 0x80, 0x00, 0x02, 0x00, 0x00, 0x00, 0x00, 0x00, 0x00, 0x00
    .long str_002200e0
    .byte 0x01, 0x00, 0x00, 0x00
    .long 0x900000 /* glass surfaceFlags — was s_debugFrameGlob+1106304 */
    .byte 0x10, 0x00, 0x00, 0x00, 0x00, 0x00, 0x00, 0x00
    .long str_002200e8
    .byte 0x00, 0x00, 0x00, 0x00
    .long 0xA00000 /* grass surfaceFlags — was s_debugFrameGlob+2154880 */
    .byte 0x00, 0x00, 0x00, 0x00, 0x00, 0x00, 0x00, 0x00
    .long str_002200f0
    .byte 0x00, 0x00, 0x00, 0x00
    .long 0xB00000 /* gravel surfaceFlags — was s_backEndData+803840 */
    .byte 0x00, 0x00, 0x00, 0x00, 0x00, 0x00, 0x00, 0x00
    .long str_002200f8
    .byte 0x00, 0x00, 0x00, 0x00
    .long 0xC00000 /* ice surfaceFlags — was s_backEndData+1852416 */
    .byte 0x00, 0x00, 0x00, 0x00, 0x00, 0x00, 0x00, 0x00
    .long str_002200fc
    .byte 0x00, 0x00, 0x00, 0x00
    .long 0xD00000 /* metal surfaceFlags — was cg_entitiesArray+18304 */
    .byte 0x00, 0x00, 0x00, 0x00, 0x00, 0x00, 0x00, 0x00
    .long str_00220104
    .byte 0x00, 0x00, 0x00, 0x00
    .long 0xE00000 /* mud surfaceFlags — was cgArray+446336 */
    .byte 0x00, 0x00, 0x00, 0x00, 0x00, 0x00, 0x00, 0x00
    .long str_00220108
    .byte 0x00, 0x00, 0x00, 0x00, 0x00, 0x00, 0xf0, 0x00, 0x00, 0x00, 0x00, 0x00, 0x00, 0x00, 0x00, 0x00
    .long str_00220110
    .byte 0x00, 0x00, 0x00, 0x00, 0x00, 0x00, 0x00, 0x01, 0x00, 0x00, 0x00, 0x00, 0x00, 0x00, 0x00, 0x00
    .long str_00220118
    .byte 0x00, 0x00, 0x00, 0x00, 0x00, 0x00, 0x10, 0x01, 0x00, 0x00, 0x00, 0x00, 0x00, 0x00, 0x00, 0x00
    .long str_00220120
    .byte 0x00, 0x00, 0x00, 0x00, 0x00, 0x00, 0x20, 0x01, 0x00, 0x00, 0x00, 0x00, 0x00, 0x00, 0x00, 0x00
    .long str_00220128
    .byte 0x00, 0x00, 0x00, 0x00, 0x00, 0x00, 0x30, 0x01, 0x00, 0x00, 0x00, 0x00, 0x00, 0x00, 0x00, 0x00
    .long str_00220130
    .byte 0x01, 0x00, 0x00, 0x00, 0x00, 0x00, 0x40, 0x01, 0x20, 0x00, 0x00, 0x00, 0x00, 0x00, 0x00, 0x00
    .long str_00220138
    .byte 0x00, 0x00, 0x00, 0x00
    .long 0x1500000 /* wood surfaceFlags — was clientConnections+256992 */
    .byte 0x00, 0x00, 0x00, 0x00, 0x00, 0x00, 0x00, 0x00
    .long str_00220140
    .byte 0x00, 0x00, 0x00, 0x00, 0x00, 0x00, 0x60, 0x01, 0x00, 0x00, 0x00, 0x00, 0x00, 0x00, 0x00, 0x00
    .long str_00220148
    .byte 0x00, 0x00, 0x00, 0x00
    .long s_debugFrameGlob+1106304
    .byte 0x00, 0x00, 0x00, 0x00, 0x00, 0x00, 0x00, 0x00
    .long str_00220154
    .byte 0x01, 0x00, 0x00, 0x00, 0x00, 0x00, 0x00, 0x00, 0x80, 0x00, 0x00, 0x00, 0x00, 0x00, 0x00, 0x00
    .long str_00220160
    .byte 0x01, 0x00, 0x00, 0x00, 0x00, 0x00, 0x00, 0x00
    .long __mh_execute_header
    .byte 0x00, 0x00, 0x00, 0x00
    .long str_0022016c
    .byte 0x01, 0x00, 0x00, 0x00, 0x00, 0x00, 0x00, 0x00
    .long __mh_execute_header+4096
    .byte 0x00, 0x00, 0x00, 0x00
    .long str_00220178
    .byte 0x01, 0x00, 0x00, 0x00, 0x00, 0x00, 0x00, 0x00
    .long CDirect3DDevice_CreateAndSetFixedFunctionVAO+1116
    .byte 0x00, 0x00, 0x00, 0x00
    .long str_00220184
    .byte 0x01, 0x00, 0x00, 0x00, 0x00, 0x00, 0x00, 0x00
    .long CDirect3DVertexDeclaration_GetShaderDeclaration+82
    .byte 0x00, 0x00, 0x00, 0x00
    .long str_00220190
    .byte 0x01, 0x00, 0x00, 0x00, 0x00, 0x00, 0x00, 0x00, 0x00, 0x02, 0x00, 0x00, 0x00, 0x00, 0x00, 0x00
    .long str_0022019c
    .byte 0x01, 0x00, 0x00, 0x00, 0x00, 0x00, 0x00, 0x00, 0x00, 0x04, 0x00, 0x00, 0x00, 0x00, 0x00, 0x00
    .long str_002201a8
    .byte 0x01, 0x00, 0x00, 0x00, 0x00, 0x00, 0x00, 0x00, 0x00, 0x00, 0x00, 0x80, 0x00, 0x00, 0x00, 0x00
    .long str_002201b0
    .byte 0x01, 0x00, 0x00, 0x00
    .long MacBuilder_SetControlFontStyle+64
    .byte 0x00, 0x00, 0x00, 0x00, 0x00, 0x00, 0x00, 0x00
    .long str_002201bc
    .byte 0x00, 0x00, 0x00, 0x00, 0x00, 0x00, 0x00, 0x00, 0x00, 0x00, 0x00, 0x08, 0x00, 0x00, 0x00, 0x00
    .long str_002201c4
    .byte 0x00, 0x00, 0x00, 0x00, 0x00, 0x00, 0x00, 0x00, 0x00, 0x00, 0x00, 0x10, 0x00, 0x00, 0x00, 0x00
    .long str_002201d0
    .byte 0x01, 0x00, 0x00, 0x00, 0x00, 0x00, 0x00, 0x80, 0x00, 0x00, 0x00, 0x00, 0x00, 0x00, 0x00, 0x00
    .long str_002201d8
    .byte 0x00, 0x00, 0x00, 0x00, 0x00, 0x00, 0x00, 0x00, 0x40, 0x00, 0x00, 0x00, 0x00, 0x00, 0x00, 0x00
    .long str_0021a570
    .byte 0x01, 0x00, 0x00, 0x00, 0x00, 0x00, 0x00, 0x00, 0x00, 0x00, 0x00, 0x00, 0x04, 0x00, 0x00, 0x00
    .long str_002201e8
    .byte 0x00, 0x00, 0x00, 0x00, 0x04, 0x00, 0x00, 0x00, 0x00, 0x08, 0x00, 0x00, 0x00, 0x00, 0x00, 0x00
    .long str_002201ec
    .byte 0x00, 0x00, 0x00, 0x00
    .long CDirect3DDevice_CreateAndSetFixedFunctionVAO+1116
    .byte 0x00, 0x00, 0x00, 0x00, 0x00, 0x00, 0x00, 0x00
    .long str_002201f8
    .byte 0x00, 0x00, 0x00, 0x00
    .long XAnimSetCompleteGoalWeightKnobAll+1744
    .byte 0x00, 0x00, 0x00, 0x00, 0x00, 0x00, 0x00, 0x00
    .long str_00220208
    .byte 0x00, 0x00, 0x00, 0x00, 0x02, 0x00, 0x00, 0x00, 0x00, 0x00, 0x00, 0x00, 0x00, 0x00, 0x00, 0x00
    .long str_00220210
    .byte 0x00, 0x00, 0x00, 0x00, 0x10, 0x00, 0x00, 0x00, 0x00, 0x00, 0x00, 0x00, 0x00, 0x00, 0x00, 0x00
    .long str_0022021c
    .byte 0x00, 0x00, 0x00, 0x00, 0x20, 0x00, 0x00, 0x00, 0x00, 0x00, 0x00, 0x00, 0x00, 0x00, 0x00, 0x00
    .long str_00220224
    .byte 0x00, 0x00, 0x00, 0x00, 0x08, 0x00, 0x00, 0x00, 0x00, 0x00, 0x00, 0x00, 0x00, 0x00, 0x00, 0x00
    .long str_0022022c
    .byte 0x00, 0x00, 0x00, 0x00, 0x01, 0x00, 0x00, 0x00, 0x00, 0x00, 0x00, 0x00, 0x00, 0x00, 0x00, 0x00
    .long str_00220238
    .byte 0x00, 0x00, 0x00, 0x00, 0x00, 0x00, 0x00, 0x02, 0x00, 0x00, 0x00, 0x01, 0x00, 0x00, 0x00, 0x00
    .long str_00220244
    .byte 0x00, 0x00, 0x00, 0x00, 0x00, 0x00, 0x00, 0x04, 0x00, 0x00, 0x00, 0x01, 0x00, 0x00, 0x00, 0x00
    .long str_00220250
    .byte 0x00, 0x00, 0x00, 0x00
    .long __mh_execute_header+4096
    .byte 0x00, 0x00, 0x00, 0x00, 0x00, 0x00, 0x00, 0x00
    .long str_00220258
    .byte 0x00, 0x00, 0x00, 0x00, 0x80, 0x00, 0x00, 0x00, 0x00, 0x00, 0x00, 0x00, 0x00, 0x00, 0x00, 0x00
    .long str_00220260
    .byte 0x00, 0x00, 0x00, 0x00, 0x00, 0x08, 0x00, 0x00, 0x00, 0x00, 0x00, 0x00, 0x00, 0x00, 0x00, 0x00
    .long str_0022026c
    .byte 0x00, 0x00, 0x00, 0x00, 0x00, 0x04, 0x00, 0x00, 0x00, 0x00, 0x00, 0x00, 0x00, 0x00, 0x00, 0x00
    .long str_00220278
    .byte 0x00, 0x00, 0x00, 0x00
    .long CDirect3DVertexDeclaration_GetShaderDeclaration+82
    .byte 0x00, 0x00, 0x00, 0x00, 0x00, 0x00, 0x00, 0x00, 0x00, 0x00, 0x00, 0x00, 0x00, 0x00, 0x00, 0x00
    .byte 0x00, 0x00, 0x00, 0x00, 0x00, 0x00, 0x00, 0x00, 0x00, 0x00, 0x00, 0x00, 0x00, 0x00, 0x00, 0x00
    .byte 0x00, 0x00, 0x00, 0x00, 0x00, 0x00, 0x00, 0x00, 0x00, 0x00, 0x00, 0x00, 0x00, 0x00, 0x00, 0x00
    .byte 0x00, 0x00, 0x00, 0x00, 0x00, 0x00, 0x00, 0x00

.globl weaponDefFields
.type weaponDefFields, @object
.size weaponDefFields, 4392
.align 4
weaponDefFields:
    .long str_0022028c
    .byte 0x04, 0x00, 0x00, 0x00, 0x00, 0x00, 0x00, 0x00
    .long str_00220298
    .byte 0x08, 0x00, 0x00, 0x00, 0x00, 0x00, 0x00, 0x00
    .long str_002202b0
    .byte 0x70, 0x00, 0x00, 0x00, 0x00, 0x00, 0x00, 0x00
    .long str_002202bc
    .byte 0x74, 0x00, 0x00, 0x00, 0x0f, 0x00, 0x00, 0x00
    .long str_002202cc
    .byte 0x0c, 0x00, 0x00, 0x00, 0x00, 0x00, 0x00, 0x00
    .long str_002202d8
    .byte 0x10, 0x00, 0x00, 0x00, 0x00, 0x00, 0x00, 0x00
    .long str_002202e4
    .byte 0x18, 0x00, 0x00, 0x00, 0x00, 0x00, 0x00, 0x00
    .long str_002202f0
    .byte 0x1c, 0x00, 0x00, 0x00, 0x00, 0x00, 0x00, 0x00
    .long str_00220300
    .byte 0x20, 0x00, 0x00, 0x00, 0x00, 0x00, 0x00, 0x00
    .long str_0022030c
    .byte 0x24, 0x00, 0x00, 0x00, 0x00, 0x00, 0x00, 0x00
    .long str_0022031c
    .byte 0x28, 0x00, 0x00, 0x00, 0x00, 0x00, 0x00, 0x00
    .long str_0022032c
    .byte 0x2c, 0x00, 0x00, 0x00, 0x00, 0x00, 0x00, 0x00
    .long str_0022033c
    .byte 0x30, 0x00, 0x00, 0x00, 0x00, 0x00, 0x00, 0x00
    .long str_00220348
    .byte 0x34, 0x00, 0x00, 0x00, 0x00, 0x00, 0x00, 0x00
    .long str_00220354
    .byte 0x38, 0x00, 0x00, 0x00, 0x00, 0x00, 0x00, 0x00
    .long str_00220364
    .byte 0x3c, 0x00, 0x00, 0x00, 0x00, 0x00, 0x00, 0x00
    .long str_00220374
    .byte 0x40, 0x00, 0x00, 0x00, 0x00, 0x00, 0x00, 0x00
    .long str_00220384
    .byte 0x44, 0x00, 0x00, 0x00, 0x00, 0x00, 0x00, 0x00
    .long str_00220390
    .byte 0x48, 0x00, 0x00, 0x00, 0x00, 0x00, 0x00, 0x00
    .long str_0022039c
    .byte 0x4c, 0x00, 0x00, 0x00, 0x00, 0x00, 0x00, 0x00
    .long str_002203ac
    .byte 0x50, 0x00, 0x00, 0x00, 0x00, 0x00, 0x00, 0x00
    .long str_002203b8
    .byte 0x54, 0x00, 0x00, 0x00, 0x00, 0x00, 0x00, 0x00
    .long str_002203c8
    .byte 0x58, 0x00, 0x00, 0x00, 0x00, 0x00, 0x00, 0x00
    .long str_002203d8
    .byte 0x5c, 0x00, 0x00, 0x00, 0x00, 0x00, 0x00, 0x00
    .long str_002203e4
    .byte 0x60, 0x00, 0x00, 0x00, 0x00, 0x00, 0x00, 0x00
    .long str_002203f4
    .byte 0x64, 0x00, 0x00, 0x00, 0x00, 0x00, 0x00, 0x00
    .long str_00220408
    .byte 0x68, 0x00, 0x00, 0x00, 0x00, 0x00, 0x00, 0x00
    .long str_00220414
    .byte 0x6c, 0x00, 0x00, 0x00, 0x00, 0x00, 0x00, 0x00
    .long str_00220420
    .byte 0x84, 0x05, 0x00, 0x00, 0x00, 0x00, 0x00, 0x00
    .long str_00220428
    .byte 0x78, 0x00, 0x00, 0x00, 0x08, 0x00, 0x00, 0x00
    .long str_00220434
    .byte 0x7c, 0x00, 0x00, 0x00, 0x09, 0x00, 0x00, 0x00
    .long str_00220440
    .byte 0x80, 0x00, 0x00, 0x00, 0x0b, 0x00, 0x00, 0x00
    .long str_0022044c
    .byte 0x88, 0x00, 0x00, 0x00, 0x05, 0x00, 0x00, 0x00
    .long str_0022045c
    .byte 0x84, 0x00, 0x00, 0x00, 0x0e, 0x00, 0x00, 0x00
    .long str_0022046c
    .byte 0x90, 0x00, 0x00, 0x00, 0x00, 0x00, 0x00, 0x00
    .long str_0022047c
    .byte 0x94, 0x00, 0x00, 0x00, 0x00, 0x00, 0x00, 0x00
    .long str_00220490
    .byte 0x98, 0x00, 0x00, 0x00, 0x00, 0x00, 0x00, 0x00
    .long str_0022049c
    .byte 0x9c, 0x00, 0x00, 0x00, 0x00, 0x00, 0x00, 0x00
    .long str_002204ac
    .byte 0xa0, 0x00, 0x00, 0x00, 0x00, 0x00, 0x00, 0x00
    .long str_002204bc
    .byte 0xa4, 0x00, 0x00, 0x00, 0x00, 0x00, 0x00, 0x00
    .long str_002204cc
    .byte 0xa8, 0x00, 0x00, 0x00, 0x00, 0x00, 0x00, 0x00
    .long str_002204d8
    .byte 0xac, 0x00, 0x00, 0x00, 0x00, 0x00, 0x00, 0x00
    .long str_002204e8
    .byte 0xb0, 0x00, 0x00, 0x00, 0x00, 0x00, 0x00, 0x00
    .long str_002204f8
    .byte 0xb4, 0x00, 0x00, 0x00, 0x00, 0x00, 0x00, 0x00
    .long str_0022050c
    .byte 0xb8, 0x00, 0x00, 0x00, 0x00, 0x00, 0x00, 0x00
    .long str_0022051c
    .byte 0xbc, 0x00, 0x00, 0x00, 0x00, 0x00, 0x00, 0x00
    .long str_00220530
    .byte 0xc0, 0x00, 0x00, 0x00, 0x00, 0x00, 0x00, 0x00
    .long str_00220540
    .byte 0xc4, 0x00, 0x00, 0x00, 0x00, 0x00, 0x00, 0x00
    .long str_00220554
    .byte 0xc8, 0x00, 0x00, 0x00, 0x00, 0x00, 0x00, 0x00
    .long str_00220564
    .byte 0xcc, 0x00, 0x00, 0x00, 0x00, 0x00, 0x00, 0x00
    .long str_00220574
    .byte 0xd0, 0x00, 0x00, 0x00, 0x00, 0x00, 0x00, 0x00
    .long str_0022058c
    .byte 0xd4, 0x00, 0x00, 0x00, 0x00, 0x00, 0x00, 0x00
    .long str_00220598
    .byte 0xd8, 0x00, 0x00, 0x00, 0x00, 0x00, 0x00, 0x00
    .long str_002205ac
    .byte 0xdc, 0x00, 0x00, 0x00, 0x00, 0x00, 0x00, 0x00
    .long str_002205c0
    .byte 0xe0, 0x00, 0x00, 0x00, 0x00, 0x00, 0x00, 0x00
    .long str_002205d8
    .byte 0xe4, 0x00, 0x00, 0x00, 0x00, 0x00, 0x00, 0x00
    .long str_002205ec
    .byte 0xe8, 0x00, 0x00, 0x00, 0x00, 0x00, 0x00, 0x00
    .long str_00220604
    .byte 0xec, 0x00, 0x00, 0x00, 0x00, 0x00, 0x00, 0x00
    .long str_00220614
    .byte 0xf0, 0x00, 0x00, 0x00, 0x00, 0x00, 0x00, 0x00
    .long str_0022062c
    .byte 0xf4, 0x00, 0x00, 0x00, 0x00, 0x00, 0x00, 0x00
    .long str_00220638
    .byte 0xf8, 0x00, 0x00, 0x00, 0x00, 0x00, 0x00, 0x00
    .long str_00220648
    .byte 0xfc, 0x00, 0x00, 0x00, 0x00, 0x00, 0x00, 0x00
    .long str_00220658
    .byte 0x00, 0x01, 0x00, 0x00, 0x00, 0x00, 0x00, 0x00
    .long str_00220668
    .byte 0x04, 0x01, 0x00, 0x00, 0x00, 0x00, 0x00, 0x00
    .long str_00220678
    .byte 0x08, 0x01, 0x00, 0x00, 0x00, 0x00, 0x00, 0x00
    .long str_00220688
    .byte 0x0c, 0x01, 0x00, 0x00, 0x00, 0x00, 0x00, 0x00
    .long str_00220698
    .byte 0x10, 0x01, 0x00, 0x00, 0x00, 0x00, 0x00, 0x00
    .long str_002206ac
    .byte 0x14, 0x01, 0x00, 0x00, 0x00, 0x00, 0x00, 0x00
    .long str_002206c0
    .byte 0x18, 0x01, 0x00, 0x00, 0x00, 0x00, 0x00, 0x00
    .long str_002206d0
    .byte 0x1c, 0x01, 0x00, 0x00, 0x00, 0x00, 0x00, 0x00
    .long str_002206dc
    .byte 0x20, 0x01, 0x00, 0x00, 0x04, 0x00, 0x00, 0x00
    .long str_002206f0
    .byte 0x24, 0x01, 0x00, 0x00, 0x04, 0x00, 0x00, 0x00
    .long str_00220700
    .byte 0x28, 0x01, 0x00, 0x00, 0x04, 0x00, 0x00, 0x00
    .long str_00220710
    .byte 0x2c, 0x01, 0x00, 0x00, 0x06, 0x00, 0x00, 0x00
    .long str_0022071c
    .byte 0x30, 0x01, 0x00, 0x00, 0x06, 0x00, 0x00, 0x00
    .long str_00220728
    .byte 0x34, 0x01, 0x00, 0x00, 0x06, 0x00, 0x00, 0x00
    .long str_00220734
    .byte 0x38, 0x01, 0x00, 0x00, 0x06, 0x00, 0x00, 0x00
    .long str_00220740
    .byte 0x3c, 0x01, 0x00, 0x00, 0x06, 0x00, 0x00, 0x00
    .long str_0022074c
    .byte 0x40, 0x01, 0x00, 0x00, 0x06, 0x00, 0x00, 0x00
    .long str_00220758
    .byte 0x44, 0x01, 0x00, 0x00, 0x06, 0x00, 0x00, 0x00
    .long str_00220764
    .byte 0x48, 0x01, 0x00, 0x00, 0x06, 0x00, 0x00, 0x00
    .long str_00220770
    .byte 0x4c, 0x01, 0x00, 0x00, 0x06, 0x00, 0x00, 0x00
    .long str_0022077c
    .byte 0x50, 0x01, 0x00, 0x00, 0x06, 0x00, 0x00, 0x00
    .long str_00220788
    .byte 0x54, 0x01, 0x00, 0x00, 0x06, 0x00, 0x00, 0x00
    .long str_00220794
    .byte 0x58, 0x01, 0x00, 0x00, 0x06, 0x00, 0x00, 0x00
    .long str_002207a0
    .byte 0x5c, 0x01, 0x00, 0x00, 0x06, 0x00, 0x00, 0x00
    .long str_002207ac
    .byte 0x60, 0x01, 0x00, 0x00, 0x06, 0x00, 0x00, 0x00
    .long str_002207b8
    .byte 0x64, 0x01, 0x00, 0x00, 0x06, 0x00, 0x00, 0x00
    .long str_002207c4
    .byte 0x68, 0x01, 0x00, 0x00, 0x06, 0x00, 0x00, 0x00
    .long str_002207d0
    .byte 0x6c, 0x01, 0x00, 0x00, 0x06, 0x00, 0x00, 0x00
    .long str_002207dc
    .byte 0x70, 0x01, 0x00, 0x00, 0x06, 0x00, 0x00, 0x00
    .long str_002207e8
    .byte 0x74, 0x01, 0x00, 0x00, 0x06, 0x00, 0x00, 0x00
    .long str_002207f4
    .byte 0x78, 0x01, 0x00, 0x00, 0x06, 0x00, 0x00, 0x00
    .long str_00220800
    .byte 0x7c, 0x01, 0x00, 0x00, 0x06, 0x00, 0x00, 0x00
    .long str_0022080c
    .byte 0x80, 0x01, 0x00, 0x00, 0x06, 0x00, 0x00, 0x00
    .long str_00220818
    .byte 0x84, 0x01, 0x00, 0x00, 0x06, 0x00, 0x00, 0x00
    .long str_00220824
    .byte 0x88, 0x01, 0x00, 0x00, 0x06, 0x00, 0x00, 0x00
    .long str_00220830
    .byte 0x8c, 0x01, 0x00, 0x00, 0x06, 0x00, 0x00, 0x00
    .long str_0022083c
    .byte 0x90, 0x01, 0x00, 0x00, 0x06, 0x00, 0x00, 0x00
    .long str_00220850
    .byte 0x94, 0x01, 0x00, 0x00, 0x06, 0x00, 0x00, 0x00
    .long str_00220864
    .byte 0x98, 0x01, 0x00, 0x00, 0x06, 0x00, 0x00, 0x00
    .long str_00220878
    .byte 0x9c, 0x01, 0x00, 0x00, 0x06, 0x00, 0x00, 0x00
    .long str_0022088c
    .byte 0xa0, 0x01, 0x00, 0x00, 0x06, 0x00, 0x00, 0x00
    .long str_00220898
    .byte 0xa4, 0x01, 0x00, 0x00, 0x06, 0x00, 0x00, 0x00
    .long str_002208a8
    .byte 0xa8, 0x01, 0x00, 0x00, 0x06, 0x00, 0x00, 0x00
    .long str_002208bc
    .byte 0xac, 0x01, 0x00, 0x00, 0x06, 0x00, 0x00, 0x00
    .long str_002208d0
    .byte 0xb0, 0x01, 0x00, 0x00, 0x06, 0x00, 0x00, 0x00
    .long str_002208e4
    .byte 0xb4, 0x01, 0x00, 0x00, 0x00, 0x00, 0x00, 0x00
    .long str_002208f0
    .byte 0xb8, 0x01, 0x00, 0x00, 0x00, 0x00, 0x00, 0x00
    .long str_002208f8
    .byte 0xbc, 0x01, 0x00, 0x00, 0x00, 0x00, 0x00, 0x00
    .long str_00220904
    .byte 0xc0, 0x01, 0x00, 0x00, 0x04, 0x00, 0x00, 0x00
    .long str_00220910
    .byte 0xc4, 0x01, 0x00, 0x00, 0x00, 0x00, 0x00, 0x00
    .long str_0022091c
    .byte 0xcc, 0x01, 0x00, 0x00, 0x00, 0x00, 0x00, 0x00
    .long str_00220928
    .byte 0xd4, 0x01, 0x00, 0x00, 0x04, 0x00, 0x00, 0x00
    .long str_00220930
    .byte 0xd8, 0x01, 0x00, 0x00, 0x04, 0x00, 0x00, 0x00
    .long str_0022093c
    .byte 0xdc, 0x01, 0x00, 0x00, 0x04, 0x00, 0x00, 0x00
    .long str_00220948
    .byte 0xe0, 0x01, 0x00, 0x00, 0x00, 0x00, 0x00, 0x00
    .long str_0022095c
    .byte 0xe8, 0x01, 0x00, 0x00, 0x04, 0x00, 0x00, 0x00
    .long str_0022096c
    .byte 0xec, 0x01, 0x00, 0x00, 0x04, 0x00, 0x00, 0x00
    .long str_00220974
    .byte 0xf0, 0x01, 0x00, 0x00, 0x04, 0x00, 0x00, 0x00
    .long str_00220984
    .byte 0xf4, 0x01, 0x00, 0x00, 0x04, 0x00, 0x00, 0x00
    .long str_00220990
    .byte 0x90, 0x05, 0x00, 0x00, 0x04, 0x00, 0x00, 0x00
    .long str_0022099c
    .byte 0x94, 0x05, 0x00, 0x00, 0x04, 0x00, 0x00, 0x00
    .long str_002209ac
    .byte 0x98, 0x05, 0x00, 0x00, 0x06, 0x00, 0x00, 0x00
    .long str_002209bc
    .byte 0x9c, 0x05, 0x00, 0x00, 0x06, 0x00, 0x00, 0x00
    .long str_002209cc
    .byte 0xa0, 0x05, 0x00, 0x00, 0x06, 0x00, 0x00, 0x00
    .long str_002209e4
    .byte 0xa4, 0x05, 0x00, 0x00, 0x06, 0x00, 0x00, 0x00
    .long str_00220a08
    .byte 0xa8, 0x05, 0x00, 0x00, 0x06, 0x00, 0x00, 0x00
    .long str_00220a20
    .byte 0xac, 0x05, 0x00, 0x00, 0x04, 0x00, 0x00, 0x00
    .long str_00220a34
    .byte 0xfc, 0x01, 0x00, 0x00, 0x07, 0x00, 0x00, 0x00
    .long str_00220a40
    .byte 0x00, 0x02, 0x00, 0x00, 0x07, 0x00, 0x00, 0x00
    .long str_00220a4c
    .byte 0x04, 0x02, 0x00, 0x00, 0x07, 0x00, 0x00, 0x00
    .long str_00220a58
    .byte 0x08, 0x02, 0x00, 0x00, 0x07, 0x00, 0x00, 0x00
    .long str_00220a68
    .byte 0x0c, 0x02, 0x00, 0x00, 0x07, 0x00, 0x00, 0x00
    .long str_00220a7c
    .byte 0x10, 0x02, 0x00, 0x00, 0x07, 0x00, 0x00, 0x00
    .long str_00220a8c
    .byte 0x14, 0x02, 0x00, 0x00, 0x07, 0x00, 0x00, 0x00
    .long str_00220a98
    .byte 0x18, 0x02, 0x00, 0x00, 0x07, 0x00, 0x00, 0x00
    .long str_00220aa4
    .byte 0x1c, 0x02, 0x00, 0x00, 0x07, 0x00, 0x00, 0x00
    .long str_00220ab4
    .byte 0x20, 0x02, 0x00, 0x00, 0x07, 0x00, 0x00, 0x00
    .long str_00220ac4
    .byte 0x24, 0x02, 0x00, 0x00, 0x07, 0x00, 0x00, 0x00
    .long str_00220ad4
    .byte 0x28, 0x02, 0x00, 0x00, 0x07, 0x00, 0x00, 0x00
    .long str_00220ae8
    .byte 0x2c, 0x02, 0x00, 0x00, 0x07, 0x00, 0x00, 0x00
    .long str_00220af8
    .byte 0x30, 0x02, 0x00, 0x00, 0x07, 0x00, 0x00, 0x00
    .long str_00220b04
    .byte 0x34, 0x02, 0x00, 0x00, 0x07, 0x00, 0x00, 0x00
    .long str_00220b10
    .byte 0x38, 0x02, 0x00, 0x00, 0x07, 0x00, 0x00, 0x00
    .long str_00220b1c
    .byte 0x3c, 0x02, 0x00, 0x00, 0x07, 0x00, 0x00, 0x00
    .long str_00220b2c
    .byte 0x40, 0x02, 0x00, 0x00, 0x07, 0x00, 0x00, 0x00
    .long str_00220b3c
    .byte 0x44, 0x02, 0x00, 0x00, 0x07, 0x00, 0x00, 0x00
    .long str_00220b4c
    .byte 0x48, 0x02, 0x00, 0x00, 0x07, 0x00, 0x00, 0x00
    .long str_00220b58
    .byte 0x4c, 0x02, 0x00, 0x00, 0x06, 0x00, 0x00, 0x00
    .long str_00220b68
    .byte 0x50, 0x02, 0x00, 0x00, 0x06, 0x00, 0x00, 0x00
    .long str_00220b7c
    .byte 0x54, 0x02, 0x00, 0x00, 0x06, 0x00, 0x00, 0x00
    .long str_00220b90
    .byte 0x58, 0x02, 0x00, 0x00, 0x06, 0x00, 0x00, 0x00
    .long str_00220ba0
    .byte 0x5c, 0x02, 0x00, 0x00, 0x06, 0x00, 0x00, 0x00
    .long str_00220bb4
    .byte 0x60, 0x02, 0x00, 0x00, 0x06, 0x00, 0x00, 0x00
    .long str_00220bc8
    .byte 0x64, 0x02, 0x00, 0x00, 0x06, 0x00, 0x00, 0x00
    .long str_00220bd8
    .byte 0xd8, 0x02, 0x00, 0x00, 0x06, 0x00, 0x00, 0x00
    .long str_00220bec
    .byte 0xdc, 0x02, 0x00, 0x00, 0x06, 0x00, 0x00, 0x00
    .long str_00220bfc
    .byte 0xe0, 0x02, 0x00, 0x00, 0x06, 0x00, 0x00, 0x00
    .long str_00220c08
    .byte 0xe4, 0x02, 0x00, 0x00, 0x06, 0x00, 0x00, 0x00
    .long str_00220c14
    .byte 0xe8, 0x02, 0x00, 0x00, 0x06, 0x00, 0x00, 0x00
    .long str_00220c24
    .byte 0xec, 0x02, 0x00, 0x00, 0x06, 0x00, 0x00, 0x00
    .long str_00220c34
    .byte 0xf0, 0x02, 0x00, 0x00, 0x06, 0x00, 0x00, 0x00
    .long str_00220c44
    .byte 0xf4, 0x02, 0x00, 0x00, 0x06, 0x00, 0x00, 0x00
    .long str_00220c54
    .byte 0xf8, 0x02, 0x00, 0x00, 0x06, 0x00, 0x00, 0x00
    .long str_00220c64
    .byte 0xfc, 0x02, 0x00, 0x00, 0x06, 0x00, 0x00, 0x00
    .long str_00220c74
    .byte 0x00, 0x03, 0x00, 0x00, 0x06, 0x00, 0x00, 0x00
    .long str_00220c88
    .byte 0x04, 0x03, 0x00, 0x00, 0x06, 0x00, 0x00, 0x00
    .long str_00220c98
    .byte 0x08, 0x03, 0x00, 0x00, 0x06, 0x00, 0x00, 0x00
    .long str_00220cac
    .byte 0x0c, 0x03, 0x00, 0x00, 0x06, 0x00, 0x00, 0x00
    .long str_00220cc0
    .byte 0x10, 0x03, 0x00, 0x00, 0x06, 0x00, 0x00, 0x00
    .long str_00220cd0
    .byte 0x14, 0x03, 0x00, 0x00, 0x06, 0x00, 0x00, 0x00
    .long str_00220ce4
    .byte 0x18, 0x03, 0x00, 0x00, 0x06, 0x00, 0x00, 0x00
    .long str_00220cf8
    .byte 0x1c, 0x03, 0x00, 0x00, 0x05, 0x00, 0x00, 0x00
    .long str_00220d04
    .byte 0x20, 0x03, 0x00, 0x00, 0x05, 0x00, 0x00, 0x00
    .long str_00220d14
    .byte 0x24, 0x03, 0x00, 0x00, 0x05, 0x00, 0x00, 0x00
    .long str_00220d20
    .byte 0x28, 0x03, 0x00, 0x00, 0x05, 0x00, 0x00, 0x00
    .long str_00220d2c
    .byte 0x2c, 0x03, 0x00, 0x00, 0x05, 0x00, 0x00, 0x00
    .long str_00220d3c
    .byte 0x30, 0x03, 0x00, 0x00, 0x05, 0x00, 0x00, 0x00
    .long str_00220d50
    .byte 0x34, 0x03, 0x00, 0x00, 0x06, 0x00, 0x00, 0x00
    .long str_00220d60
    .byte 0x38, 0x03, 0x00, 0x00, 0x06, 0x00, 0x00, 0x00
    .long str_00220d70
    .byte 0x40, 0x03, 0x00, 0x00, 0x05, 0x00, 0x00, 0x00
    .long str_00220d7c
    .byte 0x3c, 0x03, 0x00, 0x00, 0x05, 0x00, 0x00, 0x00
    .long str_00220d88
    .byte 0x44, 0x03, 0x00, 0x00, 0x05, 0x00, 0x00, 0x00
    .long str_00220d98
    .byte 0x48, 0x03, 0x00, 0x00, 0x05, 0x00, 0x00, 0x00
    .long str_00220da0
    .byte 0x4c, 0x03, 0x00, 0x00, 0x00, 0x00, 0x00, 0x00
    .long str_00220dac
    .byte 0x50, 0x03, 0x00, 0x00, 0x05, 0x00, 0x00, 0x00
    .long str_00220dbc
    .byte 0x54, 0x03, 0x00, 0x00, 0x05, 0x00, 0x00, 0x00
    .long str_00220dcc
    .byte 0x58, 0x03, 0x00, 0x00, 0x05, 0x00, 0x00, 0x00
    .long str_00220ddc
    .byte 0x5c, 0x03, 0x00, 0x00, 0x05, 0x00, 0x00, 0x00
    .long str_00220dec
    .byte 0x60, 0x03, 0x00, 0x00, 0x04, 0x00, 0x00, 0x00
    .long str_00220dfc
    .byte 0x64, 0x03, 0x00, 0x00, 0x04, 0x00, 0x00, 0x00
    .long str_00220e0c
    .byte 0x68, 0x03, 0x00, 0x00, 0x00, 0x00, 0x00, 0x00
    .long str_00220e18
    .byte 0x70, 0x03, 0x00, 0x00, 0x04, 0x00, 0x00, 0x00
    .long str_00220e24
    .byte 0x74, 0x03, 0x00, 0x00, 0x04, 0x00, 0x00, 0x00
    .long str_00220e30
    .byte 0x78, 0x03, 0x00, 0x00, 0x04, 0x00, 0x00, 0x00
    .long str_00220e40
    .byte 0x7c, 0x03, 0x00, 0x00, 0x04, 0x00, 0x00, 0x00
    .long str_00220e58
    .byte 0x80, 0x03, 0x00, 0x00, 0x04, 0x00, 0x00, 0x00
    .long str_00220e70
    .byte 0x84, 0x03, 0x00, 0x00, 0x04, 0x00, 0x00, 0x00
    .long str_00220e80
    .byte 0x88, 0x03, 0x00, 0x00, 0x04, 0x00, 0x00, 0x00
    .long str_00220e94
    .byte 0x8c, 0x03, 0x00, 0x00, 0x00, 0x00, 0x00, 0x00
    .long str_00220ea4
    .byte 0x90, 0x03, 0x00, 0x00, 0x0d, 0x00, 0x00, 0x00
    .long str_00220eb8
    .byte 0x94, 0x03, 0x00, 0x00, 0x00, 0x00, 0x00, 0x00
    .long str_00220ecc
    .byte 0x98, 0x03, 0x00, 0x00, 0x00, 0x00, 0x00, 0x00
    .long str_00220ee0
    .byte 0x9c, 0x03, 0x00, 0x00, 0x05, 0x00, 0x00, 0x00
    .long str_00220ef4
    .byte 0xa0, 0x03, 0x00, 0x00, 0x06, 0x00, 0x00, 0x00
    .long str_00220f0c
    .byte 0xa4, 0x03, 0x00, 0x00, 0x06, 0x00, 0x00, 0x00
    .long str_00220f20
    .byte 0xa8, 0x03, 0x00, 0x00, 0x06, 0x00, 0x00, 0x00
    .long str_00220f34
    .byte 0xac, 0x03, 0x00, 0x00, 0x06, 0x00, 0x00, 0x00
    .long str_00220f4c
    .byte 0xb0, 0x03, 0x00, 0x00, 0x06, 0x00, 0x00, 0x00
    .long str_00220f60
    .byte 0xb4, 0x03, 0x00, 0x00, 0x06, 0x00, 0x00, 0x00
    .long str_00220f78
    .byte 0xb8, 0x03, 0x00, 0x00, 0x06, 0x00, 0x00, 0x00
    .long str_00220f8c
    .byte 0xbc, 0x03, 0x00, 0x00, 0x06, 0x00, 0x00, 0x00
    .long str_00220fa0
    .byte 0xc0, 0x03, 0x00, 0x00, 0x06, 0x00, 0x00, 0x00
    .long str_00220fb8
    .byte 0xc4, 0x03, 0x00, 0x00, 0x06, 0x00, 0x00, 0x00
    .long str_00220fcc
    .byte 0xc8, 0x03, 0x00, 0x00, 0x06, 0x00, 0x00, 0x00
    .long str_00220fe0
    .byte 0xcc, 0x03, 0x00, 0x00, 0x06, 0x00, 0x00, 0x00
    .long str_00220ff8
    .byte 0xd0, 0x03, 0x00, 0x00, 0x06, 0x00, 0x00, 0x00
    .long str_0022100c
    .byte 0xd4, 0x03, 0x00, 0x00, 0x06, 0x00, 0x00, 0x00
    .long str_00221020
    .byte 0xd8, 0x03, 0x00, 0x00, 0x06, 0x00, 0x00, 0x00
    .long str_00221034
    .byte 0xdc, 0x03, 0x00, 0x00, 0x06, 0x00, 0x00, 0x00
    .long str_00221048
    .byte 0xe0, 0x03, 0x00, 0x00, 0x06, 0x00, 0x00, 0x00
    .long str_00221060
    .byte 0xe4, 0x03, 0x00, 0x00, 0x06, 0x00, 0x00, 0x00
    .long str_00221074
    .byte 0xe8, 0x03, 0x00, 0x00, 0x06, 0x00, 0x00, 0x00
    .long str_00221088
    .byte 0xec, 0x03, 0x00, 0x00, 0x06, 0x00, 0x00, 0x00
    .long str_0022109c
    .byte 0xf0, 0x03, 0x00, 0x00, 0x06, 0x00, 0x00, 0x00
    .long str_002210b0
    .byte 0xf4, 0x03, 0x00, 0x00, 0x06, 0x00, 0x00, 0x00
    .long str_002210c4
    .byte 0xf8, 0x03, 0x00, 0x00, 0x06, 0x00, 0x00, 0x00
    .long str_002210dc
    .byte 0xfc, 0x03, 0x00, 0x00, 0x06, 0x00, 0x00, 0x00
    .long str_002210f8
    .byte 0x00, 0x04, 0x00, 0x00, 0x06, 0x00, 0x00, 0x00
    .long str_00221110
    .byte 0x04, 0x04, 0x00, 0x00, 0x06, 0x00, 0x00, 0x00
    .long str_0022112c
    .byte 0x08, 0x04, 0x00, 0x00, 0x06, 0x00, 0x00, 0x00
    .long str_00221148
    .byte 0x0c, 0x04, 0x00, 0x00, 0x06, 0x00, 0x00, 0x00
    .long str_00221164
    .byte 0x10, 0x04, 0x00, 0x00, 0x06, 0x00, 0x00, 0x00
    .long str_00221180
    .byte 0x14, 0x04, 0x00, 0x00, 0x06, 0x00, 0x00, 0x00
    .long str_00221198
    .byte 0x18, 0x04, 0x00, 0x00, 0x06, 0x00, 0x00, 0x00
    .long str_002211b4
    .byte 0x1c, 0x04, 0x00, 0x00, 0x06, 0x00, 0x00, 0x00
    .long str_002211d0
    .byte 0x20, 0x04, 0x00, 0x00, 0x06, 0x00, 0x00, 0x00
    .long str_002211ec
    .byte 0x24, 0x04, 0x00, 0x00, 0x06, 0x00, 0x00, 0x00
    .long str_00221208
    .byte 0x28, 0x04, 0x00, 0x00, 0x06, 0x00, 0x00, 0x00
    .long str_00221224
    .byte 0x2c, 0x04, 0x00, 0x00, 0x06, 0x00, 0x00, 0x00
    .long str_0022123c
    .byte 0x30, 0x04, 0x00, 0x00, 0x06, 0x00, 0x00, 0x00
    .long str_00221258
    .byte 0x34, 0x04, 0x00, 0x00, 0x06, 0x00, 0x00, 0x00
    .long str_00221270
    .byte 0x38, 0x04, 0x00, 0x00, 0x06, 0x00, 0x00, 0x00
    .long str_0022128c
    .byte 0x3c, 0x04, 0x00, 0x00, 0x06, 0x00, 0x00, 0x00
    .long str_002212a8
    .byte 0x40, 0x04, 0x00, 0x00, 0x06, 0x00, 0x00, 0x00
    .long str_002212c0
    .byte 0x44, 0x04, 0x00, 0x00, 0x06, 0x00, 0x00, 0x00
    .long str_002212d8
    .byte 0x48, 0x04, 0x00, 0x00, 0x06, 0x00, 0x00, 0x00
    .long str_002212f0
    .byte 0x4c, 0x04, 0x00, 0x00, 0x06, 0x00, 0x00, 0x00
    .long str_0022130c
    .byte 0x50, 0x04, 0x00, 0x00, 0x06, 0x00, 0x00, 0x00
    .long str_00221324
    .byte 0x54, 0x04, 0x00, 0x00, 0x06, 0x00, 0x00, 0x00
    .long str_00221340
    .byte 0x58, 0x04, 0x00, 0x00, 0x00, 0x00, 0x00, 0x00
    .long str_00221350
    .byte 0x5c, 0x04, 0x00, 0x00, 0x04, 0x00, 0x00, 0x00
    .long str_00221364
    .byte 0x60, 0x04, 0x00, 0x00, 0x06, 0x00, 0x00, 0x00
    .long str_00221374
    .byte 0x64, 0x04, 0x00, 0x00, 0x06, 0x00, 0x00, 0x00
    .long str_00221384
    .byte 0x68, 0x04, 0x00, 0x00, 0x06, 0x00, 0x00, 0x00
    .long str_00221394
    .byte 0xc0, 0x02, 0x00, 0x00, 0x07, 0x00, 0x00, 0x00
    .long str_002213a4
    .byte 0xc4, 0x02, 0x00, 0x00, 0x07, 0x00, 0x00, 0x00
    .long str_002213b4
    .byte 0xc8, 0x02, 0x00, 0x00, 0x06, 0x00, 0x00, 0x00
    .long str_002213c4
    .byte 0xd0, 0x02, 0x00, 0x00, 0x06, 0x00, 0x00, 0x00
    .long str_002213d4
    .byte 0x68, 0x02, 0x00, 0x00, 0x06, 0x00, 0x00, 0x00
    .long str_002213e0
    .byte 0x6c, 0x02, 0x00, 0x00, 0x06, 0x00, 0x00, 0x00
    .long str_002213f0
    .byte 0x70, 0x02, 0x00, 0x00, 0x06, 0x00, 0x00, 0x00
    .long str_00221400
    .byte 0x74, 0x02, 0x00, 0x00, 0x00, 0x00, 0x00, 0x00
    .long str_00221414
    .byte 0x78, 0x02, 0x00, 0x00, 0x0a, 0x00, 0x00, 0x00
    .long str_00221428
    .byte 0x7c, 0x02, 0x00, 0x00, 0x06, 0x00, 0x00, 0x00
    .long str_00221438
    .byte 0x80, 0x02, 0x00, 0x00, 0x06, 0x00, 0x00, 0x00
    .long str_0022144c
    .byte 0x84, 0x02, 0x00, 0x00, 0x06, 0x00, 0x00, 0x00
    .long str_0022145c
    .byte 0x88, 0x02, 0x00, 0x00, 0x06, 0x00, 0x00, 0x00
    .long str_0022146c
    .byte 0x6c, 0x04, 0x00, 0x00, 0x06, 0x00, 0x00, 0x00
    .long str_00221478
    .byte 0x70, 0x04, 0x00, 0x00, 0x06, 0x00, 0x00, 0x00
    .long str_0022148c
    .byte 0x74, 0x04, 0x00, 0x00, 0x06, 0x00, 0x00, 0x00
    .long str_002214a0
    .byte 0x24, 0x05, 0x00, 0x00, 0x07, 0x00, 0x00, 0x00
    .long str_002214b4
    .byte 0x78, 0x04, 0x00, 0x00, 0x04, 0x00, 0x00, 0x00
    .long str_002214d4
    .byte 0x7c, 0x04, 0x00, 0x00, 0x06, 0x00, 0x00, 0x00
    .long str_002214f4
    .byte 0x80, 0x04, 0x00, 0x00, 0x06, 0x00, 0x00, 0x00
    .long str_00221508
    .byte 0x84, 0x04, 0x00, 0x00, 0x06, 0x00, 0x00, 0x00
    .long str_0022151c
    .byte 0x88, 0x04, 0x00, 0x00, 0x06, 0x00, 0x00, 0x00
    .long str_00221530
    .byte 0x8c, 0x04, 0x00, 0x00, 0x06, 0x00, 0x00, 0x00
    .long str_00221544
    .byte 0x90, 0x04, 0x00, 0x00, 0x06, 0x00, 0x00, 0x00
    .long str_00221554
    .byte 0x94, 0x04, 0x00, 0x00, 0x06, 0x00, 0x00, 0x00
    .long str_00221568
    .byte 0x98, 0x04, 0x00, 0x00, 0x06, 0x00, 0x00, 0x00
    .long str_00221580
    .byte 0x9c, 0x04, 0x00, 0x00, 0x06, 0x00, 0x00, 0x00
    .long str_00221598
    .byte 0xa0, 0x04, 0x00, 0x00, 0x06, 0x00, 0x00, 0x00
    .long str_002215ac
    .byte 0xa4, 0x04, 0x00, 0x00, 0x06, 0x00, 0x00, 0x00
    .long str_002215c0
    .byte 0xa8, 0x04, 0x00, 0x00, 0x06, 0x00, 0x00, 0x00
    .long str_002215d4
    .byte 0xac, 0x04, 0x00, 0x00, 0x06, 0x00, 0x00, 0x00
    .long str_002215e8
    .byte 0xb0, 0x04, 0x00, 0x00, 0x06, 0x00, 0x00, 0x00
    .long str_00221600
    .byte 0xbc, 0x04, 0x00, 0x00, 0x06, 0x00, 0x00, 0x00
    .long str_0022160c
    .byte 0x8c, 0x02, 0x00, 0x00, 0x06, 0x00, 0x00, 0x00
    .long str_00221620
    .byte 0x90, 0x02, 0x00, 0x00, 0x06, 0x00, 0x00, 0x00
    .long str_00221634
    .byte 0x94, 0x02, 0x00, 0x00, 0x06, 0x00, 0x00, 0x00
    .long str_00221648
    .byte 0x98, 0x02, 0x00, 0x00, 0x06, 0x00, 0x00, 0x00
    .long str_00221658
    .byte 0x9c, 0x02, 0x00, 0x00, 0x06, 0x00, 0x00, 0x00
    .long str_0022166c
    .byte 0xa0, 0x02, 0x00, 0x00, 0x06, 0x00, 0x00, 0x00
    .long str_00221680
    .byte 0xa4, 0x02, 0x00, 0x00, 0x06, 0x00, 0x00, 0x00
    .long str_00221694
    .byte 0xa8, 0x02, 0x00, 0x00, 0x06, 0x00, 0x00, 0x00
    .long str_002216a8
    .byte 0xac, 0x02, 0x00, 0x00, 0x06, 0x00, 0x00, 0x00
    .long str_002216bc
    .byte 0xb0, 0x02, 0x00, 0x00, 0x06, 0x00, 0x00, 0x00
    .long str_002216d0
    .byte 0xb4, 0x02, 0x00, 0x00, 0x06, 0x00, 0x00, 0x00
    .long str_002216e8
    .byte 0xb8, 0x02, 0x00, 0x00, 0x06, 0x00, 0x00, 0x00
    .long str_002216fc
    .byte 0xbc, 0x02, 0x00, 0x00, 0x06, 0x00, 0x00, 0x00
    .long str_00221710
    .byte 0xcc, 0x02, 0x00, 0x00, 0x06, 0x00, 0x00, 0x00
    .long str_00221720
    .byte 0xd4, 0x02, 0x00, 0x00, 0x06, 0x00, 0x00, 0x00
    .long str_00221730
    .byte 0xc0, 0x04, 0x00, 0x00, 0x04, 0x00, 0x00, 0x00
    .long str_00221750
    .byte 0xc4, 0x04, 0x00, 0x00, 0x06, 0x00, 0x00, 0x00
    .long str_00221770
    .byte 0xc8, 0x04, 0x00, 0x00, 0x06, 0x00, 0x00, 0x00
    .long str_00221784
    .byte 0xcc, 0x04, 0x00, 0x00, 0x06, 0x00, 0x00, 0x00
    .long str_00221798
    .byte 0xd0, 0x04, 0x00, 0x00, 0x06, 0x00, 0x00, 0x00
    .long str_002217ac
    .byte 0xd4, 0x04, 0x00, 0x00, 0x06, 0x00, 0x00, 0x00
    .long str_002217c0
    .byte 0xd8, 0x04, 0x00, 0x00, 0x06, 0x00, 0x00, 0x00
    .long str_002217d0
    .byte 0xdc, 0x04, 0x00, 0x00, 0x06, 0x00, 0x00, 0x00
    .long str_002217e4
    .byte 0xe0, 0x04, 0x00, 0x00, 0x06, 0x00, 0x00, 0x00
    .long str_002217fc
    .byte 0xe4, 0x04, 0x00, 0x00, 0x06, 0x00, 0x00, 0x00
    .long str_00221814
    .byte 0xe8, 0x04, 0x00, 0x00, 0x06, 0x00, 0x00, 0x00
    .long str_00221828
    .byte 0xec, 0x04, 0x00, 0x00, 0x06, 0x00, 0x00, 0x00
    .long str_0022183c
    .byte 0xf0, 0x04, 0x00, 0x00, 0x06, 0x00, 0x00, 0x00
    .long str_00221850
    .byte 0xf4, 0x04, 0x00, 0x00, 0x06, 0x00, 0x00, 0x00
    .long str_00221864
    .byte 0xf8, 0x04, 0x00, 0x00, 0x06, 0x00, 0x00, 0x00
    .long str_0022187c
    .byte 0x28, 0x05, 0x00, 0x00, 0x06, 0x00, 0x00, 0x00
    .long str_00221884
    .byte 0x2c, 0x05, 0x00, 0x00, 0x06, 0x00, 0x00, 0x00
    .long str_00221890
    .byte 0x30, 0x05, 0x00, 0x00, 0x06, 0x00, 0x00, 0x00
    .long str_00221898
    .byte 0x34, 0x05, 0x00, 0x00, 0x06, 0x00, 0x00, 0x00
    .long str_002218a4
    .byte 0x38, 0x05, 0x00, 0x00, 0x06, 0x00, 0x00, 0x00
    .long str_002218b0
    .byte 0x3c, 0x05, 0x00, 0x00, 0x06, 0x00, 0x00, 0x00
    .long str_002218bc
    .byte 0x40, 0x05, 0x00, 0x00, 0x06, 0x00, 0x00, 0x00
    .long str_002218cc
    .byte 0x4c, 0x05, 0x00, 0x00, 0x06, 0x00, 0x00, 0x00
    .long str_002218e0
    .byte 0x50, 0x05, 0x00, 0x00, 0x06, 0x00, 0x00, 0x00
    .long str_002218f0
    .byte 0x44, 0x05, 0x00, 0x00, 0x06, 0x00, 0x00, 0x00
    .long str_00221904
    .byte 0x48, 0x05, 0x00, 0x00, 0x06, 0x00, 0x00, 0x00
    .long str_00221914
    .byte 0x54, 0x05, 0x00, 0x00, 0x06, 0x00, 0x00, 0x00
    .long str_0022192c
    .byte 0x58, 0x05, 0x00, 0x00, 0x06, 0x00, 0x00, 0x00
    .long str_00221940
    .byte 0x5c, 0x05, 0x00, 0x00, 0x06, 0x00, 0x00, 0x00
    .long str_00221950
    .byte 0x60, 0x05, 0x00, 0x00, 0x06, 0x00, 0x00, 0x00
    .long str_0022195c
    .byte 0x64, 0x05, 0x00, 0x00, 0x06, 0x00, 0x00, 0x00
    .long str_00221970
    .byte 0x68, 0x05, 0x00, 0x00, 0x06, 0x00, 0x00, 0x00
    .long str_00221984
    .byte 0x8c, 0x00, 0x00, 0x00, 0x0c, 0x00, 0x00, 0x00
    .long str_0022198c
    .byte 0x6c, 0x05, 0x00, 0x00, 0x00, 0x00, 0x00, 0x00
    .long str_0022199c
    .byte 0x70, 0x05, 0x00, 0x00, 0x00, 0x00, 0x00, 0x00
    .long str_002219ac
    .byte 0x7c, 0x05, 0x00, 0x00, 0x06, 0x00, 0x00, 0x00
    .long str_002219bc
    .byte 0x80, 0x05, 0x00, 0x00, 0x06, 0x00, 0x00, 0x00
    .long str_002219cc
    .byte 0x04, 0x05, 0x00, 0x00, 0x06, 0x00, 0x00, 0x00
    .long str_002219d8
    .byte 0x08, 0x05, 0x00, 0x00, 0x06, 0x00, 0x00, 0x00
    .long str_002219e0
    .byte 0x0c, 0x05, 0x00, 0x00, 0x00, 0x00, 0x00, 0x00
    .long str_002219f4
    .byte 0x10, 0x05, 0x00, 0x00, 0x00, 0x00, 0x00, 0x00
    .long str_00221a0c
    .byte 0xb0, 0x05, 0x00, 0x00, 0x06, 0x00, 0x00, 0x00
    .long str_00221a14
    .byte 0xb4, 0x05, 0x00, 0x00, 0x06, 0x00, 0x00, 0x00
    .long str_00221a20
    .byte 0xb8, 0x05, 0x00, 0x00, 0x06, 0x00, 0x00, 0x00
    .long str_00221a28
    .byte 0xbc, 0x05, 0x00, 0x00, 0x06, 0x00, 0x00, 0x00
    .long str_00221a30
    .byte 0xc0, 0x05, 0x00, 0x00, 0x06, 0x00, 0x00, 0x00
    .long str_00221a40
    .byte 0xc4, 0x05, 0x00, 0x00, 0x06, 0x00, 0x00, 0x00
    .long str_00221a50
    .byte 0xc8, 0x05, 0x00, 0x00, 0x06, 0x00, 0x00, 0x00
    .long str_00221a64
    .byte 0xd0, 0x05, 0x00, 0x00, 0x06, 0x00, 0x00, 0x00
    .long str_00221a78
    .byte 0xd8, 0x05, 0x00, 0x00, 0x06, 0x00, 0x00, 0x00
    .long str_00221a88
    .byte 0xcc, 0x05, 0x00, 0x00, 0x06, 0x00, 0x00, 0x00
    .long str_00221a98
    .byte 0xd4, 0x05, 0x00, 0x00, 0x06, 0x00, 0x00, 0x00
    .long str_00221aa8
    .byte 0xdc, 0x05, 0x00, 0x00, 0x06, 0x00, 0x00, 0x00
    .long str_00221ab4
    .byte 0xe0, 0x05, 0x00, 0x00, 0x06, 0x00, 0x00, 0x00
    .long str_00221ac8
    .byte 0xe8, 0x05, 0x00, 0x00, 0x06, 0x00, 0x00, 0x00
    .long str_00221adc
    .byte 0xf0, 0x05, 0x00, 0x00, 0x06, 0x00, 0x00, 0x00
    .long str_00221aec
    .byte 0xe4, 0x05, 0x00, 0x00, 0x06, 0x00, 0x00, 0x00
    .long str_00221afc
    .byte 0xec, 0x05, 0x00, 0x00, 0x06, 0x00, 0x00, 0x00
    .long str_00221b0c
    .byte 0xf4, 0x05, 0x00, 0x00, 0x06, 0x00, 0x00, 0x00
    .long str_00221b18
    .byte 0xf8, 0x05, 0x00, 0x00, 0x06, 0x00, 0x00, 0x00
    .long str_00221b20
    .byte 0xfc, 0x05, 0x00, 0x00, 0x00, 0x00, 0x00, 0x00
    .long str_00221b2c
    .byte 0x00, 0x06, 0x00, 0x00, 0x00, 0x00, 0x00, 0x00

.globl offhandClassNames
.type offhandClassNames, @object
.size offhandClassNames, 12
.align 4
offhandClassNames:
    .long str_00221b40
    .long str_00221b48
    .long str_00221b58

.globl szProjectileExplosionNames
.type szProjectileExplosionNames, @object
.size szProjectileExplosionNames, 12
.align 4
szProjectileExplosionNames:
    .long str_00221b68
    .long str_00221b70
    .long str_00218298

.globl szWeapStanceNames
.type szWeapStanceNames, @object
.size szWeapStanceNames, 12
.align 4
szWeapStanceNames:
    .long str_00221b78
    .long str_00221b80
    .long str_00221b88

.globl szWeapSlotNames
.type szWeapSlotNames, @object
.size szWeapSlotNames, 12
.align 4
szWeapSlotNames:
    .long str_00218298
    .long str_00221b90
    .long str_00221b98

.globl szWeapOverlayReticleNames
.type szWeapOverlayReticleNames, @object
.size szWeapOverlayReticleNames, 40
.align 4
szWeapOverlayReticleNames:
    .long str_00218298
    .long str_00221ba4
    .long str_00221bb0
    .long str_00221bb8
    .long str_00221bc4
    .byte 0x00, 0x00, 0x00, 0x00, 0x00, 0x00, 0x00, 0x00, 0x00, 0x00, 0x00, 0x00, 0x00, 0x00, 0x00, 0x00
    .byte 0x00, 0x00, 0x00, 0x00

.globl szWeapClassNames
.type szWeapClassNames, @object
.size szWeapClassNames, 40
.align 4
szWeapClassNames:
    .long str_00221bd0
    .long str_00221bd8
    .long str_00221bdc
    .long str_00221be0
    .long str_00221be8
    .long str_00221b68
    .long str_00221bf0
    .long str_00221c00
    .long str_00221c08
    .long str_0021ec08

.globl szWeapTypeNames
.type szWeapTypeNames, @object
.size szWeapTypeNames, 24
.align 4
szWeapTypeNames:
    .long str_00221c14
    .long str_00221b68
    .long str_00221c1c
    .long str_00221bc4
    .byte 0x00, 0x00, 0x00, 0x00, 0x00, 0x00, 0x00, 0x00

.globl dollardirectives
.type dollardirectives, @object
.size dollardirectives, 160
.align 4
dollardirectives:
    .long str_00222044
    .long PC_DollarDirective_evalint
    .long str_0022204c
    .long PC_DollarDirective_evalfloat
    .byte 0x00, 0x00, 0x00, 0x00, 0x00, 0x00, 0x00, 0x00, 0x00, 0x00, 0x00, 0x00, 0x00, 0x00, 0x00, 0x00
    .byte 0x00, 0x00, 0x00, 0x00, 0x00, 0x00, 0x00, 0x00, 0x00, 0x00, 0x00, 0x00, 0x00, 0x00, 0x00, 0x00
    .byte 0x00, 0x00, 0x00, 0x00, 0x00, 0x00, 0x00, 0x00, 0x00, 0x00, 0x00, 0x00, 0x00, 0x00, 0x00, 0x00
    .byte 0x00, 0x00, 0x00, 0x00, 0x00, 0x00, 0x00, 0x00, 0x00, 0x00, 0x00, 0x00, 0x00, 0x00, 0x00, 0x00
    .byte 0x00, 0x00, 0x00, 0x00, 0x00, 0x00, 0x00, 0x00, 0x00, 0x00, 0x00, 0x00, 0x00, 0x00, 0x00, 0x00
    .byte 0x00, 0x00, 0x00, 0x00, 0x00, 0x00, 0x00, 0x00, 0x00, 0x00, 0x00, 0x00, 0x00, 0x00, 0x00, 0x00
    .byte 0x00, 0x00, 0x00, 0x00, 0x00, 0x00, 0x00, 0x00, 0x00, 0x00, 0x00, 0x00, 0x00, 0x00, 0x00, 0x00
    .byte 0x00, 0x00, 0x00, 0x00, 0x00, 0x00, 0x00, 0x00, 0x00, 0x00, 0x00, 0x00, 0x00, 0x00, 0x00, 0x00
    .byte 0x00, 0x00, 0x00, 0x00, 0x00, 0x00, 0x00, 0x00, 0x00, 0x00, 0x00, 0x00, 0x00, 0x00, 0x00, 0x00

.globl directives
.type directives, @object
.size directives, 160
.align 4
directives:
    .long str_00222058
    .long PC_Directive_if
    .long str_0022205c
    .long PC_Directive_ifdef
    .long str_00222064
    .long PC_Directive_ifndef
    .long str_0022206c
    .long PC_Directive_elif
    .long str_00222074
    .long PC_Directive_else
    .long str_0022207c
    .long PC_Directive_endif
    .long str_00222084
    .long PC_Directive_include
    .long str_0022208c
    .long PC_Directive_define
    .long str_00222094
    .long PC_Directive_undef
    .long str_00219df4
    .long PC_Directive_line
    .long str_002168a4
    .long PC_Directive_error
    .long str_0022209c
    .long PC_Directive_pragma
    .long str_002220a4
    .long PC_Directive_eval
    .long str_0022204c
    .long PC_Directive_evalfloat
    .byte 0x00, 0x00, 0x00, 0x00, 0x00, 0x00, 0x00, 0x00, 0x00, 0x00, 0x00, 0x00, 0x00, 0x00, 0x00, 0x00
    .byte 0x00, 0x00, 0x00, 0x00, 0x00, 0x00, 0x00, 0x00, 0x00, 0x00, 0x00, 0x00, 0x00, 0x00, 0x00, 0x00
    .byte 0x00, 0x00, 0x00, 0x00, 0x00, 0x00, 0x00, 0x00, 0x00, 0x00, 0x00, 0x00, 0x00, 0x00, 0x00, 0x00

.globl default_punctuations
.type default_punctuations, @object
.size default_punctuations, 640
.align 4
default_punctuations:
    .long str_002228d8
    .byte 0x01, 0x00, 0x00, 0x00, 0x00, 0x00, 0x00, 0x00
    .long str_002228dc
    .byte 0x02, 0x00, 0x00, 0x00, 0x00, 0x00, 0x00, 0x00
    .long str_002228e0
    .byte 0x03, 0x00, 0x00, 0x00, 0x00, 0x00, 0x00, 0x00
    .long str_00222814
    .byte 0x04, 0x00, 0x00, 0x00, 0x00, 0x00, 0x00, 0x00
    .long str_00216c3c
    .byte 0x05, 0x00, 0x00, 0x00, 0x00, 0x00, 0x00, 0x00
    .long str_0021e864
    .byte 0x06, 0x00, 0x00, 0x00, 0x00, 0x00, 0x00, 0x00
    .long str_0021e86c
    .byte 0x07, 0x00, 0x00, 0x00, 0x00, 0x00, 0x00, 0x00
    .long str_0021e868
    .byte 0x08, 0x00, 0x00, 0x00, 0x00, 0x00, 0x00, 0x00
    .long str_0021e870
    .byte 0x09, 0x00, 0x00, 0x00, 0x00, 0x00, 0x00, 0x00
    .long str_0021e874
    .byte 0x0a, 0x00, 0x00, 0x00, 0x00, 0x00, 0x00, 0x00
    .long str_0021e84c
    .byte 0x0b, 0x00, 0x00, 0x00, 0x00, 0x00, 0x00, 0x00
    .long str_0021e850
    .byte 0x0c, 0x00, 0x00, 0x00, 0x00, 0x00, 0x00, 0x00
    .long str_002228e4
    .byte 0x0d, 0x00, 0x00, 0x00, 0x00, 0x00, 0x00, 0x00
    .long str_0021e844
    .byte 0x0e, 0x00, 0x00, 0x00, 0x00, 0x00, 0x00, 0x00
    .long str_0021e848
    .byte 0x0f, 0x00, 0x00, 0x00, 0x00, 0x00, 0x00, 0x00
    .long str_0021e85c
    .byte 0x10, 0x00, 0x00, 0x00, 0x00, 0x00, 0x00, 0x00
    .long str_0021e860
    .byte 0x11, 0x00, 0x00, 0x00, 0x00, 0x00, 0x00, 0x00
    .long str_0021e854
    .byte 0x12, 0x00, 0x00, 0x00, 0x00, 0x00, 0x00, 0x00
    .long str_0021e858
    .byte 0x13, 0x00, 0x00, 0x00, 0x00, 0x00, 0x00, 0x00
    .long str_002228e8
    .byte 0x14, 0x00, 0x00, 0x00, 0x00, 0x00, 0x00, 0x00
    .long str_002228ec
    .byte 0x15, 0x00, 0x00, 0x00, 0x00, 0x00, 0x00, 0x00
    .long str_002228f0
    .byte 0x16, 0x00, 0x00, 0x00, 0x00, 0x00, 0x00, 0x00
    .long str_002228f4
    .byte 0x17, 0x00, 0x00, 0x00, 0x00, 0x00, 0x00, 0x00
    .long str_00215bf8
    .byte 0x18, 0x00, 0x00, 0x00, 0x00, 0x00, 0x00, 0x00
    .long str_002228f8
    .byte 0x19, 0x00, 0x00, 0x00, 0x00, 0x00, 0x00, 0x00
    .long str_00215b8c
    .byte 0x1a, 0x00, 0x00, 0x00, 0x00, 0x00, 0x00, 0x00
    .long str_00216f38
    .byte 0x1b, 0x00, 0x00, 0x00, 0x00, 0x00, 0x00, 0x00
    .long str_002228fc
    .byte 0x1c, 0x00, 0x00, 0x00, 0x00, 0x00, 0x00, 0x00
    .long str_0021e990
    .byte 0x1d, 0x00, 0x00, 0x00, 0x00, 0x00, 0x00, 0x00
    .long str_00222900
    .byte 0x1e, 0x00, 0x00, 0x00, 0x00, 0x00, 0x00, 0x00
    .long str_00222904
    .byte 0x1f, 0x00, 0x00, 0x00, 0x00, 0x00, 0x00, 0x00
    .long str_00222908
    .byte 0x20, 0x00, 0x00, 0x00, 0x00, 0x00, 0x00, 0x00
    .long str_0022290c
    .byte 0x21, 0x00, 0x00, 0x00, 0x00, 0x00, 0x00, 0x00
    .long str_00222910
    .byte 0x22, 0x00, 0x00, 0x00, 0x00, 0x00, 0x00, 0x00
    .long str_00222914
    .byte 0x23, 0x00, 0x00, 0x00, 0x00, 0x00, 0x00, 0x00
    .long str_00222918
    .byte 0x24, 0x00, 0x00, 0x00, 0x00, 0x00, 0x00, 0x00
    .long str_0022291c
    .byte 0x25, 0x00, 0x00, 0x00, 0x00, 0x00, 0x00, 0x00
    .long str_00222920
    .byte 0x26, 0x00, 0x00, 0x00, 0x00, 0x00, 0x00, 0x00
    .long str_00217ff8
    .byte 0x27, 0x00, 0x00, 0x00, 0x00, 0x00, 0x00, 0x00
    .long str_0021f88c
    .byte 0x28, 0x00, 0x00, 0x00, 0x00, 0x00, 0x00, 0x00
    .long str_00222924
    .byte 0x29, 0x00, 0x00, 0x00, 0x00, 0x00, 0x00, 0x00
    .long str_00222928
    .byte 0x2a, 0x00, 0x00, 0x00, 0x00, 0x00, 0x00, 0x00
    .long str_0022292c
    .byte 0x2b, 0x00, 0x00, 0x00, 0x00, 0x00, 0x00, 0x00
    .long str_002221e8
    .byte 0x2c, 0x00, 0x00, 0x00, 0x00, 0x00, 0x00, 0x00
    .long str_00222224
    .byte 0x2d, 0x00, 0x00, 0x00, 0x00, 0x00, 0x00, 0x00
    .long str_0021e50c
    .byte 0x2e, 0x00, 0x00, 0x00, 0x00, 0x00, 0x00, 0x00
    .long str_0021e508
    .byte 0x2f, 0x00, 0x00, 0x00, 0x00, 0x00, 0x00, 0x00
    .long str_0021e510
    .byte 0x30, 0x00, 0x00, 0x00, 0x00, 0x00, 0x00, 0x00
    .long str_0021e504
    .byte 0x31, 0x00, 0x00, 0x00, 0x00, 0x00, 0x00, 0x00
    .long str_00222630
    .byte 0x32, 0x00, 0x00, 0x00, 0x00, 0x00, 0x00, 0x00
    .long str_00222930
    .byte 0x33, 0x00, 0x00, 0x00, 0x00, 0x00, 0x00, 0x00
    .long str_00222934
    .byte 0x34, 0x00, 0x00, 0x00, 0x00, 0x00, 0x00, 0x00, 0x00, 0x00, 0x00, 0x00, 0x00, 0x00, 0x00, 0x00
    .byte 0x00, 0x00, 0x00, 0x00, 0x00, 0x00, 0x00, 0x00

.globl gConsoleRunning
.type gConsoleRunning, @object
.size gConsoleRunning, 32
.align 4
gConsoleRunning:
    .byte 0x00, 0x00, 0x00, 0x00, 0x00, 0x00, 0x00, 0x00, 0x00, 0x00, 0x00, 0x00, 0x00, 0x00, 0x00, 0x00
    .byte 0x00, 0x00, 0x00, 0x00, 0x00, 0x00, 0x00, 0x00, 0x00, 0x00, 0x00, 0x00, 0x00, 0x00, 0x00, 0x00

.globl s_XModelSurfaceSize
.type s_XModelSurfaceSize, @object
.size s_XModelSurfaceSize, 8
.align 4
s_XModelSurfaceSize:
    .byte 0x00, 0x00, 0x00, 0x10
    .long __mh_execute_header+56

.globl s_entitySurface
.type s_entitySurface, @object
.size s_entitySurface, 24
.align 4
s_entitySurface:
    .byte 0x02, 0x00, 0x00, 0x00, 0x00, 0x00, 0x00, 0x00, 0x00, 0x00, 0x00, 0x00, 0x00, 0x00, 0x00, 0x00
    .byte 0x00, 0x00, 0x00, 0x00, 0x00, 0x00, 0x00, 0x00

.globl s_aspectRatioNames
.type s_aspectRatioNames, @object
.size s_aspectRatioNames, 20
.align 4
s_aspectRatioNames:
    .long str_0021ebe8
    .long str_00222ecc
    .long str_00222ed8
    .long str_00222ee4
    .byte 0x00, 0x00, 0x00, 0x00

.globl s_technologyNames
.type s_technologyNames, @object
.size s_technologyNames, 16
.align 4
s_technologyNames:
    .long str_00218298
    .long str_00222ef0
    .long str_00222ef4
    .byte 0x00, 0x00, 0x00, 0x00

.globl r_forceLodNames
.type r_forceLodNames, @object
.size r_forceLodNames, 24
.align 4
r_forceLodNames:
    .long str_00222ef8
    .long str_00222f00
    .long str_00222f08
    .long str_00222f0c
    .long str_00218298
    .byte 0x00, 0x00, 0x00, 0x00

.globl fbColorDebugNames
.type fbColorDebugNames, @object
.size fbColorDebugNames, 16
.align 4
fbColorDebugNames:
    .long str_00221b40
    .long str_00222f14
    .long str_00222f1c
    .byte 0x00, 0x00, 0x00, 0x00

.globl s_aaAlphaNames
.type s_aaAlphaNames, @object
.size s_aaAlphaNames, 16
.align 4
s_aaAlphaNames:
    .long str_00219524
    .long str_00222f28
    .long str_00222f38
    .byte 0x00, 0x00, 0x00, 0x00

.globl xdebugNames
.type xdebugNames, @object
.size xdebugNames, 20
.align 4
xdebugNames:
    .long str_002157b8
    .long str_00222f4c
    .long str_00222f54
    .long str_00222f5c
    .byte 0x00, 0x00, 0x00, 0x00

.globl normalMapNames
.type normalMapNames, @object
.size normalMapNames, 12
.align 4
normalMapNames:
    .long str_00222f64
    .long str_00222f70
    .byte 0x00, 0x00, 0x00, 0x00

.globl colorMapNames
.type colorMapNames, @object
.size colorMapNames, 16
.align 4
colorMapNames:
    .long str_00222f64
    .long str_00222f78
    .long str_00222f80
    .byte 0x00, 0x00, 0x00, 0x00

.globl gpuSyncNames
.type gpuSyncNames, @object
.size gpuSyncNames, 20
.align 4
gpuSyncNames:
    .long str_00219524
    .long str_00222f88
    .long str_00222f94
    .long str_00222fa4
    .byte 0x00, 0x00, 0x00, 0x00

.globl debugShaderNames
.type debugShaderNames, @object
.size debugShaderNames, 24
.align 4
debugShaderNames:
    .long str_00218298
    .long str_00222fb0
    .long str_00222fb8
    .long str_00222fc8
    .long str_00222fd8
    .byte 0x00, 0x00, 0x00, 0x00

.globl textureModeNames
.type textureModeNames, @object
.size textureModeNames, 40
.align 4
textureModeNames:
    .long str_00222fe4
    .long str_0021a1a4
    .long str_00222fec
    .long str_00222ff8
    .long str_00223004
    .byte 0x00, 0x00, 0x00, 0x00, 0x00, 0x00, 0x00, 0x00, 0x00, 0x00, 0x00, 0x00, 0x00, 0x00, 0x00, 0x00
    .byte 0x00, 0x00, 0x00, 0x00

.globl alwaysfails
.type alwaysfails, @object
.size alwaysfails, 32
.align 4
alwaysfails:
    .byte 0x00, 0x00, 0x00, 0x00, 0x00, 0x00, 0x00, 0x00, 0x00, 0x00, 0x00, 0x00, 0x00, 0x00, 0x00, 0x00
    .byte 0x00, 0x00, 0x00, 0x00, 0x00, 0x00, 0x00, 0x00, 0x00, 0x00, 0x00, 0x00, 0x00, 0x00, 0x00, 0x00

.globl g_platform_name
.type g_platform_name, @object
.size g_platform_name, 32
.align 4
g_platform_name:
    .long str_00225108
    .long str_00225110
    .byte 0x00, 0x00, 0x00, 0x00, 0x00, 0x00, 0x00, 0x00, 0x00, 0x00, 0x00, 0x00, 0x00, 0x00, 0x00, 0x00
    .byte 0x00, 0x00, 0x00, 0x00, 0x00, 0x00, 0x00, 0x00

.globl imageTypeName
.type imageTypeName, @object
.size imageTypeName, 64
.align 4
imageTypeName:
    .long str_00225118
    .long str_00225120
    .long str_00225128
    .long str_00225130
    .long str_00225138
    .long str_00225140
    .long str_00225148
    .long str_00225150
    .long str_00225158
    .long str_00225160
    .byte 0x00, 0x00, 0x00, 0x00, 0x00, 0x00, 0x00, 0x00, 0x00, 0x00, 0x00, 0x00, 0x00, 0x00, 0x00, 0x00
    .byte 0x00, 0x00, 0x00, 0x00, 0x00, 0x00, 0x00, 0x00

.globl g_imageProgNames
.type g_imageProgNames, @object
.size g_imageProgNames, 64
.align 4
g_imageProgNames:
    .long str_00225168
    .long str_0022517c
    .long str_0022518c
    .long str_002251a0
    .long str_002251b0
    .long str_002251b8
    .long str_002251c0
    .long str_002251cc
    .long str_002251d8
    .long str_002251ec
    .long str_002251fc
    .long str_00224568
    .byte 0x00, 0x00, 0x00, 0x00, 0x00, 0x00, 0x00, 0x00, 0x00, 0x00, 0x00, 0x00, 0x00, 0x00, 0x00, 0x00

.globl s_sundvars
.type s_sundvars, @object
.size s_sundvars, 96
.align 4
s_sundvars:
    .long str_00226400
    .long str_00226414
    .long str_00226428
    .long str_0022643c
    .long str_00226450
    .long str_00226468
    .long str_0022647c
    .long str_00226494
    .long str_002264ac
    .long str_002264c0
    .long str_002264d4
    .long str_002264ec
    .long str_00226504
    .long str_0022651c
    .long str_00226530
    .long str_00226544
    .long str_0022655c
    .long str_00226574
    .long str_0022658c
    .long str_002265a0
    .long str_002265b4
    .byte 0x00, 0x00, 0x00, 0x00, 0x00, 0x00, 0x00, 0x00, 0x00, 0x00, 0x00, 0x00

.globl R_BoundsForDrawSurfTable
.type R_BoundsForDrawSurfTable, @object
.size R_BoundsForDrawSurfTable, 32
.align 4
R_BoundsForDrawSurfTable:
    .byte 0x00, 0x00, 0x00, 0x00, 0x00, 0x00, 0x00, 0x00, 0x00, 0x00, 0x00, 0x00
    .long R_BoundsForSurf_ModelInst
    .long R_BoundsForSurf_ModelInst
    .long R_BoundsForSurf_StaticModelCached
    .long R_BoundsForSurf_Triangles
    .byte 0x00, 0x00, 0x00, 0x00

.globl g_TotalFilterPasses
.type g_TotalFilterPasses, @object
.size g_TotalFilterPasses, 4
.align 4
g_TotalFilterPasses:
    .byte 0x00, 0x00, 0x00, 0x00

.globl g_LastGlowFilter
.type g_LastGlowFilter, @object
.size g_LastGlowFilter, 28
.align 4
g_LastGlowFilter:
    .byte 0x00, 0x00, 0x00, 0x00, 0x00, 0x00, 0x00, 0x00, 0x00, 0x00, 0x00, 0x00, 0x00, 0x00, 0x00, 0x00
    .byte 0x00, 0x00, 0x00, 0x00, 0x00, 0x00, 0x00, 0x00, 0x00, 0x00, 0x00, 0x00

.globl extendedVirtualKeyConvert
.type extendedVirtualKeyConvert, @object
.size extendedVirtualKeyConvert, 64
.align 4
extendedVirtualKeyConvert:
    .byte 0xb5, 0x80, 0xbf, 0x81, 0xdf, 0x82, 0xe0, 0x83, 0xe1, 0x84, 0xe4, 0x85, 0xe5, 0x86, 0xe6, 0x87
    .byte 0xe7, 0x88, 0xe8, 0x89, 0xe9, 0x8a, 0xec, 0x8b, 0xf1, 0x8c, 0xf2, 0x8d, 0xf3, 0x8e, 0xf6, 0x8f
    .byte 0xf8, 0x90, 0xf9, 0x91, 0xfa, 0x92, 0xfc, 0x93, 0x00, 0x00, 0x00, 0x00, 0x00, 0x00, 0x00, 0x00
    .byte 0x00, 0x00, 0x00, 0x00, 0x00, 0x00, 0x00, 0x00, 0x00, 0x00, 0x00, 0x00, 0x00, 0x00, 0x00, 0x00

.globl virtualKeyConvert
.type virtualKeyConvert, @object
.size virtualKeyConvert, 320
.align 4
virtualKeyConvert:
    .byte 0x00, 0x00, 0xc8, 0xc8
    .long CursorTimerProc+53
    .byte 0xca, 0xca, 0xcb, 0xcb
    .long WinCursor_ReadCursor+84
    .byte 0x7f, 0x7f, 0x09, 0x09, 0x00, 0x00, 0x00, 0x00, 0xba, 0x00, 0x0d, 0xbf, 0x00, 0x00, 0x00, 0x00
    .byte 0xa0, 0xa0, 0x9f, 0x9f, 0x9e, 0x9e, 0x99, 0x99
    .long MacFolders_GetDataFolderItemRef+11
    .byte 0x00, 0x00, 0x00, 0x00, 0x00, 0x00, 0x00, 0x00, 0x00, 0x00, 0x1b, 0x1b, 0x00, 0x00, 0x00, 0x00
    .byte 0x00, 0x00, 0x00, 0x00, 0x20, 0x20, 0xb8, 0xa4, 0xbe, 0xa3, 0xbc, 0xa6, 0xb6, 0xa5, 0xb9, 0x9c
    .byte 0xb7, 0x9a, 0xbb, 0x9d
    .long MacPreferences_PutRect+123
    .byte 0x00, 0x00, 0x00, 0x00, 0x00, 0x00, 0xc0, 0xa1
    .long MacResources_GetMissingDataFolderError+135
    .byte 0x30, 0x30, 0x31, 0x31, 0x32, 0x32, 0x33, 0x33, 0x34, 0x34, 0x35, 0x35, 0x36, 0x36, 0x37, 0x37
    .byte 0x38, 0x38, 0x39, 0x39, 0x00, 0x00, 0x00, 0x00, 0x00, 0x00, 0x00, 0x00, 0x00, 0x00, 0x00, 0x00
    .byte 0x00, 0x00, 0x61, 0x61, 0x62, 0x62, 0x63, 0x63, 0x64, 0x64, 0x65, 0x65, 0x66, 0x66, 0x67, 0x67
    .byte 0x68, 0x68, 0x69, 0x69, 0x6a, 0x6a, 0x6b, 0x6b, 0x6c, 0x6c, 0x6d, 0x6d, 0x6e, 0x6e, 0x6f, 0x6f
    .byte 0x70, 0x70, 0x71, 0x71, 0x72, 0x72, 0x73, 0x73, 0x74, 0x74, 0x75, 0x75, 0x76, 0x76, 0x77, 0x77
    .byte 0x78, 0x78, 0x79, 0x79
    .long CDisplayInfo_CDisplayInfo+192
    .byte 0x00, 0x00, 0x00, 0x00, 0x00, 0x00, 0x00, 0x00, 0xc0, 0xc0, 0xbc, 0xbc, 0xbd, 0xbd, 0xbe, 0xbe
    .byte 0xb9, 0xb9, 0xba, 0xba, 0xbb, 0xbb, 0xb6, 0xb6, 0xb7, 0xb7, 0xb8, 0xb8, 0xc6, 0xc6, 0xc4, 0xc4
    .byte 0x00, 0x00, 0xc3, 0xc3, 0xc1, 0xc1, 0xc2, 0xc2, 0xa7, 0xa7, 0xa8, 0xa8, 0xa9, 0xa9, 0xaa, 0xaa
    .byte 0xab, 0xab, 0xac, 0xac, 0xad, 0xad, 0xae, 0xae, 0xaf, 0xaf, 0xb0, 0xb0, 0xb1, 0xb1, 0xb2, 0xb2
    .byte 0xb3, 0xb3, 0xb4, 0xb4
    .long SearchForApplication+471
    .byte 0x00, 0x00, 0x00, 0x00, 0x00, 0x00, 0x00, 0x00, 0x00, 0x00, 0x00, 0x00, 0x00, 0x00, 0x00, 0x00
    .byte 0x00, 0x00, 0x00, 0x00, 0x00, 0x00, 0x00, 0x00, 0x00, 0x00, 0x00, 0x00, 0x00, 0x00, 0x00, 0x00
    .long WinIcon_Load+357
    .byte 0x00, 0x00, 0x00, 0x00, 0x00, 0x00, 0x00, 0x00, 0x00, 0x00, 0x00, 0x00, 0x00, 0x00, 0x00, 0x00
    .byte 0x00, 0x00, 0x00, 0x00, 0x00, 0x00, 0x00, 0x00, 0x00, 0x00, 0x00, 0x00

.globl yyout
.type yyout, @object
.size yyout, 4
.align 4
yyout:
    .byte 0x00, 0x00, 0x00, 0x00

.globl yyin
.type yyin, @object
.size yyin, 4
.align 4
yyin:
    .byte 0x00, 0x00, 0x00, 0x00

.globl yy_init
.type yy_init, @object
.size yy_init, 24
.align 4
yy_init:
    .byte 0x01, 0x00, 0x00, 0x00, 0x00, 0x00, 0x00, 0x00, 0x00, 0x00, 0x00, 0x00, 0x00, 0x00, 0x00, 0x00
    .byte 0x00, 0x00, 0x00, 0x00, 0x00, 0x00, 0x00, 0x00

.globl kHighQualityKey
.type kHighQualityKey, @object
.size kHighQualityKey, 4
.align 4
kHighQualityKey:
    .long str_00228dbc

.globl __ZN10CVAOPacket14sCurrentPacketE
.type __ZN10CVAOPacket14sCurrentPacketE, @object
.size __ZN10CVAOPacket14sCurrentPacketE, 4
.align 4
__ZN10CVAOPacket14sCurrentPacketE:
    .byte 0x00, 0x00, 0x00, 0x00

.globl __ZN10CVAOPacket10sVAOStatusE
.type __ZN10CVAOPacket10sVAOStatusE, @object
.size __ZN10CVAOPacket10sVAOStatusE, 24
.align 4
__ZN10CVAOPacket10sVAOStatusE:
    .byte 0x00, 0x00, 0x00, 0x00, 0x00, 0x00, 0x00, 0x00, 0x00, 0x00, 0x00, 0x00, 0x00, 0x00, 0x00, 0x00
    .byte 0x00, 0x00, 0x00, 0x00, 0x00, 0x00, 0x00, 0x00

.globl __ZN12CSoundObject13sReadCallbackE
.type __ZN12CSoundObject13sReadCallbackE, @object
.size __ZN12CSoundObject13sReadCallbackE, 4
.align 4
__ZN12CSoundObject13sReadCallbackE:
    .byte 0x00, 0x00, 0x00, 0x00

.globl __ZN12CSoundObject13sSeekCallbackE
.type __ZN12CSoundObject13sSeekCallbackE, @object
.size __ZN12CSoundObject13sSeekCallbackE, 4
.align 4
__ZN12CSoundObject13sSeekCallbackE:
    .byte 0x00, 0x00, 0x00, 0x00

.globl __ZN12CSoundObject14sCloseCallbackE
.type __ZN12CSoundObject14sCloseCallbackE, @object
.size __ZN12CSoundObject14sCloseCallbackE, 4
.align 4
__ZN12CSoundObject14sCloseCallbackE:
    .byte 0x00, 0x00, 0x00, 0x00

.globl __ZN12CSoundObject13sOpenCallbackE
.type __ZN12CSoundObject13sOpenCallbackE, @object
.size __ZN12CSoundObject13sOpenCallbackE, 20
.align 4
__ZN12CSoundObject13sOpenCallbackE:
    .byte 0x00, 0x00, 0x00, 0x00, 0x00, 0x00, 0x00, 0x00, 0x00, 0x00, 0x00, 0x00, 0x00, 0x00, 0x00, 0x00
    .byte 0x00, 0x00, 0x00, 0x00

.globl frenchNumberKeysMap
.type frenchNumberKeysMap, @object
.size frenchNumberKeysMap, 64
.align 4
frenchNumberKeysMap:
    .long str_002a67f0
    .long str_00222908
    .long str_002a67f4
    .long str_00222120
    .long str_002a67f8
    .long str_002221e8
    .long str_00222900
    .long str_002a67fc
    .long str_002a6800
    .long str_002a6804
    .byte 0x00, 0x00, 0x00, 0x00, 0x00, 0x00, 0x00, 0x00, 0x00, 0x00, 0x00, 0x00, 0x00, 0x00, 0x00, 0x00
    .byte 0x00, 0x00, 0x00, 0x00, 0x00, 0x00, 0x00, 0x00

.globl keynames_localized
.type keynames_localized, @object
.size keynames_localized, 800
.align 4
keynames_localized:
    .long str_002a6808
    .byte 0x09, 0x00, 0x00, 0x00
    .long str_002a6810
    .byte 0x0d, 0x00, 0x00, 0x00
    .long str_002a681c
    .byte 0x1b, 0x00, 0x00, 0x00
    .long str_002a6828
    .byte 0x20, 0x00, 0x00, 0x00
    .long str_002a6834
    .byte 0x7f, 0x00, 0x00, 0x00
    .long str_002a6844
    .byte 0x9a, 0x00, 0x00, 0x00
    .long str_002a6850
    .byte 0x9b, 0x00, 0x00, 0x00
    .long str_002a6860
    .byte 0x9c, 0x00, 0x00, 0x00
    .long str_002a6870
    .byte 0x9d, 0x00, 0x00, 0x00
    .long str_002a6880
    .byte 0x9e, 0x00, 0x00, 0x00
    .long str_002a6888
    .byte 0x9f, 0x00, 0x00, 0x00
    .long str_002a6894
    .byte 0xa0, 0x00, 0x00, 0x00
    .long str_002a68a0
    .byte 0x97, 0x00, 0x00, 0x00
    .long str_002a68b0
    .byte 0xa7, 0x00, 0x00, 0x00
    .long str_002a68b8
    .byte 0xa8, 0x00, 0x00, 0x00
    .long str_002a68c0
    .byte 0xa9, 0x00, 0x00, 0x00
    .long str_002a68c8
    .byte 0xaa, 0x00, 0x00, 0x00
    .long str_002a68d0
    .byte 0xab, 0x00, 0x00, 0x00
    .long str_002a68d8
    .byte 0xac, 0x00, 0x00, 0x00
    .long str_002a68e0
    .byte 0xad, 0x00, 0x00, 0x00
    .long str_002a68e8
    .byte 0xae, 0x00, 0x00, 0x00
    .long str_002a68f0
    .byte 0xaf, 0x00, 0x00, 0x00
    .long str_002a68f8
    .byte 0xb0, 0x00, 0x00, 0x00
    .long str_002a6900
    .byte 0xb1, 0x00, 0x00, 0x00
    .long str_002a6908
    .byte 0xb2, 0x00, 0x00, 0x00
    .long str_002a6910
    .byte 0xb3, 0x00, 0x00, 0x00
    .long str_002a6918
    .byte 0xb4, 0x00, 0x00, 0x00
    .long str_002a6920
    .byte 0xb5, 0x00, 0x00, 0x00
    .long str_002a6928
    .byte 0xa1, 0x00, 0x00, 0x00
    .long str_002a6930
    .byte 0xa2, 0x00, 0x00, 0x00
    .long str_002a6938
    .byte 0xa3, 0x00, 0x00, 0x00
    .long str_002a6944
    .byte 0xa4, 0x00, 0x00, 0x00
    .long str_002a6950
    .byte 0xa5, 0x00, 0x00, 0x00
    .long str_002a695c
    .byte 0xa6, 0x00, 0x00, 0x00
    .long str_002a6964
    .byte 0xc8, 0x00, 0x00, 0x00
    .long str_002a6970
    .byte 0xc9, 0x00, 0x00, 0x00
    .long str_002a697c
    .byte 0xca, 0x00, 0x00, 0x00
    .long str_002a6988
    .byte 0xcb, 0x00, 0x00, 0x00
    .long str_002a6994
    .byte 0xcc, 0x00, 0x00, 0x00
    .long str_002a69a0
    .byte 0xce, 0x00, 0x00, 0x00
    .long str_002a69b0
    .byte 0xcd, 0x00, 0x00, 0x00
    .long str_002a69c0
    .byte 0xcf, 0x00, 0x00, 0x00
    .long str_002a69cc
    .byte 0xd0, 0x00, 0x00, 0x00
    .long str_002a69d8
    .byte 0xd1, 0x00, 0x00, 0x00
    .long str_002a69e4
    .byte 0xd2, 0x00, 0x00, 0x00
    .long str_002a69f0
    .byte 0xd3, 0x00, 0x00, 0x00
    .long str_002a69fc
    .byte 0xd4, 0x00, 0x00, 0x00
    .long str_002a6a08
    .byte 0xd5, 0x00, 0x00, 0x00
    .long str_002a6a14
    .byte 0xd6, 0x00, 0x00, 0x00
    .long str_002a6a20
    .byte 0xd7, 0x00, 0x00, 0x00
    .long str_002a6a2c
    .byte 0xd8, 0x00, 0x00, 0x00
    .long str_002a6a38
    .byte 0xd9, 0x00, 0x00, 0x00
    .long str_002a6a44
    .byte 0xda, 0x00, 0x00, 0x00
    .long str_002a6a50
    .byte 0xdb, 0x00, 0x00, 0x00
    .long str_002a6a5c
    .byte 0xdc, 0x00, 0x00, 0x00
    .long str_002a6a68
    .byte 0xdd, 0x00, 0x00, 0x00
    .long str_002a6a74
    .byte 0xde, 0x00, 0x00, 0x00
    .long str_002a6a80
    .byte 0xb6, 0x00, 0x00, 0x00
    .long str_002a6a8c
    .byte 0xb7, 0x00, 0x00, 0x00
    .long str_002a6a9c
    .byte 0xb8, 0x00, 0x00, 0x00
    .long str_002a6aa8
    .byte 0xb9, 0x00, 0x00, 0x00
    .long str_002a6abc
    .byte 0xba, 0x00, 0x00, 0x00
    .long str_002a6ac8
    .byte 0xbb, 0x00, 0x00, 0x00
    .long str_002a6adc
    .byte 0xbc, 0x00, 0x00, 0x00
    .long str_002a6ae8
    .byte 0xbd, 0x00, 0x00, 0x00
    .long str_002a6afc
    .byte 0xbe, 0x00, 0x00, 0x00
    .long str_002a6b08
    .byte 0xbf, 0x00, 0x00, 0x00
    .long str_002a6b18
    .byte 0xc0, 0x00, 0x00, 0x00
    .long str_002a6b24
    .byte 0xc1, 0x00, 0x00, 0x00
    .long str_002a6b30
    .byte 0xc2, 0x00, 0x00, 0x00
    .long str_002a6b40
    .byte 0xc3, 0x00, 0x00, 0x00
    .long str_002a6b50
    .byte 0xc4, 0x00, 0x00, 0x00
    .long str_002a6b5c
    .byte 0xc5, 0x00, 0x00, 0x00
    .long str_002a6b6c
    .byte 0xc6, 0x00, 0x00, 0x00
    .long str_002a6b78
    .byte 0xc7, 0x00, 0x00, 0x00
    .long str_002a6b88
    .byte 0x99, 0x00, 0x00, 0x00
    .long str_002a6b94
    .byte 0x3b, 0x00, 0x00, 0x00
    .long str_002a6ba4
    .byte 0x96, 0x00, 0x00, 0x00
    .long str_002a6bb0
    .byte 0x80, 0x00, 0x00, 0x00
    .long str_002a6bb4
    .byte 0x81, 0x00, 0x00, 0x00
    .long str_002a6bb8
    .byte 0x82, 0x00, 0x00, 0x00
    .long str_002a67f0
    .byte 0x83, 0x00, 0x00, 0x00
    .long str_002a6bbc
    .byte 0x84, 0x00, 0x00, 0x00
    .long str_002a6bc0
    .byte 0x85, 0x00, 0x00, 0x00
    .long str_002a6bc4
    .byte 0x86, 0x00, 0x00, 0x00
    .long str_002a6bc8
    .byte 0x87, 0x00, 0x00, 0x00
    .long str_002a6804
    .byte 0x88, 0x00, 0x00, 0x00
    .long str_002a67fc
    .byte 0x89, 0x00, 0x00, 0x00
    .long str_002a67f4
    .byte 0x8a, 0x00, 0x00, 0x00
    .long str_002a6bcc
    .byte 0x8b, 0x00, 0x00, 0x00
    .long str_002a6bd0
    .byte 0x8c, 0x00, 0x00, 0x00
    .long str_002a6bd4
    .byte 0x8d, 0x00, 0x00, 0x00
    .long str_002a6bd8
    .byte 0x8e, 0x00, 0x00, 0x00
    .long str_002a6bdc
    .byte 0x8f, 0x00, 0x00, 0x00
    .long str_002a6be0
    .byte 0x90, 0x00, 0x00, 0x00
    .long str_002a6be4
    .byte 0x91, 0x00, 0x00, 0x00
    .long str_002a6be8
    .byte 0x92, 0x00, 0x00, 0x00
    .long str_002a6bec
    .byte 0x93, 0x00, 0x00, 0x00, 0x00, 0x00, 0x00, 0x00, 0x00, 0x00, 0x00, 0x00, 0x00, 0x00, 0x00, 0x00
    .byte 0x00, 0x00, 0x00, 0x00

.globl keynames
.type keynames, @object
.size keynames, 792
.align 4
keynames:
    .long str_002a6bf0
    .byte 0x09, 0x00, 0x00, 0x00
    .long str_002a6bf4
    .byte 0x0d, 0x00, 0x00, 0x00
    .long str_002a6bfc
    .byte 0x1b, 0x00, 0x00, 0x00
    .long str_002a6c04
    .byte 0x20, 0x00, 0x00, 0x00
    .long str_002a6c0c
    .byte 0x7f, 0x00, 0x00, 0x00
    .long str_002a6c18
    .byte 0x9a, 0x00, 0x00, 0x00
    .long str_002a6c20
    .byte 0x9b, 0x00, 0x00, 0x00
    .long str_002a6c2c
    .byte 0x9c, 0x00, 0x00, 0x00
    .long str_002a6c38
    .byte 0x9d, 0x00, 0x00, 0x00
    .long str_002a6c44
    .byte 0x9e, 0x00, 0x00, 0x00
    .long str_002a6c48
    .byte 0x9f, 0x00, 0x00, 0x00
    .long str_002a6c50
    .byte 0xa0, 0x00, 0x00, 0x00
    .long str_002a6c58
    .byte 0x97, 0x00, 0x00, 0x00
    .long str_002a6c64
    .byte 0xa7, 0x00, 0x00, 0x00
    .long str_002a6c68
    .byte 0xa8, 0x00, 0x00, 0x00
    .long str_002a6c6c
    .byte 0xa9, 0x00, 0x00, 0x00
    .long str_002a6c70
    .byte 0xaa, 0x00, 0x00, 0x00
    .long str_002a6c74
    .byte 0xab, 0x00, 0x00, 0x00
    .long str_002a6c78
    .byte 0xac, 0x00, 0x00, 0x00
    .long str_002a6c7c
    .byte 0xad, 0x00, 0x00, 0x00
    .long str_002a6c80
    .byte 0xae, 0x00, 0x00, 0x00
    .long str_002a6c84
    .byte 0xaf, 0x00, 0x00, 0x00
    .long str_002a6c88
    .byte 0xb0, 0x00, 0x00, 0x00
    .long str_002a6c8c
    .byte 0xb1, 0x00, 0x00, 0x00
    .long str_002a6c90
    .byte 0xb2, 0x00, 0x00, 0x00
    .long str_002a6c94
    .byte 0xb3, 0x00, 0x00, 0x00
    .long str_002a6c98
    .byte 0xb4, 0x00, 0x00, 0x00
    .long str_002a6c9c
    .byte 0xb5, 0x00, 0x00, 0x00
    .long str_002a6ca0
    .byte 0xa1, 0x00, 0x00, 0x00
    .long str_002a6ca4
    .byte 0xa2, 0x00, 0x00, 0x00
    .long str_002a6ca8
    .byte 0xa3, 0x00, 0x00, 0x00
    .long str_002a6cb0
    .byte 0xa4, 0x00, 0x00, 0x00
    .long str_002a6cb8
    .byte 0xa5, 0x00, 0x00, 0x00
    .long str_002a6cc0
    .byte 0xa6, 0x00, 0x00, 0x00
    .long str_002a6cc4
    .byte 0xc8, 0x00, 0x00, 0x00
    .long str_002a6ccc
    .byte 0xc9, 0x00, 0x00, 0x00
    .long str_002a6cd4
    .byte 0xca, 0x00, 0x00, 0x00
    .long str_002a6cdc
    .byte 0xcb, 0x00, 0x00, 0x00
    .long str_002a6ce4
    .byte 0xcc, 0x00, 0x00, 0x00
    .long str_002a6cec
    .byte 0xce, 0x00, 0x00, 0x00
    .long str_002a6cf8
    .byte 0xcd, 0x00, 0x00, 0x00
    .long str_002a6d04
    .byte 0xcf, 0x00, 0x00, 0x00
    .long str_002a6d0c
    .byte 0xd0, 0x00, 0x00, 0x00
    .long str_002a6d14
    .byte 0xd1, 0x00, 0x00, 0x00
    .long str_002a6d1c
    .byte 0xd2, 0x00, 0x00, 0x00
    .long str_002a6d24
    .byte 0xd3, 0x00, 0x00, 0x00
    .long str_002a6d2c
    .byte 0xd4, 0x00, 0x00, 0x00
    .long str_002a6d34
    .byte 0xd5, 0x00, 0x00, 0x00
    .long str_002a6d3c
    .byte 0xd6, 0x00, 0x00, 0x00
    .long str_002a6d44
    .byte 0xd7, 0x00, 0x00, 0x00
    .long str_002a6d4c
    .byte 0xd8, 0x00, 0x00, 0x00
    .long str_002a6d54
    .byte 0xd9, 0x00, 0x00, 0x00
    .long str_002a6d5c
    .byte 0xda, 0x00, 0x00, 0x00
    .long str_002a6d64
    .byte 0xdb, 0x00, 0x00, 0x00
    .long str_002a6d6c
    .byte 0xdc, 0x00, 0x00, 0x00
    .long str_002a6d74
    .byte 0xdd, 0x00, 0x00, 0x00
    .long str_002a6d7c
    .byte 0xde, 0x00, 0x00, 0x00
    .long str_002a6d84
    .byte 0xb6, 0x00, 0x00, 0x00
    .long str_002a6d8c
    .byte 0xb7, 0x00, 0x00, 0x00
    .long str_002a6d98
    .byte 0xb8, 0x00, 0x00, 0x00
    .long str_002a6da0
    .byte 0xb9, 0x00, 0x00, 0x00
    .long str_002a6db0
    .byte 0xba, 0x00, 0x00, 0x00
    .long str_002a6db8
    .byte 0xbb, 0x00, 0x00, 0x00
    .long str_002a6dc8
    .byte 0xbc, 0x00, 0x00, 0x00
    .long str_002a6dd0
    .byte 0xbd, 0x00, 0x00, 0x00
    .long str_002a6de0
    .byte 0xbe, 0x00, 0x00, 0x00
    .long str_002a6de8
    .byte 0xbf, 0x00, 0x00, 0x00
    .long str_002a6df4
    .byte 0xc0, 0x00, 0x00, 0x00
    .long str_002a6dfc
    .byte 0xc1, 0x00, 0x00, 0x00
    .long str_002a6e04
    .byte 0xc2, 0x00, 0x00, 0x00
    .long str_002a6e10
    .byte 0xc3, 0x00, 0x00, 0x00
    .long str_002a6e1c
    .byte 0xc4, 0x00, 0x00, 0x00
    .long str_002a6e24
    .byte 0xc5, 0x00, 0x00, 0x00
    .long str_002a6e30
    .byte 0xc6, 0x00, 0x00, 0x00
    .long str_002a6e38
    .byte 0xc7, 0x00, 0x00, 0x00
    .long str_002a6e44
    .byte 0x99, 0x00, 0x00, 0x00
    .long str_002a6e4c
    .byte 0x3b, 0x00, 0x00, 0x00
    .long str_002a6e58
    .byte 0x96, 0x00, 0x00, 0x00
    .long str_002a6e60
    .byte 0x80, 0x00, 0x00, 0x00
    .long str_002a6e64
    .byte 0x81, 0x00, 0x00, 0x00
    .long str_002a6e68
    .byte 0x82, 0x00, 0x00, 0x00
    .long str_002a6e6c
    .byte 0x83, 0x00, 0x00, 0x00
    .long str_002a6e70
    .byte 0x84, 0x00, 0x00, 0x00
    .long str_002a6e74
    .byte 0x85, 0x00, 0x00, 0x00
    .long str_002a6e78
    .byte 0x86, 0x00, 0x00, 0x00
    .long str_002a6e7c
    .byte 0x87, 0x00, 0x00, 0x00
    .long str_002a6e80
    .byte 0x88, 0x00, 0x00, 0x00
    .long str_002a6e84
    .byte 0x89, 0x00, 0x00, 0x00
    .long str_002a6e88
    .byte 0x8a, 0x00, 0x00, 0x00
    .long str_002a6e8c
    .byte 0x8b, 0x00, 0x00, 0x00
    .long str_002a6e90
    .byte 0x8c, 0x00, 0x00, 0x00
    .long str_002a6e94
    .byte 0x8d, 0x00, 0x00, 0x00
    .long str_002a6e98
    .byte 0x8e, 0x00, 0x00, 0x00
    .long str_002a6e9c
    .byte 0x8f, 0x00, 0x00, 0x00
    .long str_002a6ea0
    .byte 0x90, 0x00, 0x00, 0x00
    .long str_002a6ea4
    .byte 0x91, 0x00, 0x00, 0x00
    .long str_002a6ea8
    .byte 0x92, 0x00, 0x00, 0x00
    .long str_002a6eac
    .byte 0x93, 0x00, 0x00, 0x00, 0x00, 0x00, 0x00, 0x00, 0x00, 0x00, 0x00, 0x00

.globl keys
.type keys, @object
.size keys, 4
.align 4
keys:
    .long playerKeys+292

.globl anykeydown
.type anykeydown, @object
.size anykeydown, 4
.align 4
anykeydown:
    .long playerKeys+288

.globl key_overstrikeMode
.type key_overstrikeMode, @object
.size key_overstrikeMode, 4
.align 4
key_overstrikeMode:
    .long playerKeys+284

.globl chat_team
.type chat_team, @object
.size chat_team, 4
.align 4
chat_team:
    .long playerKeys+280

.globl chatField
.type chatField, @object
.size chatField, 24
.align 4
chatField:
    .long playerKeys
    .byte 0x00, 0x00, 0x00, 0x00, 0x00, 0x00, 0x00, 0x00, 0x00, 0x00, 0x00, 0x00, 0x00, 0x00, 0x00, 0x00
    .byte 0x00, 0x00, 0x00, 0x00

.globl sv_serverId_value
.type sv_serverId_value, @object
.size sv_serverId_value, 32
.align 4
sv_serverId_value:
    .byte 0x00, 0x00, 0x00, 0x00, 0x00, 0x00, 0x00, 0x00, 0x00, 0x00, 0x00, 0x00, 0x00, 0x00, 0x00, 0x00
    .byte 0x00, 0x00, 0x00, 0x00, 0x00, 0x00, 0x00, 0x00, 0x00, 0x00, 0x00, 0x00, 0x00, 0x00, 0x00, 0x00

.globl cg_soundRoomTypes
.type cg_soundRoomTypes, @object
.size cg_soundRoomTypes, 108
.align 4
cg_soundRoomTypes:
    .long str_00218e0c
    .long str_00218e14
    .long str_00218e20
    .long str_00218e28
    .long str_00218e34
    .long str_00218e40
    .long str_00218e4c
    .long str_00218e58
    .long str_00218e64
    .long str_00218e6c
    .long str_00218e74
    .long str_00218e7c
    .long str_00218e8c
    .long str_00218e94
    .long str_00218ea4
    .long str_00218eac
    .long str_00218eb4
    .long str_00218ebc
    .long str_00218ec8
    .long str_00218ed0
    .long str_00218ed8
    .long str_00218ee4
    .long str_00218ef0
    .long str_00218efc
    .long str_00218f04
    .long str_00218f0c
    .byte 0x00, 0x00, 0x00, 0x00

.globl cg_drawSoundOverlayStrings
.type cg_drawSoundOverlayStrings, @object
.size cg_drawSoundOverlayStrings, 20
.align 4
cg_drawSoundOverlayStrings:
    .long str_00221b40
    .long str_002a7520
    .long str_002a7524
    .long str_002a752c
    .byte 0x00, 0x00, 0x00, 0x00

.globl cg_drawFpsNames
.type cg_drawFpsNames, @object
.size cg_drawFpsNames, 32
.align 4
cg_drawFpsNames:
    .long str_002a7530
    .long str_002a7534
    .long str_002a753c
    .long str_002a7544
    .byte 0x00, 0x00, 0x00, 0x00, 0x00, 0x00, 0x00, 0x00, 0x00, 0x00, 0x00, 0x00, 0x00, 0x00, 0x00, 0x00

.globl cl_shownet
.type cl_shownet, @object
.size cl_shownet, 32
.align 4
cl_shownet:
    .byte 0x00, 0x00, 0x00, 0x00, 0x00, 0x00, 0x00, 0x00, 0x00, 0x00, 0x00, 0x00, 0x00, 0x00, 0x00, 0x00
    .byte 0x00, 0x00, 0x00, 0x00, 0x00, 0x00, 0x00, 0x00, 0x00, 0x00, 0x00, 0x00, 0x00, 0x00, 0x00, 0x00

.globl boxVerts
.type boxVerts, @object
.size boxVerts, 288
.align 4
boxVerts:
    .byte 0x00, 0x00, 0x00, 0x00, 0x00, 0x00, 0x00, 0x00, 0x00, 0x00, 0x00, 0x00, 0x01, 0x00, 0x00, 0x00
    .byte 0x00, 0x00, 0x00, 0x00, 0x00, 0x00, 0x00, 0x00, 0x00, 0x00, 0x00, 0x00, 0x00, 0x00, 0x00, 0x00
    .byte 0x00, 0x00, 0x00, 0x00, 0x00, 0x00, 0x00, 0x00, 0x01, 0x00, 0x00, 0x00, 0x00, 0x00, 0x00, 0x00
    .byte 0x01, 0x00, 0x00, 0x00, 0x01, 0x00, 0x00, 0x00, 0x00, 0x00, 0x00, 0x00, 0x01, 0x00, 0x00, 0x00
    .byte 0x00, 0x00, 0x00, 0x00, 0x00, 0x00, 0x00, 0x00, 0x01, 0x00, 0x00, 0x00, 0x01, 0x00, 0x00, 0x00
    .byte 0x00, 0x00, 0x00, 0x00, 0x00, 0x00, 0x00, 0x00, 0x01, 0x00, 0x00, 0x00, 0x00, 0x00, 0x00, 0x00
    .byte 0x00, 0x00, 0x00, 0x00, 0x00, 0x00, 0x00, 0x00, 0x01, 0x00, 0x00, 0x00, 0x01, 0x00, 0x00, 0x00
    .byte 0x00, 0x00, 0x00, 0x00, 0x01, 0x00, 0x00, 0x00, 0x00, 0x00, 0x00, 0x00, 0x00, 0x00, 0x00, 0x00
    .byte 0x01, 0x00, 0x00, 0x00, 0x00, 0x00, 0x00, 0x00, 0x01, 0x00, 0x00, 0x00, 0x01, 0x00, 0x00, 0x00
    .byte 0x01, 0x00, 0x00, 0x00, 0x01, 0x00, 0x00, 0x00, 0x01, 0x00, 0x00, 0x00, 0x01, 0x00, 0x00, 0x00
    .byte 0x00, 0x00, 0x00, 0x00, 0x01, 0x00, 0x00, 0x00, 0x01, 0x00, 0x00, 0x00, 0x01, 0x00, 0x00, 0x00
    .byte 0x01, 0x00, 0x00, 0x00, 0x00, 0x00, 0x00, 0x00, 0x01, 0x00, 0x00, 0x00, 0x01, 0x00, 0x00, 0x00
    .byte 0x00, 0x00, 0x00, 0x00, 0x00, 0x00, 0x00, 0x00, 0x00, 0x00, 0x00, 0x00, 0x00, 0x00, 0x00, 0x00
    .byte 0x00, 0x00, 0x00, 0x00, 0x01, 0x00, 0x00, 0x00, 0x01, 0x00, 0x00, 0x00, 0x00, 0x00, 0x00, 0x00
    .byte 0x00, 0x00, 0x00, 0x00, 0x01, 0x00, 0x00, 0x00, 0x00, 0x00, 0x00, 0x00, 0x01, 0x00, 0x00, 0x00
    .byte 0x00, 0x00, 0x00, 0x00, 0x01, 0x00, 0x00, 0x00, 0x00, 0x00, 0x00, 0x00, 0x00, 0x00, 0x00, 0x00
    .byte 0x01, 0x00, 0x00, 0x00, 0x01, 0x00, 0x00, 0x00, 0x01, 0x00, 0x00, 0x00, 0x01, 0x00, 0x00, 0x00
    .byte 0x00, 0x00, 0x00, 0x00, 0x01, 0x00, 0x00, 0x00, 0x01, 0x00, 0x00, 0x00, 0x01, 0x00, 0x00, 0x00

.globl serverStatusDvars
.type serverStatusDvars, @object
.size serverStatusDvars, 276
.align 4
serverStatusDvars:
    .long str_002a714c
    .long str_002a9ab8
    .byte 0x00, 0x00, 0x00, 0x00
    .long str_002a9ad0
    .long str_002a9ad8
    .byte 0x00, 0x00, 0x00, 0x00
    .long str_002a9af0
    .long str_002a9af8
    .byte 0x01, 0x00, 0x00, 0x00
    .long str_002a9b10
    .long str_002a9b1c
    .byte 0x00, 0x00, 0x00, 0x00
    .long str_002a7100
    .long str_002a9b34
    .byte 0x00, 0x00, 0x00, 0x00
    .long str_002a71f0
    .long str_002a9b4c
    .byte 0x01, 0x00, 0x00, 0x00
    .long str_002a7124
    .long str_002a9b60
    .byte 0x00, 0x00, 0x00, 0x00
    .long str_002168fc
    .long str_002a9b74
    .byte 0x00, 0x00, 0x00, 0x00
    .long str_002a7118
    .long str_002a9b8c
    .byte 0x00, 0x00, 0x00, 0x00
    .long str_002a9ba4
    .long str_002a9bb0
    .byte 0x00, 0x00, 0x00, 0x00
    .long str_002a9bc8
    .long str_002a9bd4
    .byte 0x00, 0x00, 0x00, 0x00
    .long str_002a9bec
    .long str_002a9bf8
    .byte 0x00, 0x00, 0x00, 0x00
    .long str_002a9c10
    .long str_002a9c20
    .byte 0x01, 0x00, 0x00, 0x00
    .long str_002a9c3c
    .long str_002a9c50
    .byte 0x00, 0x00, 0x00, 0x00
    .long str_002a70dc
    .long str_002a9c68
    .byte 0x00, 0x00, 0x00, 0x00
    .long str_002a9c80
    .long str_002a9c94
    .byte 0x00, 0x00, 0x00, 0x00
    .long str_002a9cb0
    .long str_002a9cc4
    .byte 0x00, 0x00, 0x00, 0x00
    .long str_00216d64
    .long str_002a9ce0
    .byte 0x00, 0x00, 0x00, 0x00
    .long str_002a9cf4
    .long str_002a9cf8
    .byte 0x01, 0x00, 0x00, 0x00
    .long str_002a9d04
    .long str_002a9d10
    .byte 0x01, 0x00, 0x00, 0x00
    .long str_002a9d28
    .long str_002a9d34
    .byte 0x01, 0x00, 0x00, 0x00
    .long str_002a71c8
    .long str_002a9d4c
    .byte 0x01, 0x00, 0x00, 0x00, 0x00, 0x00, 0x00, 0x00, 0x00, 0x00, 0x00, 0x00, 0x00, 0x00, 0x00, 0x00

.globl uiInfo
.type uiInfo, @object
.size uiInfo, 12
.align 4
uiInfo:
    .long uiInfoArray
    .byte 0x00, 0x00, 0x00, 0x00, 0x00, 0x00, 0x00, 0x00

.globl MonthAbbrev
.type MonthAbbrev, @object
.size MonthAbbrev, 48
.align 4
MonthAbbrev:
    .long str_002a9d68
    .long str_002a9d80
    .long str_002a9d98
    .long str_002a9dac
    .long str_002a9dc0
    .long str_002a9dd4
    .long str_002a9de8
    .long str_002a9dfc
    .long str_002a9e14
    .long str_002a9e2c
    .long str_002a9e44
    .long str_002a9e5c

.globl netSources
.type netSources, @object
.size netSources, 12
.align 4
netSources:
    .long str_002a9e74
    .long str_002a9e80
    .long str_002a9e90

.globl lastColumn
.type lastColumn, @object
.size lastColumn, 4
.align 4
lastColumn:
    .byte 0xff, 0xff, 0xff, 0xff

.globl tleEstimates
.type tleEstimates, @object
.size tleEstimates, 320
.align 4
tleEstimates:
    .byte 0x3c, 0x00, 0x00, 0x00, 0x3c, 0x00, 0x00, 0x00, 0x3c, 0x00, 0x00, 0x00, 0x3c, 0x00, 0x00, 0x00
    .byte 0x3c, 0x00, 0x00, 0x00, 0x3c, 0x00, 0x00, 0x00, 0x3c, 0x00, 0x00, 0x00, 0x3c, 0x00, 0x00, 0x00
    .byte 0x3c, 0x00, 0x00, 0x00, 0x3c, 0x00, 0x00, 0x00, 0x3c, 0x00, 0x00, 0x00, 0x3c, 0x00, 0x00, 0x00
    .byte 0x3c, 0x00, 0x00, 0x00, 0x3c, 0x00, 0x00, 0x00, 0x3c, 0x00, 0x00, 0x00, 0x3c, 0x00, 0x00, 0x00
    .byte 0x3c, 0x00, 0x00, 0x00, 0x3c, 0x00, 0x00, 0x00, 0x3c, 0x00, 0x00, 0x00, 0x3c, 0x00, 0x00, 0x00
    .byte 0x3c, 0x00, 0x00, 0x00, 0x3c, 0x00, 0x00, 0x00, 0x3c, 0x00, 0x00, 0x00, 0x3c, 0x00, 0x00, 0x00
    .byte 0x3c, 0x00, 0x00, 0x00, 0x3c, 0x00, 0x00, 0x00, 0x3c, 0x00, 0x00, 0x00, 0x3c, 0x00, 0x00, 0x00
    .byte 0x3c, 0x00, 0x00, 0x00, 0x3c, 0x00, 0x00, 0x00, 0x3c, 0x00, 0x00, 0x00, 0x3c, 0x00, 0x00, 0x00
    .byte 0x3c, 0x00, 0x00, 0x00, 0x3c, 0x00, 0x00, 0x00, 0x3c, 0x00, 0x00, 0x00, 0x3c, 0x00, 0x00, 0x00
    .byte 0x3c, 0x00, 0x00, 0x00, 0x3c, 0x00, 0x00, 0x00, 0x3c, 0x00, 0x00, 0x00, 0x3c, 0x00, 0x00, 0x00
    .byte 0x3c, 0x00, 0x00, 0x00, 0x3c, 0x00, 0x00, 0x00, 0x3c, 0x00, 0x00, 0x00, 0x3c, 0x00, 0x00, 0x00
    .byte 0x3c, 0x00, 0x00, 0x00, 0x3c, 0x00, 0x00, 0x00, 0x3c, 0x00, 0x00, 0x00, 0x3c, 0x00, 0x00, 0x00
    .byte 0x3c, 0x00, 0x00, 0x00, 0x3c, 0x00, 0x00, 0x00, 0x3c, 0x00, 0x00, 0x00, 0x3c, 0x00, 0x00, 0x00
    .byte 0x3c, 0x00, 0x00, 0x00, 0x3c, 0x00, 0x00, 0x00, 0x3c, 0x00, 0x00, 0x00, 0x3c, 0x00, 0x00, 0x00
    .byte 0x3c, 0x00, 0x00, 0x00, 0x3c, 0x00, 0x00, 0x00, 0x3c, 0x00, 0x00, 0x00, 0x3c, 0x00, 0x00, 0x00
    .byte 0x3c, 0x00, 0x00, 0x00, 0x3c, 0x00, 0x00, 0x00, 0x3c, 0x00, 0x00, 0x00, 0x3c, 0x00, 0x00, 0x00
    .byte 0x3c, 0x00, 0x00, 0x00, 0x3c, 0x00, 0x00, 0x00, 0x3c, 0x00, 0x00, 0x00, 0x3c, 0x00, 0x00, 0x00
    .byte 0x3c, 0x00, 0x00, 0x00, 0x3c, 0x00, 0x00, 0x00, 0x3c, 0x00, 0x00, 0x00, 0x3c, 0x00, 0x00, 0x00
    .byte 0x3c, 0x00, 0x00, 0x00, 0x3c, 0x00, 0x00, 0x00, 0x3c, 0x00, 0x00, 0x00, 0x3c, 0x00, 0x00, 0x00
    .byte 0x3c, 0x00, 0x00, 0x00, 0x3c, 0x00, 0x00, 0x00, 0x3c, 0x00, 0x00, 0x00, 0x3c, 0x00, 0x00, 0x00

.globl xferText
.type xferText, @object
.size xferText, 15
.align 4
xferText:
    .byte 0x45, 0x58, 0x45, 0x5f, 0x54, 0x52, 0x41, 0x4e, 0x53, 0x5f, 0x52, 0x41, 0x54, 0x45, 0x00

.globl etaText
.type etaText, @object
.size etaText, 18
.align 4
etaText:
    .byte 0x45, 0x58, 0x45, 0x5f, 0x45, 0x53, 0x54, 0x5f, 0x54, 0x49, 0x4d, 0x45, 0x5f, 0x4c, 0x45, 0x46
    .byte 0x54, 0x00

.globl dlText
.type dlText, @object
.size dlText, 31
.align 4
dlText:
    .byte 0x45, 0x58, 0x45, 0x5f, 0x44, 0x4f, 0x57, 0x4e, 0x4c, 0x4f, 0x41, 0x44
    .long scrMemTreeGlob+517961
    .byte 0x00, 0x00, 0x00, 0x00, 0x00, 0x00, 0x00, 0x00, 0x00, 0x00, 0x00, 0x00, 0x00, 0x00, 0x00

.globl g_qport
.type g_qport, @object
.size g_qport, 4
.align 4
g_qport:
    .byte 0x00, 0x00, 0x00, 0x00

.globl netsrcString
.type netsrcString, @object
.size netsrcString, 28
.align 4
netsrcString:
    .long str_002ab028
    .long str_002ab030
    .byte 0x00, 0x00, 0x00, 0x00, 0x00, 0x00, 0x00, 0x00, 0x00, 0x00, 0x00, 0x00, 0x00, 0x00, 0x00, 0x00
    .byte 0x00, 0x00, 0x00, 0x00

.globl g_console_char_height
.type g_console_char_height, @object
.size g_console_char_height, 4
.align 4
g_console_char_height:
    .byte 0x00, 0x00, 0x80, 0x41

.globl g_console_field_width
.type g_console_field_width, @object
.size g_console_field_width, 28
.align 4
g_console_field_width:
    .byte 0x6c, 0x02, 0x00, 0x00, 0x00, 0x00, 0x00, 0x00, 0x00, 0x00, 0x00, 0x00, 0x00, 0x00, 0x00, 0x00
    .byte 0x00, 0x00, 0x00, 0x00, 0x00, 0x00, 0x00, 0x00, 0x00, 0x00, 0x00, 0x00

.globl scriptCommandCount
.type scriptCommandCount, @object
.size scriptCommandCount, 32
.align 4
scriptCommandCount:
    .byte 0x1c, 0x00, 0x00, 0x00, 0x00, 0x00, 0x00, 0x00, 0x00, 0x00, 0x00, 0x00, 0x00, 0x00, 0x00, 0x00
    .byte 0x00, 0x00, 0x00, 0x00, 0x00, 0x00, 0x00, 0x00, 0x00, 0x00, 0x00, 0x00, 0x00, 0x00, 0x00, 0x00

.globl commandList
.type commandList, @object
.size commandList, 224
.align 4
commandList:
    .long str_002abdc4
    .long Script_FadeIn
    .long str_002abdcc
    .long Script_FadeOut
    .long str_002abdd4
    .long Script_Show
    .long str_002abddc
    .long Script_Hide
    .long str_002abde4
    .long Script_SetColor
    .long str_002abdf0
    .long Script_Open
    .long str_002abdf8
    .long Script_OpenForGameType
    .long str_002abe08
    .long Script_CloseForGameType
    .long str_002abe1c
    .long Script_Close
    .long str_002abe24
    .long Script_InGameOpen
    .long str_002abe30
    .long Script_InGameClose
    .long str_002abe3c
    .long Script_SetBackground
    .long str_002abe4c
    .long Script_SetItemColor
    .long str_002abe5c
    .long Script_SetFocus
    .long str_002abe68
    .long Script_SetFocusByDvar
    .long str_002abe78
    .long Script_Transition
    .long str_002abe84
    .long Script_SetDvar
    .long str_00219060
    .long Script_Exec
    .long str_002abe8c
    .long Script_ExecNow
    .long str_002abe94
    .long Script_ExecOnDvarStringValue
    .long str_002abeac
    .long Script_ExecOnDvarIntValue
    .long str_002abec0
    .long Script_ExecOnDvarFloatValue
    .long str_002abed8
    .long Script_ExecNowOnDvarStringValue
    .long str_002abef4
    .long Script_ExecNowOnDvarIntValue
    .long str_002abf0c
    .long Script_ExecNowOnDvarFloatValue
    .long str_002abf24
    .long Script_Play
    .long str_002abf2c
    .long Script_Orbit
    .long str_002abf34
    .long Script_ScriptMenuResponse

.globl g_editItem
.type g_editItem, @object
.size g_editItem, 4
.align 4
g_editItem:
    .byte 0x00, 0x00, 0x00, 0x00

.globl g_editingField
.type g_editingField, @object
.size g_editingField, 4
.align 4
g_editingField:
    .byte 0x00, 0x00, 0x00, 0x00

.globl g_waitingForKey
.type g_waitingForKey, @object
.size g_waitingForKey, 24
.align 4
g_waitingForKey:
    .byte 0x00, 0x00, 0x00, 0x00, 0x00, 0x00, 0x00, 0x00, 0x00, 0x00, 0x00, 0x00, 0x00, 0x00, 0x00, 0x00
    .byte 0x00, 0x00, 0x00, 0x00, 0x00, 0x00, 0x00, 0x00

.globl g_bindings
.type g_bindings, @object
.size g_bindings, 1120
.align 4
g_bindings:
    .long str_002abf48
    .byte 0xff, 0xff, 0xff, 0xff, 0xff, 0xff, 0xff, 0xff, 0xff, 0xff, 0xff, 0xff, 0xff, 0xff, 0xff, 0xff
    .long str_002abf50
    .byte 0xc9, 0x00, 0x00, 0x00, 0xff, 0xff, 0xff, 0xff, 0xff, 0xff, 0xff, 0xff, 0xff, 0xff, 0xff, 0xff
    .long str_002abf58
    .byte 0x77, 0x00, 0x00, 0x00, 0xff, 0xff, 0xff, 0xff, 0xff, 0xff, 0xff, 0xff, 0xff, 0xff, 0xff, 0xff
    .long str_002abf64
    .byte 0x73, 0x00, 0x00, 0x00, 0xff, 0xff, 0xff, 0xff, 0xff, 0xff, 0xff, 0xff, 0xff, 0xff, 0xff, 0xff
    .long str_002abf6c
    .byte 0x2c, 0x00, 0x00, 0x00, 0xff, 0xff, 0xff, 0xff, 0xff, 0xff, 0xff, 0xff, 0xff, 0xff, 0xff, 0xff
    .long str_002abf78
    .byte 0x2e, 0x00, 0x00, 0x00, 0xff, 0xff, 0xff, 0xff, 0xff, 0xff, 0xff, 0xff, 0xff, 0xff, 0xff, 0xff
    .long str_002abf84
    .byte 0x20, 0x00, 0x00, 0x00, 0xff, 0xff, 0xff, 0xff, 0xff, 0xff, 0xff, 0xff, 0xff, 0xff, 0xff, 0xff
    .long str_002abf8c
    .byte 0x63, 0x00, 0x00, 0x00, 0xff, 0xff, 0xff, 0xff, 0xff, 0xff, 0xff, 0xff, 0xff, 0xff, 0xff, 0xff
    .long str_002abf98
    .byte 0x9c, 0x00, 0x00, 0x00, 0xff, 0xff, 0xff, 0xff, 0xff, 0xff, 0xff, 0xff, 0xff, 0xff, 0xff, 0xff
    .long str_002abfa0
    .byte 0x9d, 0x00, 0x00, 0x00, 0xff, 0xff, 0xff, 0xff, 0xff, 0xff, 0xff, 0xff, 0xff, 0xff, 0xff, 0xff
    .long str_002abfa8
    .byte 0x9e, 0x00, 0x00, 0x00, 0xff, 0xff, 0xff, 0xff, 0xff, 0xff, 0xff, 0xff, 0xff, 0xff, 0xff, 0xff
    .long str_002abfb0
    .byte 0xa3, 0x00, 0x00, 0x00, 0xff, 0xff, 0xff, 0xff, 0xff, 0xff, 0xff, 0xff, 0xff, 0xff, 0xff, 0xff
    .long str_002abfb8
    .byte 0xa2, 0x00, 0x00, 0x00, 0xff, 0xff, 0xff, 0xff, 0xff, 0xff, 0xff, 0xff, 0xff, 0xff, 0xff, 0xff
    .long str_002abfc4
    .byte 0x2f, 0x00, 0x00, 0x00, 0xff, 0xff, 0xff, 0xff, 0xff, 0xff, 0xff, 0xff, 0xff, 0xff, 0xff, 0xff
    .long str_002abfcc
    .byte 0xa6, 0x00, 0x00, 0x00, 0xff, 0xff, 0xff, 0xff, 0xff, 0xff, 0xff, 0xff, 0xff, 0xff, 0xff, 0xff
    .long str_002abfd8
    .byte 0x9f, 0x00, 0x00, 0x00, 0xff, 0xff, 0xff, 0xff, 0xff, 0xff, 0xff, 0xff, 0xff, 0xff, 0xff, 0xff
    .long str_002abfe0
    .byte 0xcd, 0x00, 0x00, 0x00, 0xff, 0xff, 0xff, 0xff, 0xff, 0xff, 0xff, 0xff, 0xff, 0xff, 0xff, 0xff
    .long str_002abfec
    .byte 0xce, 0x00, 0x00, 0x00, 0xff, 0xff, 0xff, 0xff, 0xff, 0xff, 0xff, 0xff, 0xff, 0xff, 0xff, 0xff
    .long str_002abff8
    .byte 0xff, 0xff, 0xff, 0xff, 0xff, 0xff, 0xff, 0xff, 0xff, 0xff, 0xff, 0xff, 0xff, 0xff, 0xff, 0xff
    .long str_002ac000
    .byte 0xff, 0xff, 0xff, 0xff, 0xff, 0xff, 0xff, 0xff, 0xff, 0xff, 0xff, 0xff, 0xff, 0xff, 0xff, 0xff
    .long str_002ac008
    .byte 0xff, 0xff, 0xff, 0xff, 0xff, 0xff, 0xff, 0xff, 0xff, 0xff, 0xff, 0xff, 0xff, 0xff, 0xff, 0xff
    .long str_002ac014
    .byte 0xff, 0xff, 0xff, 0xff, 0xff, 0xff, 0xff, 0xff, 0xff, 0xff, 0xff, 0xff, 0xff, 0xff, 0xff, 0xff
    .long str_002ab890
    .byte 0xff, 0xff, 0xff, 0xff, 0xff, 0xff, 0xff, 0xff, 0xff, 0xff, 0xff, 0xff, 0xff, 0xff, 0xff, 0xff
    .long str_002ab8a0
    .byte 0xff, 0xff, 0xff, 0xff, 0xff, 0xff, 0xff, 0xff, 0xff, 0xff, 0xff, 0xff, 0xff, 0xff, 0xff, 0xff
    .long str_002ac020
    .byte 0xff, 0xff, 0xff, 0xff, 0xff, 0xff, 0xff, 0xff, 0xff, 0xff, 0xff, 0xff, 0xff, 0xff, 0xff, 0xff
    .long str_002ac02c
    .byte 0xff, 0xff, 0xff, 0xff, 0xff, 0xff, 0xff, 0xff, 0xff, 0xff, 0xff, 0xff, 0xff, 0xff, 0xff, 0xff
    .long str_002ac034
    .byte 0xa7, 0x00, 0x00, 0x00, 0xff, 0xff, 0xff, 0xff, 0xff, 0xff, 0xff, 0xff, 0xff, 0xff, 0xff, 0xff
    .long str_002ac03c
    .byte 0xff, 0xff, 0xff, 0xff, 0xff, 0xff, 0xff, 0xff, 0xff, 0xff, 0xff, 0xff, 0xff, 0xff, 0xff, 0xff
    .long str_002ac048
    .byte 0xff, 0xff, 0xff, 0xff, 0xff, 0xff, 0xff, 0xff, 0xff, 0xff, 0xff, 0xff, 0xff, 0xff, 0xff, 0xff
    .long str_002ac054
    .byte 0xff, 0xff, 0xff, 0xff, 0xff, 0xff, 0xff, 0xff, 0xff, 0xff, 0xff, 0xff, 0xff, 0xff, 0xff, 0xff
    .long str_002ac060
    .byte 0xff, 0xff, 0xff, 0xff, 0xff, 0xff, 0xff, 0xff, 0xff, 0xff, 0xff, 0xff, 0xff, 0xff, 0xff, 0xff
    .long str_002ac06c
    .byte 0xff, 0xff, 0xff, 0xff, 0xff, 0xff, 0xff, 0xff, 0xff, 0xff, 0xff, 0xff, 0xff, 0xff, 0xff, 0xff
    .long str_002ac074
    .byte 0xff, 0xff, 0xff, 0xff, 0xff, 0xff, 0xff, 0xff, 0xff, 0xff, 0xff, 0xff, 0xff, 0xff, 0xff, 0xff
    .long str_002ac084
    .byte 0x31, 0x00, 0x00, 0x00, 0xff, 0xff, 0xff, 0xff, 0xff, 0xff, 0xff, 0xff, 0xff, 0xff, 0xff, 0xff
    .long str_002ac098
    .byte 0x32, 0x00, 0x00, 0x00, 0xff, 0xff, 0xff, 0xff, 0xff, 0xff, 0xff, 0xff, 0xff, 0xff, 0xff, 0xff
    .long str_002ac0ac
    .byte 0xff, 0xff, 0xff, 0xff, 0xff, 0xff, 0xff, 0xff, 0xff, 0xff, 0xff, 0xff, 0xff, 0xff, 0xff, 0xff
    .long str_002ac0b8
    .byte 0xff, 0xff, 0xff, 0xff, 0xff, 0xff, 0xff, 0xff, 0xff, 0xff, 0xff, 0xff, 0xff, 0xff, 0xff, 0xff
    .long str_002ac0cc
    .byte 0xff, 0xff, 0xff, 0xff, 0xff, 0xff, 0xff, 0xff, 0xff, 0xff, 0xff, 0xff, 0xff, 0xff, 0xff, 0xff
    .long str_002ac0d4
    .byte 0xff, 0xff, 0xff, 0xff, 0xff, 0xff, 0xff, 0xff, 0xff, 0xff, 0xff, 0xff, 0xff, 0xff, 0xff, 0xff
    .long str_002ac0e0
    .byte 0xff, 0xff, 0xff, 0xff, 0xff, 0xff, 0xff, 0xff, 0xff, 0xff, 0xff, 0xff, 0xff, 0xff, 0xff, 0xff
    .long str_002ac0f0
    .byte 0xff, 0xff, 0xff, 0xff, 0xff, 0xff, 0xff, 0xff, 0xff, 0xff, 0xff, 0xff, 0xff, 0xff, 0xff, 0xff
    .long str_002ac0f8
    .byte 0xff, 0xff, 0xff, 0xff, 0xff, 0xff, 0xff, 0xff, 0xff, 0xff, 0xff, 0xff, 0xff, 0xff, 0xff, 0xff
    .long str_002ac100
    .byte 0xff, 0xff, 0xff, 0xff, 0xff, 0xff, 0xff, 0xff, 0xff, 0xff, 0xff, 0xff, 0xff, 0xff, 0xff, 0xff
    .long str_002ac10c
    .byte 0xff, 0xff, 0xff, 0xff, 0xff, 0xff, 0xff, 0xff, 0xff, 0xff, 0xff, 0xff, 0xff, 0xff, 0xff, 0xff
    .long str_002ac118
    .byte 0xff, 0xff, 0xff, 0xff, 0xff, 0xff, 0xff, 0xff, 0xff, 0xff, 0xff, 0xff, 0xff, 0xff, 0xff, 0xff
    .long str_002ac128
    .byte 0xff, 0xff, 0xff, 0xff, 0xff, 0xff, 0xff, 0xff, 0xff, 0xff, 0xff, 0xff, 0xff, 0xff, 0xff, 0xff
    .long str_002ac134
    .byte 0xff, 0xff, 0xff, 0xff, 0xff, 0xff, 0xff, 0xff, 0xff, 0xff, 0xff, 0xff, 0xff, 0xff, 0xff, 0xff
    .long str_002ac13c
    .byte 0xff, 0xff, 0xff, 0xff, 0xff, 0xff, 0xff, 0xff, 0xff, 0xff, 0xff, 0xff, 0xff, 0xff, 0xff, 0xff
    .long str_002ac148
    .byte 0xff, 0xff, 0xff, 0xff, 0xff, 0xff, 0xff, 0xff, 0xff, 0xff, 0xff, 0xff, 0xff, 0xff, 0xff, 0xff
    .long str_002ac154
    .byte 0xff, 0xff, 0xff, 0xff, 0xff, 0xff, 0xff, 0xff, 0xff, 0xff, 0xff, 0xff, 0xff, 0xff, 0xff, 0xff
    .long str_002ac160
    .byte 0xff, 0xff, 0xff, 0xff, 0xff, 0xff, 0xff, 0xff, 0xff, 0xff, 0xff, 0xff, 0xff, 0xff, 0xff, 0xff
    .long str_002ac16c
    .byte 0xff, 0xff, 0xff, 0xff, 0xff, 0xff, 0xff, 0xff, 0xff, 0xff, 0xff, 0xff, 0xff, 0xff, 0xff, 0xff
    .long str_002ac174
    .byte 0xff, 0xff, 0xff, 0xff, 0xff, 0xff, 0xff, 0xff, 0xff, 0xff, 0xff, 0xff, 0xff, 0xff, 0xff, 0xff
    .long str_00225608
    .byte 0xff, 0xff, 0xff, 0xff, 0xff, 0xff, 0xff, 0xff, 0xff, 0xff, 0xff, 0xff, 0xff, 0xff, 0xff, 0xff
    .long str_002ac180
    .byte 0xff, 0xff, 0xff, 0xff, 0xff, 0xff, 0xff, 0xff, 0xff, 0xff, 0xff, 0xff, 0xff, 0xff, 0xff, 0xff
    .long str_002ac190
    .byte 0xff, 0xff, 0xff, 0xff, 0xff, 0xff, 0xff, 0xff, 0xff, 0xff, 0xff, 0xff, 0xff, 0xff, 0xff, 0xff

.globl updateScreenCalled
.type updateScreenCalled, @object
.size updateScreenCalled, 4
.align 4
updateScreenCalled:
    .byte 0x00, 0x00, 0x00, 0x00

.globl szShotName
.type szShotName, @object
.size szShotName, 28
.align 4
szShotName:
    .long str_002acd00
    .long str_002acd04
    .long str_002acd08
    .long str_002acd0c
    .long str_002acd10
    .long str_002acd14
    .byte 0x00, 0x00, 0x00, 0x00

.globl msg_hData
.type msg_hData, @object
.size msg_hData, 1024
.align 4
msg_hData:
    .long 250315, 41193, 6292, 7106, 3730, 3750, 6110, 23283
    .long 33317, 6950, 7838, 9714, 9257, 17259, 3949, 1778
    .long 8288, 1604, 1590, 1663, 1100, 1213, 1238, 1134
    .long 1749, 1059, 1246, 1149, 1273, 4486, 2805, 3472
    .long 21819, 1159, 1670, 1066, 1043, 1012, 1053, 1070
    .long 1726, 888, 1180, 850, 960, 780, 1752, 3296
    .long 10630, 4514, 5881, 2685, 4650, 3837, 2093, 1867
    .long 2584, 1949, 1972, 940, 1134, 1788, 1670, 1206
    .long 5719, 6128, 7222, 6654, 3710, 3795, 1492, 1524
    .long 2215, 1140, 1355, 971, 2180, 1248, 1328, 1195
    .long 1770, 1078, 1264, 1266, 1168, 965, 1155, 1186
    .long 1347, 1228, 1529, 1600, 2617, 2048, 2546, 3275
    .long 2410, 3585, 2504, 2800, 2675, 6146, 3663, 2840
    .long 14253, 3164, 2221, 1687, 3208, 2739, 3512, 4796
    .long 4091, 3515, 5288, 4016, 7937, 6031, 5360, 3924
    .long 4892, 3743, 4566, 4807, 5852, 6400, 6225, 8291
    .long 23243, 7838, 7073, 8935, 5437, 4483, 3641, 5256
    .long 5312, 5328, 5370, 3492, 2458, 1694, 1821, 2121
    .long 1916, 1149, 1516, 1367, 1236, 1029, 1258, 1104
    .long 1245, 1006, 1149, 1025, 1241, 952, 1287, 997
    .long 1713, 1009, 1187, 879, 1099, 929, 1078, 951
    .long 1656, 930, 1153, 1030, 1262, 1062, 1214, 1060
    .long 1621, 930, 1106, 912, 1034, 892, 1158, 990
    .long 1175, 850, 1121, 903, 1087, 920, 1144, 1056
    .long 3462, 2240, 4397, 12136, 7758, 1345, 1307, 3278
    .long 1950, 886, 1023, 1112, 1077, 1042, 1061, 1071
    .long 1484, 1001, 1096, 915, 1052, 995, 1070, 876
    .long 1111, 851, 1059, 805, 1112, 923, 1103, 817
    .long 1899, 1872, 976, 841, 1127, 956, 1159, 950
    .long 7791, 954, 1289, 933, 1127, 3207, 1020, 927
    .long 1355, 768, 1040, 745, 952, 805, 1073, 740
    .long 1013, 805, 1008, 796, 996, 1057, 11457, 13504

.globl hudElemFields
.type hudElemFields, @object
.size hudElemFields, 384
.align 4
hudElemFields:
    .long str_002acda0
    .byte 0x08, 0x00, 0x00, 0x00, 0x9d, 0xff, 0xff, 0xff
    .long str_0021eb5c
    .byte 0x00, 0x00, 0x00, 0x00, 0x04, 0x00, 0x00, 0x00
    .long str_002acda4
    .byte 0x20, 0x00, 0x00, 0x00, 0x20, 0x00, 0x00, 0x00
    .long str_002acdb0
    .byte 0x04, 0x00, 0x00, 0x00, 0x9d, 0xff, 0xff, 0xff
    .long str_002acdb4
    .byte 0x1c, 0x00, 0x00, 0x00, 0x06, 0x00, 0x00, 0x00
    .long str_002acdc0
    .byte 0x10, 0x00, 0x00, 0x00, 0x00, 0x00, 0x00, 0x00
    .long str_002acdcc
    .byte 0x3c, 0x00, 0x00, 0x00, 0x08, 0x00, 0x00, 0x00
    .long str_0021a778
    .byte 0x34, 0x00, 0x00, 0x00, 0x0a, 0x00, 0x00, 0x00
    .long str_0021a588
    .byte 0x38, 0x00, 0x00, 0x00, 0x0a, 0x00, 0x00, 0x00
    .long str_002acddc
    .byte 0x28, 0x00, 0x00, 0x00, 0x20, 0x00, 0x00, 0x00
    .long str_002acdec
    .byte 0x24, 0x00, 0x00, 0x00, 0x20, 0x00, 0x00, 0x00
    .long str_002acdfc
    .byte 0x2c, 0x00, 0x00, 0x00, 0x10, 0x00, 0x00, 0x00
    .long str_002ace08
    .byte 0x70, 0x00, 0x00, 0x00, 0x00, 0x00, 0x00, 0x00
    .long str_002ace10
    .byte 0x68, 0x00, 0x00, 0x00, 0x20, 0x00, 0x00, 0x00
    .long str_002ace18
    .byte 0x0c, 0x00, 0x00, 0x00, 0x9d, 0xff, 0xff, 0xff
    .long str_002ace1c
    .byte 0x18, 0x00, 0x00, 0x00, 0x04, 0x00, 0x00, 0x00
    .long str_002ace28
    .byte 0x78, 0x00, 0x00, 0x00, 0x00, 0x00, 0x00, 0x00
    .long str_002ace30
    .byte 0x74, 0x00, 0x00, 0x00, 0x08, 0x00, 0x00, 0x00
    .long str_002ace38
    .byte 0x14, 0x00, 0x00, 0x00, 0x04, 0x00, 0x00, 0x00
    .long str_002ace40
    .byte 0x48, 0x00, 0x00, 0x00, 0x20, 0x00, 0x00, 0x00
    .long str_002ace50
    .byte 0x4c, 0x00, 0x00, 0x00, 0x10, 0x00, 0x00, 0x00
    .long str_002ace5c
    .byte 0x44, 0x00, 0x00, 0x00, 0x0a, 0x00, 0x00, 0x00
    .long str_002ace68
    .byte 0x30, 0x00, 0x00, 0x00, 0x08, 0x00, 0x00, 0x00
    .long str_002ace70
    .byte 0x40, 0x00, 0x00, 0x00, 0x0a, 0x00, 0x00, 0x00
    .long str_002ace7c
    .byte 0x60, 0x00, 0x00, 0x00, 0x20, 0x00, 0x00, 0x00
    .long str_002ace8c
    .byte 0x64, 0x00, 0x00, 0x00, 0x10, 0x00, 0x00, 0x00
    .long str_002ace98
    .byte 0x50, 0x00, 0x00, 0x00, 0x9d, 0xff, 0xff, 0xff
    .long str_002acea0
    .byte 0x54, 0x00, 0x00, 0x00, 0x9d, 0xff, 0xff, 0xff
    .long str_002acea8
    .byte 0x5c, 0x00, 0x00, 0x00, 0x06, 0x00, 0x00, 0x00
    .long str_002aceb8
    .byte 0x58, 0x00, 0x00, 0x00, 0x04, 0x00, 0x00, 0x00
    .long str_002acec8
    .byte 0x6c, 0x00, 0x00, 0x00, 0x20, 0x00, 0x00, 0x00
    .long str_002aced4
    .byte 0x7c, 0x00, 0x00, 0x00, 0x01, 0x00, 0x00, 0x00

.globl objectiveFields
.type objectiveFields, @object
.size objectiveFields, 96
.align 4
objectiveFields:
    .long str_002acee0
    .byte 0x04, 0x00, 0x00, 0x00, 0x00, 0x00, 0x00, 0x00
    .long str_002aceec
    .byte 0x08, 0x00, 0x00, 0x00, 0x00, 0x00, 0x00, 0x00
    .long str_002acef8
    .byte 0x0c, 0x00, 0x00, 0x00, 0x00, 0x00, 0x00, 0x00
    .long str_002acf04
    .byte 0x18, 0x00, 0x00, 0x00, 0x0c, 0x00, 0x00, 0x00
    .long str_002acf0c
    .byte 0x10, 0x00, 0x00, 0x00, 0x0a, 0x00, 0x00, 0x00
    .long str_002acf14
    .byte 0x14, 0x00, 0x00, 0x00, 0x04, 0x00, 0x00, 0x00, 0x00, 0x00, 0x00, 0x00, 0x00, 0x00, 0x00, 0x00
    .byte 0x00, 0x00, 0x00, 0x00, 0x00, 0x00, 0x00, 0x00, 0x00, 0x00, 0x00, 0x00, 0x00, 0x00, 0x00, 0x00

.globl kbitmask
.type kbitmask, @object
.size kbitmask, 160
.align 4
kbitmask:
    .byte 0x00, 0x00, 0x00, 0x00, 0x01, 0x00, 0x00, 0x00, 0x03, 0x00, 0x00, 0x00, 0x07, 0x00, 0x00, 0x00
    .byte 0x0f, 0x00, 0x00, 0x00, 0x1f, 0x00, 0x00, 0x00, 0x3f, 0x00, 0x00, 0x00, 0x7f, 0x00, 0x00, 0x00
    .byte 0xff, 0x00, 0x00, 0x00, 0xff, 0x01, 0x00, 0x00, 0xff, 0x03, 0x00, 0x00, 0xff, 0x07, 0x00, 0x00
    .byte 0xff, 0x0f, 0x00, 0x00
    /* kbitmask[14]-[21] were corrupted with Mac symbol addresses — fixed */
    .long 0x00003fff  /* kbitmask[14] */
    .long 0x00007fff  /* kbitmask[15] */
    .long 0x0000ffff  /* kbitmask[16] */
    .long 0x0001ffff  /* kbitmask[17] */
    .long 0x0003ffff  /* kbitmask[18] */
    .long 0x0007ffff  /* kbitmask[19] */
    .long 0x000fffff  /* kbitmask[20] */
    .long 0x001fffff  /* kbitmask[21] */
    .byte 0xff, 0xff, 0x3f, 0x00, 0xff, 0xff, 0x7f, 0x00, 0xff, 0xff, 0xff, 0x00, 0xff, 0xff, 0xff, 0x01
    .byte 0xff, 0xff, 0xff, 0x03, 0xff, 0xff, 0xff, 0x07, 0xff, 0xff, 0xff, 0x0f, 0xff, 0xff, 0xff, 0x1f
    .byte 0xff, 0xff, 0xff, 0x3f, 0xff, 0xff, 0xff, 0x7f, 0xff, 0xff, 0xff, 0xff, 0x00, 0x00, 0x00, 0x00
    .byte 0x00, 0x00, 0x00, 0x00, 0x00, 0x00, 0x00, 0x00, 0x00, 0x00, 0x00, 0x00, 0x00, 0x00, 0x00, 0x00
    .byte 0x00, 0x00, 0x00, 0x00, 0x00, 0x00, 0x00, 0x00

.globl ucmds
.type ucmds, @object
.size ucmds, 96
.align 4
ucmds:
    .long str_002adea0
    .long SV_UpdateUserinfo_f
    .long str_00228e90
    .long SV_Disconnect_f
    .long str_002adeac
    .long SV_VerifyIwds_f
    .long str_002a96d4
    .long SV_ResetPureClient_f
    .long str_002adeb0
    .long SV_BeginDownload_f
    .long str_002adebc
    .long SV_NextDownload_f
    .long str_002adec4
    .long SV_StopDownload_f
    .long str_002a98b0
    .long SV_DoneDownload_f
    .long str_002adecc
    .long SV_RetransmitDownload_f
    .long str_002aded8
    .long SV_MutePlayer_f
    .long str_002adee4
    .long SV_UnmutePlayer_f
    .byte 0x00, 0x00, 0x00, 0x00, 0x00, 0x00, 0x00, 0x00

.globl bgs
.type bgs, @object
.size bgs, 32
.align 4
bgs:
    .byte 0x00, 0x00, 0x00, 0x00, 0x00, 0x00, 0x00, 0x00, 0x00, 0x00, 0x00, 0x00, 0x00, 0x00, 0x00, 0x00
    .byte 0x00, 0x00, 0x00, 0x00, 0x00, 0x00, 0x00, 0x00, 0x00, 0x00, 0x00, 0x00, 0x00, 0x00, 0x00, 0x00

.globl animEventTypesStr
.type animEventTypesStr, @object
.size animEventTypesStr, 160
.align 4
animEventTypesStr:
    .long str_002ae9fc
    .byte 0xff, 0xff, 0xff, 0xff
    .long str_002aea04
    .byte 0xff, 0xff, 0xff, 0xff
    .long str_002aea0c
    .byte 0xff, 0xff, 0xff, 0xff
    .long str_002aea18
    .byte 0xff, 0xff, 0xff, 0xff
    .long str_002aea20
    .byte 0xff, 0xff, 0xff, 0xff
    .long str_002aea28
    .byte 0xff, 0xff, 0xff, 0xff
    .long str_002aea30
    .byte 0xff, 0xff, 0xff, 0xff
    .long str_002aea3c
    .byte 0xff, 0xff, 0xff, 0xff
    .long str_002aea48
    .byte 0xff, 0xff, 0xff, 0xff
    .long str_002aea54
    .byte 0xff, 0xff, 0xff, 0xff
    .long str_002aea64
    .byte 0xff, 0xff, 0xff, 0xff
    .long str_002aea6c
    .byte 0xff, 0xff, 0xff, 0xff
    .long str_002aea7c
    .byte 0xff, 0xff, 0xff, 0xff
    .long str_002aea8c
    .byte 0xff, 0xff, 0xff, 0xff
    .long str_002aea9c
    .byte 0xff, 0xff, 0xff, 0xff
    .long str_002aeaac
    .byte 0xff, 0xff, 0xff, 0xff
    .long str_002aeabc
    .byte 0xff, 0xff, 0xff, 0xff
    .long str_002aeacc
    .byte 0xff, 0xff, 0xff, 0xff
    .long str_002aead8
    .byte 0xff, 0xff, 0xff, 0xff, 0x00, 0x00, 0x00, 0x00, 0xff, 0xff, 0xff, 0xff

.globl animMoveTypesStr
.type animMoveTypesStr, @object
.size animMoveTypesStr, 352
.align 4
animMoveTypesStr:
    .long str_002aeae4
    .byte 0xff, 0xff, 0xff, 0xff
    .long str_002aeaf4
    .byte 0xff, 0xff, 0xff, 0xff
    .long str_002aeafc
    .byte 0xff, 0xff, 0xff, 0xff
    .long str_002aeb04
    .byte 0xff, 0xff, 0xff, 0xff
    .long str_002aeb10
    .byte 0xff, 0xff, 0xff, 0xff
    .long str_002aeb18
    .byte 0xff, 0xff, 0xff, 0xff
    .long str_002aeb20
    .byte 0xff, 0xff, 0xff, 0xff
    .long str_002aeb28
    .byte 0xff, 0xff, 0xff, 0xff
    .long str_002aeb34
    .byte 0xff, 0xff, 0xff, 0xff
    .long str_002aeb40
    .byte 0xff, 0xff, 0xff, 0xff
    .long str_002aeb4c
    .byte 0xff, 0xff, 0xff, 0xff
    .long str_002aeb50
    .byte 0xff, 0xff, 0xff, 0xff
    .long str_002aeb58
    .byte 0xff, 0xff, 0xff, 0xff
    .long str_002aeb60
    .byte 0xff, 0xff, 0xff, 0xff
    .long str_002aeb68
    .byte 0xff, 0xff, 0xff, 0xff
    .long str_002aeb74
    .byte 0xff, 0xff, 0xff, 0xff
    .long str_002aeb80
    .byte 0xff, 0xff, 0xff, 0xff
    .long str_002aeb8c
    .byte 0xff, 0xff, 0xff, 0xff
    .long str_002aeb98
    .byte 0xff, 0xff, 0xff, 0xff
    .long str_002aeba0
    .byte 0xff, 0xff, 0xff, 0xff
    .long str_002aebac
    .byte 0xff, 0xff, 0xff, 0xff
    .long str_002aebb8
    .byte 0xff, 0xff, 0xff, 0xff
    .long str_002aebc8
    .byte 0xff, 0xff, 0xff, 0xff
    .long str_002aebd8
    .byte 0xff, 0xff, 0xff, 0xff
    .long str_002aebe8
    .byte 0xff, 0xff, 0xff, 0xff
    .long str_002aebf8
    .byte 0xff, 0xff, 0xff, 0xff
    .long str_002aec08
    .byte 0xff, 0xff, 0xff, 0xff
    .long str_002aec18
    .byte 0xff, 0xff, 0xff, 0xff
    .long str_002aec28
    .byte 0xff, 0xff, 0xff, 0xff
    .long str_002aec3c
    .byte 0xff, 0xff, 0xff, 0xff
    .long str_002aec4c
    .byte 0xff, 0xff, 0xff, 0xff
    .long str_002aec5c
    .byte 0xff, 0xff, 0xff, 0xff
    .long str_002aec6c
    .byte 0xff, 0xff, 0xff, 0xff
    .long str_002aec7c
    .byte 0xff, 0xff, 0xff, 0xff
    .long str_002aec88
    .byte 0xff, 0xff, 0xff, 0xff
    .long str_002aec98
    .byte 0xff, 0xff, 0xff, 0xff
    .long str_002aeca8
    .byte 0xff, 0xff, 0xff, 0xff
    .long str_002aecbc
    .byte 0xff, 0xff, 0xff, 0xff
    .long str_002aecd4
    .byte 0xff, 0xff, 0xff, 0xff
    .long str_002aecec
    .byte 0xff, 0xff, 0xff, 0xff
    .long str_002aed04
    .byte 0xff, 0xff, 0xff, 0xff, 0x00, 0x00, 0x00, 0x00, 0xff, 0xff, 0xff, 0xff, 0x00, 0x00, 0x00, 0x00
    .byte 0x00, 0x00, 0x00, 0x00, 0x00, 0x00, 0x00, 0x00, 0x00, 0x00, 0x00, 0x00

.globl animStateStr
.type animStateStr, @object
.size animStateStr, 64
.align 4
animStateStr:
    .long str_002aed1c
    .byte 0xff, 0xff, 0xff, 0xff
    .long str_002aed24
    .byte 0xff, 0xff, 0xff, 0xff
    .long str_002aed2c
    .byte 0xff, 0xff, 0xff, 0xff
    .long str_002aed34
    .byte 0xff, 0xff, 0xff, 0xff, 0x00, 0x00, 0x00, 0x00, 0xff, 0xff, 0xff, 0xff, 0x00, 0x00, 0x00, 0x00
    .byte 0x00, 0x00, 0x00, 0x00, 0x00, 0x00, 0x00, 0x00, 0x00, 0x00, 0x00, 0x00, 0x00, 0x00, 0x00, 0x00
    .byte 0x00, 0x00, 0x00, 0x00

.globl animConditionsTable
.type animConditionsTable, @object
.size animConditionsTable, 96
.align 4
animConditionsTable:
    .byte 0x00, 0x00, 0x00, 0x00
    .long weaponStrings
    .byte 0x00, 0x00, 0x00, 0x00
    .long animWeaponClassStr
    .byte 0x01, 0x00, 0x00, 0x00
    .long animConditionMountedStr
    .byte 0x00, 0x00, 0x00, 0x00
    .long animMoveTypesStr
    .byte 0x01, 0x00, 0x00, 0x00, 0x00, 0x00, 0x00, 0x00, 0x01, 0x00, 0x00, 0x00, 0x00, 0x00, 0x00, 0x00
    .byte 0x01, 0x00, 0x00, 0x00, 0x00, 0x00, 0x00, 0x00, 0x01, 0x00, 0x00, 0x00
    .long animWeaponPositionStr
    .byte 0x01, 0x00, 0x00, 0x00
    .long animStrafeStateStr
    .byte 0x00, 0x00, 0x00, 0x00, 0x00, 0x00, 0x00, 0x00, 0x00, 0x00, 0x00, 0x00, 0x00, 0x00, 0x00, 0x00
    .byte 0x00, 0x00, 0x00, 0x00, 0x00, 0x00, 0x00, 0x00

.globl animStrafeStateStr
.type animStrafeStateStr, @object
.size animStrafeStateStr, 32
.align 4
animStrafeStateStr:
    .long str_002aed3c
    .byte 0xff, 0xff, 0xff, 0xff
    .long str_002aed40
    .byte 0xff, 0xff, 0xff, 0xff
    .long str_002aed48
    .byte 0xff, 0xff, 0xff, 0xff, 0x00, 0x00, 0x00, 0x00, 0xff, 0xff, 0xff, 0xff

.globl animWeaponPositionStr
.type animWeaponPositionStr, @object
.size animWeaponPositionStr, 24
.align 4
animWeaponPositionStr:
    .long str_002aed50
    .byte 0xff, 0xff, 0xff, 0xff
    .long str_002aed54
    .byte 0xff, 0xff, 0xff, 0xff, 0x00, 0x00, 0x00, 0x00, 0xff, 0xff, 0xff, 0xff

.globl animConditionMountedStr
.type animConditionMountedStr, @object
.size animConditionMountedStr, 40
.align 4
animConditionMountedStr:
    .long str_002aeae4
    .byte 0xff, 0xff, 0xff, 0xff
    .long str_002abcf4
    .byte 0xff, 0xff, 0xff, 0xff, 0x00, 0x00, 0x00, 0x00, 0xff, 0xff, 0xff, 0xff, 0x00, 0x00, 0x00, 0x00
    .byte 0x00, 0x00, 0x00, 0x00, 0x00, 0x00, 0x00, 0x00, 0x00, 0x00, 0x00, 0x00

.globl animWeaponClassStr
.type animWeaponClassStr, @object
.size animWeaponClassStr, 96
.align 4
animWeaponClassStr:
    .long str_002aed58
    .byte 0xff, 0xff, 0xff, 0xff
    .long str_002aed60
    .byte 0xff, 0xff, 0xff, 0xff
    .long str_002aed64
    .byte 0xff, 0xff, 0xff, 0xff
    .long str_002aed68
    .byte 0xff, 0xff, 0xff, 0xff
    .long str_002aed70
    .byte 0xff, 0xff, 0xff, 0xff
    .long str_002aed78
    .byte 0xff, 0xff, 0xff, 0xff
    .long str_002aed80
    .byte 0xff, 0xff, 0xff, 0xff
    .long str_002aed90
    .byte 0xff, 0xff, 0xff, 0xff
    .long str_002aed98
    .byte 0xff, 0xff, 0xff, 0xff
    .long str_002aeda4
    .byte 0xff, 0xff, 0xff, 0xff, 0x00, 0x00, 0x00, 0x00, 0xff, 0xff, 0xff, 0xff, 0x00, 0x00, 0x00, 0x00
    .byte 0x00, 0x00, 0x00, 0x00

.globl animConditionsStr
.type animConditionsStr, @object
.size animConditionsStr, 96
.align 4
animConditionsStr:
    .long str_002aedac
    .byte 0xff, 0xff, 0xff, 0xff
    .long str_002aedbc
    .byte 0xff, 0xff, 0xff, 0xff
    .long str_002aedc8
    .byte 0xff, 0xff, 0xff, 0xff
    .long str_002aedd0
    .byte 0xff, 0xff, 0xff, 0xff
    .long str_002aeddc
    .byte 0xff, 0xff, 0xff, 0xff
    .long str_002aede8
    .byte 0xff, 0xff, 0xff, 0xff
    .long str_002aedf4
    .byte 0xff, 0xff, 0xff, 0xff
    .long str_002aedfc
    .byte 0xff, 0xff, 0xff, 0xff
    .long str_002aee0c
    .byte 0xff, 0xff, 0xff, 0xff, 0x00, 0x00, 0x00, 0x00, 0xff, 0xff, 0xff, 0xff, 0x00, 0x00, 0x00, 0x00
    .byte 0x00, 0x00, 0x00, 0x00, 0x00, 0x00, 0x00, 0x00, 0x00, 0x00, 0x00, 0x00

.globl animParseModesStr
.type animParseModesStr, @object
.size animParseModesStr, 48
.align 4
animParseModesStr:
    .long str_002aee18
    .byte 0xff, 0xff, 0xff, 0xff
    .long str_002aee20
    .byte 0xff, 0xff, 0xff, 0xff
    .long str_002aee2c
    .byte 0xff, 0xff, 0xff, 0xff
    .long str_002aee40
    .byte 0xff, 0xff, 0xff, 0xff
    .long str_002aee50
    .byte 0xff, 0xff, 0xff, 0xff, 0x00, 0x00, 0x00, 0x00, 0xff, 0xff, 0xff, 0xff

.globl globalFilename
.type globalFilename, @object
.size globalFilename, 4
.align 4
globalFilename:
    .long str_002aee58

.globl controller_names
.type controller_names, @object
.size controller_names, 44
.align 4
controller_names:
    .long scr_const+168
    .long scr_const+170
    .long scr_const+172
    .long scr_const+174
    .long scr_const+176
    .long scr_const+178
    .byte 0x00, 0x00, 0x00, 0x00, 0x00, 0x00, 0x00, 0x00, 0x00, 0x00, 0x00, 0x00, 0x00, 0x00, 0x00, 0x00
    .byte 0x00, 0x00, 0x00, 0x00

.globl animBodyPartsStr
.type animBodyPartsStr, @object
.size animBodyPartsStr, 64
.align 4
animBodyPartsStr:
    .long str_002aeae4
    .byte 0xff, 0xff, 0xff, 0xff
    .long str_002aee70
    .byte 0xff, 0xff, 0xff, 0xff
    .long str_002aee78
    .byte 0xff, 0xff, 0xff, 0xff
    .long str_002aee80
    .byte 0xff, 0xff, 0xff, 0xff, 0x00, 0x00, 0x00, 0x00, 0xff, 0xff, 0xff, 0xff, 0x00, 0x00, 0x00, 0x00
    .byte 0x00, 0x00, 0x00, 0x00, 0x00, 0x00, 0x00, 0x00, 0x00, 0x00, 0x00, 0x00, 0x00, 0x00, 0x00, 0x00
    .byte 0x00, 0x00, 0x00, 0x00

.globl kb
.type kb, @object
.size kb, 32
.align 4
kb:
    .long playersKb
    .byte 0x00, 0x00, 0x00, 0x00, 0x00, 0x00, 0x00, 0x00, 0x00, 0x00, 0x00, 0x00, 0x00, 0x00, 0x00, 0x00
    .byte 0x00, 0x00, 0x00, 0x00, 0x00, 0x00, 0x00, 0x00, 0x00, 0x00, 0x00, 0x00

.globl staticNULL
.type staticNULL, @object
.size staticNULL, 32
.align 4
staticNULL:
    .long str_002157b8  /* pointer to empty string "" — was raw Mach-O addr 0x002157b8 */
    .byte 0x00, 0x00, 0x00, 0x00, 0x00, 0x00, 0x00, 0x00, 0x00, 0x00, 0x00, 0x00
    .byte 0x00, 0x00, 0x00, 0x00, 0x00, 0x00, 0x00, 0x00, 0x00, 0x00, 0x00, 0x00, 0x00, 0x00, 0x00, 0x00

.globl playerMaxs
.type playerMaxs, @object
.size playerMaxs, 12
.align 4
playerMaxs:
    .byte 0x00, 0x00, 0x70, 0x41, 0x00, 0x00, 0x70, 0x41, 0x00, 0x00, 0x8c, 0x42

.globl playerMins
.type playerMins, @object
.size playerMins, 20
.align 4
playerMins:
    .byte 0x00, 0x00, 0x70, 0xc1, 0x00, 0x00, 0x70, 0xc1, 0x00, 0x00, 0x00, 0x00, 0x00, 0x00, 0x00, 0x00
    .byte 0x00, 0x00, 0x00, 0x00

.globl endOffset
.type endOffset, @object
.size endOffset, 4
.align 4
endOffset:
    .byte 0x01, 0x00, 0x00, 0x00

.globl startOffset
.type startOffset, @object
.size startOffset, 28
.align 4
startOffset:
    .byte 0x02, 0x00, 0x00, 0x00, 0x00, 0x00, 0x00, 0x00, 0x00, 0x00, 0x00, 0x00, 0x00, 0x00, 0x00, 0x00
    .byte 0x00, 0x00, 0x00, 0x00, 0x00, 0x00, 0x00, 0x00, 0x00, 0x00, 0x00, 0x00

pm_str_endparty:
    .asciz "endparty"
    .align 4

.globl functions
.type functions, @object
.size functions, 1740
.align 4
functions:
    .long str_002a9590
    .long print
    .byte 0x01, 0x00, 0x00, 0x00
    .long str_002b071c
    .long println
    .byte 0x01, 0x00, 0x00, 0x00
    .long str_002b0724
    .long iprintln
    .byte 0x00, 0x00, 0x00, 0x00
    .long str_002b0730
    .long iprintlnbold
    .byte 0x00, 0x00, 0x00, 0x00
    .long str_002b0740
    .long GScr_print3d
    .byte 0x01, 0x00, 0x00, 0x00
    .long str_00219df4
    .long GScr_line
    .byte 0x01, 0x00, 0x00, 0x00
    .long str_002b0748
    .long Scr_GetEnt
    .byte 0x00, 0x00, 0x00, 0x00
    .long str_002b0750
    .long Scr_GetEntArray
    .byte 0x00, 0x00, 0x00, 0x00
    .long str_002b075c
    .long GScr_Spawn
    .byte 0x00, 0x00, 0x00, 0x00
    .long str_002b0764
    .long GScr_SpawnTurret
    .byte 0x00, 0x00, 0x00, 0x00
    .long str_002b0770
    .long GScr_PrecacheTurret
    .byte 0x00, 0x00, 0x00, 0x00
    .long str_002b0780
    .long Scr_AddStruct
    .byte 0x00, 0x00, 0x00, 0x00
    .long str_002b078c
    .long assertCmd
    .byte 0x01, 0x00, 0x00, 0x00
    .long str_002b0794
    .long assertexCmd
    .byte 0x01, 0x00, 0x00, 0x00
    .long str_002b07a0
    .long assertmsgCmd
    .byte 0x01, 0x00, 0x00, 0x00
    .long str_002b07ac
    .long GScr_IsDefined
    .byte 0x00, 0x00, 0x00, 0x00
    .long str_002b07b8
    .long GScr_IsString
    .byte 0x00, 0x00, 0x00, 0x00
    .long str_002b07c4
    .long GScr_IsAlive
    .byte 0x00, 0x00, 0x00, 0x00
    .long str_002b07cc
    .long GScr_GetDvar
    .byte 0x00, 0x00, 0x00, 0x00
    .long str_002b07d4
    .long GScr_GetDvarInt
    .byte 0x00, 0x00, 0x00, 0x00
    .long str_002b07e0
    .long GScr_GetDvarFloat
    .byte 0x00, 0x00, 0x00, 0x00
    .long str_002b07f0
    .long GScr_SetDvar
    .byte 0x00, 0x00, 0x00, 0x00
    .long str_002b07f8
    .long GScr_GetTime
    .byte 0x00, 0x00, 0x00, 0x00
    .long str_002b0800
    .long Scr_GetEntByNum
    .byte 0x01, 0x00, 0x00, 0x00
    .long str_002b080c
    .long Scr_GetWeaponModel
    .byte 0x00, 0x00, 0x00, 0x00
    .long str_002b081c
    .long GScr_GetAnimLength
    .byte 0x00, 0x00, 0x00, 0x00
    .long str_002b082c
    .long GScr_AnimHasNotetrack
    .byte 0x00, 0x00, 0x00, 0x00
    .long str_002b0840
    .long GScr_GetBrushModelCenter
    .byte 0x00, 0x00, 0x00, 0x00
    .long str_002b0854
    .long Scr_Objective_Add
    .byte 0x00, 0x00, 0x00, 0x00
    .long str_002b0864
    .long Scr_Objective_Delete
    .byte 0x00, 0x00, 0x00, 0x00
    .long str_002b0878
    .long Scr_Objective_State
    .byte 0x00, 0x00, 0x00, 0x00
    .long str_002b0888
    .long Scr_Objective_Icon
    .byte 0x00, 0x00, 0x00, 0x00
    .long str_002b0898
    .long Scr_Objective_Position
    .byte 0x00, 0x00, 0x00, 0x00
    .long str_002b08ac
    .long Scr_Objective_OnEntity
    .byte 0x00, 0x00, 0x00, 0x00
    .long str_002b08c0
    .long Scr_Objective_Current
    .byte 0x00, 0x00, 0x00, 0x00
    .long str_002b08d4
    .long Scr_BulletTrace
    .byte 0x00, 0x00, 0x00, 0x00
    .long str_002b08e0
    .long Scr_BulletTracePassed
    .byte 0x00, 0x00, 0x00, 0x00
    .long str_002b08f4
    .long Scr_SightTracePassed
    .byte 0x00, 0x00, 0x00, 0x00
    .long str_002b0908
    .long Scr_PhysicsTrace
    .byte 0x00, 0x00, 0x00, 0x00
    .long str_002b0918
    .long GScr_GetMoveDelta
    .byte 0x00, 0x00, 0x00, 0x00
    .long str_002b0928
    .long GScr_GetAngleDelta
    .byte 0x00, 0x00, 0x00, 0x00
    .long str_002b0938
    .long GScr_GetNorthYaw
    .byte 0x00, 0x00, 0x00, 0x00
    .long str_002b0944
    .long Scr_RandomInt
    .byte 0x00, 0x00, 0x00, 0x00
    .long str_002b0950
    .long Scr_RandomFloat
    .byte 0x00, 0x00, 0x00, 0x00
    .long str_002b095c
    .long Scr_RandomIntRange
    .byte 0x00, 0x00, 0x00, 0x00
    .long str_002b096c
    .long Scr_RandomFloatRange
    .byte 0x00, 0x00, 0x00, 0x00
    .long str_002b0980
    .long GScr_sin
    .byte 0x00, 0x00, 0x00, 0x00
    .long str_002b0984
    .long GScr_cos
    .byte 0x00, 0x00, 0x00, 0x00
    .long str_002b0988
    .long GScr_tan
    .byte 0x00, 0x00, 0x00, 0x00
    .long str_002b098c
    .long GScr_asin
    .byte 0x00, 0x00, 0x00, 0x00
    .long str_002b0994
    .long GScr_acos
    .byte 0x00, 0x00, 0x00, 0x00
    .long str_002b099c
    .long GScr_atan
    .byte 0x00, 0x00, 0x00, 0x00
    .long str_0021d27c
    .long GScr_CastInt
    .byte 0x00, 0x00, 0x00, 0x00
    .long str_002b09a4
    .long Scr_Distance
    .byte 0x00, 0x00, 0x00, 0x00
    .long str_002b09b0
    .long Scr_DistanceSquared
    .byte 0x00, 0x00, 0x00, 0x00
    .long str_0021a790
    .long Scr_Length
    .byte 0x00, 0x00, 0x00, 0x00
    .long str_002b09c0
    .long Scr_LengthSquared
    .byte 0x00, 0x00, 0x00, 0x00
    .long str_002b09d0
    .long Scr_Closer
    .byte 0x00, 0x00, 0x00, 0x00
    .long str_002b09d8
    .long Scr_VectorDot
    .byte 0x00, 0x00, 0x00, 0x00
    .long str_002b09e4
    .long Scr_VectorNormalize
    .byte 0x00, 0x00, 0x00, 0x00
    .long str_002b09f4
    .long Scr_VectorToAngles
    .byte 0x00, 0x00, 0x00, 0x00
    .long str_002b0a04
    .long Scr_AnglesToUp
    .byte 0x00, 0x00, 0x00, 0x00
    .long str_002b0a10
    .long Scr_AnglesToRight
    .byte 0x00, 0x00, 0x00, 0x00
    .long str_002b0a20
    .long Scr_AnglesToForward
    .byte 0x00, 0x00, 0x00, 0x00
    .long str_002b0a30
    .long Scr_IsSubStr
    .byte 0x00, 0x00, 0x00, 0x00
    .long str_002b0a3c
    .long Scr_GetSubStr
    .byte 0x00, 0x00, 0x00, 0x00
    .long str_002b0a48
    .long Scr_ToLower
    .byte 0x00, 0x00, 0x00, 0x00
    .long str_002b0a50
    .long Scr_StrTok
    .byte 0x00, 0x00, 0x00, 0x00
    .long str_002b0a58
    .long Scr_MusicPlay
    .byte 0x00, 0x00, 0x00, 0x00
    .long str_002b0a64
    .long Scr_MusicStop
    .byte 0x00, 0x00, 0x00, 0x00
    .long str_002b0a70
    .long Scr_SoundFade
    .byte 0x00, 0x00, 0x00, 0x00
    .long str_002b0a7c
    .long Scr_AmbientPlay
    .byte 0x00, 0x00, 0x00, 0x00
    .long str_002b0a88
    .long Scr_AmbientStop
    .byte 0x00, 0x00, 0x00, 0x00
    .long str_002b0a94
    .long Scr_PrecacheModel
    .byte 0x00, 0x00, 0x00, 0x00
    .long str_002b0aa4
    .long Scr_PrecacheShellShock
    .byte 0x00, 0x00, 0x00, 0x00
    .long str_002b0ab8
    .long Scr_PrecacheItem
    .byte 0x00, 0x00, 0x00, 0x00
    .long str_002b0ac8
    .long Scr_PrecacheShader
    .byte 0x00, 0x00, 0x00, 0x00
    .long str_002b0ad8
    .long Scr_PrecacheString
    .byte 0x00, 0x00, 0x00, 0x00
    .long str_002b0ae8
    .long Scr_PrecacheRumble
    .byte 0x00, 0x00, 0x00, 0x00
    .long str_002b0af8
    .long Scr_LoadFX
    .byte 0x00, 0x00, 0x00, 0x00
    .long str_0021a4ec
    .long Scr_PlayFX
    .byte 0x00, 0x00, 0x00, 0x00
    .long str_002b0b00
    .long Scr_PlayFXOnTag
    .byte 0x00, 0x00, 0x00, 0x00
    .long str_002b0b0c
    .long Scr_PlayLoopedFX
    .byte 0x00, 0x00, 0x00, 0x00
    .long str_002b0b1c
    .long Scr_SetLinearFog
    .byte 0x00, 0x00, 0x00, 0x00
    .long str_002b0b28
    .long Scr_SetExponentialFog
    .byte 0x00, 0x00, 0x00, 0x00
    .long str_002b0b34
    .long Scr_GrenadeExplosionEffect
    .byte 0x00, 0x00, 0x00, 0x00
    .long str_002b0b4c
    .long GScr_RadiusDamage
    .byte 0x00, 0x00, 0x00, 0x00
    .long str_002b0b5c
    .long GScr_SetPlayerIgnoreRadiusDamage
    .byte 0x00, 0x00, 0x00, 0x00
    .long str_002b0b78
    .long GScr_GetNumParts
    .byte 0x00, 0x00, 0x00, 0x00
    .long str_002b0b84
    .long GScr_GetPartName
    .byte 0x00, 0x00, 0x00, 0x00
    .long str_002b0b90
    .long GScr_Earthquake
    .byte 0x00, 0x00, 0x00, 0x00
    .long str_002b0b9c
    .long GScr_NewHudElem
    .byte 0x00, 0x00, 0x00, 0x00
    .long str_002b0ba8
    .long GScr_NewClientHudElem
    .byte 0x00, 0x00, 0x00, 0x00
    .long str_002b0bbc
    .long GScr_NewTeamHudElem
    .byte 0x00, 0x00, 0x00, 0x00
    .long str_002b0bcc
    .long Scr_ResetTimeout
    .byte 0x00, 0x00, 0x00, 0x00
    .long str_002b0bdc
    .long GScr_IsPlayer
    .byte 0x00, 0x00, 0x00, 0x00
    .long str_002b0be8
    .long GScr_IsPlayerNumber
    .byte 0x00, 0x00, 0x00, 0x00
    .long str_002b0bf8
    .long GScr_SetWinningPlayer
    .byte 0x00, 0x00, 0x00, 0x00
    .long str_002b0c0c
    .long GScr_SetWinningTeam
    .byte 0x00, 0x00, 0x00, 0x00
    .long str_002b0c1c
    .long GScr_Announcement
    .byte 0x00, 0x00, 0x00, 0x00
    .long str_002b0c2c
    .long GScr_ClientAnnouncement
    .byte 0x00, 0x00, 0x00, 0x00
    .long str_002b0c40
    .long GScr_GetTeamScore
    .byte 0x00, 0x00, 0x00, 0x00
    .long str_002b0c50
    .long GScr_SetTeamScore
    .byte 0x00, 0x00, 0x00, 0x00
    .long str_002b0c60
    .long GScr_SetClientNameMode
    .byte 0x00, 0x00, 0x00, 0x00
    .long str_002b0c74
    .long GScr_UpdateClientNames
    .byte 0x00, 0x00, 0x00, 0x00
    .long str_002b0c88
    .long GScr_GetTeamPlayersAlive
    .byte 0x00, 0x00, 0x00, 0x00
    .long str_002b0c9c
    .long GScr_Objective_Team
    .byte 0x00, 0x00, 0x00, 0x00
    .long str_002b0cac
    .long GScr_LogPrint
    .byte 0x00, 0x00, 0x00, 0x00
    .long str_002b0cb8
    .long GScr_WorldEntNumber
    .byte 0x00, 0x00, 0x00, 0x00
    .long str_002b0cc8
    .long GScr_Obituary
    .byte 0x00, 0x00, 0x00, 0x00
    .long str_002b0cd4
    .long GScr_positionWouldTelefrag
    .byte 0x00, 0x00, 0x00, 0x00
    .long str_002b0cec
    .long GScr_getStartTime
    .byte 0x00, 0x00, 0x00, 0x00
    .long str_002b0cfc
    .long GScr_PrecacheMenu
    .byte 0x00, 0x00, 0x00, 0x00
    .long str_002b0d0c
    .long GScr_PrecacheStatusIcon
    .byte 0x00, 0x00, 0x00, 0x00
    .long str_002b0d20
    .long GScr_PrecacheHeadIcon
    .byte 0x00, 0x00, 0x00, 0x00
    .long str_002a74bc
    .long GScr_MapRestart
    .byte 0x00, 0x00, 0x00, 0x00
    .long str_002b0d34
    .long GScr_ExitLevel
    .byte 0x00, 0x00, 0x00, 0x00
    .long str_002b0d40
    .long GScr_AddTestClient
    .byte 0x00, 0x00, 0x00, 0x00
    .long str_002b0d50
    .long GScr_MakeDvarServerInfo
    .byte 0x00, 0x00, 0x00, 0x00
    .long str_002b0d64
    .long GScr_SetArchive
    .byte 0x00, 0x00, 0x00, 0x00
    .long str_002b0d70
    .long GScr_AllClientsPrint
    .byte 0x00, 0x00, 0x00, 0x00
    .long str_002b0d80
    .long GScr_ClientPrint
    .byte 0x00, 0x00, 0x00, 0x00
    .long str_002b0d8c
    .long GScr_MapExists
    .byte 0x00, 0x00, 0x00, 0x00
    .long str_002b0d98
    .long GScr_IsValidGameType
    .byte 0x00, 0x00, 0x00, 0x00
    .long str_002b0da8
    .long GScr_MatchEnd
    .byte 0x00, 0x00, 0x00, 0x00
    .long str_002b0db4
    .long GScr_SetPlayerTeamRank
    .byte 0x00, 0x00, 0x00, 0x00
    .long str_002b0dc8
    .long GScr_SendXboxLiveRanks
    .byte 0x00, 0x00, 0x00, 0x00
    .long str_002b0dd4
    .long GScr_SetVoteString
    .byte 0x00, 0x00, 0x00, 0x00
    .long str_002b0de4
    .long GScr_SetVoteTime
    .byte 0x00, 0x00, 0x00, 0x00
    .long str_002b0df0
    .long GScr_SetVoteYesCount
    .byte 0x00, 0x00, 0x00, 0x00
    .long str_002b0e00
    .long GScr_SetVoteNoCount
    .byte 0x00, 0x00, 0x00, 0x00
    .long str_002b0e10
    .long GScr_OpenFile
    .byte 0x00, 0x00, 0x00, 0x00
    .long str_002b0e1c
    .long GScr_CloseFile
    .byte 0x00, 0x00, 0x00, 0x00
    .long str_002b0e28
    .long GScr_FPrintln
    .byte 0x00, 0x00, 0x00, 0x00
    .long str_002b0e34
    .long GScr_FReadLn
    .byte 0x00, 0x00, 0x00, 0x00
    .long str_002b0e3c
    .long GScr_FGetArg
    .byte 0x00, 0x00, 0x00, 0x00
    .long str_002ac790
    .long GScr_KickPlayer
    .byte 0x00, 0x00, 0x00, 0x00
    .long str_002b0e44
    .long GScr_BanPlayer
    .byte 0x00, 0x00, 0x00, 0x00
    .long str_002ac808
    .long GScr_LoadMap
    .byte 0x00, 0x00, 0x00, 0x00
    .long str_002b0e48
    .long Scr_PlayRumbleOnPos
    .byte 0x00, 0x00, 0x00, 0x00
    .long str_002b0e58
    .long Scr_PlayLoopRumbleOnPos
    .byte 0x00, 0x00, 0x00, 0x00
    .long str_002b0e6c
    .long Scr_StopAllRumbles
    .byte 0x00, 0x00, 0x00, 0x00
    .long str_002b0e7c
    .long ScrCmd_SoundExists
    .byte 0x00, 0x00, 0x00, 0x00
    .long str_002b0e88
    .long Scr_IsSplitscreen
    .byte 0x00, 0x00, 0x00, 0x00
    .long pm_str_endparty
    .long GScr_EndXboxLiveLobby
    .byte 0x00, 0x00, 0x00, 0x00

.globl methods_003138c0
.globl methods
.type methods_003138c0, @object
.size methods_003138c0, 736
.align 4
methods:
methods_003138c0:
    .long str_002b0e98
    .long ScrCmd_attach
    .byte 0x00, 0x00, 0x00, 0x00
    .long str_002b0ea0
    .long ScrCmd_detach
    .byte 0x00, 0x00, 0x00, 0x00
    .long str_002b0ea8
    .long ScrCmd_detachAll
    .byte 0x00, 0x00, 0x00, 0x00
    .long str_002b0eb4
    .long ScrCmd_GetAttachSize
    .byte 0x00, 0x00, 0x00, 0x00
    .long str_002b0ec4
    .long ScrCmd_GetAttachModelName
    .byte 0x00, 0x00, 0x00, 0x00
    .long str_002b0ed8
    .long ScrCmd_GetAttachTagName
    .byte 0x00, 0x00, 0x00, 0x00
    .long str_002b0eec
    .long ScrCmd_GetAttachIgnoreCollision
    .byte 0x00, 0x00, 0x00, 0x00
    .long str_002b0f08
    .long GScr_GetAmmoCount
    .byte 0x00, 0x00, 0x00, 0x00
    .long str_002b0f18
    .long ScrCmd_GetClanId
    .byte 0x00, 0x00, 0x00, 0x00
    .long str_002b0f24
    .long ScrCmd_GetClanName
    .byte 0x00, 0x00, 0x00, 0x00
    .long str_002b0f30
    .long ScrCmd_GetClanDescription
    .byte 0x00, 0x00, 0x00, 0x00
    .long str_002b0f44
    .long ScrCmd_GetClanMotto
    .byte 0x00, 0x00, 0x00, 0x00
    .long str_002b0f54
    .long ScrCmd_GetClanURL
    .byte 0x00, 0x00, 0x00, 0x00
    .long str_002b0f60
    .long ScrCmd_LinkTo
    .byte 0x00, 0x00, 0x00, 0x00
    .long str_002b0f68
    .long ScrCmd_Unlink
    .byte 0x00, 0x00, 0x00, 0x00
    .long str_002b0f70
    .long ScrCmd_EnableLinkTo
    .byte 0x00, 0x00, 0x00, 0x00
    .long str_002b0f80
    .long ScrCmd_GetOrigin
    .byte 0x00, 0x00, 0x00, 0x00
    .long str_002b0f8c
    .long ScrCmd_GetEye
    .byte 0x00, 0x00, 0x00, 0x00
    .long str_002b0f94
    .long ScrCmd_UseBy
    .byte 0x00, 0x00, 0x00, 0x00
    .long str_002b0f9c
    .long Scr_SetStableMissile
    .byte 0x00, 0x00, 0x00, 0x00
    .long str_002b0fb0
    .long ScrCmd_IsTouching
    .byte 0x00, 0x00, 0x00, 0x00
    .long str_002b0fbc
    .long ScrCmd_PlaySound
    .byte 0x00, 0x00, 0x00, 0x00
    .long str_002b0fc8
    .long ScrCmd_PlaySoundAsMaster
    .byte 0x00, 0x00, 0x00, 0x00
    .long str_002b0fdc
    .long ScrCmd_PlayLoopSound
    .byte 0x00, 0x00, 0x00, 0x00
    .long str_002b0fec
    .long ScrCmd_StopLoopSound
    .byte 0x00, 0x00, 0x00, 0x00
    .long str_002b0ffc
    .long ScrCmd_PlayRumble
    .byte 0x00, 0x00, 0x00, 0x00
    .long str_002b1008
    .long ScrCmd_PlayLoopRumble
    .byte 0x00, 0x00, 0x00, 0x00
    .long str_002b1018
    .long ScrCmd_StopRumble
    .byte 0x00, 0x00, 0x00, 0x00
    .long str_002b1024
    .long ScrCmd_Delete
    .byte 0x00, 0x00, 0x00, 0x00
    .long str_002b102c
    .long ScrCmd_SetModel
    .byte 0x00, 0x00, 0x00, 0x00
    .long str_002b1038
    .long ScrCmd_GetNormalHealth
    .byte 0x00, 0x00, 0x00, 0x00
    .long str_002b1048
    .long ScrCmd_SetNormalHealth
    .byte 0x00, 0x00, 0x00, 0x00
    .long str_002abdd4
    .long ScrCmd_Show
    .byte 0x00, 0x00, 0x00, 0x00
    .long str_002abddc
    .long ScrCmd_Hide
    .byte 0x00, 0x00, 0x00, 0x00
    .long str_002b1058
    .long ScrCmd_ShowToPlayer
    .byte 0x00, 0x00, 0x00, 0x00
    .long str_002b1068
    .long ScrCmd_SetContents
    .byte 0x00, 0x00, 0x00, 0x00
    .long str_002b1074
    .long GScr_SetCursorHint
    .byte 0x00, 0x00, 0x00, 0x00
    .long str_002b1084
    .long GScr_SetHintString
    .byte 0x00, 0x00, 0x00, 0x00
    .long str_002182a8
    .long GScr_ShellShock
    .byte 0x00, 0x00, 0x00, 0x00
    .long str_002b1094
    .long GScr_StopShellShock
    .byte 0x00, 0x00, 0x00, 0x00
    .long str_002b10a4
    .long GScr_ViewKick
    .byte 0x00, 0x00, 0x00, 0x00
    .long str_002b10b0
    .long GScr_LocalToWorldCoords
    .byte 0x00, 0x00, 0x00, 0x00
    .long str_002b10c4
    .long GScr_SetRightArc
    .byte 0x00, 0x00, 0x00, 0x00
    .long str_002b10d0
    .long GScr_SetLeftArc
    .byte 0x00, 0x00, 0x00, 0x00
    .long str_002b10dc
    .long GScr_SetTopArc
    .byte 0x00, 0x00, 0x00, 0x00
    .long str_002b10e8
    .long GScr_SetBottomArc
    .byte 0x00, 0x00, 0x00, 0x00
    .long str_002b10f8
    .long GScr_GetEntityNumber
    .byte 0x00, 0x00, 0x00, 0x00
    .long str_002b1108
    .long GScr_EnableGrenadeTouchDamage
    .byte 0x00, 0x00, 0x00, 0x00
    .long str_002b1124
    .long GScr_DisableGrenadeTouchDamage
    .byte 0x00, 0x00, 0x00, 0x00
    .long str_002b1140
    .long GScr_EnableGrenadeBounce
    .byte 0x00, 0x00, 0x00, 0x00
    .long str_002b1154
    .long GScr_DisableGrenadeBounce
    .byte 0x00, 0x00, 0x00, 0x00
    .long str_002b116c
    .long GScr_EnableAimAssist
    .byte 0x00, 0x00, 0x00, 0x00
    .long str_002b117c
    .long GScr_DisableAimAssist
    .byte 0x00, 0x00, 0x00, 0x00
    .long str_002b1190
    .long GScr_PlaceSpawnPoint
    .byte 0x00, 0x00, 0x00, 0x00
    .long str_002b11a0
    .long GScr_UpdateScores
    .byte 0x00, 0x00, 0x00, 0x00
    .long str_002b11b0
    .long GScr_SetTeamForTrigger
    .byte 0x00, 0x00, 0x00, 0x00
    .long str_002b11c4
    .long GScr_ClientClaimTrigger
    .byte 0x00, 0x00, 0x00, 0x00
    .long str_002b11d8
    .long GScr_ClientReleaseTrigger
    .byte 0x00, 0x00, 0x00, 0x00
    .long str_002b11f0
    .long GScr_ReleaseClaimedTrigger
    .byte 0x00, 0x00, 0x00, 0x00, 0x00, 0x00, 0x00, 0x00, 0x00, 0x00, 0x00, 0x00, 0x00, 0x00, 0x00, 0x00
    .byte 0x00, 0x00, 0x00, 0x00, 0x00, 0x00, 0x00, 0x00, 0x00, 0x00, 0x00, 0x00, 0x00, 0x00, 0x00, 0x00

.globl spawns
.type spawns, @object
.size spawns, 192
.align 4
spawns:
    .long str_002b3284
    .long SP_info_null
    .long str_002b3290
    .long SP_info_notnull
    .long str_002b32a0
    .long SP_info_null
    .long str_002b32ac
    .long SP_trigger_multiple
    .long str_002b32c0
    .long SP_trigger_radius
    .long str_002b32d0
    .long SP_trigger_disk
    .long str_002b32e0
    .long SP_trigger_hurt
    .long str_002b32f0
    .long SP_trigger_once
    .long str_00219e40
    .long SP_light
    .long str_0021c214
    .long SP_misc_model
    .long str_002b3300
    .long SP_turret
    .long str_002b330c
    .long SP_turret
    .long str_002b3318
    .long SP_corona
    .long str_002b3320
    .long trigger_use
    .long str_002b332c
    .long trigger_use_touch
    .long str_002b3340
    .long SP_trigger_damage
    .long str_002b3350
    .long SP_trigger_lookat
    .long str_002b3360
    .long SP_script_brushmodel
    .long str_002b3374
    .long SP_script_model
    .long str_002b3384
    .long SP_script_origin
    .long str_002b3394
    .long G_FreeEntity
    .byte 0x00, 0x00, 0x00, 0x00, 0x00, 0x00, 0x00, 0x00, 0x00, 0x00, 0x00, 0x00, 0x00, 0x00, 0x00, 0x00
    .byte 0x00, 0x00, 0x00, 0x00, 0x00, 0x00, 0x00, 0x00

.globl range_00313c60
.type range_00313c60, @object
.size range_00313c60, 32
.align 4
range_00313c60:
    .byte 0x00, 0x00, 0x20, 0x42, 0x00, 0x00, 0x20, 0x42, 0x00, 0x00, 0x50, 0x42, 0x00, 0x00, 0x00, 0x00
    .byte 0x00, 0x00, 0x00, 0x00, 0x00, 0x00, 0x00, 0x00, 0x00, 0x00, 0x00, 0x00, 0x00, 0x00, 0x00, 0x00

.globl gc_orders
.type gc_orders, @object
.size gc_orders, 32
.align 4
gc_orders:
    .long str_002b3564
    .long str_002b3580
    .long str_002b359c
    .long str_002b35b0
    .long str_002b35c0
    .long str_002b35d8
    .long str_002b35f0
    .byte 0x00, 0x00, 0x00, 0x00

.globl itemParseKeywords
.type itemParseKeywords, @object
.size itemParseKeywords, 800
.align 4
itemParseKeywords:
    .long str_002194b4
    .long ItemParse_name
    .byte 0x00, 0x00, 0x00, 0x00
    .long str_002ace30
    .long ItemParse_text
    .byte 0x00, 0x00, 0x00, 0x00
    .long str_002b3cb8
    .long ItemParse_textfile
    .byte 0x00, 0x00, 0x00, 0x00
    .long str_002b3cc4
    .long ItemParse_textsavegame
    .byte 0x00, 0x00, 0x00, 0x00
    .long str_002b3cd4
    .long ItemParse_group
    .byte 0x00, 0x00, 0x00, 0x00
    .long str_002b3cdc
    .long ItemParse_rect
    .byte 0x00, 0x00, 0x00, 0x00
    .long str_0021a570
    .long ItemParse_origin
    .byte 0x00, 0x00, 0x00, 0x00
    .long str_002b3ce4
    .long ItemParse_style
    .byte 0x00, 0x00, 0x00, 0x00
    .long str_002b3cec
    .long ItemParse_decoration
    .byte 0x00, 0x00, 0x00, 0x00
    .long str_002b3cf8
    .long ItemParse_notselectable
    .byte 0x00, 0x00, 0x00, 0x00
    .long str_002b3d08
    .long ItemParse_noScrollBars
    .byte 0x00, 0x00, 0x00, 0x00
    .long str_002b3d18
    .long ItemParse_wrapped
    .byte 0x00, 0x00, 0x00, 0x00
    .long str_002b3d20
    .long ItemParse_autowrapped
    .byte 0x00, 0x00, 0x00, 0x00
    .long str_002b3d2c
    .long ItemParse_horizontalscroll
    .byte 0x00, 0x00, 0x00, 0x00
    .long str_0021eb5c
    .long ItemParse_type
    .byte 0x00, 0x00, 0x00, 0x00
    .long str_002b3d40
    .long ItemParse_elementwidth
    .byte 0x00, 0x00, 0x00, 0x00
    .long str_002b3d50
    .long ItemParse_elementheight
    .byte 0x00, 0x00, 0x00, 0x00
    .long str_002b3d60
    .long ItemParse_feeder
    .byte 0x00, 0x00, 0x00, 0x00
    .long str_002b3d68
    .long ItemParse_elementtype
    .byte 0x00, 0x00, 0x00, 0x00
    .long str_002b3d74
    .long ItemParse_columns
    .byte 0x00, 0x00, 0x00, 0x00
    .long str_002b3d7c
    .long ItemParse_border
    .byte 0x00, 0x00, 0x00, 0x00
    .long str_002b3d84
    .long ItemParse_bordersize
    .byte 0x00, 0x00, 0x00, 0x00
    .long str_002b3d90
    .long ItemParse_visible
    .byte 0x00, 0x00, 0x00, 0x00
    .long str_002b3d98
    .long ItemParse_ownerdraw
    .byte 0x00, 0x00, 0x00, 0x00
    .long str_002b3da4
    .long ItemParse_align
    .byte 0x00, 0x00, 0x00, 0x00
    .long str_002b3dac
    .long ItemParse_textalign
    .byte 0x00, 0x00, 0x00, 0x00
    .long str_002b3db8
    .long ItemParse_textalignx
    .byte 0x00, 0x00, 0x00, 0x00
    .long str_002b3dc4
    .long ItemParse_textaligny
    .byte 0x00, 0x00, 0x00, 0x00
    .long str_002b3dd0
    .long ItemParse_textscale
    .byte 0x00, 0x00, 0x00, 0x00
    .long str_002b3ddc
    .long ItemParse_textstyle
    .byte 0x00, 0x00, 0x00, 0x00
    .long str_002b3de8
    .long ItemParse_textfont
    .byte 0x00, 0x00, 0x00, 0x00
    .long str_002ac220
    .long ItemParse_backcolor
    .byte 0x00, 0x00, 0x00, 0x00
    .long str_002ac22c
    .long ItemParse_forecolor
    .byte 0x00, 0x00, 0x00, 0x00
    .long str_002ac238
    .long ItemParse_bordercolor
    .byte 0x00, 0x00, 0x00, 0x00
    .long str_002b3df4
    .long ItemParse_outlinecolor
    .byte 0x00, 0x00, 0x00, 0x00
    .long str_002b3e04
    .long ItemParse_background
    .byte 0x00, 0x00, 0x00, 0x00
    .long str_002b3e10
    .long ItemParse_onFocus
    .byte 0x00, 0x00, 0x00, 0x00
    .long str_002b3e18
    .long ItemParse_leaveFocus
    .byte 0x00, 0x00, 0x00, 0x00
    .long str_002b3e24
    .long ItemParse_mouseEnter
    .byte 0x00, 0x00, 0x00, 0x00
    .long str_002b3e30
    .long ItemParse_mouseExit
    .byte 0x00, 0x00, 0x00, 0x00
    .long str_002b3e3c
    .long ItemParse_mouseEnterText
    .byte 0x00, 0x00, 0x00, 0x00
    .long str_002b3e4c
    .long ItemParse_mouseExitText
    .byte 0x00, 0x00, 0x00, 0x00
    .long str_002b3e5c
    .long ItemParse_action
    .byte 0x00, 0x00, 0x00, 0x00
    .long str_002ae014
    .long ItemParse_accept
    .byte 0x00, 0x00, 0x00, 0x00
    .long str_002b3e64
    .long ItemParse_special
    .byte 0x00, 0x00, 0x00, 0x00
    .long str_002b3e6c
    .long ItemParse_dvar
    .byte 0x00, 0x00, 0x00, 0x00
    .long str_002b3e74
    .long ItemParse_maxChars
    .byte 0x00, 0x00, 0x00, 0x00
    .long str_002b3e80
    .long Item_Parse_maxCharsGotoNext
    .byte 0x00, 0x00, 0x00, 0x00
    .long str_002b3e94
    .long ItemParse_maxPaintChars
    .byte 0x00, 0x00, 0x00, 0x00
    .long str_002b3ea4
    .long ItemParse_focusSound
    .byte 0x00, 0x00, 0x00, 0x00
    .long str_002b3eb0
    .long ItemParse_dvarFloat
    .byte 0x00, 0x00, 0x00, 0x00
    .long str_002b3ebc
    .long ItemParse_dvarStrList
    .byte 0x00, 0x00, 0x00, 0x00
    .long str_002b3ec8
    .long ItemParse_dvarFloatList
    .byte 0x00, 0x00, 0x00, 0x00
    .long str_002b3ed8
    .long ItemParse_dvarEnumList
    .byte 0x00, 0x00, 0x00, 0x00
    .long str_002b3ee8
    .long ItemParse_ownerdrawFlag
    .byte 0x00, 0x00, 0x00, 0x00
    .long str_002b3ef8
    .long ItemParse_enableDvar
    .byte 0x00, 0x00, 0x00, 0x00
    .long str_002b3f04
    .long ItemParse_dvarTest
    .byte 0x00, 0x00, 0x00, 0x00
    .long str_002b3f10
    .long ItemParse_disableDvar
    .byte 0x00, 0x00, 0x00, 0x00
    .long str_002b3f1c
    .long ItemParse_showDvar
    .byte 0x00, 0x00, 0x00, 0x00
    .long str_002b3f28
    .long ItemParse_hideDvar
    .byte 0x00, 0x00, 0x00, 0x00
    .long str_002b3f34
    .long ItemParse_focusDvar
    .byte 0x00, 0x00, 0x00, 0x00
    .long str_002a90a4
    .long ItemParse_cinematic
    .byte 0x00, 0x00, 0x00, 0x00
    .long str_002b3f40
    .long ItemParse_doubleClick
    .byte 0x00, 0x00, 0x00, 0x00
    .long str_002b3f4c
    .long ItemParse_execKey
    .byte 0x00, 0x00, 0x00, 0x00
    .long str_002b3f54
    .long ItemParse_execKeyInt
    .byte 0x00, 0x00, 0x00, 0x00, 0x00, 0x00, 0x00, 0x00, 0x00, 0x00, 0x00, 0x00, 0x00, 0x00, 0x00, 0x00
    .byte 0x00, 0x00, 0x00, 0x00, 0x00, 0x00, 0x00, 0x00

.globl menuParseKeywords
.type menuParseKeywords, @object
.size menuParseKeywords, 416
.align 4
menuParseKeywords:
    .long str_002194b4
    .long MenuParse_name
    .byte 0x00, 0x00, 0x00, 0x00
    .long str_002b3f60
    .long MenuParse_fullscreen
    .byte 0x00, 0x00, 0x00, 0x00
    .long str_002b3cdc
    .long MenuParse_rect
    .byte 0x00, 0x00, 0x00, 0x00
    .long str_002b3ce4
    .long MenuParse_style
    .byte 0x00, 0x00, 0x00, 0x00
    .long str_002b3d90
    .long MenuParse_visible
    .byte 0x00, 0x00, 0x00, 0x00
    .long str_002b3f6c
    .long MenuParse_onOpen
    .byte 0x00, 0x00, 0x00, 0x00
    .long str_002b3f74
    .long MenuParse_onClose
    .byte 0x00, 0x00, 0x00, 0x00
    .long str_002b3f7c
    .long MenuParse_onESC
    .byte 0x00, 0x00, 0x00, 0x00
    .long str_002b3d7c
    .long MenuParse_border
    .byte 0x00, 0x00, 0x00, 0x00
    .long str_002b3f84
    .long MenuParse_borderSize
    .byte 0x00, 0x00, 0x00, 0x00
    .long str_002ac220
    .long MenuParse_backcolor
    .byte 0x00, 0x00, 0x00, 0x00
    .long str_002ac22c
    .long MenuParse_forecolor
    .byte 0x00, 0x00, 0x00, 0x00
    .long str_002ac238
    .long MenuParse_bordercolor
    .byte 0x00, 0x00, 0x00, 0x00
    .long str_002b3f90
    .long MenuParse_focuscolor
    .byte 0x00, 0x00, 0x00, 0x00
    .long str_002b3f9c
    .long MenuParse_disablecolor
    .byte 0x00, 0x00, 0x00, 0x00
    .long str_002b3df4
    .long MenuParse_outlinecolor
    .byte 0x00, 0x00, 0x00, 0x00
    .long str_002b3e04
    .long MenuParse_background
    .byte 0x00, 0x00, 0x00, 0x00
    .long str_002b3d98
    .long MenuParse_ownerdraw
    .byte 0x00, 0x00, 0x00, 0x00
    .long str_002b3ee8
    .long MenuParse_ownerdrawFlag
    .byte 0x00, 0x00, 0x00, 0x00
    .long str_002b3fac
    .long MenuParse_outOfBounds
    .byte 0x00, 0x00, 0x00, 0x00
    .long str_002b3fc0
    .long MenuParse_soundLoop
    .byte 0x00, 0x00, 0x00, 0x00
    .long str_002b3fcc
    .long MenuParse_itemDef
    .byte 0x00, 0x00, 0x00, 0x00
    .long str_002a90a4
    .long MenuParse_cinematic
    .byte 0x00, 0x00, 0x00, 0x00
    .long str_002b3fd4
    .long MenuParse_popup
    .byte 0x00, 0x00, 0x00, 0x00
    .long str_002b3fdc
    .long MenuParse_fadeClamp
    .byte 0x00, 0x00, 0x00, 0x00
    .long str_002b3fe8
    .long MenuParse_fadeCycle
    .byte 0x00, 0x00, 0x00, 0x00
    .long str_002b3ff4
    .long MenuParse_fadeAmount
    .byte 0x00, 0x00, 0x00, 0x00
    .long str_002b4000
    .long MenuParse_fadeInAmount
    .byte 0x00, 0x00, 0x00, 0x00
    .long str_002b3f4c
    .long MenuParse_execKey
    .byte 0x00, 0x00, 0x00, 0x00
    .long str_002b3f54
    .long MenuParse_execKeyInt
    .byte 0x00, 0x00, 0x00, 0x00
    .long str_002b4010
    .long MenuParse_blurWorld
    .byte 0x00, 0x00, 0x00, 0x00
    .long str_002b401c
    .long MenuParse_legacySplitScreenScale
    .byte 0x00, 0x00, 0x00, 0x00, 0x00, 0x00, 0x00, 0x00, 0x00, 0x00, 0x00, 0x00, 0x00, 0x00, 0x00, 0x00
    .byte 0x00, 0x00, 0x00, 0x00, 0x00, 0x00, 0x00, 0x00, 0x00, 0x00, 0x00, 0x00, 0x00, 0x00, 0x00, 0x00
    .byte 0x00, 0x00, 0x00, 0x00

.globl entityHandlers
.type entityHandlers, @object
.size entityHandlers, 800
.align 4
entityHandlers:
    .byte 0x00, 0x00, 0x00, 0x00, 0x00, 0x00, 0x00, 0x00, 0x00, 0x00, 0x00, 0x00, 0x00, 0x00, 0x00, 0x00
    .byte 0x00, 0x00, 0x00, 0x00, 0x00, 0x00, 0x00, 0x00, 0x00, 0x00, 0x00, 0x00, 0x00, 0x00, 0x00, 0x00
    .byte 0x00, 0x00, 0x00, 0x00, 0x00, 0x00, 0x00, 0x00, 0x00, 0x00, 0x00, 0x00, 0x00, 0x00, 0x00, 0x00
    .byte 0x00, 0x00, 0x00, 0x00
    .long Touch_Multi
    .byte 0x00, 0x00, 0x00, 0x00, 0x00, 0x00, 0x00, 0x00, 0x00, 0x00, 0x00, 0x00, 0x00, 0x00, 0x00, 0x00
    .byte 0x00, 0x00, 0x00, 0x00, 0x00, 0x00, 0x00, 0x00, 0x00, 0x00, 0x00, 0x00, 0x00, 0x00, 0x00, 0x00
    .byte 0x00, 0x00, 0x00, 0x00, 0x00, 0x00, 0x00, 0x00
    .long hurt_use
    .byte 0x00, 0x00, 0x00, 0x00, 0x00, 0x00, 0x00, 0x00, 0x00, 0x00, 0x00, 0x00, 0x00, 0x00, 0x00, 0x00
    .byte 0x00, 0x00, 0x00, 0x00, 0x00, 0x00, 0x00, 0x00, 0x00, 0x00, 0x00, 0x00, 0x00, 0x00, 0x00, 0x00
    .long hurt_touch
    .long hurt_use
    .byte 0x00, 0x00, 0x00, 0x00, 0x00, 0x00, 0x00, 0x00, 0x00, 0x00, 0x00, 0x00, 0x00, 0x00, 0x00, 0x00
    .byte 0x00, 0x00, 0x00, 0x00, 0x00, 0x00, 0x00, 0x00, 0x00, 0x00, 0x00, 0x00, 0x00, 0x00, 0x00, 0x00
    .byte 0x00, 0x00, 0x00, 0x00
    .long Use_trigger_damage
    .long Pain_trigger_damage
    .long Die_trigger_damage
    .byte 0x00, 0x00, 0x00, 0x00, 0x00, 0x00, 0x00, 0x00, 0x00, 0x00, 0x00, 0x00, 0x00, 0x00, 0x00, 0x00
    .long Reached_ScriptMover
    .byte 0x00, 0x00, 0x00, 0x00, 0x00, 0x00, 0x00, 0x00, 0x00, 0x00, 0x00, 0x00, 0x00, 0x00, 0x00, 0x00
    .byte 0x00, 0x00, 0x00, 0x00, 0x00, 0x00, 0x00, 0x00, 0x00, 0x00, 0x00, 0x00, 0x00, 0x00, 0x00, 0x00
    .byte 0x00, 0x00, 0x00, 0x00
    .long Reached_ScriptMover
    .byte 0x00, 0x00, 0x00, 0x00, 0x00, 0x00, 0x00, 0x00, 0x00, 0x00, 0x00, 0x00, 0x00, 0x00, 0x00, 0x00
    .byte 0x00, 0x00, 0x00, 0x00, 0x00, 0x00, 0x00, 0x00, 0x00, 0x00, 0x00, 0x00, 0x00, 0x00, 0x00, 0x00
    .long G_ExplodeMissile
    .byte 0x00, 0x00, 0x00, 0x00, 0x00, 0x00, 0x00, 0x00, 0x00, 0x00, 0x00, 0x00, 0x00, 0x00, 0x00, 0x00
    .byte 0x00, 0x00, 0x00, 0x00, 0x00, 0x00, 0x00, 0x00, 0x00, 0x00, 0x00, 0x00, 0x03, 0x00, 0x00, 0x00
    .byte 0x04, 0x00, 0x00, 0x00
    .long G_ExplodeMissile
    .byte 0x00, 0x00, 0x00, 0x00, 0x00, 0x00, 0x00, 0x00, 0x00, 0x00, 0x00, 0x00, 0x00, 0x00, 0x00, 0x00
    .byte 0x00, 0x00, 0x00, 0x00, 0x00, 0x00, 0x00, 0x00, 0x00, 0x00, 0x00, 0x00, 0x05, 0x00, 0x00, 0x00
    .byte 0x06, 0x00, 0x00, 0x00, 0x00, 0x00, 0x00, 0x00, 0x00, 0x00, 0x00, 0x00, 0x00, 0x00, 0x00, 0x00
    .byte 0x00, 0x00, 0x00, 0x00, 0x00, 0x00, 0x00, 0x00, 0x00, 0x00, 0x00, 0x00
    .long player_die
    .long G_PlayerController
    .byte 0x00, 0x00, 0x00, 0x00, 0x00, 0x00, 0x00, 0x00, 0x00, 0x00, 0x00, 0x00, 0x00, 0x00, 0x00, 0x00
    .byte 0x00, 0x00, 0x00, 0x00, 0x00, 0x00, 0x00, 0x00, 0x00, 0x00, 0x00, 0x00, 0x00, 0x00, 0x00, 0x00
    .long player_die
    .byte 0x00, 0x00, 0x00, 0x00, 0x00, 0x00, 0x00, 0x00, 0x00, 0x00, 0x00, 0x00, 0x00, 0x00, 0x00, 0x00
    .byte 0x00, 0x00, 0x00, 0x00, 0x00, 0x00, 0x00, 0x00, 0x00, 0x00, 0x00, 0x00, 0x00, 0x00, 0x00, 0x00
    .byte 0x00, 0x00, 0x00, 0x00, 0x00, 0x00, 0x00, 0x00
    .long G_PlayerController
    .byte 0x00, 0x00, 0x00, 0x00, 0x00, 0x00, 0x00, 0x00
    .long BodyEnd
    .byte 0x00, 0x00, 0x00, 0x00, 0x00, 0x00, 0x00, 0x00, 0x00, 0x00, 0x00, 0x00, 0x00, 0x00, 0x00, 0x00
    .byte 0x00, 0x00, 0x00, 0x00, 0x00, 0x00, 0x00, 0x00, 0x00, 0x00, 0x00, 0x00, 0x00, 0x00, 0x00, 0x00
    .byte 0x00, 0x00, 0x00, 0x00
    .long turret_think_init
    .byte 0x00, 0x00, 0x00, 0x00, 0x00, 0x00, 0x00, 0x00, 0x00, 0x00, 0x00, 0x00
    .long turret_use
    .byte 0x00, 0x00, 0x00, 0x00, 0x00, 0x00, 0x00, 0x00
    .long turret_controller
    .byte 0x00, 0x00, 0x00, 0x00, 0x00, 0x00, 0x00, 0x00
    .long turret_think
    .byte 0x00, 0x00, 0x00, 0x00, 0x00, 0x00, 0x00, 0x00, 0x00, 0x00, 0x00, 0x00
    .long turret_use
    .byte 0x00, 0x00, 0x00, 0x00, 0x00, 0x00, 0x00, 0x00
    .long turret_controller
    .byte 0x00, 0x00, 0x00, 0x00, 0x00, 0x00, 0x00, 0x00
    .long DroppedItemClearOwner
    .byte 0x00, 0x00, 0x00, 0x00, 0x00, 0x00, 0x00, 0x00
    .long Touch_Item_Auto
    .byte 0x00, 0x00, 0x00, 0x00, 0x00, 0x00, 0x00, 0x00, 0x00, 0x00, 0x00, 0x00, 0x00, 0x00, 0x00, 0x00
    .byte 0x00, 0x00, 0x00, 0x00, 0x00, 0x00, 0x00, 0x00
    .long FinishSpawningItem
    .byte 0x00, 0x00, 0x00, 0x00, 0x00, 0x00, 0x00, 0x00
    .long Touch_Item_Auto
    .byte 0x00, 0x00, 0x00, 0x00, 0x00, 0x00, 0x00, 0x00, 0x00, 0x00, 0x00, 0x00, 0x00, 0x00, 0x00, 0x00
    .byte 0x00, 0x00, 0x00, 0x00, 0x00, 0x00, 0x00, 0x00, 0x00, 0x00, 0x00, 0x00, 0x00, 0x00, 0x00, 0x00
    .byte 0x00, 0x00, 0x00, 0x00
    .long Touch_Item_Auto
    .byte 0x00, 0x00, 0x00, 0x00, 0x00, 0x00, 0x00, 0x00, 0x00, 0x00, 0x00, 0x00, 0x00, 0x00, 0x00, 0x00
    .byte 0x00, 0x00, 0x00, 0x00, 0x00, 0x00, 0x00, 0x00, 0x00, 0x00, 0x00, 0x00, 0x00, 0x00, 0x00, 0x00
    .byte 0x00, 0x00, 0x00, 0x00, 0x00, 0x00, 0x00, 0x00
    .long use_trigger_use
    .byte 0x00, 0x00, 0x00, 0x00, 0x00, 0x00, 0x00, 0x00, 0x00, 0x00, 0x00, 0x00, 0x00, 0x00, 0x00, 0x00
    .byte 0x00, 0x00, 0x00, 0x00
    .long G_FreeEntity
    .byte 0x00, 0x00, 0x00, 0x00, 0x00, 0x00, 0x00, 0x00, 0x00, 0x00, 0x00, 0x00, 0x00, 0x00, 0x00, 0x00
    .byte 0x00, 0x00, 0x00, 0x00, 0x00, 0x00, 0x00, 0x00, 0x00, 0x00, 0x00, 0x00, 0x00, 0x00, 0x00, 0x00
    .byte 0x00, 0x00, 0x00, 0x00

.globl g_he_vertalign
.type g_he_vertalign, @object
.size g_he_vertalign, 32
.align 4
g_he_vertalign:
    .long str_002b4cd8
    .long str_002b4ce0
    .long str_002b4ce4
    .long str_002b4cec
    .long str_002b3f60
    .long str_002b4cf4
    .long str_002b4cfc
    .long str_002b4d08

.globl g_he_horzalign
.type g_he_horzalign, @object
.size g_he_horzalign, 32
.align 4
g_he_horzalign:
    .long str_002b4d18
    .long str_00227904
    .long str_002b4d20
    .long str_002b4d28
    .long str_002b3f60
    .long str_002b4cf4
    .long str_002b4d30
    .long str_002b4d08

.globl g_he_aligny
.type g_he_aligny, @object
.size g_he_aligny, 12
.align 4
g_he_aligny:
    .long str_002b4ce0
    .long str_002b4ce4
    .long str_002b4cec

.globl g_he_alignx
.type g_he_alignx, @object
.size g_he_alignx, 12
.align 4
g_he_alignx:
    .long str_00227904
    .long str_002b4d20
    .long str_002b4d28

.globl g_he_font
.type g_he_font, @object
.size g_he_font, 40
.align 4
g_he_font:
    .long str_00220284
    .long str_002b4d3c
    .long str_002b4d48
    .byte 0x00, 0x00, 0x00, 0x00, 0x00, 0x00, 0x00, 0x00, 0x00, 0x00, 0x00, 0x00, 0x00, 0x00, 0x00, 0x00
    .byte 0x00, 0x00, 0x00, 0x00, 0x00, 0x00, 0x00, 0x00, 0x00, 0x00, 0x00, 0x00

.globl offhandStrings
.type offhandStrings, @object
.size offhandStrings, 32
.align 4
offhandStrings:
    .long str_002157b8
    .long str_002b51bc
    .long str_002b51d0
    .byte 0x00, 0x00, 0x00, 0x00, 0x00, 0x00, 0x00, 0x00, 0x00, 0x00, 0x00, 0x00, 0x00, 0x00, 0x00, 0x00
    .byte 0x00, 0x00, 0x00, 0x00

.globl hintStrings
.type hintStrings, @object
.size hintStrings, 32
.align 4
hintStrings:
    .long str_002157b8
    .long str_002b576c
    .long str_002b5778
    .long str_002b5788
    .long str_002b5794
    .byte 0x00, 0x00, 0x00, 0x00, 0x00, 0x00, 0x00, 0x00, 0x00, 0x00, 0x00, 0x00

.globl actorLocationalMaxs
.type actorLocationalMaxs, @object
.size actorLocationalMaxs, 12
.align 4
actorLocationalMaxs:
    .byte 0x00, 0x00, 0x80, 0x42, 0x00, 0x00, 0x80, 0x42, 0x00, 0x00, 0x90, 0x42

.globl actorLocationalMins
.type actorLocationalMins, @object
.size actorLocationalMins, 20
.align 4
actorLocationalMins:
    .byte 0x00, 0x00, 0x80, 0xc2, 0x00, 0x00, 0x80, 0xc2, 0x00, 0x00, 0x00, 0xc2, 0x00, 0x00, 0x00, 0x00
    .byte 0x00, 0x00, 0x00, 0x00

.globl modNames
.type modNames, @object
.size modNames, 60
.align 4
modNames:
    .long str_002b64e0
    .long str_002b64ec
    .long str_002b6500
    .long str_002b6514
    .long str_002b6520
    .long str_002b6534
    .long str_002b6544
    .long str_002b655c
    .long str_002b6568
    .long str_002b6578
    .long str_002b6584
    .long str_002b6594
    .long str_002b65a0
    .long str_002b65ac
    .long str_002b65c0

.globl riflePriorityMap
.type riflePriorityMap, @object
.size riflePriorityMap, 19
.align 4
riflePriorityMap:
    .byte 0x01, 0x09, 0x09, 0x09, 0x08, 0x07, 0x06, 0x06, 0x06, 0x06, 0x05, 0x05, 0x04, 0x04, 0x04, 0x04
    .byte 0x03, 0x03, 0x00

.globl bulletPriorityMap
.type bulletPriorityMap, @object
.size bulletPriorityMap, 49
.align 4
bulletPriorityMap:
    .byte 0x01, 0x03, 0x03, 0x03, 0x03, 0x03, 0x03, 0x03, 0x03, 0x03, 0x03, 0x03, 0x03, 0x03, 0x03, 0x03
    .byte 0x03, 0x03, 0x00, 0x00, 0x00, 0x00, 0x00, 0x00, 0x00, 0x00, 0x00, 0x00, 0x00, 0x00, 0x00, 0x00
    .byte 0x00, 0x00, 0x00, 0x00, 0x00, 0x00, 0x00, 0x00, 0x00, 0x00, 0x00, 0x00, 0x00, 0x00, 0x00, 0x00
    .byte 0x00

.globl g_HitLocNames
.type g_HitLocNames, @object
.size g_HitLocNames, 96
.align 4
g_HitLocNames:
    .long str_00218298
    .long str_002b65d0
    .long str_002b65d8
    .long str_002b65e0
    .long str_002b65e8
    .long str_002b65f4
    .long str_002b6600
    .long str_002b6610
    .long str_002b6620
    .long str_002b6630
    .long str_002b6640
    .long str_002b664c
    .long str_002b6658
    .long str_002b6668
    .long str_002b6678
    .long str_002b6688
    .long str_002b6698
    .long str_002b66a4
    .long str_002b66b0
    .byte 0x00, 0x00, 0x00, 0x00, 0x00, 0x00, 0x00, 0x00, 0x00, 0x00, 0x00, 0x00, 0x00, 0x00, 0x00, 0x00
    .byte 0x00, 0x00, 0x00, 0x00

.globl lastLeadTeam
.type lastLeadTeam, @object
.size lastLeadTeam, 32
.align 4
lastLeadTeam:
    .byte 0x02, 0x00, 0x00, 0x00, 0x00, 0x00, 0x00, 0x00, 0x00, 0x00, 0x00, 0x00, 0x00, 0x00, 0x00, 0x00
    .byte 0x00, 0x00, 0x00, 0x00, 0x00, 0x00, 0x00, 0x00, 0x00, 0x00, 0x00, 0x00, 0x00, 0x00, 0x00, 0x00

.globl maxs
.type maxs, @object
.size maxs, 12
.align 4
maxs:
    .byte 0x00, 0x00, 0x80, 0x40, 0x00, 0x00, 0x80, 0x40, 0x00, 0x00, 0x80, 0x40

.globl mins
.type mins, @object
.size mins, 20
.align 4
mins:
    .byte 0x00, 0x00, 0x80, 0xc0, 0x00, 0x00, 0x80, 0xc0, 0x00, 0x00, 0x80, 0xc0, 0x00, 0x00, 0x00, 0x00
    .byte 0x00, 0x00, 0x00, 0x00

.globl svc_strings
.type svc_strings, @object
.size svc_strings, 1024
.align 4
svc_strings:
    .long str_002b75cc
    .long str_002b75d4
    .long str_002b75e4
    .long str_002b75f8
    .long str_002b7608
    .long str_002b761c
    .long str_002b762c
    .long str_002b763c
    .byte 0x00, 0x00, 0x00, 0x00, 0x00, 0x00, 0x00, 0x00, 0x00, 0x00, 0x00, 0x00, 0x00, 0x00, 0x00, 0x00
    .byte 0x00, 0x00, 0x00, 0x00, 0x00, 0x00, 0x00, 0x00, 0x00, 0x00, 0x00, 0x00, 0x00, 0x00, 0x00, 0x00
    .byte 0x00, 0x00, 0x00, 0x00, 0x00, 0x00, 0x00, 0x00, 0x00, 0x00, 0x00, 0x00, 0x00, 0x00, 0x00, 0x00
    .byte 0x00, 0x00, 0x00, 0x00, 0x00, 0x00, 0x00, 0x00, 0x00, 0x00, 0x00, 0x00, 0x00, 0x00, 0x00, 0x00
    .byte 0x00, 0x00, 0x00, 0x00, 0x00, 0x00, 0x00, 0x00, 0x00, 0x00, 0x00, 0x00, 0x00, 0x00, 0x00, 0x00
    .byte 0x00, 0x00, 0x00, 0x00, 0x00, 0x00, 0x00, 0x00, 0x00, 0x00, 0x00, 0x00, 0x00, 0x00, 0x00, 0x00
    .byte 0x00, 0x00, 0x00, 0x00, 0x00, 0x00, 0x00, 0x00, 0x00, 0x00, 0x00, 0x00, 0x00, 0x00, 0x00, 0x00
    .byte 0x00, 0x00, 0x00, 0x00, 0x00, 0x00, 0x00, 0x00, 0x00, 0x00, 0x00, 0x00, 0x00, 0x00, 0x00, 0x00
    .byte 0x00, 0x00, 0x00, 0x00, 0x00, 0x00, 0x00, 0x00, 0x00, 0x00, 0x00, 0x00, 0x00, 0x00, 0x00, 0x00
    .byte 0x00, 0x00, 0x00, 0x00, 0x00, 0x00, 0x00, 0x00, 0x00, 0x00, 0x00, 0x00, 0x00, 0x00, 0x00, 0x00
    .byte 0x00, 0x00, 0x00, 0x00, 0x00, 0x00, 0x00, 0x00, 0x00, 0x00, 0x00, 0x00, 0x00, 0x00, 0x00, 0x00
    .byte 0x00, 0x00, 0x00, 0x00, 0x00, 0x00, 0x00, 0x00, 0x00, 0x00, 0x00, 0x00, 0x00, 0x00, 0x00, 0x00
    .byte 0x00, 0x00, 0x00, 0x00, 0x00, 0x00, 0x00, 0x00, 0x00, 0x00, 0x00, 0x00, 0x00, 0x00, 0x00, 0x00
    .byte 0x00, 0x00, 0x00, 0x00, 0x00, 0x00, 0x00, 0x00, 0x00, 0x00, 0x00, 0x00, 0x00, 0x00, 0x00, 0x00
    .byte 0x00, 0x00, 0x00, 0x00, 0x00, 0x00, 0x00, 0x00, 0x00, 0x00, 0x00, 0x00, 0x00, 0x00, 0x00, 0x00
    .byte 0x00, 0x00, 0x00, 0x00, 0x00, 0x00, 0x00, 0x00, 0x00, 0x00, 0x00, 0x00, 0x00, 0x00, 0x00, 0x00
    .byte 0x00, 0x00, 0x00, 0x00, 0x00, 0x00, 0x00, 0x00, 0x00, 0x00, 0x00, 0x00, 0x00, 0x00, 0x00, 0x00
    .byte 0x00, 0x00, 0x00, 0x00, 0x00, 0x00, 0x00, 0x00, 0x00, 0x00, 0x00, 0x00, 0x00, 0x00, 0x00, 0x00
    .byte 0x00, 0x00, 0x00, 0x00, 0x00, 0x00, 0x00, 0x00, 0x00, 0x00, 0x00, 0x00, 0x00, 0x00, 0x00, 0x00
    .byte 0x00, 0x00, 0x00, 0x00, 0x00, 0x00, 0x00, 0x00, 0x00, 0x00, 0x00, 0x00, 0x00, 0x00, 0x00, 0x00
    .byte 0x00, 0x00, 0x00, 0x00, 0x00, 0x00, 0x00, 0x00, 0x00, 0x00, 0x00, 0x00, 0x00, 0x00, 0x00, 0x00
    .byte 0x00, 0x00, 0x00, 0x00, 0x00, 0x00, 0x00, 0x00, 0x00, 0x00, 0x00, 0x00, 0x00, 0x00, 0x00, 0x00
    .byte 0x00, 0x00, 0x00, 0x00, 0x00, 0x00, 0x00, 0x00, 0x00, 0x00, 0x00, 0x00, 0x00, 0x00, 0x00, 0x00
    .byte 0x00, 0x00, 0x00, 0x00, 0x00, 0x00, 0x00, 0x00, 0x00, 0x00, 0x00, 0x00, 0x00, 0x00, 0x00, 0x00
    .byte 0x00, 0x00, 0x00, 0x00, 0x00, 0x00, 0x00, 0x00, 0x00, 0x00, 0x00, 0x00, 0x00, 0x00, 0x00, 0x00
    .byte 0x00, 0x00, 0x00, 0x00, 0x00, 0x00, 0x00, 0x00, 0x00, 0x00, 0x00, 0x00, 0x00, 0x00, 0x00, 0x00
    .byte 0x00, 0x00, 0x00, 0x00, 0x00, 0x00, 0x00, 0x00, 0x00, 0x00, 0x00, 0x00, 0x00, 0x00, 0x00, 0x00
    .byte 0x00, 0x00, 0x00, 0x00, 0x00, 0x00, 0x00, 0x00, 0x00, 0x00, 0x00, 0x00, 0x00, 0x00, 0x00, 0x00
    .byte 0x00, 0x00, 0x00, 0x00, 0x00, 0x00, 0x00, 0x00, 0x00, 0x00, 0x00, 0x00, 0x00, 0x00, 0x00, 0x00
    .byte 0x00, 0x00, 0x00, 0x00, 0x00, 0x00, 0x00, 0x00, 0x00, 0x00, 0x00, 0x00, 0x00, 0x00, 0x00, 0x00
    .byte 0x00, 0x00, 0x00, 0x00, 0x00, 0x00, 0x00, 0x00, 0x00, 0x00, 0x00, 0x00, 0x00, 0x00, 0x00, 0x00
    .byte 0x00, 0x00, 0x00, 0x00, 0x00, 0x00, 0x00, 0x00, 0x00, 0x00, 0x00, 0x00, 0x00, 0x00, 0x00, 0x00
    .byte 0x00, 0x00, 0x00, 0x00, 0x00, 0x00, 0x00, 0x00, 0x00, 0x00, 0x00, 0x00, 0x00, 0x00, 0x00, 0x00
    .byte 0x00, 0x00, 0x00, 0x00, 0x00, 0x00, 0x00, 0x00, 0x00, 0x00, 0x00, 0x00, 0x00, 0x00, 0x00, 0x00
    .byte 0x00, 0x00, 0x00, 0x00, 0x00, 0x00, 0x00, 0x00, 0x00, 0x00, 0x00, 0x00, 0x00, 0x00, 0x00, 0x00
    .byte 0x00, 0x00, 0x00, 0x00, 0x00, 0x00, 0x00, 0x00, 0x00, 0x00, 0x00, 0x00, 0x00, 0x00, 0x00, 0x00
    .byte 0x00, 0x00, 0x00, 0x00, 0x00, 0x00, 0x00, 0x00, 0x00, 0x00, 0x00, 0x00, 0x00, 0x00, 0x00, 0x00
    .byte 0x00, 0x00, 0x00, 0x00, 0x00, 0x00, 0x00, 0x00, 0x00, 0x00, 0x00, 0x00, 0x00, 0x00, 0x00, 0x00
    .byte 0x00, 0x00, 0x00, 0x00, 0x00, 0x00, 0x00, 0x00, 0x00, 0x00, 0x00, 0x00, 0x00, 0x00, 0x00, 0x00
    .byte 0x00, 0x00, 0x00, 0x00, 0x00, 0x00, 0x00, 0x00, 0x00, 0x00, 0x00, 0x00, 0x00, 0x00, 0x00, 0x00
    .byte 0x00, 0x00, 0x00, 0x00, 0x00, 0x00, 0x00, 0x00, 0x00, 0x00, 0x00, 0x00, 0x00, 0x00, 0x00, 0x00
    .byte 0x00, 0x00, 0x00, 0x00, 0x00, 0x00, 0x00, 0x00, 0x00, 0x00, 0x00, 0x00, 0x00, 0x00, 0x00, 0x00
    .byte 0x00, 0x00, 0x00, 0x00, 0x00, 0x00, 0x00, 0x00, 0x00, 0x00, 0x00, 0x00, 0x00, 0x00, 0x00, 0x00
    .byte 0x00, 0x00, 0x00, 0x00, 0x00, 0x00, 0x00, 0x00, 0x00, 0x00, 0x00, 0x00, 0x00, 0x00, 0x00, 0x00
    .byte 0x00, 0x00, 0x00, 0x00, 0x00, 0x00, 0x00, 0x00, 0x00, 0x00, 0x00, 0x00, 0x00, 0x00, 0x00, 0x00
    .byte 0x00, 0x00, 0x00, 0x00, 0x00, 0x00, 0x00, 0x00, 0x00, 0x00, 0x00, 0x00, 0x00, 0x00, 0x00, 0x00
    .byte 0x00, 0x00, 0x00, 0x00, 0x00, 0x00, 0x00, 0x00, 0x00, 0x00, 0x00, 0x00, 0x00, 0x00, 0x00, 0x00
    .byte 0x00, 0x00, 0x00, 0x00, 0x00, 0x00, 0x00, 0x00, 0x00, 0x00, 0x00, 0x00, 0x00, 0x00, 0x00, 0x00
    .byte 0x00, 0x00, 0x00, 0x00, 0x00, 0x00, 0x00, 0x00, 0x00, 0x00, 0x00, 0x00, 0x00, 0x00, 0x00, 0x00
    .byte 0x00, 0x00, 0x00, 0x00, 0x00, 0x00, 0x00, 0x00, 0x00, 0x00, 0x00, 0x00, 0x00, 0x00, 0x00, 0x00
    .byte 0x00, 0x00, 0x00, 0x00, 0x00, 0x00, 0x00, 0x00, 0x00, 0x00, 0x00, 0x00, 0x00, 0x00, 0x00, 0x00
    .byte 0x00, 0x00, 0x00, 0x00, 0x00, 0x00, 0x00, 0x00, 0x00, 0x00, 0x00, 0x00, 0x00, 0x00, 0x00, 0x00
    .byte 0x00, 0x00, 0x00, 0x00, 0x00, 0x00, 0x00, 0x00, 0x00, 0x00, 0x00, 0x00, 0x00, 0x00, 0x00, 0x00
    .byte 0x00, 0x00, 0x00, 0x00, 0x00, 0x00, 0x00, 0x00, 0x00, 0x00, 0x00, 0x00, 0x00, 0x00, 0x00, 0x00
    .byte 0x00, 0x00, 0x00, 0x00, 0x00, 0x00, 0x00, 0x00, 0x00, 0x00, 0x00, 0x00, 0x00, 0x00, 0x00, 0x00
    .byte 0x00, 0x00, 0x00, 0x00, 0x00, 0x00, 0x00, 0x00, 0x00, 0x00, 0x00, 0x00, 0x00, 0x00, 0x00, 0x00
    .byte 0x00, 0x00, 0x00, 0x00, 0x00, 0x00, 0x00, 0x00, 0x00, 0x00, 0x00, 0x00, 0x00, 0x00, 0x00, 0x00
    .byte 0x00, 0x00, 0x00, 0x00, 0x00, 0x00, 0x00, 0x00, 0x00, 0x00, 0x00, 0x00, 0x00, 0x00, 0x00, 0x00
    .byte 0x00, 0x00, 0x00, 0x00, 0x00, 0x00, 0x00, 0x00, 0x00, 0x00, 0x00, 0x00, 0x00, 0x00, 0x00, 0x00
    .byte 0x00, 0x00, 0x00, 0x00, 0x00, 0x00, 0x00, 0x00, 0x00, 0x00, 0x00, 0x00, 0x00, 0x00, 0x00, 0x00
    .byte 0x00, 0x00, 0x00, 0x00, 0x00, 0x00, 0x00, 0x00, 0x00, 0x00, 0x00, 0x00, 0x00, 0x00, 0x00, 0x00
    .byte 0x00, 0x00, 0x00, 0x00, 0x00, 0x00, 0x00, 0x00, 0x00, 0x00, 0x00, 0x00, 0x00, 0x00, 0x00, 0x00

.globl cg_shock_dvar_names
.type cg_shock_dvar_names, @object
.size cg_shock_dvar_names, 128
.align 4
cg_shock_dvar_names:
    .long str_002a85bc
    .long str_002a85d8
    .long str_002a85f8
    .long str_002a8610
    .long str_002a8628
    .long str_002a8638
    .long str_002a8654
    .long str_002a8670
    .long str_002a868c
    .long str_002a86a8
    .long str_002a86c0
    .long str_002a86d8
    .long str_002a86f0
    .long str_002a870c
    .long str_002a8724
    .long str_002a873c
    .long str_002a8754
    .long str_002a876c
    .long str_002a8784
    .long str_002a879c
    .long str_002a87b4
    .long str_002a87cc
    .long str_002a87e4
    .long str_002a8800
    .long str_002a881c
    .long str_002a882c
    .long str_002a884c
    .long str_002a8868
    .long str_002a8888
    .byte 0x00, 0x00, 0x00, 0x00, 0x00, 0x00, 0x00, 0x00, 0x00, 0x00, 0x00, 0x00

.globl s_barrelTags
.type s_barrelTags, @object
.size s_barrelTags, 32
.align 4
s_barrelTags:
    .long scr_const+140
    .long scr_const+142
    .long scr_const+144
    .long scr_const+146
    .byte 0x00, 0x00, 0x00, 0x00, 0x00, 0x00, 0x00, 0x00, 0x00, 0x00, 0x00, 0x00, 0x00, 0x00, 0x00, 0x00

.globl cg_activeLocalEntities
.type cg_activeLocalEntities, @object
.size cg_activeLocalEntities, 4
.align 4
cg_activeLocalEntities:
    .long cg_eachClientActiveLocalEntities

.globl cg_localEntities
.type cg_localEntities, @object
.size cg_localEntities, 28
.align 4
cg_localEntities:
    .long cg_eachClientLocalEntities
    .byte 0x00, 0x00, 0x00, 0x00, 0x00, 0x00, 0x00, 0x00, 0x00, 0x00, 0x00, 0x00, 0x00, 0x00, 0x00, 0x00
    .byte 0x00, 0x00, 0x00, 0x00, 0x00, 0x00, 0x00, 0x00

.globl accuracyDirName
.type accuracyDirName, @object
.size accuracyDirName, 36
.align 4
accuracyDirName:
    .long str_002b8750
    .long str_002b8758
    .byte 0x00, 0x00, 0x00, 0x00, 0x00, 0x00, 0x00, 0x00, 0x00, 0x00, 0x00, 0x00, 0x00, 0x00, 0x00, 0x00
    .byte 0x00, 0x00, 0x00, 0x00, 0x00, 0x00, 0x00, 0x00, 0x00, 0x00, 0x00, 0x00

.globl sampleCount
.type sampleCount, @object
.size sampleCount, 8
.align 4
sampleCount:
    .byte 0x00, 0x00, 0x00, 0x00, 0x00, 0x00, 0x00, 0x00

.globl g_voice_initialized
.type g_voice_initialized, @object
.size g_voice_initialized, 4
.align 4
g_voice_initialized:
    .byte 0x00, 0x00, 0x00, 0x00

.globl voice_current_scaler
.type voice_current_scaler, @object
.size voice_current_scaler, 20
.align 4
voice_current_scaler:
    .byte 0x00, 0x00, 0x80, 0x3f, 0x00, 0x00, 0x00, 0x00, 0x00, 0x00, 0x00, 0x00, 0x00, 0x00, 0x00, 0x00
    .byte 0x00, 0x00, 0x00, 0x00

.globl samples_in_partial_audio_buffer
.type samples_in_partial_audio_buffer, @object
.size samples_in_partial_audio_buffer, 4
.align 4
samples_in_partial_audio_buffer:
    .byte 0x00, 0x00, 0x00, 0x00

.globl enc_buffer_pos
.type enc_buffer_pos, @object
.size enc_buffer_pos, 24
.align 4
enc_buffer_pos:
    .byte 0x00, 0x00, 0x00, 0x00, 0x00, 0x00, 0x00, 0x00, 0x00, 0x00, 0x00, 0x00, 0x00, 0x00, 0x00, 0x00
    .byte 0x00, 0x00, 0x00, 0x00, 0x00, 0x00, 0x00, 0x00

.globl g_current_decode_bandwidth_setting
.type g_current_decode_bandwidth_setting, @object
.size g_current_decode_bandwidth_setting, 4
.align 4
g_current_decode_bandwidth_setting:
    .byte 0x00, 0x00, 0x00, 0x00

.globl g_decoder
.type g_decoder, @object
.size g_decoder, 28
.align 4
g_decoder:
    .byte 0x00, 0x00, 0x00, 0x00, 0x00, 0x00, 0x00, 0x00, 0x00, 0x00, 0x00, 0x00, 0x00, 0x00, 0x00, 0x00
    .byte 0x00, 0x00, 0x00, 0x00, 0x00, 0x00, 0x00, 0x00, 0x00, 0x00, 0x00, 0x00

.globl g_speex_initialized
.type g_speex_initialized, @object
.size g_speex_initialized, 4
.align 4
g_speex_initialized:
    .byte 0x00, 0x00, 0x00, 0x00

.globl g_frame_size
.type g_frame_size, @object
.size g_frame_size, 4
.align 4
g_frame_size:
    .byte 0x00, 0x00, 0x00, 0x00

.globl g_current_bandwidth_setting
.type g_current_bandwidth_setting, @object
.size g_current_bandwidth_setting, 4
.align 4
g_current_bandwidth_setting:
    .byte 0x00, 0x00, 0x00, 0x00

.globl g_encoder_samplerate
.type g_encoder_samplerate, @object
.size g_encoder_samplerate, 4
.align 4
g_encoder_samplerate:
    .long __mh_execute_header+4096

.globl g_encoder_quality
.type g_encoder_quality, @object
.size g_encoder_quality, 16
.align 4
g_encoder_quality:
    .byte 0x01, 0x00, 0x00, 0x00, 0x00, 0x00, 0x00, 0x00, 0x00, 0x00, 0x00, 0x00, 0x00, 0x00, 0x00, 0x00

.globl g_currently_recording
.type g_currently_recording, @object
.size g_currently_recording, 1
.align 4
g_currently_recording:
    .byte 0x00

.globl g_recording_initialized
.type g_recording_initialized, @object
.size g_recording_initialized, 3
.align 4
g_recording_initialized:
    .byte 0x00, 0x00, 0x00

.globl g_sound_channels
.type g_sound_channels, @object
.size g_sound_channels, 4
.align 4
g_sound_channels:
    .byte 0x01, 0x00, 0x00, 0x00

.globl g_sound_recordVolume
.type g_sound_recordVolume, @object
.size g_sound_recordVolume, 4
.align 4
g_sound_recordVolume:
    .byte 0xff, 0x00, 0x00, 0x00

.globl g_sound_recordFrequency
.type g_sound_recordFrequency, @object
.size g_sound_recordFrequency, 20
.align 4
g_sound_recordFrequency:
    .long __mh_execute_header+4096
    .byte 0x00, 0x00, 0x00, 0x00, 0x00, 0x00, 0x00, 0x00, 0x00, 0x00, 0x00, 0x00, 0x00, 0x00, 0x00, 0x00

.globl inflate_mask
.type inflate_mask, @object
.size inflate_mask, 96
.align 4
inflate_mask:
    .byte 0x00, 0x00, 0x00, 0x00, 0x01, 0x00, 0x00, 0x00, 0x03, 0x00, 0x00, 0x00, 0x07, 0x00, 0x00, 0x00
    .byte 0x0f, 0x00, 0x00, 0x00, 0x1f, 0x00, 0x00, 0x00, 0x3f, 0x00, 0x00, 0x00, 0x7f, 0x00, 0x00, 0x00
    .byte 0xff, 0x00, 0x00, 0x00, 0xff, 0x01, 0x00, 0x00, 0xff, 0x03, 0x00, 0x00, 0xff, 0x07, 0x00, 0x00
    .byte 0xff, 0x0f, 0x00, 0x00
    .long __mh_execute_header+4095
    .long MacBuilder_SetControlFontStyle+63
    .long MacDisplay_Initialize+357
    .long CDirect3DDevice_CreateAndSetFixedFunctionVAO+1115
    .byte 0x00, 0x00, 0x00, 0x00, 0x00, 0x00, 0x00, 0x00, 0x00, 0x00, 0x00, 0x00, 0x00, 0x00, 0x00, 0x00
    .byte 0x00, 0x00, 0x00, 0x00, 0x00, 0x00, 0x00, 0x00, 0x00, 0x00, 0x00, 0x00

.globl fixed_td
.type fixed_td, @object
.size fixed_td, 256
.align 4
fixed_td:
    .byte 0x50, 0x05, 0x00, 0x00, 0x01, 0x00, 0x00, 0x00, 0x57, 0x05, 0x00, 0x00, 0x01, 0x01, 0x00, 0x00
    .byte 0x53, 0x05, 0x00, 0x00, 0x11, 0x00, 0x00, 0x00, 0x5b, 0x05, 0x00, 0x00
    .long __mh_execute_header+1
    .byte 0x51, 0x05, 0x00, 0x00, 0x05, 0x00, 0x00, 0x00, 0x59, 0x05, 0x00, 0x00, 0x01, 0x04, 0x00, 0x00
    .byte 0x55, 0x05, 0x00, 0x00, 0x41, 0x00, 0x00, 0x00, 0x5d, 0x05, 0x00, 0x00
    .long MacBuilder_SetControlFontStyle+65
    .byte 0x50, 0x05, 0x00, 0x00, 0x03, 0x00, 0x00, 0x00, 0x58, 0x05, 0x00, 0x00, 0x01, 0x02, 0x00, 0x00
    .byte 0x54, 0x05, 0x00, 0x00, 0x21, 0x00, 0x00, 0x00, 0x5c, 0x05, 0x00, 0x00
    .long __mh_execute_header+4097
    .byte 0x52, 0x05, 0x00, 0x00, 0x09, 0x00, 0x00, 0x00, 0x5a, 0x05, 0x00, 0x00, 0x01, 0x08, 0x00, 0x00
    .byte 0x56, 0x05, 0x00, 0x00, 0x81, 0x00, 0x00, 0x00, 0xc0, 0x05, 0x00, 0x00
    .long MacDisplay_CreateScreenContext+2103
    .byte 0x50, 0x05, 0x00, 0x00, 0x02, 0x00, 0x00, 0x00, 0x57, 0x05, 0x00, 0x00, 0x81, 0x01, 0x00, 0x00
    .byte 0x53, 0x05, 0x00, 0x00, 0x19, 0x00, 0x00, 0x00, 0x5b, 0x05, 0x00, 0x00
    .long __mh_execute_header+2049
    .byte 0x51, 0x05, 0x00, 0x00, 0x07, 0x00, 0x00, 0x00, 0x59, 0x05, 0x00, 0x00, 0x01, 0x06, 0x00, 0x00
    .byte 0x55, 0x05, 0x00, 0x00, 0x61, 0x00, 0x00, 0x00, 0x5d, 0x05, 0x00, 0x00
    .long MacDisplay_CreateScreenContext+2103
    .byte 0x50, 0x05, 0x00, 0x00, 0x04, 0x00, 0x00, 0x00, 0x58, 0x05, 0x00, 0x00, 0x01, 0x03, 0x00, 0x00
    .byte 0x54, 0x05, 0x00, 0x00, 0x31, 0x00, 0x00, 0x00, 0x5c, 0x05, 0x00, 0x00
    .long CAETarget_CAETarget+83
    .byte 0x52, 0x05, 0x00, 0x00, 0x0d, 0x00, 0x00, 0x00, 0x5a, 0x05, 0x00, 0x00, 0x01, 0x0c, 0x00, 0x00
    .byte 0x56, 0x05, 0x00, 0x00, 0xc1, 0x00, 0x00, 0x00, 0xc0, 0x05, 0x00, 0x00
    .long MacDisplay_CreateScreenContext+2103

.globl fixed_tl
.type fixed_tl, @object
.size fixed_tl, 4096
.align 4
fixed_tl:
    .byte 0x60, 0x07, 0x00, 0x00, 0x00, 0x01, 0x00, 0x00, 0x00, 0x08, 0x00, 0x00, 0x50, 0x00, 0x00, 0x00
    .byte 0x00, 0x08, 0x00, 0x00, 0x10, 0x00, 0x00, 0x00, 0x54, 0x08, 0x00, 0x00, 0x73, 0x00, 0x00, 0x00
    .byte 0x52, 0x07, 0x00, 0x00, 0x1f, 0x00, 0x00, 0x00, 0x00, 0x08, 0x00, 0x00, 0x70, 0x00, 0x00, 0x00
    .byte 0x00, 0x08, 0x00, 0x00, 0x30, 0x00, 0x00, 0x00, 0x00, 0x09, 0x00, 0x00, 0xc0, 0x00, 0x00, 0x00
    .byte 0x50, 0x07, 0x00, 0x00, 0x0a, 0x00, 0x00, 0x00, 0x00, 0x08, 0x00, 0x00, 0x60, 0x00, 0x00, 0x00
    .byte 0x00, 0x08, 0x00, 0x00, 0x20, 0x00, 0x00, 0x00, 0x00, 0x09, 0x00, 0x00, 0xa0, 0x00, 0x00, 0x00
    .byte 0x00, 0x08, 0x00, 0x00, 0x00, 0x00, 0x00, 0x00, 0x00, 0x08, 0x00, 0x00, 0x80, 0x00, 0x00, 0x00
    .byte 0x00, 0x08, 0x00, 0x00, 0x40, 0x00, 0x00, 0x00, 0x00, 0x09, 0x00, 0x00, 0xe0, 0x00, 0x00, 0x00
    .byte 0x50, 0x07, 0x00, 0x00, 0x06, 0x00, 0x00, 0x00, 0x00, 0x08, 0x00, 0x00, 0x58, 0x00, 0x00, 0x00
    .byte 0x00, 0x08, 0x00, 0x00, 0x18, 0x00, 0x00, 0x00, 0x00, 0x09, 0x00, 0x00, 0x90, 0x00, 0x00, 0x00
    .byte 0x53, 0x07, 0x00, 0x00, 0x3b, 0x00, 0x00, 0x00, 0x00, 0x08, 0x00, 0x00, 0x78, 0x00, 0x00, 0x00
    .byte 0x00, 0x08, 0x00, 0x00, 0x38, 0x00, 0x00, 0x00, 0x00, 0x09, 0x00, 0x00, 0xd0, 0x00, 0x00, 0x00
    .byte 0x51, 0x07, 0x00, 0x00, 0x11, 0x00, 0x00, 0x00, 0x00, 0x08, 0x00, 0x00, 0x68, 0x00, 0x00, 0x00
    .byte 0x00, 0x08, 0x00, 0x00, 0x28, 0x00, 0x00, 0x00, 0x00, 0x09, 0x00, 0x00, 0xb0, 0x00, 0x00, 0x00
    .byte 0x00, 0x08, 0x00, 0x00, 0x08, 0x00, 0x00, 0x00, 0x00, 0x08, 0x00, 0x00, 0x88, 0x00, 0x00, 0x00
    .byte 0x00, 0x08, 0x00, 0x00, 0x48, 0x00, 0x00, 0x00, 0x00, 0x09, 0x00, 0x00, 0xf0, 0x00, 0x00, 0x00
    .byte 0x50, 0x07, 0x00, 0x00, 0x04, 0x00, 0x00, 0x00, 0x00, 0x08, 0x00, 0x00, 0x54, 0x00, 0x00, 0x00
    .byte 0x00, 0x08, 0x00, 0x00, 0x14, 0x00, 0x00, 0x00, 0x55, 0x08, 0x00, 0x00, 0xe3, 0x00, 0x00, 0x00
    .byte 0x53, 0x07, 0x00, 0x00, 0x2b, 0x00, 0x00, 0x00, 0x00, 0x08, 0x00, 0x00, 0x74, 0x00, 0x00, 0x00
    .byte 0x00, 0x08, 0x00, 0x00, 0x34, 0x00, 0x00, 0x00, 0x00, 0x09, 0x00, 0x00, 0xc8, 0x00, 0x00, 0x00
    .byte 0x51, 0x07, 0x00, 0x00, 0x0d, 0x00, 0x00, 0x00, 0x00, 0x08, 0x00, 0x00, 0x64, 0x00, 0x00, 0x00
    .byte 0x00, 0x08, 0x00, 0x00, 0x24, 0x00, 0x00, 0x00, 0x00, 0x09, 0x00, 0x00, 0xa8, 0x00, 0x00, 0x00
    .byte 0x00, 0x08, 0x00, 0x00, 0x04, 0x00, 0x00, 0x00, 0x00, 0x08, 0x00, 0x00, 0x84, 0x00, 0x00, 0x00
    .byte 0x00, 0x08, 0x00, 0x00, 0x44, 0x00, 0x00, 0x00, 0x00, 0x09, 0x00, 0x00, 0xe8, 0x00, 0x00, 0x00
    .byte 0x50, 0x07, 0x00, 0x00, 0x08, 0x00, 0x00, 0x00, 0x00, 0x08, 0x00, 0x00, 0x5c, 0x00, 0x00, 0x00
    .byte 0x00, 0x08, 0x00, 0x00, 0x1c, 0x00, 0x00, 0x00, 0x00, 0x09, 0x00, 0x00, 0x98, 0x00, 0x00, 0x00
    .byte 0x54, 0x07, 0x00, 0x00, 0x53, 0x00, 0x00, 0x00, 0x00, 0x08, 0x00, 0x00, 0x7c, 0x00, 0x00, 0x00
    .byte 0x00, 0x08, 0x00, 0x00, 0x3c, 0x00, 0x00, 0x00, 0x00, 0x09, 0x00, 0x00, 0xd8, 0x00, 0x00, 0x00
    .byte 0x52, 0x07, 0x00, 0x00, 0x17, 0x00, 0x00, 0x00, 0x00, 0x08, 0x00, 0x00, 0x6c, 0x00, 0x00, 0x00
    .byte 0x00, 0x08, 0x00, 0x00, 0x2c, 0x00, 0x00, 0x00, 0x00, 0x09, 0x00, 0x00, 0xb8, 0x00, 0x00, 0x00
    .byte 0x00, 0x08, 0x00, 0x00, 0x0c, 0x00, 0x00, 0x00, 0x00, 0x08, 0x00, 0x00, 0x8c, 0x00, 0x00, 0x00
    .byte 0x00, 0x08, 0x00, 0x00, 0x4c, 0x00, 0x00, 0x00, 0x00, 0x09, 0x00, 0x00, 0xf8, 0x00, 0x00, 0x00
    .byte 0x50, 0x07, 0x00, 0x00, 0x03, 0x00, 0x00, 0x00, 0x00, 0x08, 0x00, 0x00, 0x52, 0x00, 0x00, 0x00
    .byte 0x00, 0x08, 0x00, 0x00, 0x12, 0x00, 0x00, 0x00, 0x55, 0x08, 0x00, 0x00, 0xa3, 0x00, 0x00, 0x00
    .byte 0x53, 0x07, 0x00, 0x00, 0x23, 0x00, 0x00, 0x00, 0x00, 0x08, 0x00, 0x00, 0x72, 0x00, 0x00, 0x00
    .byte 0x00, 0x08, 0x00, 0x00, 0x32, 0x00, 0x00, 0x00, 0x00, 0x09, 0x00, 0x00, 0xc4, 0x00, 0x00, 0x00
    .byte 0x51, 0x07, 0x00, 0x00, 0x0b, 0x00, 0x00, 0x00, 0x00, 0x08, 0x00, 0x00, 0x62, 0x00, 0x00, 0x00
    .byte 0x00, 0x08, 0x00, 0x00, 0x22, 0x00, 0x00, 0x00, 0x00, 0x09, 0x00, 0x00, 0xa4, 0x00, 0x00, 0x00
    .byte 0x00, 0x08, 0x00, 0x00, 0x02, 0x00, 0x00, 0x00, 0x00, 0x08, 0x00, 0x00, 0x82, 0x00, 0x00, 0x00
    .byte 0x00, 0x08, 0x00, 0x00, 0x42, 0x00, 0x00, 0x00, 0x00, 0x09, 0x00, 0x00, 0xe4, 0x00, 0x00, 0x00
    .byte 0x50, 0x07, 0x00, 0x00, 0x07, 0x00, 0x00, 0x00, 0x00, 0x08, 0x00, 0x00, 0x5a, 0x00, 0x00, 0x00
    .byte 0x00, 0x08, 0x00, 0x00, 0x1a, 0x00, 0x00, 0x00, 0x00, 0x09, 0x00, 0x00, 0x94, 0x00, 0x00, 0x00
    .byte 0x54, 0x07, 0x00, 0x00, 0x43, 0x00, 0x00, 0x00, 0x00, 0x08, 0x00, 0x00, 0x7a, 0x00, 0x00, 0x00
    .byte 0x00, 0x08, 0x00, 0x00, 0x3a, 0x00, 0x00, 0x00, 0x00, 0x09, 0x00, 0x00, 0xd4, 0x00, 0x00, 0x00
    .byte 0x52, 0x07, 0x00, 0x00, 0x13, 0x00, 0x00, 0x00, 0x00, 0x08, 0x00, 0x00, 0x6a, 0x00, 0x00, 0x00
    .byte 0x00, 0x08, 0x00, 0x00, 0x2a, 0x00, 0x00, 0x00, 0x00, 0x09, 0x00, 0x00, 0xb4, 0x00, 0x00, 0x00
    .byte 0x00, 0x08, 0x00, 0x00, 0x0a, 0x00, 0x00, 0x00, 0x00, 0x08, 0x00, 0x00, 0x8a, 0x00, 0x00, 0x00
    .byte 0x00, 0x08, 0x00, 0x00, 0x4a, 0x00, 0x00, 0x00, 0x00, 0x09, 0x00, 0x00, 0xf4, 0x00, 0x00, 0x00
    .byte 0x50, 0x07, 0x00, 0x00, 0x05, 0x00, 0x00, 0x00, 0x00, 0x08, 0x00, 0x00, 0x56, 0x00, 0x00, 0x00
    .byte 0x00, 0x08, 0x00, 0x00, 0x16, 0x00, 0x00, 0x00, 0xc0, 0x08, 0x00, 0x00, 0x00, 0x00, 0x00, 0x00
    .byte 0x53, 0x07, 0x00, 0x00, 0x33, 0x00, 0x00, 0x00, 0x00, 0x08, 0x00, 0x00, 0x76, 0x00, 0x00, 0x00
    .byte 0x00, 0x08, 0x00, 0x00, 0x36, 0x00, 0x00, 0x00, 0x00, 0x09, 0x00, 0x00, 0xcc, 0x00, 0x00, 0x00
    .byte 0x51, 0x07, 0x00, 0x00, 0x0f, 0x00, 0x00, 0x00, 0x00, 0x08, 0x00, 0x00, 0x66, 0x00, 0x00, 0x00
    .byte 0x00, 0x08, 0x00, 0x00, 0x26, 0x00, 0x00, 0x00, 0x00, 0x09, 0x00, 0x00, 0xac, 0x00, 0x00, 0x00
    .byte 0x00, 0x08, 0x00, 0x00, 0x06, 0x00, 0x00, 0x00, 0x00, 0x08, 0x00, 0x00, 0x86, 0x00, 0x00, 0x00
    .byte 0x00, 0x08, 0x00, 0x00, 0x46, 0x00, 0x00, 0x00, 0x00, 0x09, 0x00, 0x00, 0xec, 0x00, 0x00, 0x00
    .byte 0x50, 0x07, 0x00, 0x00, 0x09, 0x00, 0x00, 0x00, 0x00, 0x08, 0x00, 0x00, 0x5e, 0x00, 0x00, 0x00
    .byte 0x00, 0x08, 0x00, 0x00, 0x1e, 0x00, 0x00, 0x00, 0x00, 0x09, 0x00, 0x00, 0x9c, 0x00, 0x00, 0x00
    .byte 0x54, 0x07, 0x00, 0x00, 0x63, 0x00, 0x00, 0x00, 0x00, 0x08, 0x00, 0x00, 0x7e, 0x00, 0x00, 0x00
    .byte 0x00, 0x08, 0x00, 0x00, 0x3e, 0x00, 0x00, 0x00, 0x00, 0x09, 0x00, 0x00, 0xdc, 0x00, 0x00, 0x00
    .byte 0x52, 0x07, 0x00, 0x00, 0x1b, 0x00, 0x00, 0x00, 0x00, 0x08, 0x00, 0x00, 0x6e, 0x00, 0x00, 0x00
    .byte 0x00, 0x08, 0x00, 0x00, 0x2e, 0x00, 0x00, 0x00, 0x00, 0x09, 0x00, 0x00, 0xbc, 0x00, 0x00, 0x00
    .byte 0x00, 0x08, 0x00, 0x00, 0x0e, 0x00, 0x00, 0x00, 0x00, 0x08, 0x00, 0x00, 0x8e, 0x00, 0x00, 0x00
    .byte 0x00, 0x08, 0x00, 0x00, 0x4e, 0x00, 0x00, 0x00, 0x00, 0x09, 0x00, 0x00, 0xfc, 0x00, 0x00, 0x00
    .byte 0x60, 0x07, 0x00, 0x00, 0x00, 0x01, 0x00, 0x00, 0x00, 0x08, 0x00, 0x00, 0x51, 0x00, 0x00, 0x00
    .byte 0x00, 0x08, 0x00, 0x00, 0x11, 0x00, 0x00, 0x00, 0x55, 0x08, 0x00, 0x00, 0x83, 0x00, 0x00, 0x00
    .byte 0x52, 0x07, 0x00, 0x00, 0x1f, 0x00, 0x00, 0x00, 0x00, 0x08, 0x00, 0x00, 0x71, 0x00, 0x00, 0x00
    .byte 0x00, 0x08, 0x00, 0x00, 0x31, 0x00, 0x00, 0x00, 0x00, 0x09, 0x00, 0x00, 0xc2, 0x00, 0x00, 0x00
    .byte 0x50, 0x07, 0x00, 0x00, 0x0a, 0x00, 0x00, 0x00, 0x00, 0x08, 0x00, 0x00, 0x61, 0x00, 0x00, 0x00
    .byte 0x00, 0x08, 0x00, 0x00, 0x21, 0x00, 0x00, 0x00, 0x00, 0x09, 0x00, 0x00, 0xa2, 0x00, 0x00, 0x00
    .byte 0x00, 0x08, 0x00, 0x00, 0x01, 0x00, 0x00, 0x00, 0x00, 0x08, 0x00, 0x00, 0x81, 0x00, 0x00, 0x00
    .byte 0x00, 0x08, 0x00, 0x00, 0x41, 0x00, 0x00, 0x00, 0x00, 0x09, 0x00, 0x00, 0xe2, 0x00, 0x00, 0x00
    .byte 0x50, 0x07, 0x00, 0x00, 0x06, 0x00, 0x00, 0x00, 0x00, 0x08, 0x00, 0x00, 0x59, 0x00, 0x00, 0x00
    .byte 0x00, 0x08, 0x00, 0x00, 0x19, 0x00, 0x00, 0x00, 0x00, 0x09, 0x00, 0x00, 0x92, 0x00, 0x00, 0x00
    .byte 0x53, 0x07, 0x00, 0x00, 0x3b, 0x00, 0x00, 0x00, 0x00, 0x08, 0x00, 0x00, 0x79, 0x00, 0x00, 0x00
    .byte 0x00, 0x08, 0x00, 0x00, 0x39, 0x00, 0x00, 0x00, 0x00, 0x09, 0x00, 0x00, 0xd2, 0x00, 0x00, 0x00
    .byte 0x51, 0x07, 0x00, 0x00, 0x11, 0x00, 0x00, 0x00, 0x00, 0x08, 0x00, 0x00, 0x69, 0x00, 0x00, 0x00
    .byte 0x00, 0x08, 0x00, 0x00, 0x29, 0x00, 0x00, 0x00, 0x00, 0x09, 0x00, 0x00, 0xb2, 0x00, 0x00, 0x00
    .byte 0x00, 0x08, 0x00, 0x00, 0x09, 0x00, 0x00, 0x00, 0x00, 0x08, 0x00, 0x00, 0x89, 0x00, 0x00, 0x00
    .byte 0x00, 0x08, 0x00, 0x00, 0x49, 0x00, 0x00, 0x00, 0x00, 0x09, 0x00, 0x00, 0xf2, 0x00, 0x00, 0x00
    .byte 0x50, 0x07, 0x00, 0x00, 0x04, 0x00, 0x00, 0x00, 0x00, 0x08, 0x00, 0x00, 0x55, 0x00, 0x00, 0x00
    .byte 0x00, 0x08, 0x00, 0x00, 0x15, 0x00, 0x00, 0x00, 0x50, 0x08, 0x00, 0x00, 0x02, 0x01, 0x00, 0x00
    .byte 0x53, 0x07, 0x00, 0x00, 0x2b, 0x00, 0x00, 0x00, 0x00, 0x08, 0x00, 0x00, 0x75, 0x00, 0x00, 0x00
    .byte 0x00, 0x08, 0x00, 0x00, 0x35, 0x00, 0x00, 0x00, 0x00, 0x09, 0x00, 0x00, 0xca, 0x00, 0x00, 0x00
    .byte 0x51, 0x07, 0x00, 0x00, 0x0d, 0x00, 0x00, 0x00, 0x00, 0x08, 0x00, 0x00, 0x65, 0x00, 0x00, 0x00
    .byte 0x00, 0x08, 0x00, 0x00, 0x25, 0x00, 0x00, 0x00, 0x00, 0x09, 0x00, 0x00, 0xaa, 0x00, 0x00, 0x00
    .byte 0x00, 0x08, 0x00, 0x00, 0x05, 0x00, 0x00, 0x00, 0x00, 0x08, 0x00, 0x00, 0x85, 0x00, 0x00, 0x00
    .byte 0x00, 0x08, 0x00, 0x00, 0x45, 0x00, 0x00, 0x00, 0x00, 0x09, 0x00, 0x00, 0xea, 0x00, 0x00, 0x00
    .byte 0x50, 0x07, 0x00, 0x00, 0x08, 0x00, 0x00, 0x00, 0x00, 0x08, 0x00, 0x00, 0x5d, 0x00, 0x00, 0x00
    .byte 0x00, 0x08, 0x00, 0x00, 0x1d, 0x00, 0x00, 0x00, 0x00, 0x09, 0x00, 0x00, 0x9a, 0x00, 0x00, 0x00
    .byte 0x54, 0x07, 0x00, 0x00, 0x53, 0x00, 0x00, 0x00, 0x00, 0x08, 0x00, 0x00, 0x7d, 0x00, 0x00, 0x00
    .byte 0x00, 0x08, 0x00, 0x00, 0x3d, 0x00, 0x00, 0x00, 0x00, 0x09, 0x00, 0x00, 0xda, 0x00, 0x00, 0x00
    .byte 0x52, 0x07, 0x00, 0x00, 0x17, 0x00, 0x00, 0x00, 0x00, 0x08, 0x00, 0x00, 0x6d, 0x00, 0x00, 0x00
    .byte 0x00, 0x08, 0x00, 0x00, 0x2d, 0x00, 0x00, 0x00, 0x00, 0x09, 0x00, 0x00, 0xba, 0x00, 0x00, 0x00
    .byte 0x00, 0x08, 0x00, 0x00, 0x0d, 0x00, 0x00, 0x00, 0x00, 0x08, 0x00, 0x00, 0x8d, 0x00, 0x00, 0x00
    .byte 0x00, 0x08, 0x00, 0x00, 0x4d, 0x00, 0x00, 0x00, 0x00, 0x09, 0x00, 0x00, 0xfa, 0x00, 0x00, 0x00
    .byte 0x50, 0x07, 0x00, 0x00, 0x03, 0x00, 0x00, 0x00, 0x00, 0x08, 0x00, 0x00, 0x53, 0x00, 0x00, 0x00
    .byte 0x00, 0x08, 0x00, 0x00, 0x13, 0x00, 0x00, 0x00, 0x55, 0x08, 0x00, 0x00, 0xc3, 0x00, 0x00, 0x00
    .byte 0x53, 0x07, 0x00, 0x00, 0x23, 0x00, 0x00, 0x00, 0x00, 0x08, 0x00, 0x00, 0x73, 0x00, 0x00, 0x00
    .byte 0x00, 0x08, 0x00, 0x00, 0x33, 0x00, 0x00, 0x00, 0x00, 0x09, 0x00, 0x00, 0xc6, 0x00, 0x00, 0x00
    .byte 0x51, 0x07, 0x00, 0x00, 0x0b, 0x00, 0x00, 0x00, 0x00, 0x08, 0x00, 0x00, 0x63, 0x00, 0x00, 0x00
    .byte 0x00, 0x08, 0x00, 0x00, 0x23, 0x00, 0x00, 0x00, 0x00, 0x09, 0x00, 0x00, 0xa6, 0x00, 0x00, 0x00
    .byte 0x00, 0x08, 0x00, 0x00, 0x03, 0x00, 0x00, 0x00, 0x00, 0x08, 0x00, 0x00, 0x83, 0x00, 0x00, 0x00
    .byte 0x00, 0x08, 0x00, 0x00, 0x43, 0x00, 0x00, 0x00, 0x00, 0x09, 0x00, 0x00, 0xe6, 0x00, 0x00, 0x00
    .byte 0x50, 0x07, 0x00, 0x00, 0x07, 0x00, 0x00, 0x00, 0x00, 0x08, 0x00, 0x00, 0x5b, 0x00, 0x00, 0x00
    .byte 0x00, 0x08, 0x00, 0x00, 0x1b, 0x00, 0x00, 0x00, 0x00, 0x09, 0x00, 0x00, 0x96, 0x00, 0x00, 0x00
    .byte 0x54, 0x07, 0x00, 0x00, 0x43, 0x00, 0x00, 0x00, 0x00, 0x08, 0x00, 0x00, 0x7b, 0x00, 0x00, 0x00
    .byte 0x00, 0x08, 0x00, 0x00, 0x3b, 0x00, 0x00, 0x00, 0x00, 0x09, 0x00, 0x00, 0xd6, 0x00, 0x00, 0x00
    .byte 0x52, 0x07, 0x00, 0x00, 0x13, 0x00, 0x00, 0x00, 0x00, 0x08, 0x00, 0x00, 0x6b, 0x00, 0x00, 0x00
    .byte 0x00, 0x08, 0x00, 0x00, 0x2b, 0x00, 0x00, 0x00, 0x00, 0x09, 0x00, 0x00, 0xb6, 0x00, 0x00, 0x00
    .byte 0x00, 0x08, 0x00, 0x00, 0x0b, 0x00, 0x00, 0x00, 0x00, 0x08, 0x00, 0x00, 0x8b, 0x00, 0x00, 0x00
    .byte 0x00, 0x08, 0x00, 0x00, 0x4b, 0x00, 0x00, 0x00, 0x00, 0x09, 0x00, 0x00, 0xf6, 0x00, 0x00, 0x00
    .byte 0x50, 0x07, 0x00, 0x00, 0x05, 0x00, 0x00, 0x00, 0x00, 0x08, 0x00, 0x00, 0x57, 0x00, 0x00, 0x00
    .byte 0x00, 0x08, 0x00, 0x00, 0x17, 0x00, 0x00, 0x00, 0xc0, 0x08, 0x00, 0x00, 0x00, 0x00, 0x00, 0x00
    .byte 0x53, 0x07, 0x00, 0x00, 0x33, 0x00, 0x00, 0x00, 0x00, 0x08, 0x00, 0x00, 0x77, 0x00, 0x00, 0x00
    .byte 0x00, 0x08, 0x00, 0x00, 0x37, 0x00, 0x00, 0x00, 0x00, 0x09, 0x00, 0x00, 0xce, 0x00, 0x00, 0x00
    .byte 0x51, 0x07, 0x00, 0x00, 0x0f, 0x00, 0x00, 0x00, 0x00, 0x08, 0x00, 0x00, 0x67, 0x00, 0x00, 0x00
    .byte 0x00, 0x08, 0x00, 0x00, 0x27, 0x00, 0x00, 0x00, 0x00, 0x09, 0x00, 0x00, 0xae, 0x00, 0x00, 0x00
    .byte 0x00, 0x08, 0x00, 0x00, 0x07, 0x00, 0x00, 0x00, 0x00, 0x08, 0x00, 0x00, 0x87, 0x00, 0x00, 0x00
    .byte 0x00, 0x08, 0x00, 0x00, 0x47, 0x00, 0x00, 0x00, 0x00, 0x09, 0x00, 0x00, 0xee, 0x00, 0x00, 0x00
    .byte 0x50, 0x07, 0x00, 0x00, 0x09, 0x00, 0x00, 0x00, 0x00, 0x08, 0x00, 0x00, 0x5f, 0x00, 0x00, 0x00
    .byte 0x00, 0x08, 0x00, 0x00, 0x1f, 0x00, 0x00, 0x00, 0x00, 0x09, 0x00, 0x00, 0x9e, 0x00, 0x00, 0x00
    .byte 0x54, 0x07, 0x00, 0x00, 0x63, 0x00, 0x00, 0x00, 0x00, 0x08, 0x00, 0x00, 0x7f, 0x00, 0x00, 0x00
    .byte 0x00, 0x08, 0x00, 0x00, 0x3f, 0x00, 0x00, 0x00, 0x00, 0x09, 0x00, 0x00, 0xde, 0x00, 0x00, 0x00
    .byte 0x52, 0x07, 0x00, 0x00, 0x1b, 0x00, 0x00, 0x00, 0x00, 0x08, 0x00, 0x00, 0x6f, 0x00, 0x00, 0x00
    .byte 0x00, 0x08, 0x00, 0x00, 0x2f, 0x00, 0x00, 0x00, 0x00, 0x09, 0x00, 0x00, 0xbe, 0x00, 0x00, 0x00
    .byte 0x00, 0x08, 0x00, 0x00, 0x0f, 0x00, 0x00, 0x00, 0x00, 0x08, 0x00, 0x00, 0x8f, 0x00, 0x00, 0x00
    .byte 0x00, 0x08, 0x00, 0x00, 0x4f, 0x00, 0x00, 0x00, 0x00, 0x09, 0x00, 0x00, 0xfe, 0x00, 0x00, 0x00
    .byte 0x60, 0x07, 0x00, 0x00, 0x00, 0x01, 0x00, 0x00, 0x00, 0x08, 0x00, 0x00, 0x50, 0x00, 0x00, 0x00
    .byte 0x00, 0x08, 0x00, 0x00, 0x10, 0x00, 0x00, 0x00, 0x54, 0x08, 0x00, 0x00, 0x73, 0x00, 0x00, 0x00
    .byte 0x52, 0x07, 0x00, 0x00, 0x1f, 0x00, 0x00, 0x00, 0x00, 0x08, 0x00, 0x00, 0x70, 0x00, 0x00, 0x00
    .byte 0x00, 0x08, 0x00, 0x00, 0x30, 0x00, 0x00, 0x00, 0x00, 0x09, 0x00, 0x00, 0xc1, 0x00, 0x00, 0x00
    .byte 0x50, 0x07, 0x00, 0x00, 0x0a, 0x00, 0x00, 0x00, 0x00, 0x08, 0x00, 0x00, 0x60, 0x00, 0x00, 0x00
    .byte 0x00, 0x08, 0x00, 0x00, 0x20, 0x00, 0x00, 0x00, 0x00, 0x09, 0x00, 0x00, 0xa1, 0x00, 0x00, 0x00
    .byte 0x00, 0x08, 0x00, 0x00, 0x00, 0x00, 0x00, 0x00, 0x00, 0x08, 0x00, 0x00, 0x80, 0x00, 0x00, 0x00
    .byte 0x00, 0x08, 0x00, 0x00, 0x40, 0x00, 0x00, 0x00, 0x00, 0x09, 0x00, 0x00, 0xe1, 0x00, 0x00, 0x00
    .byte 0x50, 0x07, 0x00, 0x00, 0x06, 0x00, 0x00, 0x00, 0x00, 0x08, 0x00, 0x00, 0x58, 0x00, 0x00, 0x00
    .byte 0x00, 0x08, 0x00, 0x00, 0x18, 0x00, 0x00, 0x00, 0x00, 0x09, 0x00, 0x00, 0x91, 0x00, 0x00, 0x00
    .byte 0x53, 0x07, 0x00, 0x00, 0x3b, 0x00, 0x00, 0x00, 0x00, 0x08, 0x00, 0x00, 0x78, 0x00, 0x00, 0x00
    .byte 0x00, 0x08, 0x00, 0x00, 0x38, 0x00, 0x00, 0x00, 0x00, 0x09, 0x00, 0x00, 0xd1, 0x00, 0x00, 0x00
    .byte 0x51, 0x07, 0x00, 0x00, 0x11, 0x00, 0x00, 0x00, 0x00, 0x08, 0x00, 0x00, 0x68, 0x00, 0x00, 0x00
    .byte 0x00, 0x08, 0x00, 0x00, 0x28, 0x00, 0x00, 0x00, 0x00, 0x09, 0x00, 0x00, 0xb1, 0x00, 0x00, 0x00
    .byte 0x00, 0x08, 0x00, 0x00, 0x08, 0x00, 0x00, 0x00, 0x00, 0x08, 0x00, 0x00, 0x88, 0x00, 0x00, 0x00
    .byte 0x00, 0x08, 0x00, 0x00, 0x48, 0x00, 0x00, 0x00, 0x00, 0x09, 0x00, 0x00, 0xf1, 0x00, 0x00, 0x00
    .byte 0x50, 0x07, 0x00, 0x00, 0x04, 0x00, 0x00, 0x00, 0x00, 0x08, 0x00, 0x00, 0x54, 0x00, 0x00, 0x00
    .byte 0x00, 0x08, 0x00, 0x00, 0x14, 0x00, 0x00, 0x00, 0x55, 0x08, 0x00, 0x00, 0xe3, 0x00, 0x00, 0x00
    .byte 0x53, 0x07, 0x00, 0x00, 0x2b, 0x00, 0x00, 0x00, 0x00, 0x08, 0x00, 0x00, 0x74, 0x00, 0x00, 0x00
    .byte 0x00, 0x08, 0x00, 0x00, 0x34, 0x00, 0x00, 0x00, 0x00, 0x09, 0x00, 0x00, 0xc9, 0x00, 0x00, 0x00
    .byte 0x51, 0x07, 0x00, 0x00, 0x0d, 0x00, 0x00, 0x00, 0x00, 0x08, 0x00, 0x00, 0x64, 0x00, 0x00, 0x00
    .byte 0x00, 0x08, 0x00, 0x00, 0x24, 0x00, 0x00, 0x00, 0x00, 0x09, 0x00, 0x00, 0xa9, 0x00, 0x00, 0x00
    .byte 0x00, 0x08, 0x00, 0x00, 0x04, 0x00, 0x00, 0x00, 0x00, 0x08, 0x00, 0x00, 0x84, 0x00, 0x00, 0x00
    .byte 0x00, 0x08, 0x00, 0x00, 0x44, 0x00, 0x00, 0x00, 0x00, 0x09, 0x00, 0x00, 0xe9, 0x00, 0x00, 0x00
    .byte 0x50, 0x07, 0x00, 0x00, 0x08, 0x00, 0x00, 0x00, 0x00, 0x08, 0x00, 0x00, 0x5c, 0x00, 0x00, 0x00
    .byte 0x00, 0x08, 0x00, 0x00, 0x1c, 0x00, 0x00, 0x00, 0x00, 0x09, 0x00, 0x00, 0x99, 0x00, 0x00, 0x00
    .byte 0x54, 0x07, 0x00, 0x00, 0x53, 0x00, 0x00, 0x00, 0x00, 0x08, 0x00, 0x00, 0x7c, 0x00, 0x00, 0x00
    .byte 0x00, 0x08, 0x00, 0x00, 0x3c, 0x00, 0x00, 0x00, 0x00, 0x09, 0x00, 0x00, 0xd9, 0x00, 0x00, 0x00
    .byte 0x52, 0x07, 0x00, 0x00, 0x17, 0x00, 0x00, 0x00, 0x00, 0x08, 0x00, 0x00, 0x6c, 0x00, 0x00, 0x00
    .byte 0x00, 0x08, 0x00, 0x00, 0x2c, 0x00, 0x00, 0x00, 0x00, 0x09, 0x00, 0x00, 0xb9, 0x00, 0x00, 0x00
    .byte 0x00, 0x08, 0x00, 0x00, 0x0c, 0x00, 0x00, 0x00, 0x00, 0x08, 0x00, 0x00, 0x8c, 0x00, 0x00, 0x00
    .byte 0x00, 0x08, 0x00, 0x00, 0x4c, 0x00, 0x00, 0x00, 0x00, 0x09, 0x00, 0x00, 0xf9, 0x00, 0x00, 0x00
    .byte 0x50, 0x07, 0x00, 0x00, 0x03, 0x00, 0x00, 0x00, 0x00, 0x08, 0x00, 0x00, 0x52, 0x00, 0x00, 0x00
    .byte 0x00, 0x08, 0x00, 0x00, 0x12, 0x00, 0x00, 0x00, 0x55, 0x08, 0x00, 0x00, 0xa3, 0x00, 0x00, 0x00
    .byte 0x53, 0x07, 0x00, 0x00, 0x23, 0x00, 0x00, 0x00, 0x00, 0x08, 0x00, 0x00, 0x72, 0x00, 0x00, 0x00
    .byte 0x00, 0x08, 0x00, 0x00, 0x32, 0x00, 0x00, 0x00, 0x00, 0x09, 0x00, 0x00, 0xc5, 0x00, 0x00, 0x00
    .byte 0x51, 0x07, 0x00, 0x00, 0x0b, 0x00, 0x00, 0x00, 0x00, 0x08, 0x00, 0x00, 0x62, 0x00, 0x00, 0x00
    .byte 0x00, 0x08, 0x00, 0x00, 0x22, 0x00, 0x00, 0x00, 0x00, 0x09, 0x00, 0x00, 0xa5, 0x00, 0x00, 0x00
    .byte 0x00, 0x08, 0x00, 0x00, 0x02, 0x00, 0x00, 0x00, 0x00, 0x08, 0x00, 0x00, 0x82, 0x00, 0x00, 0x00
    .byte 0x00, 0x08, 0x00, 0x00, 0x42, 0x00, 0x00, 0x00, 0x00, 0x09, 0x00, 0x00, 0xe5, 0x00, 0x00, 0x00
    .byte 0x50, 0x07, 0x00, 0x00, 0x07, 0x00, 0x00, 0x00, 0x00, 0x08, 0x00, 0x00, 0x5a, 0x00, 0x00, 0x00
    .byte 0x00, 0x08, 0x00, 0x00, 0x1a, 0x00, 0x00, 0x00, 0x00, 0x09, 0x00, 0x00, 0x95, 0x00, 0x00, 0x00
    .byte 0x54, 0x07, 0x00, 0x00, 0x43, 0x00, 0x00, 0x00, 0x00, 0x08, 0x00, 0x00, 0x7a, 0x00, 0x00, 0x00
    .byte 0x00, 0x08, 0x00, 0x00, 0x3a, 0x00, 0x00, 0x00, 0x00, 0x09, 0x00, 0x00, 0xd5, 0x00, 0x00, 0x00
    .byte 0x52, 0x07, 0x00, 0x00, 0x13, 0x00, 0x00, 0x00, 0x00, 0x08, 0x00, 0x00, 0x6a, 0x00, 0x00, 0x00
    .byte 0x00, 0x08, 0x00, 0x00, 0x2a, 0x00, 0x00, 0x00, 0x00, 0x09, 0x00, 0x00, 0xb5, 0x00, 0x00, 0x00
    .byte 0x00, 0x08, 0x00, 0x00, 0x0a, 0x00, 0x00, 0x00, 0x00, 0x08, 0x00, 0x00, 0x8a, 0x00, 0x00, 0x00
    .byte 0x00, 0x08, 0x00, 0x00, 0x4a, 0x00, 0x00, 0x00, 0x00, 0x09, 0x00, 0x00, 0xf5, 0x00, 0x00, 0x00
    .byte 0x50, 0x07, 0x00, 0x00, 0x05, 0x00, 0x00, 0x00, 0x00, 0x08, 0x00, 0x00, 0x56, 0x00, 0x00, 0x00
    .byte 0x00, 0x08, 0x00, 0x00, 0x16, 0x00, 0x00, 0x00, 0xc0, 0x08, 0x00, 0x00, 0x00, 0x00, 0x00, 0x00
    .byte 0x53, 0x07, 0x00, 0x00, 0x33, 0x00, 0x00, 0x00, 0x00, 0x08, 0x00, 0x00, 0x76, 0x00, 0x00, 0x00
    .byte 0x00, 0x08, 0x00, 0x00, 0x36, 0x00, 0x00, 0x00, 0x00, 0x09, 0x00, 0x00, 0xcd, 0x00, 0x00, 0x00
    .byte 0x51, 0x07, 0x00, 0x00, 0x0f, 0x00, 0x00, 0x00, 0x00, 0x08, 0x00, 0x00, 0x66, 0x00, 0x00, 0x00
    .byte 0x00, 0x08, 0x00, 0x00, 0x26, 0x00, 0x00, 0x00, 0x00, 0x09, 0x00, 0x00, 0xad, 0x00, 0x00, 0x00
    .byte 0x00, 0x08, 0x00, 0x00, 0x06, 0x00, 0x00, 0x00, 0x00, 0x08, 0x00, 0x00, 0x86, 0x00, 0x00, 0x00
    .byte 0x00, 0x08, 0x00, 0x00, 0x46, 0x00, 0x00, 0x00, 0x00, 0x09, 0x00, 0x00, 0xed, 0x00, 0x00, 0x00
    .byte 0x50, 0x07, 0x00, 0x00, 0x09, 0x00, 0x00, 0x00, 0x00, 0x08, 0x00, 0x00, 0x5e, 0x00, 0x00, 0x00
    .byte 0x00, 0x08, 0x00, 0x00, 0x1e, 0x00, 0x00, 0x00, 0x00, 0x09, 0x00, 0x00, 0x9d, 0x00, 0x00, 0x00
    .byte 0x54, 0x07, 0x00, 0x00, 0x63, 0x00, 0x00, 0x00, 0x00, 0x08, 0x00, 0x00, 0x7e, 0x00, 0x00, 0x00
    .byte 0x00, 0x08, 0x00, 0x00, 0x3e, 0x00, 0x00, 0x00, 0x00, 0x09, 0x00, 0x00, 0xdd, 0x00, 0x00, 0x00
    .byte 0x52, 0x07, 0x00, 0x00, 0x1b, 0x00, 0x00, 0x00, 0x00, 0x08, 0x00, 0x00, 0x6e, 0x00, 0x00, 0x00
    .byte 0x00, 0x08, 0x00, 0x00, 0x2e, 0x00, 0x00, 0x00, 0x00, 0x09, 0x00, 0x00, 0xbd, 0x00, 0x00, 0x00
    .byte 0x00, 0x08, 0x00, 0x00, 0x0e, 0x00, 0x00, 0x00, 0x00, 0x08, 0x00, 0x00, 0x8e, 0x00, 0x00, 0x00
    .byte 0x00, 0x08, 0x00, 0x00, 0x4e, 0x00, 0x00, 0x00, 0x00, 0x09, 0x00, 0x00, 0xfd, 0x00, 0x00, 0x00
    .byte 0x60, 0x07, 0x00, 0x00, 0x00, 0x01, 0x00, 0x00, 0x00, 0x08, 0x00, 0x00, 0x51, 0x00, 0x00, 0x00
    .byte 0x00, 0x08, 0x00, 0x00, 0x11, 0x00, 0x00, 0x00, 0x55, 0x08, 0x00, 0x00, 0x83, 0x00, 0x00, 0x00
    .byte 0x52, 0x07, 0x00, 0x00, 0x1f, 0x00, 0x00, 0x00, 0x00, 0x08, 0x00, 0x00, 0x71, 0x00, 0x00, 0x00
    .byte 0x00, 0x08, 0x00, 0x00, 0x31, 0x00, 0x00, 0x00, 0x00, 0x09, 0x00, 0x00, 0xc3, 0x00, 0x00, 0x00
    .byte 0x50, 0x07, 0x00, 0x00, 0x0a, 0x00, 0x00, 0x00, 0x00, 0x08, 0x00, 0x00, 0x61, 0x00, 0x00, 0x00
    .byte 0x00, 0x08, 0x00, 0x00, 0x21, 0x00, 0x00, 0x00, 0x00, 0x09, 0x00, 0x00, 0xa3, 0x00, 0x00, 0x00
    .byte 0x00, 0x08, 0x00, 0x00, 0x01, 0x00, 0x00, 0x00, 0x00, 0x08, 0x00, 0x00, 0x81, 0x00, 0x00, 0x00
    .byte 0x00, 0x08, 0x00, 0x00, 0x41, 0x00, 0x00, 0x00, 0x00, 0x09, 0x00, 0x00, 0xe3, 0x00, 0x00, 0x00
    .byte 0x50, 0x07, 0x00, 0x00, 0x06, 0x00, 0x00, 0x00, 0x00, 0x08, 0x00, 0x00, 0x59, 0x00, 0x00, 0x00
    .byte 0x00, 0x08, 0x00, 0x00, 0x19, 0x00, 0x00, 0x00, 0x00, 0x09, 0x00, 0x00, 0x93, 0x00, 0x00, 0x00
    .byte 0x53, 0x07, 0x00, 0x00, 0x3b, 0x00, 0x00, 0x00, 0x00, 0x08, 0x00, 0x00, 0x79, 0x00, 0x00, 0x00
    .byte 0x00, 0x08, 0x00, 0x00, 0x39, 0x00, 0x00, 0x00, 0x00, 0x09, 0x00, 0x00, 0xd3, 0x00, 0x00, 0x00
    .byte 0x51, 0x07, 0x00, 0x00, 0x11, 0x00, 0x00, 0x00, 0x00, 0x08, 0x00, 0x00, 0x69, 0x00, 0x00, 0x00
    .byte 0x00, 0x08, 0x00, 0x00, 0x29, 0x00, 0x00, 0x00, 0x00, 0x09, 0x00, 0x00, 0xb3, 0x00, 0x00, 0x00
    .byte 0x00, 0x08, 0x00, 0x00, 0x09, 0x00, 0x00, 0x00, 0x00, 0x08, 0x00, 0x00, 0x89, 0x00, 0x00, 0x00
    .byte 0x00, 0x08, 0x00, 0x00, 0x49, 0x00, 0x00, 0x00, 0x00, 0x09, 0x00, 0x00, 0xf3, 0x00, 0x00, 0x00
    .byte 0x50, 0x07, 0x00, 0x00, 0x04, 0x00, 0x00, 0x00, 0x00, 0x08, 0x00, 0x00, 0x55, 0x00, 0x00, 0x00
    .byte 0x00, 0x08, 0x00, 0x00, 0x15, 0x00, 0x00, 0x00, 0x50, 0x08, 0x00, 0x00, 0x02, 0x01, 0x00, 0x00
    .byte 0x53, 0x07, 0x00, 0x00, 0x2b, 0x00, 0x00, 0x00, 0x00, 0x08, 0x00, 0x00, 0x75, 0x00, 0x00, 0x00
    .byte 0x00, 0x08, 0x00, 0x00, 0x35, 0x00, 0x00, 0x00, 0x00, 0x09, 0x00, 0x00, 0xcb, 0x00, 0x00, 0x00
    .byte 0x51, 0x07, 0x00, 0x00, 0x0d, 0x00, 0x00, 0x00, 0x00, 0x08, 0x00, 0x00, 0x65, 0x00, 0x00, 0x00
    .byte 0x00, 0x08, 0x00, 0x00, 0x25, 0x00, 0x00, 0x00, 0x00, 0x09, 0x00, 0x00, 0xab, 0x00, 0x00, 0x00
    .byte 0x00, 0x08, 0x00, 0x00, 0x05, 0x00, 0x00, 0x00, 0x00, 0x08, 0x00, 0x00, 0x85, 0x00, 0x00, 0x00
    .byte 0x00, 0x08, 0x00, 0x00, 0x45, 0x00, 0x00, 0x00, 0x00, 0x09, 0x00, 0x00, 0xeb, 0x00, 0x00, 0x00
    .byte 0x50, 0x07, 0x00, 0x00, 0x08, 0x00, 0x00, 0x00, 0x00, 0x08, 0x00, 0x00, 0x5d, 0x00, 0x00, 0x00
    .byte 0x00, 0x08, 0x00, 0x00, 0x1d, 0x00, 0x00, 0x00, 0x00, 0x09, 0x00, 0x00, 0x9b, 0x00, 0x00, 0x00
    .byte 0x54, 0x07, 0x00, 0x00, 0x53, 0x00, 0x00, 0x00, 0x00, 0x08, 0x00, 0x00, 0x7d, 0x00, 0x00, 0x00
    .byte 0x00, 0x08, 0x00, 0x00, 0x3d, 0x00, 0x00, 0x00, 0x00, 0x09, 0x00, 0x00, 0xdb, 0x00, 0x00, 0x00
    .byte 0x52, 0x07, 0x00, 0x00, 0x17, 0x00, 0x00, 0x00, 0x00, 0x08, 0x00, 0x00, 0x6d, 0x00, 0x00, 0x00
    .byte 0x00, 0x08, 0x00, 0x00, 0x2d, 0x00, 0x00, 0x00, 0x00, 0x09, 0x00, 0x00, 0xbb, 0x00, 0x00, 0x00
    .byte 0x00, 0x08, 0x00, 0x00, 0x0d, 0x00, 0x00, 0x00, 0x00, 0x08, 0x00, 0x00, 0x8d, 0x00, 0x00, 0x00
    .byte 0x00, 0x08, 0x00, 0x00, 0x4d, 0x00, 0x00, 0x00, 0x00, 0x09, 0x00, 0x00, 0xfb, 0x00, 0x00, 0x00
    .byte 0x50, 0x07, 0x00, 0x00, 0x03, 0x00, 0x00, 0x00, 0x00, 0x08, 0x00, 0x00, 0x53, 0x00, 0x00, 0x00
    .byte 0x00, 0x08, 0x00, 0x00, 0x13, 0x00, 0x00, 0x00, 0x55, 0x08, 0x00, 0x00, 0xc3, 0x00, 0x00, 0x00
    .byte 0x53, 0x07, 0x00, 0x00, 0x23, 0x00, 0x00, 0x00, 0x00, 0x08, 0x00, 0x00, 0x73, 0x00, 0x00, 0x00
    .byte 0x00, 0x08, 0x00, 0x00, 0x33, 0x00, 0x00, 0x00, 0x00, 0x09, 0x00, 0x00, 0xc7, 0x00, 0x00, 0x00
    .byte 0x51, 0x07, 0x00, 0x00, 0x0b, 0x00, 0x00, 0x00, 0x00, 0x08, 0x00, 0x00, 0x63, 0x00, 0x00, 0x00
    .byte 0x00, 0x08, 0x00, 0x00, 0x23, 0x00, 0x00, 0x00, 0x00, 0x09, 0x00, 0x00, 0xa7, 0x00, 0x00, 0x00
    .byte 0x00, 0x08, 0x00, 0x00, 0x03, 0x00, 0x00, 0x00, 0x00, 0x08, 0x00, 0x00, 0x83, 0x00, 0x00, 0x00
    .byte 0x00, 0x08, 0x00, 0x00, 0x43, 0x00, 0x00, 0x00, 0x00, 0x09, 0x00, 0x00, 0xe7, 0x00, 0x00, 0x00
    .byte 0x50, 0x07, 0x00, 0x00, 0x07, 0x00, 0x00, 0x00, 0x00, 0x08, 0x00, 0x00, 0x5b, 0x00, 0x00, 0x00
    .byte 0x00, 0x08, 0x00, 0x00, 0x1b, 0x00, 0x00, 0x00, 0x00, 0x09, 0x00, 0x00, 0x97, 0x00, 0x00, 0x00
    .byte 0x54, 0x07, 0x00, 0x00, 0x43, 0x00, 0x00, 0x00, 0x00, 0x08, 0x00, 0x00, 0x7b, 0x00, 0x00, 0x00
    .byte 0x00, 0x08, 0x00, 0x00, 0x3b, 0x00, 0x00, 0x00, 0x00, 0x09, 0x00, 0x00, 0xd7, 0x00, 0x00, 0x00
    .byte 0x52, 0x07, 0x00, 0x00, 0x13, 0x00, 0x00, 0x00, 0x00, 0x08, 0x00, 0x00, 0x6b, 0x00, 0x00, 0x00
    .byte 0x00, 0x08, 0x00, 0x00, 0x2b, 0x00, 0x00, 0x00, 0x00, 0x09, 0x00, 0x00, 0xb7, 0x00, 0x00, 0x00
    .byte 0x00, 0x08, 0x00, 0x00, 0x0b, 0x00, 0x00, 0x00, 0x00, 0x08, 0x00, 0x00, 0x8b, 0x00, 0x00, 0x00
    .byte 0x00, 0x08, 0x00, 0x00, 0x4b, 0x00, 0x00, 0x00, 0x00, 0x09, 0x00, 0x00, 0xf7, 0x00, 0x00, 0x00
    .byte 0x50, 0x07, 0x00, 0x00, 0x05, 0x00, 0x00, 0x00, 0x00, 0x08, 0x00, 0x00, 0x57, 0x00, 0x00, 0x00
    .byte 0x00, 0x08, 0x00, 0x00, 0x17, 0x00, 0x00, 0x00, 0xc0, 0x08, 0x00, 0x00, 0x00, 0x00, 0x00, 0x00
    .byte 0x53, 0x07, 0x00, 0x00, 0x33, 0x00, 0x00, 0x00, 0x00, 0x08, 0x00, 0x00, 0x77, 0x00, 0x00, 0x00
    .byte 0x00, 0x08, 0x00, 0x00, 0x37, 0x00, 0x00, 0x00, 0x00, 0x09, 0x00, 0x00, 0xcf, 0x00, 0x00, 0x00
    .byte 0x51, 0x07, 0x00, 0x00, 0x0f, 0x00, 0x00, 0x00, 0x00, 0x08, 0x00, 0x00, 0x67, 0x00, 0x00, 0x00
    .byte 0x00, 0x08, 0x00, 0x00, 0x27, 0x00, 0x00, 0x00, 0x00, 0x09, 0x00, 0x00, 0xaf, 0x00, 0x00, 0x00
    .byte 0x00, 0x08, 0x00, 0x00, 0x07, 0x00, 0x00, 0x00, 0x00, 0x08, 0x00, 0x00, 0x87, 0x00, 0x00, 0x00
    .byte 0x00, 0x08, 0x00, 0x00, 0x47, 0x00, 0x00, 0x00, 0x00, 0x09, 0x00, 0x00, 0xef, 0x00, 0x00, 0x00
    .byte 0x50, 0x07, 0x00, 0x00, 0x09, 0x00, 0x00, 0x00, 0x00, 0x08, 0x00, 0x00, 0x5f, 0x00, 0x00, 0x00
    .byte 0x00, 0x08, 0x00, 0x00, 0x1f, 0x00, 0x00, 0x00, 0x00, 0x09, 0x00, 0x00, 0x9f, 0x00, 0x00, 0x00
    .byte 0x54, 0x07, 0x00, 0x00, 0x63, 0x00, 0x00, 0x00, 0x00, 0x08, 0x00, 0x00, 0x7f, 0x00, 0x00, 0x00
    .byte 0x00, 0x08, 0x00, 0x00, 0x3f, 0x00, 0x00, 0x00, 0x00, 0x09, 0x00, 0x00, 0xdf, 0x00, 0x00, 0x00
    .byte 0x52, 0x07, 0x00, 0x00, 0x1b, 0x00, 0x00, 0x00, 0x00, 0x08, 0x00, 0x00, 0x6f, 0x00, 0x00, 0x00
    .byte 0x00, 0x08, 0x00, 0x00, 0x2f, 0x00, 0x00, 0x00, 0x00, 0x09, 0x00, 0x00, 0xbf, 0x00, 0x00, 0x00
    .byte 0x00, 0x08, 0x00, 0x00, 0x0f, 0x00, 0x00, 0x00, 0x00, 0x08, 0x00, 0x00, 0x8f, 0x00, 0x00, 0x00
    .byte 0x00, 0x08, 0x00, 0x00, 0x4f, 0x00, 0x00, 0x00, 0x00, 0x09, 0x00, 0x00, 0xff, 0x00, 0x00, 0x00

.globl fixed_bd
.type fixed_bd, @object
.size fixed_bd, 4
.align 4
fixed_bd:
    .byte 0x05, 0x00, 0x00, 0x00

.globl fixed_bl
.type fixed_bl, @object
.size fixed_bl, 4
.align 4
fixed_bl:
    .byte 0x09, 0x00, 0x00, 0x00

