/* Initialized global data extracted from __DATA.__data */
#include "common_types.h"

/* 0x00308000 - 4 bytes */
const unsigned char NXArgc[4] = { 0x00, 0x00, 0x00, 0x00 };

/* 0x00308004 - 4 bytes */
const unsigned char NXArgv[4] = { 0x00, 0x00, 0x00, 0x00 };

/* 0x00308008 - 4 bytes */
const unsigned char environ[4] = { 0x00, 0x00, 0x00, 0x00 };

/* 0x0030800c - 20 bytes */
const unsigned char ___progname[20] = {
    0xb8, 0x57, 0x21, 0x00, 0x00, 0x00, 0x00, 0x00, 0x00, 0x00, 0x00, 0x00, 0x00, 0x00, 0x00, 0x00, /* .W!............. */
    0x00, 0x00, 0x00, 0x00 /* .... */
};

/* 0x00308020 - 32 bytes */
const unsigned char g_InhibitOpenGLErrors[32] = {
    0x00, 0x00, 0x00, 0x00, 0x00, 0x00, 0x00, 0x00, 0x00, 0x00, 0x00, 0x00, 0x00, 0x00, 0x00, 0x00, /* ................ */
    0x00, 0x00, 0x00, 0x00, 0x00, 0x00, 0x00, 0x00, 0x00, 0x00, 0x00, 0x00, 0x00, 0x00, 0x00, 0x00 /* ................ */
};

/* 0x00308040 - 4 bytes */
const unsigned char sEnableSwap[4] = { 0x01, 0x00, 0x00, 0x00 };

/* 0x00308044 - 4 bytes */
const unsigned char kDisplayRectKey[4] = { 0x10, 0x58, 0x21, 0x00 };

/* 0x00308048 - 4 bytes */
const unsigned char kDisplayIndexKey[4] = { 0x24, 0x58, 0x21, 0x00 };

/* 0x0030804c - 20 bytes */
const unsigned char kFirstTimeKey[20] = {
    0x38, 0x58, 0x21, 0x00, 0x00, 0x00, 0x00, 0x00, 0x00, 0x00, 0x00, 0x00, 0x00, 0x00, 0x00, 0x00, /* 8X!............. */
    0x00, 0x00, 0x00, 0x00 /* .... */
};

/* 0x00308060 - 32 bytes */
const unsigned char sResult[32] = {
    0xff, 0x7f, 0x00, 0x00, 0x00, 0x00, 0x00, 0x00, 0x00, 0x00, 0x00, 0x00, 0x00, 0x00, 0x00, 0x00, /* ................ */
    0x00, 0x00, 0x00, 0x00, 0x00, 0x00, 0x00, 0x00, 0x00, 0x00, 0x00, 0x00, 0x00, 0x00, 0x00, 0x00 /* ................ */
};

/* 0x00308080 - 32 bytes */
const unsigned char sSystemCursorVisible[32] = {
    0x01, 0x00, 0x00, 0x00, 0x00, 0x00, 0x00, 0x00, 0x00, 0x00, 0x00, 0x00, 0x00, 0x00, 0x00, 0x00, /* ................ */
    0x00, 0x00, 0x00, 0x00, 0x00, 0x00, 0x00, 0x00, 0x00, 0x00, 0x00, 0x00, 0x00, 0x00, 0x00, 0x00 /* ................ */
};

/* 0x003080a0 - 4 bytes */
const unsigned char sVisibleCursor[4] = { 0x01, 0x00, 0x00, 0x00 };

/* 0x003080a4 - 4 bytes */
const unsigned char sCurrentWinCursor[4] = { 0xff, 0xff, 0xff, 0xff };

/* 0x003080a8 - 4 bytes */
const unsigned char __ZZN7WinIconC4EvE7sNextID[4] = { 0x01, 0x00, 0x00, 0x00 };

/* 0x003080ac - 20 bytes */
const unsigned char __ZZN9WinCursorC4EvE11sNextHandle[20] = {
    0x01, 0x00, 0x00, 0x00, 0x00, 0x00, 0x00, 0x00, 0x00, 0x00, 0x00, 0x00, 0x00, 0x00, 0x00, 0x00, /* ................ */
    0x00, 0x00, 0x00, 0x00 /* .... */
};

/* 0x003080c0 - 128 bytes */
const unsigned char sGerman_ISO_VK_Map[128] = {
    0x41, 0x53, 0x44, 0x46, 0x48, 0x47, 0x59, 0x58, 0x43, 0x56, 0x00, 0x42, 0x51, 0x57, 0x45, 0x52, /* ASDFHGYXCV.BQWER */
    0x5a, 0x54, 0x31, 0x32, 0x33, 0x34, 0x36, 0x35, 0xbb, 0x39, 0x37, 0xbd, 0x38, 0x30, 0xdd, 0x4f, /* ZT123465.97.80.O */
    0x55, 0xdb, 0x49, 0x50, 0x0d, 0x4c, 0x4a, 0xde, 0x4b, 0xba, 0xdc, 0xbc, 0xbf, 0x4e, 0x4d, 0xbe, /* U.IP.LJ.K....NM. */
    0x09, 0x20, 0xc0, 0x08, 0x0d, 0x1b, 0x00, 0x13, 0x10, 0x14, 0x12, 0x11, 0x00, 0x00, 0x00, 0x00, /* . .............. */
    0x00, 0x6e, 0x00, 0x6a, 0x00, 0x6b, 0x00, 0x90, 0x00, 0x00, 0x00, 0x6f, 0x0d, 0x00, 0x6d, 0x00, /* .n.j.k.....o..m. */
    0x00, 0x92, 0x60, 0x61, 0x62, 0x63, 0x64, 0x65, 0x66, 0x67, 0x00, 0x68, 0x69, 0x00, 0x00, 0x00, /* ..`abcdefg.hi... */
    0x74, 0x75, 0x76, 0x72, 0x77, 0x78, 0x00, 0x7a, 0x00, 0x7c, 0x7f, 0x7d, 0x00, 0x79, 0x00, 0x7b, /* tuvrwx.z.|.}.y.{ */
    0x00, 0x7e, 0x2d, 0x24, 0x21, 0x2e, 0x73, 0x23, 0x71, 0x22, 0x70, 0x25, 0x27, 0x28, 0x26, 0x00 /* .~-$!.s#q"p%'(&. */
};

/* 0x00308140 - 128 bytes */
const unsigned char sFrench_ISO_VK_Map[128] = {
    0x51, 0x53, 0x44, 0x46, 0x48, 0x47, 0x57, 0x58, 0x43, 0x56, 0x00, 0x42, 0x41, 0x5a, 0x45, 0x52, /* QSDFHGWXCV.BAZER */
    0x59, 0x54, 0x31, 0x32, 0x33, 0x34, 0x36, 0x35, 0xbb, 0x39, 0x37, 0xbd, 0x38, 0x30, 0xdd, 0x4f, /* YT123465.97.80.O */
    0x55, 0xdb, 0x49, 0x50, 0x0d, 0x4c, 0x4a, 0xde, 0x4b, 0x4d, 0xdc, 0xba, 0xbf, 0x4e, 0xbc, 0xbe, /* U.IP.LJ.KM...N.. */
    0x09, 0x20, 0xc0, 0x08, 0x0d, 0x1b, 0x00, 0x13, 0x10, 0x14, 0x12, 0x11, 0x00, 0x00, 0x00, 0x00, /* . .............. */
    0x00, 0x6e, 0x00, 0x6a, 0x00, 0x6b, 0x00, 0x90, 0x00, 0x00, 0x00, 0x6f, 0x0d, 0x00, 0x6d, 0x00, /* .n.j.k.....o..m. */
    0x00, 0x92, 0x60, 0x61, 0x62, 0x63, 0x64, 0x65, 0x66, 0x67, 0x00, 0x68, 0x69, 0x00, 0x00, 0x00, /* ..`abcdefg.hi... */
    0x74, 0x75, 0x76, 0x72, 0x77, 0x78, 0x00, 0x7a, 0x00, 0x7c, 0x00, 0x7d, 0x00, 0x79, 0x00, 0x7b, /* tuvrwx.z.|.}.y.{ */
    0x00, 0x7e, 0x2d, 0x24, 0x21, 0x2e, 0x73, 0x23, 0x71, 0x22, 0x70, 0x25, 0x27, 0x28, 0x26, 0x00 /* .~-$!.s#q"p%'(&. */
};

/* 0x003081c0 - 128 bytes */
const unsigned char sANSI_VK_Map[128] = {
    0x41, 0x53, 0x44, 0x46, 0x48, 0x47, 0x5a, 0x58, 0x43, 0x56, 0x00, 0x42, 0x51, 0x57, 0x45, 0x52, /* ASDFHGZXCV.BQWER */
    0x59, 0x54, 0x31, 0x32, 0x33, 0x34, 0x36, 0x35, 0xbb, 0x39, 0x37, 0xbd, 0x38, 0x30, 0xdd, 0x4f, /* YT123465.97.80.O */
    0x55, 0xdb, 0x49, 0x50, 0x0d, 0x4c, 0x4a, 0xde, 0x4b, 0xba, 0xdc, 0xbc, 0xbf, 0x4e, 0x4d, 0xbe, /* U.IP.LJ.K....NM. */
    0x09, 0x20, 0xc0, 0x08, 0x0d, 0x1b, 0x00, 0x13, 0x10, 0x14, 0x12, 0x11, 0x00, 0x00, 0x00, 0x00, /* . .............. */
    0x00, 0x6e, 0x00, 0x6a, 0x00, 0x6b, 0x00, 0x90, 0x00, 0x00, 0x00, 0x6f, 0x0d, 0x00, 0x6d, 0x00, /* .n.j.k.....o..m. */
    0x00, 0x92, 0x60, 0x61, 0x62, 0x63, 0x64, 0x65, 0x66, 0x67, 0x00, 0x68, 0x69, 0x00, 0x00, 0x00, /* ..`abcdefg.hi... */
    0x74, 0x75, 0x76, 0x72, 0x77, 0x78, 0x00, 0x7a, 0x00, 0x7c, 0x00, 0x7d, 0x00, 0x79, 0x00, 0x7b, /* tuvrwx.z.|.}.y.{ */
    0x00, 0x7e, 0x2d, 0x24, 0x21, 0x2e, 0x73, 0x23, 0x71, 0x22, 0x70, 0x25, 0x27, 0x28, 0x26, 0x00 /* .~-$!.s#q"p%'(&. */
};

/* 0x00308240 - 12 bytes */
const unsigned char g_CurrentGenericPacket[12] = { 0x00, 0x00, 0x00, 0x00, 0x00, 0x00, 0x00, 0x00, 0x00, 0x00, 0x00, 0x00 };

/* 0x0030824c - 52 bytes */
const unsigned char D3DToOpenGLPrimitive[52] = {
    0x00, 0x00, 0x00, 0x00, 0x00, 0x00, 0x00, 0x00, 0x01, 0x00, 0x00, 0x00, 0x03, 0x00, 0x00, 0x00, /* ................ */
    0x04, 0x00, 0x00, 0x00, 0x05, 0x00, 0x00, 0x00, 0x06, 0x00, 0x00, 0x00, 0x00, 0x00, 0x00, 0x00, /* ................ */
    0x00, 0x00, 0x00, 0x00, 0x00, 0x00, 0x00, 0x00, 0x00, 0x00, 0x00, 0x00, 0x00, 0x00, 0x00, 0x00, /* ................ */
    0x00, 0x00, 0x00, 0x00 /* .... */
};

/* 0x00308280 - 4 bytes */
const unsigned char g_InhibitCopy[4] = { 0x00, 0x00, 0x00, 0x00 };

/* 0x00308284 - 4 bytes */
const unsigned char g_scale2[4] = { 0x00, 0x00, 0x80, 0x4b };

/* 0x00308288 - 4 bytes */
const unsigned char g_scale1[4] = { 0x00, 0x00, 0x80, 0x3f };

/* 0x0030828c - 4 bytes */
const unsigned char g_showtexid[4] = { 0x00, 0x00, 0x00, 0x00 };

/* 0x00308290 - 4 bytes */
const unsigned char g_RenderToShadowCookie[4] = { 0x00, 0x00, 0x00, 0x00 };

/* 0x00308294 - 4 bytes */
const unsigned char g_NumBlurShadowPasses[4] = { 0x00, 0x00, 0x00, 0x00 };

/* 0x00308298 - 1 bytes */
const unsigned char g_ShowShadowCookies[1] = { 0x00 };

/* 0x00308299 - 1 bytes */
const unsigned char __ZN15CDirect3DDevice29mNeedsRasterizationValidationE[1] = { 0x01 };

/* 0x0030829a - 1 bytes */
const unsigned char __ZN15CDirect3DDevice30mNeedsTransformationValidationE[1] = { 0x01 };

/* 0x0030829b - 5 bytes */
const unsigned char __ZN15CDirect3DDevice28mNeedsVertexShaderValidationE[5] = { 0x01, 0x00, 0x00, 0x00, 0x00 };

/* 0x003082a0 - 4 bytes */
const unsigned char __ZN13CMemoryBuffer31sMemoryDesignatedForDelayedFreeE[4] = { 0x00, 0x00, 0x00, 0x00 };

/* 0x003082a4 - 4 bytes */
const unsigned char g_VAOID[4] = { 0xff, 0xff, 0xff, 0xff };

/* 0x003082a8 - 4 bytes */
const unsigned char __ZN7COpenGL14sShowTextureIDE[4] = { 0x00, 0x00, 0x00, 0x00 };

/* 0x003082ac - 4 bytes */
const unsigned char __ZN7COpenGL9sDrawFlagE[4] = { 0x01, 0x00, 0x00, 0x00 };

/* 0x003082b0 - 24 bytes */
const unsigned char __ZN7COpenGL11sFrameCountE[24] = {
    0x00, 0x00, 0x00, 0x00, 0x00, 0x00, 0x00, 0x00, 0x00, 0x00, 0x00, 0x00, 0x00, 0x00, 0x00, 0x00, /* ................ */
    0x00, 0x00, 0x00, 0x00, 0x00, 0x00, 0x00, 0x00 /* ........ */
};

/* 0x003082c8 - 24 bytes */
const unsigned char g_NumShadowCookies[24] = {
    0x00, 0x00, 0x00, 0x00, 0x00, 0x00, 0x00, 0x00, 0x00, 0x00, 0x00, 0x00, 0x00, 0x00, 0x00, 0x00, /* ................ */
    0x00, 0x00, 0x00, 0x00, 0x00, 0x00, 0x00, 0x00 /* ........ */
};

/* 0x003082e0 - 64 bytes */
const unsigned char __ZN13COpenGLMatrix9sIdentityE[64] = {
    0x00, 0x00, 0x80, 0x3f, 0x00, 0x00, 0x00, 0x00, 0x00, 0x00, 0x00, 0x00, 0x00, 0x00, 0x00, 0x00, /* ...?............ */
    0x00, 0x00, 0x00, 0x00, 0x00, 0x00, 0x80, 0x3f, 0x00, 0x00, 0x00, 0x00, 0x00, 0x00, 0x00, 0x00, /* .......?........ */
    0x00, 0x00, 0x00, 0x00, 0x00, 0x00, 0x00, 0x00, 0x00, 0x00, 0x80, 0x3f, 0x00, 0x00, 0x00, 0x00, /* ...........?.... */
    0x00, 0x00, 0x00, 0x00, 0x00, 0x00, 0x00, 0x00, 0x00, 0x00, 0x00, 0x00, 0x00, 0x00, 0x80, 0x3f /* ...............? */
};

/* 0x00308320 - 32 bytes */
const unsigned char sDeclarationTable[32] = {
    0x40, 0x60, 0x40, 0x11, 0x40, 0x60, 0x40, 0x21, 0x40, 0x60, 0x40, 0x31, 0x40, 0x60, 0x40, 0x41, /* @`@.@`@!@`@1@`@A */
    0x11, 0x10, 0x40, 0x41, 0x10, 0x10, 0x40, 0x41, 0x20, 0x20, 0x40, 0x21, 0x20, 0x20, 0x40, 0x41 /* ..@A..@A  @!  @A */
};

/* 0x00308340 - 32 bytes */
const unsigned char FastTranslateTbl[32] = {
    0x10, 0x20, 0x00, 0x00, 0x30, 0x12, 0x12, 0x40, 0x00, 0x00, 0x00, 0x00, 0x00, 0x00, 0x00, 0x00, /* . ..0..@........ */
    0x00, 0x00, 0x00, 0x00, 0x00, 0x00, 0x00, 0x00, 0x00, 0x00, 0x00, 0x00, 0x00, 0x00, 0x00, 0x00 /* ................ */
};

/* 0x00308360 - 64 bytes */
const unsigned char sD3DTextureOpToOpenGL[64] = {
    0x77, 0x85, 0x00, 0x00, 0x78, 0x85, 0x00, 0x00, 0x02, 0x17, 0x00, 0x00, 0x76, 0x85, 0x00, 0x00, /* w...x.......v... */
    0x00, 0x00, 0x00, 0x00, 0x00, 0x00, 0x00, 0x00, 0x00, 0x00, 0x00, 0x00, 0x00, 0x00, 0x00, 0x00, /* ................ */
    0x00, 0x00, 0x00, 0x00, 0x00, 0x00, 0x00, 0x00, 0x00, 0x00, 0x00, 0x00, 0x00, 0x00, 0x00, 0x00, /* ................ */
    0x00, 0x00, 0x00, 0x00, 0x00, 0x00, 0x00, 0x00, 0x00, 0x00, 0x00, 0x00, 0x00, 0x00, 0x00, 0x00 /* ................ */
};

/* 0x003083a0 - 4 bytes */
const unsigned char kBuildTag[4] = { 0xf8, 0x5c, 0x21, 0x00 };

/* 0x003083a4 - 28 bytes */
const unsigned char kProductTag[28] = {
    0x08, 0x5d, 0x21, 0x00, 0x00, 0x00, 0x00, 0x00, 0x00, 0x00, 0x00, 0x00, 0x00, 0x00, 0x00, 0x00, /* .]!............. */
    0x00, 0x00, 0x00, 0x00, 0x00, 0x00, 0x00, 0x00, 0x00, 0x00, 0x00, 0x00 /* ............ */
};

/* 0x003083c0 - 1944 bytes */
const unsigned char bytedirs[1944] = {
    0x4f, 0x96, 0x06, 0xbf, 0x00, 0x00, 0x00, 0x00, 0x44, 0xc4, 0x59, 0x3f, 0xf0, 0xbe, 0xe2, 0xbe, /* O.......D.Y?.... */
    0xab, 0x96, 0x74, 0x3e, 0x6d, 0x3b, 0x5d, 0x3f, 0xf6, 0x29, 0x97, 0xbe, 0x00, 0x00, 0x00, 0x00, /* ..t>m;]?.)...... */
    0x9a, 0x96, 0x74, 0x3f, 0x7a, 0x37, 0x9e, 0xbe, 0x00, 0x00, 0x00, 0x3f, 0xbd, 0x1b, 0x4f, 0x3f, /* ..t?z7.....?..O? */
    0xea, 0x5b, 0x26, 0xbe, 0x5f, 0x96, 0x86, 0x3e, 0x68, 0x78, 0x73, 0x3f, 0x00, 0x00, 0x00, 0x00, /* .[&._..>hxs?.... */
    0x00, 0x00, 0x00, 0x00, 0x00, 0x00, 0x80, 0x3f, 0x00, 0x00, 0x00, 0x00, 0x44, 0xc4, 0x59, 0x3f, /* .......?....D.Y? */
    0x4f, 0x96, 0x06, 0x3f, 0xf6, 0x29, 0x17, 0xbe, 0xef, 0x70, 0x37, 0x3f, 0x12, 0x85, 0x2e, 0x3f, /* O..?.)...p7?...? */
    0xf6, 0x29, 0x17, 0x3e, 0xef, 0x70, 0x37, 0x3f, 0x12, 0x85, 0x2e, 0x3f, 0x00, 0x00, 0x00, 0x00, /* .).>.p7?...?.... */
    0x4f, 0x96, 0x06, 0x3f, 0x44, 0xc4, 0x59, 0x3f, 0x7a, 0x37, 0x9e, 0x3e, 0x00, 0x00, 0x00, 0x3f, /* O..?D.Y?z7.>...? */
    0xbd, 0x1b, 0x4f, 0x3f, 0x4f, 0x96, 0x06, 0x3f, 0x00, 0x00, 0x00, 0x00, 0x44, 0xc4, 0x59, 0x3f, /* ..O?O..?....D.Y? */
    0xf6, 0x29, 0x97, 0x3e, 0x00, 0x00, 0x00, 0x00, 0x9a, 0x96, 0x74, 0x3f, 0xf0, 0xbe, 0xe2, 0x3e, /* .).>......t?...> */
    0xab, 0x96, 0x74, 0x3e, 0x6d, 0x3b, 0x5d, 0x3f, 0xea, 0x5b, 0x26, 0x3e, 0x5f, 0x96, 0x86, 0x3e, /* ..t>m;]?.[&>_..> */
    0x68, 0x78, 0x73, 0x3f, 0x12, 0x85, 0x2e, 0xbf, 0xf6, 0x29, 0x17, 0x3e, 0xef, 0x70, 0x37, 0x3f, /* hxs?.....).>.p7? */
    0xbd, 0x1b, 0x4f, 0xbf, 0x7a, 0x37, 0x9e, 0x3e, 0x00, 0x00, 0x00, 0x3f, 0x14, 0x79, 0x16, 0xbf, /* ..O.z7.>...?.y.. */
    0x33, 0xc4, 0xd9, 0x3e, 0x49, 0x2d, 0x30, 0x3f, 0x44, 0xc4, 0x59, 0xbf, 0x4f, 0x96, 0x06, 0x3f, /* 3..>I-0?D.Y.O..? */
    0x00, 0x00, 0x00, 0x00, 0x6d, 0x3b, 0x5d, 0xbf, 0xf0, 0xbe, 0xe2, 0x3e, 0xab, 0x96, 0x74, 0x3e, /* ....m;]....>..t> */
    0xef, 0x70, 0x37, 0xbf, 0x12, 0x85, 0x2e, 0x3f, 0xf6, 0x29, 0x17, 0x3e, 0x49, 0x2d, 0x30, 0xbf, /* .p7....?.).>I-0. */
    0x14, 0x79, 0x16, 0x3f, 0x33, 0xc4, 0xd9, 0x3e, 0x00, 0x00, 0x00, 0xbf, 0xbd, 0x1b, 0x4f, 0x3f, /* .y.?3..>......O? */
    0x7a, 0x37, 0x9e, 0x3e, 0xab, 0x96, 0x74, 0xbe, 0x6d, 0x3b, 0x5d, 0x3f, 0xf0, 0xbe, 0xe2, 0x3e, /* z7.>..t.m;]?...> */
    0x33, 0xc4, 0xd9, 0xbe, 0x49, 0x2d, 0x30, 0x3f, 0x14, 0x79, 0x16, 0x3f, 0xef, 0x70, 0x37, 0xbf, /* 3...I-0?.y.?.p7. */
    0x12, 0x85, 0x2e, 0x3f, 0xf6, 0x29, 0x17, 0xbe, 0x00, 0x00, 0x00, 0xbf, 0xbd, 0x1b, 0x4f, 0x3f, /* ...?.)........O? */
    0x7a, 0x37, 0x9e, 0xbe, 0x4f, 0x96, 0x06, 0xbf, 0x44, 0xc4, 0x59, 0x3f, 0x00, 0x00, 0x00, 0x00, /* z7..O...D.Y?.... */
    0x00, 0x00, 0x00, 0x00, 0x44, 0xc4, 0x59, 0x3f, 0x4f, 0x96, 0x06, 0xbf, 0xab, 0x96, 0x74, 0xbe, /* ....D.Y?O.....t. */
    0x6d, 0x3b, 0x5d, 0x3f, 0xf0, 0xbe, 0xe2, 0xbe, 0x00, 0x00, 0x00, 0x00, 0x9a, 0x96, 0x74, 0x3f, /* m;]?..........t? */
    0xf6, 0x29, 0x97, 0xbe, 0x5f, 0x96, 0x86, 0xbe, 0x68, 0x78, 0x73, 0x3f, 0xea, 0x5b, 0x26, 0xbe, /* .).._...hxs?.[&. */
    0x00, 0x00, 0x00, 0x00, 0x00, 0x00, 0x80, 0x3f, 0x00, 0x00, 0x00, 0x00, 0x00, 0x00, 0x00, 0x00, /* .......?........ */
    0x9a, 0x96, 0x74, 0x3f, 0xf6, 0x29, 0x97, 0x3e, 0x5f, 0x96, 0x86, 0xbe, 0x68, 0x78, 0x73, 0x3f, /* ..t?.).>_...hxs? */
    0xea, 0x5b, 0x26, 0x3e, 0xab, 0x96, 0x74, 0x3e, 0x6d, 0x3b, 0x5d, 0x3f, 0xf0, 0xbe, 0xe2, 0x3e, /* .[&>..t>m;]?...> */
    0x5f, 0x96, 0x86, 0x3e, 0x68, 0x78, 0x73, 0x3f, 0xea, 0x5b, 0x26, 0x3e, 0x00, 0x00, 0x00, 0x3f, /* _..>hxs?.[&>...? */
    0xbd, 0x1b, 0x4f, 0x3f, 0x7a, 0x37, 0x9e, 0x3e, 0xab, 0x96, 0x74, 0x3e, 0x6d, 0x3b, 0x5d, 0x3f, /* ..O?z7.>..t>m;]? */
    0xf0, 0xbe, 0xe2, 0xbe, 0x5f, 0x96, 0x86, 0x3e, 0x68, 0x78, 0x73, 0x3f, 0xea, 0x5b, 0x26, 0xbe, /* ...._..>hxs?.[&. */
    0x00, 0x00, 0x00, 0x3f, 0xbd, 0x1b, 0x4f, 0x3f, 0x7a, 0x37, 0x9e, 0xbe, 0x44, 0xc4, 0x59, 0x3f, /* ...?..O?z7..D.Y? */
    0x4f, 0x96, 0x06, 0x3f, 0x00, 0x00, 0x00, 0x00, 0xef, 0x70, 0x37, 0x3f, 0x12, 0x85, 0x2e, 0x3f, /* O..?.....p7?...? */
    0xf6, 0x29, 0x17, 0x3e, 0xef, 0x70, 0x37, 0x3f, 0x12, 0x85, 0x2e, 0x3f, 0xf6, 0x29, 0x17, 0xbe, /* .).>.p7?...?.).. */
    0x4f, 0x96, 0x06, 0x3f, 0x44, 0xc4, 0x59, 0x3f, 0x00, 0x00, 0x00, 0x00, 0x33, 0xc4, 0xd9, 0x3e, /* O..?D.Y?....3..> */
    0x49, 0x2d, 0x30, 0x3f, 0x14, 0x79, 0x16, 0x3f, 0x6d, 0x3b, 0x5d, 0x3f, 0xf0, 0xbe, 0xe2, 0x3e, /* I-0?.y.?m;]?...> */
    0xab, 0x96, 0x74, 0x3e, 0x49, 0x2d, 0x30, 0x3f, 0x14, 0x79, 0x16, 0x3f, 0x33, 0xc4, 0xd9, 0x3e, /* ..t>I-0?.y.?3..> */
    0xbd, 0x1b, 0x4f, 0x3f, 0x7a, 0x37, 0x9e, 0x3e, 0x00, 0x00, 0x00, 0x3f, 0x12, 0x85, 0x2e, 0x3f, /* ..O?z7.>...?...? */
    0xf6, 0x29, 0x17, 0x3e, 0xef, 0x70, 0x37, 0x3f, 0x14, 0x79, 0x16, 0x3f, 0x33, 0xc4, 0xd9, 0x3e, /* .).>.p7?.y.?3..> */
    0x49, 0x2d, 0x30, 0x3f, 0x9a, 0x96, 0x74, 0x3f, 0xf6, 0x29, 0x97, 0x3e, 0x00, 0x00, 0x00, 0x00, /* I-0?..t?.).>.... */
    0x00, 0x00, 0x80, 0x3f, 0x00, 0x00, 0x00, 0x00, 0x00, 0x00, 0x00, 0x00, 0x68, 0x78, 0x73, 0x3f, /* ...?........hxs? */
    0xea, 0x5b, 0x26, 0x3e, 0x5f, 0x96, 0x86, 0x3e, 0x44, 0xc4, 0x59, 0x3f, 0x4f, 0x96, 0x06, 0xbf, /* .[&>_..>D.Y?O... */
    0x00, 0x00, 0x00, 0x00, 0x9a, 0x96, 0x74, 0x3f, 0xf6, 0x29, 0x97, 0xbe, 0x00, 0x00, 0x00, 0x00, /* ......t?.)...... */
    0x6d, 0x3b, 0x5d, 0x3f, 0xf0, 0xbe, 0xe2, 0xbe, 0xab, 0x96, 0x74, 0x3e, 0x68, 0x78, 0x73, 0x3f, /* m;]?......t>hxs? */
    0xea, 0x5b, 0x26, 0xbe, 0x5f, 0x96, 0x86, 0x3e, 0xbd, 0x1b, 0x4f, 0x3f, 0x7a, 0x37, 0x9e, 0xbe, /* .[&._..>..O?z7.. */
    0x00, 0x00, 0x00, 0x3f, 0x12, 0x85, 0x2e, 0x3f, 0xf6, 0x29, 0x17, 0xbe, 0xef, 0x70, 0x37, 0x3f, /* ...?...?.)...p7? */
    0x44, 0xc4, 0x59, 0x3f, 0x00, 0x00, 0x00, 0x00, 0x4f, 0x96, 0x06, 0x3f, 0x6d, 0x3b, 0x5d, 0x3f, /* D.Y?....O..?m;]? */
    0xf0, 0xbe, 0xe2, 0x3e, 0xab, 0x96, 0x74, 0xbe, 0xbd, 0x1b, 0x4f, 0x3f, 0x7a, 0x37, 0x9e, 0x3e, /* ...>..t...O?z7.> */
    0x00, 0x00, 0x00, 0xbf, 0x68, 0x78, 0x73, 0x3f, 0xea, 0x5b, 0x26, 0x3e, 0x5f, 0x96, 0x86, 0xbe, /* ....hxs?.[&>_... */
    0x4f, 0x96, 0x06, 0x3f, 0x00, 0x00, 0x00, 0x00, 0x44, 0xc4, 0x59, 0xbf, 0x12, 0x85, 0x2e, 0x3f, /* O..?....D.Y....? */
    0xf6, 0x29, 0x17, 0x3e, 0xef, 0x70, 0x37, 0xbf, 0x12, 0x85, 0x2e, 0x3f, 0xf6, 0x29, 0x17, 0xbe, /* .).>.p7....?.).. */
    0xef, 0x70, 0x37, 0xbf, 0x44, 0xc4, 0x59, 0x3f, 0x00, 0x00, 0x00, 0x00, 0x4f, 0x96, 0x06, 0xbf, /* .p7.D.Y?....O... */
    0xbd, 0x1b, 0x4f, 0x3f, 0x7a, 0x37, 0x9e, 0xbe, 0x00, 0x00, 0x00, 0xbf, 0x6d, 0x3b, 0x5d, 0x3f, /* ..O?z7......m;]? */
    0xf0, 0xbe, 0xe2, 0xbe, 0xab, 0x96, 0x74, 0xbe, 0x68, 0x78, 0x73, 0x3f, 0xea, 0x5b, 0x26, 0xbe, /* ......t.hxs?.[&. */
    0x5f, 0x96, 0x86, 0xbe, 0xf6, 0x29, 0x17, 0x3e, 0xef, 0x70, 0x37, 0x3f, 0x12, 0x85, 0x2e, 0xbf, /* _....).>.p7?.... */
    0x7a, 0x37, 0x9e, 0x3e, 0x00, 0x00, 0x00, 0x3f, 0xbd, 0x1b, 0x4f, 0xbf, 0x33, 0xc4, 0xd9, 0x3e, /* z7.>...?..O.3..> */
    0x49, 0x2d, 0x30, 0x3f, 0x14, 0x79, 0x16, 0xbf, 0xf0, 0xbe, 0xe2, 0x3e, 0xab, 0x96, 0x74, 0x3e, /* I-0?.y.....>..t> */
    0x6d, 0x3b, 0x5d, 0xbf, 0x14, 0x79, 0x16, 0x3f, 0x33, 0xc4, 0xd9, 0x3e, 0x49, 0x2d, 0x30, 0xbf, /* m;]..y.?3..>I-0. */
    0x49, 0x2d, 0x30, 0x3f, 0x14, 0x79, 0x16, 0x3f, 0x33, 0xc4, 0xd9, 0xbe, 0xf6, 0x29, 0x17, 0xbe, /* I-0?.y.?3....).. */
    0xef, 0x70, 0x37, 0x3f, 0x12, 0x85, 0x2e, 0xbf, 0x7a, 0x37, 0x9e, 0xbe, 0x00, 0x00, 0x00, 0x3f, /* .p7?....z7.....? */
    0xbd, 0x1b, 0x4f, 0xbf, 0x00, 0x00, 0x00, 0x00, 0x4f, 0x96, 0x06, 0x3f, 0x44, 0xc4, 0x59, 0xbf, /* ..O.....O..?D.Y. */
    0x4f, 0x96, 0x06, 0xbf, 0x00, 0x00, 0x00, 0x00, 0x44, 0xc4, 0x59, 0xbf, 0xf0, 0xbe, 0xe2, 0xbe, /* O.......D.Y..... */
    0xab, 0x96, 0x74, 0x3e, 0x6d, 0x3b, 0x5d, 0xbf, 0xf6, 0x29, 0x97, 0xbe, 0x00, 0x00, 0x00, 0x00, /* ..t>m;]..)...... */
    0x9a, 0x96, 0x74, 0xbf, 0xea, 0x5b, 0x26, 0xbe, 0x5f, 0x96, 0x86, 0x3e, 0x68, 0x78, 0x73, 0xbf, /* ..t..[&._..>hxs. */
    0x00, 0x00, 0x00, 0x00, 0x00, 0x00, 0x00, 0x00, 0x00, 0x00, 0x80, 0xbf, 0xf6, 0x29, 0x97, 0x3e, /* .............).> */
    0x00, 0x00, 0x00, 0x00, 0x9a, 0x96, 0x74, 0xbf, 0xea, 0x5b, 0x26, 0x3e, 0x5f, 0x96, 0x86, 0x3e, /* ......t..[&>_..> */
    0x68, 0x78, 0x73, 0xbf, 0xf0, 0xbe, 0xe2, 0xbe, 0xab, 0x96, 0x74, 0xbe, 0x6d, 0x3b, 0x5d, 0xbf, /* hxs.......t.m;]. */
    0x7a, 0x37, 0x9e, 0xbe, 0x00, 0x00, 0x00, 0xbf, 0xbd, 0x1b, 0x4f, 0xbf, 0xea, 0x5b, 0x26, 0xbe, /* z7........O..[&. */
    0x5f, 0x96, 0x86, 0xbe, 0x68, 0x78, 0x73, 0xbf, 0x00, 0x00, 0x00, 0x00, 0x44, 0xc4, 0x59, 0xbf, /* _...hxs.....D.Y. */
    0x4f, 0x96, 0x06, 0xbf, 0xf6, 0x29, 0x17, 0xbe, 0xef, 0x70, 0x37, 0xbf, 0x12, 0x85, 0x2e, 0xbf, /* O....)...p7..... */
    0xf6, 0x29, 0x17, 0x3e, 0xef, 0x70, 0x37, 0xbf, 0x12, 0x85, 0x2e, 0xbf, 0x00, 0x00, 0x00, 0x00, /* .).>.p7......... */
    0x4f, 0x96, 0x06, 0xbf, 0x44, 0xc4, 0x59, 0xbf, 0x7a, 0x37, 0x9e, 0x3e, 0x00, 0x00, 0x00, 0xbf, /* O...D.Y.z7.>.... */
    0xbd, 0x1b, 0x4f, 0xbf, 0xf0, 0xbe, 0xe2, 0x3e, 0xab, 0x96, 0x74, 0xbe, 0x6d, 0x3b, 0x5d, 0xbf, /* ..O....>..t.m;]. */
    0xea, 0x5b, 0x26, 0x3e, 0x5f, 0x96, 0x86, 0xbe, 0x68, 0x78, 0x73, 0xbf, 0xab, 0x96, 0x74, 0x3e, /* .[&>_...hxs...t> */
    0x6d, 0x3b, 0x5d, 0xbf, 0xf0, 0xbe, 0xe2, 0xbe, 0x00, 0x00, 0x00, 0x3f, 0xbd, 0x1b, 0x4f, 0xbf, /* m;]........?..O. */
    0x7a, 0x37, 0x9e, 0xbe, 0x33, 0xc4, 0xd9, 0x3e, 0x49, 0x2d, 0x30, 0xbf, 0x14, 0x79, 0x16, 0xbf, /* z7..3..>I-0..y.. */
    0xef, 0x70, 0x37, 0x3f, 0x12, 0x85, 0x2e, 0xbf, 0xf6, 0x29, 0x17, 0xbe, 0x49, 0x2d, 0x30, 0x3f, /* .p7?.....)..I-0? */
    0x14, 0x79, 0x16, 0xbf, 0x33, 0xc4, 0xd9, 0xbe, 0x14, 0x79, 0x16, 0x3f, 0x33, 0xc4, 0xd9, 0xbe, /* .y..3....y.?3... */
    0x49, 0x2d, 0x30, 0xbf, 0x00, 0x00, 0x00, 0x00, 0x9a, 0x96, 0x74, 0xbf, 0xf6, 0x29, 0x97, 0xbe, /* I-0.......t..).. */
    0x00, 0x00, 0x00, 0x00, 0x00, 0x00, 0x80, 0xbf, 0x00, 0x00, 0x00, 0x00, 0x5f, 0x96, 0x86, 0x3e, /* ............_..> */
    0x68, 0x78, 0x73, 0xbf, 0xea, 0x5b, 0x26, 0xbe, 0x00, 0x00, 0x00, 0x00, 0x44, 0xc4, 0x59, 0xbf, /* hxs..[&.....D.Y. */
    0x4f, 0x96, 0x06, 0x3f, 0x00, 0x00, 0x00, 0x00, 0x9a, 0x96, 0x74, 0xbf, 0xf6, 0x29, 0x97, 0x3e, /* O..?......t..).> */
    0xab, 0x96, 0x74, 0x3e, 0x6d, 0x3b, 0x5d, 0xbf, 0xf0, 0xbe, 0xe2, 0x3e, 0x5f, 0x96, 0x86, 0x3e, /* ..t>m;]....>_..> */
    0x68, 0x78, 0x73, 0xbf, 0xea, 0x5b, 0x26, 0x3e, 0x00, 0x00, 0x00, 0x3f, 0xbd, 0x1b, 0x4f, 0xbf, /* hxs..[&>...?..O. */
    0x7a, 0x37, 0x9e, 0x3e, 0xef, 0x70, 0x37, 0x3f, 0x12, 0x85, 0x2e, 0xbf, 0xf6, 0x29, 0x17, 0x3e, /* z7.>.p7?.....).> */
    0x4f, 0x96, 0x06, 0x3f, 0x44, 0xc4, 0x59, 0xbf, 0x00, 0x00, 0x00, 0x00, 0xab, 0x96, 0x74, 0xbe, /* O..?D.Y.......t. */
    0x6d, 0x3b, 0x5d, 0xbf, 0xf0, 0xbe, 0xe2, 0xbe, 0x00, 0x00, 0x00, 0xbf, 0xbd, 0x1b, 0x4f, 0xbf, /* m;]...........O. */
    0x7a, 0x37, 0x9e, 0xbe, 0x5f, 0x96, 0x86, 0xbe, 0x68, 0x78, 0x73, 0xbf, 0xea, 0x5b, 0x26, 0xbe, /* z7.._...hxs..[&. */
    0x44, 0xc4, 0x59, 0xbf, 0x4f, 0x96, 0x06, 0xbf, 0x00, 0x00, 0x00, 0x00, 0xef, 0x70, 0x37, 0xbf, /* D.Y.O........p7. */
    0x12, 0x85, 0x2e, 0xbf, 0xf6, 0x29, 0x17, 0xbe, 0xef, 0x70, 0x37, 0xbf, 0x12, 0x85, 0x2e, 0xbf, /* .....)...p7..... */
    0xf6, 0x29, 0x17, 0x3e, 0x4f, 0x96, 0x06, 0xbf, 0x44, 0xc4, 0x59, 0xbf, 0x00, 0x00, 0x00, 0x00, /* .).>O...D.Y..... */
    0x00, 0x00, 0x00, 0xbf, 0xbd, 0x1b, 0x4f, 0xbf, 0x7a, 0x37, 0x9e, 0x3e, 0xab, 0x96, 0x74, 0xbe, /* ......O.z7.>..t. */
    0x6d, 0x3b, 0x5d, 0xbf, 0xf0, 0xbe, 0xe2, 0x3e, 0x5f, 0x96, 0x86, 0xbe, 0x68, 0x78, 0x73, 0xbf, /* m;]....>_...hxs. */
    0xea, 0x5b, 0x26, 0x3e, 0x6d, 0x3b, 0x5d, 0xbf, 0xf0, 0xbe, 0xe2, 0xbe, 0xab, 0x96, 0x74, 0x3e, /* .[&>m;].......t> */
    0xbd, 0x1b, 0x4f, 0xbf, 0x7a, 0x37, 0x9e, 0xbe, 0x00, 0x00, 0x00, 0x3f, 0x49, 0x2d, 0x30, 0xbf, /* ..O.z7.....?I-0. */
    0x14, 0x79, 0x16, 0xbf, 0x33, 0xc4, 0xd9, 0x3e, 0x12, 0x85, 0x2e, 0xbf, 0xf6, 0x29, 0x17, 0xbe, /* .y..3..>.....).. */
    0xef, 0x70, 0x37, 0x3f, 0xf0, 0xbe, 0xe2, 0xbe, 0xab, 0x96, 0x74, 0xbe, 0x6d, 0x3b, 0x5d, 0x3f, /* .p7?......t.m;]? */
    0x14, 0x79, 0x16, 0xbf, 0x33, 0xc4, 0xd9, 0xbe, 0x49, 0x2d, 0x30, 0x3f, 0x7a, 0x37, 0x9e, 0xbe, /* .y..3...I-0?z7.. */
    0x00, 0x00, 0x00, 0xbf, 0xbd, 0x1b, 0x4f, 0x3f, 0xf6, 0x29, 0x17, 0xbe, 0xef, 0x70, 0x37, 0xbf, /* ......O?.)...p7. */
    0x12, 0x85, 0x2e, 0x3f, 0x33, 0xc4, 0xd9, 0xbe, 0x49, 0x2d, 0x30, 0xbf, 0x14, 0x79, 0x16, 0x3f, /* ...?3...I-0..y.? */
    0xea, 0x5b, 0x26, 0xbe, 0x5f, 0x96, 0x86, 0xbe, 0x68, 0x78, 0x73, 0x3f, 0xf0, 0xbe, 0xe2, 0x3e, /* .[&._...hxs?...> */
    0xab, 0x96, 0x74, 0xbe, 0x6d, 0x3b, 0x5d, 0x3f, 0xea, 0x5b, 0x26, 0x3e, 0x5f, 0x96, 0x86, 0xbe, /* ..t.m;]?.[&>_... */
    0x68, 0x78, 0x73, 0x3f, 0x7a, 0x37, 0x9e, 0x3e, 0x00, 0x00, 0x00, 0xbf, 0xbd, 0x1b, 0x4f, 0x3f, /* hxs?z7.>......O? */
    0xf6, 0x29, 0x17, 0x3e, 0xef, 0x70, 0x37, 0xbf, 0x12, 0x85, 0x2e, 0x3f, 0x00, 0x00, 0x00, 0x00, /* .).>.p7....?.... */
    0x4f, 0x96, 0x06, 0xbf, 0x44, 0xc4, 0x59, 0x3f, 0x33, 0xc4, 0xd9, 0x3e, 0x49, 0x2d, 0x30, 0xbf, /* O...D.Y?3..>I-0. */
    0x14, 0x79, 0x16, 0x3f, 0x14, 0x79, 0x16, 0x3f, 0x33, 0xc4, 0xd9, 0xbe, 0x49, 0x2d, 0x30, 0x3f, /* .y.?.y.?3...I-0? */
    0x49, 0x2d, 0x30, 0x3f, 0x14, 0x79, 0x16, 0xbf, 0x33, 0xc4, 0xd9, 0x3e, 0x9a, 0x96, 0x74, 0xbf, /* I-0?.y..3..>..t. */
    0xf6, 0x29, 0x97, 0x3e, 0x00, 0x00, 0x00, 0x00, 0x68, 0x78, 0x73, 0xbf, 0xea, 0x5b, 0x26, 0x3e, /* .).>....hxs..[&> */
    0x5f, 0x96, 0x86, 0x3e, 0x00, 0x00, 0x80, 0xbf, 0x00, 0x00, 0x00, 0x00, 0x00, 0x00, 0x00, 0x00, /* _..>............ */
    0x44, 0xc4, 0x59, 0xbf, 0x00, 0x00, 0x00, 0x00, 0x4f, 0x96, 0x06, 0x3f, 0x9a, 0x96, 0x74, 0xbf, /* D.Y.....O..?..t. */
    0xf6, 0x29, 0x97, 0xbe, 0x00, 0x00, 0x00, 0x00, 0x68, 0x78, 0x73, 0xbf, 0xea, 0x5b, 0x26, 0xbe, /* .)......hxs..[&. */
    0x5f, 0x96, 0x86, 0x3e, 0x6d, 0x3b, 0x5d, 0xbf, 0xf0, 0xbe, 0xe2, 0x3e, 0xab, 0x96, 0x74, 0xbe, /* _..>m;]....>..t. */
    0x68, 0x78, 0x73, 0xbf, 0xea, 0x5b, 0x26, 0x3e, 0x5f, 0x96, 0x86, 0xbe, 0xbd, 0x1b, 0x4f, 0xbf, /* hxs..[&>_.....O. */
    0x7a, 0x37, 0x9e, 0x3e, 0x00, 0x00, 0x00, 0xbf, 0x6d, 0x3b, 0x5d, 0xbf, 0xf0, 0xbe, 0xe2, 0xbe, /* z7.>....m;]..... */
    0xab, 0x96, 0x74, 0xbe, 0x68, 0x78, 0x73, 0xbf, 0xea, 0x5b, 0x26, 0xbe, 0x5f, 0x96, 0x86, 0xbe, /* ..t.hxs..[&._... */
    0xbd, 0x1b, 0x4f, 0xbf, 0x7a, 0x37, 0x9e, 0xbe, 0x00, 0x00, 0x00, 0xbf, 0x12, 0x85, 0x2e, 0xbf, /* ..O.z7.......... */
    0xf6, 0x29, 0x17, 0x3e, 0xef, 0x70, 0x37, 0xbf, 0x12, 0x85, 0x2e, 0xbf, 0xf6, 0x29, 0x17, 0xbe, /* .).>.p7......).. */
    0xef, 0x70, 0x37, 0xbf, 0x44, 0xc4, 0x59, 0xbf, 0x00, 0x00, 0x00, 0x00, 0x4f, 0x96, 0x06, 0xbf, /* .p7.D.Y.....O... */
    0x49, 0x2d, 0x30, 0xbf, 0x14, 0x79, 0x16, 0x3f, 0x33, 0xc4, 0xd9, 0xbe, 0x14, 0x79, 0x16, 0xbf, /* I-0..y.?3....y.. */
    0x33, 0xc4, 0xd9, 0x3e, 0x49, 0x2d, 0x30, 0xbf, 0x33, 0xc4, 0xd9, 0xbe, 0x49, 0x2d, 0x30, 0x3f, /* 3..>I-0.3...I-0? */
    0x14, 0x79, 0x16, 0xbf, 0x33, 0xc4, 0xd9, 0xbe, 0x49, 0x2d, 0x30, 0xbf, 0x14, 0x79, 0x16, 0xbf, /* .y..3...I-0..y.. */
    0x14, 0x79, 0x16, 0xbf, 0x33, 0xc4, 0xd9, 0xbe, 0x49, 0x2d, 0x30, 0xbf, 0x49, 0x2d, 0x30, 0xbf, /* .y..3...I-0.I-0. */
    0x14, 0x79, 0x16, 0xbf, 0x33, 0xc4, 0xd9, 0xbe /* .y..3... */
};

/* 0x00308b58 - 8 bytes */
const unsigned char holdrand[8] = { 0xef, 0xcd, 0xab, 0x89, 0x00, 0x00, 0x00, 0x00 };

/* 0x00308b60 - 12 bytes */
const unsigned char cl_cdkeychecksum[12] = { 0x20, 0x20, 0x20, 0x20, 0x00, 0x00, 0x00, 0x00, 0x00, 0x00, 0x00, 0x00 };

/* 0x00308b6c - 52 bytes */
const unsigned char cl_cdkey[52] = {
    0x20, 0x20, 0x20, 0x20, 0x20, 0x20, 0x20, 0x20, 0x20, 0x20, 0x20, 0x20, 0x20, 0x20, 0x20, 0x20, /*                  */
    0x20, 0x20, 0x20, 0x20, 0x20, 0x20, 0x20, 0x20, 0x20, 0x20, 0x20, 0x20, 0x20, 0x20, 0x20, 0x20, /*                  */
    0x00, 0x00, 0x00, 0x00, 0x00, 0x00, 0x00, 0x00, 0x00, 0x00, 0x00, 0x00, 0x00, 0x00, 0x00, 0x00, /* ................ */
    0x00, 0x00, 0x00, 0x00 /* .... */
};

/* 0x00308ba0 - 32 bytes */
const unsigned char noticeErrors[32] = {
    0x8c, 0x5f, 0x21, 0x00, 0xa4, 0x5f, 0x21, 0x00, 0xb8, 0x5f, 0x21, 0x00, 0xcc, 0x5f, 0x21, 0x00, /* ._!.._!.._!.._!. */
    0xe8, 0x5f, 0x21, 0x00, 0x04, 0x60, 0x21, 0x00, 0x1c, 0x60, 0x21, 0x00, 0xb8, 0x57, 0x21, 0x00 /* ._!..`!..`!..W!. */
};

/* 0x00308bc0 - 128 bytes */
const unsigned char g_languages[128] = {
    0x9c, 0x69, 0x21, 0x00, 0x00, 0x00, 0x00, 0x00, 0xa4, 0x69, 0x21, 0x00, 0x00, 0x00, 0x00, 0x00, /* .i!......i!..... */
    0xac, 0x69, 0x21, 0x00, 0x00, 0x00, 0x00, 0x00, 0xb4, 0x69, 0x21, 0x00, 0x00, 0x00, 0x00, 0x00, /* .i!......i!..... */
    0xbc, 0x69, 0x21, 0x00, 0x00, 0x00, 0x00, 0x00, 0xc4, 0x69, 0x21, 0x00, 0x00, 0x00, 0x00, 0x00, /* .i!......i!..... */
    0xcc, 0x69, 0x21, 0x00, 0x00, 0x00, 0x00, 0x00, 0xd4, 0x69, 0x21, 0x00, 0x00, 0x00, 0x00, 0x00, /* .i!......i!..... */
    0xdc, 0x69, 0x21, 0x00, 0x00, 0x00, 0x00, 0x00, 0xe4, 0x69, 0x21, 0x00, 0x00, 0x00, 0x00, 0x00, /* .i!......i!..... */
    0xf0, 0x69, 0x21, 0x00, 0x00, 0x00, 0x00, 0x00, 0xfc, 0x69, 0x21, 0x00, 0x00, 0x00, 0x00, 0x00, /* .i!......i!..... */
    0x04, 0x6a, 0x21, 0x00, 0x00, 0x00, 0x00, 0x00, 0x0c, 0x6a, 0x21, 0x00, 0x00, 0x00, 0x00, 0x00, /* .j!......j!..... */
    0x00, 0x00, 0x00, 0x00, 0x00, 0x00, 0x00, 0x00, 0x00, 0x00, 0x00, 0x00, 0x00, 0x00, 0x00, 0x00 /* ................ */
};

/* 0x00308c40 - 4 bytes */
const unsigned char fs_numServerIwds[4] = { 0x00, 0x00, 0x00, 0x00 };

/* 0x00308c44 - 4 bytes */
const unsigned char fs_packFiles[4] = { 0x00, 0x00, 0x00, 0x00 };

/* 0x00308c48 - 24 bytes */
const unsigned char fs_searchpaths[24] = {
    0x00, 0x00, 0x00, 0x00, 0x00, 0x00, 0x00, 0x00, 0x00, 0x00, 0x00, 0x00, 0x00, 0x00, 0x00, 0x00, /* ................ */
    0x00, 0x00, 0x00, 0x00, 0x00, 0x00, 0x00, 0x00 /* ........ */
};

/* 0x00308c60 - 32 bytes */
const unsigned char TheStringPackage[32] = {
    0x00, 0x00, 0x00, 0x00, 0x00, 0x00, 0x00, 0x00, 0x00, 0x00, 0x00, 0x00, 0x00, 0x00, 0x00, 0x00, /* ................ */
    0x00, 0x00, 0x00, 0x00, 0x00, 0x00, 0x00, 0x00, 0x00, 0x00, 0x00, 0x00, 0x00, 0x00, 0x00, 0x00 /* ................ */
};

/* 0x00308c80 - 5824 bytes */
const unsigned char bg_itemlist[5824] = {
    0x00, 0x00, 0x00, 0x00, 0x00, 0x00, 0x00, 0x00, 0x00, 0x00, 0x00, 0x00, 0x00, 0x00, 0x00, 0x00, /* ................ */
    0x00, 0x00, 0x00, 0x00, 0x00, 0x00, 0x00, 0x00, 0x00, 0x00, 0x00, 0x00, 0x00, 0x00, 0x00, 0x00, /* ................ */
    0x00, 0x00, 0x00, 0x00, 0x00, 0x00, 0x00, 0x00, 0x00, 0x00, 0x00, 0x00, 0x00, 0x00, 0x00, 0x00, /* ................ */
    0xb8, 0x57, 0x21, 0x00, 0xb8, 0x57, 0x21, 0x00, 0xb8, 0x57, 0x21, 0x00, 0xb8, 0x57, 0x21, 0x00, /* .W!..W!..W!..W!. */
    0xb8, 0x57, 0x21, 0x00, 0x00, 0x00, 0x00, 0x00, 0x00, 0x00, 0x00, 0x00, 0x00, 0x00, 0x00, 0x00, /* .W!............. */
    0x00, 0x00, 0x00, 0x00, 0x00, 0x00, 0x00, 0x00, 0x00, 0x00, 0x00, 0x00, 0xb8, 0x57, 0x21, 0x00, /* .............W!. */
    0xb8, 0x57, 0x21, 0x00, 0xb8, 0x57, 0x21, 0x00, 0xb8, 0x57, 0x21, 0x00, 0xb8, 0x57, 0x21, 0x00, /* .W!..W!..W!..W!. */
    0x00, 0x00, 0x00, 0x00, 0x00, 0x00, 0x00, 0x00, 0x00, 0x00, 0x00, 0x00, 0x00, 0x00, 0x00, 0x00, /* ................ */
    0x00, 0x00, 0x00, 0x00, 0x00, 0x00, 0x00, 0x00, 0xb8, 0x57, 0x21, 0x00, 0xb8, 0x57, 0x21, 0x00, /* .........W!..W!. */
    0xb8, 0x57, 0x21, 0x00, 0xb8, 0x57, 0x21, 0x00, 0xb8, 0x57, 0x21, 0x00, 0x00, 0x00, 0x00, 0x00, /* .W!..W!..W!..... */
    0x00, 0x00, 0x00, 0x00, 0x00, 0x00, 0x00, 0x00, 0x00, 0x00, 0x00, 0x00, 0x00, 0x00, 0x00, 0x00, /* ................ */
    0x00, 0x00, 0x00, 0x00, 0xb8, 0x57, 0x21, 0x00, 0xb8, 0x57, 0x21, 0x00, 0xb8, 0x57, 0x21, 0x00, /* .....W!..W!..W!. */
    0xb8, 0x57, 0x21, 0x00, 0xb8, 0x57, 0x21, 0x00, 0x00, 0x00, 0x00, 0x00, 0x00, 0x00, 0x00, 0x00, /* .W!..W!......... */
    0x00, 0x00, 0x00, 0x00, 0x00, 0x00, 0x00, 0x00, 0x00, 0x00, 0x00, 0x00, 0x00, 0x00, 0x00, 0x00, /* ................ */
    0xb8, 0x57, 0x21, 0x00, 0xb8, 0x57, 0x21, 0x00, 0xb8, 0x57, 0x21, 0x00, 0xb8, 0x57, 0x21, 0x00, /* .W!..W!..W!..W!. */
    0xb8, 0x57, 0x21, 0x00, 0x00, 0x00, 0x00, 0x00, 0x00, 0x00, 0x00, 0x00, 0x00, 0x00, 0x00, 0x00, /* .W!............. */
    0x00, 0x00, 0x00, 0x00, 0x00, 0x00, 0x00, 0x00, 0x00, 0x00, 0x00, 0x00, 0xb8, 0x57, 0x21, 0x00, /* .............W!. */
    0xb8, 0x57, 0x21, 0x00, 0xb8, 0x57, 0x21, 0x00, 0xb8, 0x57, 0x21, 0x00, 0xb8, 0x57, 0x21, 0x00, /* .W!..W!..W!..W!. */
    0x00, 0x00, 0x00, 0x00, 0x00, 0x00, 0x00, 0x00, 0x00, 0x00, 0x00, 0x00, 0x00, 0x00, 0x00, 0x00, /* ................ */
    0x00, 0x00, 0x00, 0x00, 0x00, 0x00, 0x00, 0x00, 0xb8, 0x57, 0x21, 0x00, 0xb8, 0x57, 0x21, 0x00, /* .........W!..W!. */
    0xb8, 0x57, 0x21, 0x00, 0xb8, 0x57, 0x21, 0x00, 0xb8, 0x57, 0x21, 0x00, 0x00, 0x00, 0x00, 0x00, /* .W!..W!..W!..... */
    0x00, 0x00, 0x00, 0x00, 0x00, 0x00, 0x00, 0x00, 0x00, 0x00, 0x00, 0x00, 0x00, 0x00, 0x00, 0x00, /* ................ */
    0x00, 0x00, 0x00, 0x00, 0xb8, 0x57, 0x21, 0x00, 0xb8, 0x57, 0x21, 0x00, 0xb8, 0x57, 0x21, 0x00, /* .....W!..W!..W!. */
    0xb8, 0x57, 0x21, 0x00, 0xb8, 0x57, 0x21, 0x00, 0x00, 0x00, 0x00, 0x00, 0x00, 0x00, 0x00, 0x00, /* .W!..W!......... */
    0x00, 0x00, 0x00, 0x00, 0x00, 0x00, 0x00, 0x00, 0x00, 0x00, 0x00, 0x00, 0x00, 0x00, 0x00, 0x00, /* ................ */
    0xb8, 0x57, 0x21, 0x00, 0xb8, 0x57, 0x21, 0x00, 0xb8, 0x57, 0x21, 0x00, 0xb8, 0x57, 0x21, 0x00, /* .W!..W!..W!..W!. */
    0xb8, 0x57, 0x21, 0x00, 0x00, 0x00, 0x00, 0x00, 0x00, 0x00, 0x00, 0x00, 0x00, 0x00, 0x00, 0x00, /* .W!............. */
    0x00, 0x00, 0x00, 0x00, 0x00, 0x00, 0x00, 0x00, 0x00, 0x00, 0x00, 0x00, 0xb8, 0x57, 0x21, 0x00, /* .............W!. */
    0xb8, 0x57, 0x21, 0x00, 0xb8, 0x57, 0x21, 0x00, 0xb8, 0x57, 0x21, 0x00, 0xb8, 0x57, 0x21, 0x00, /* .W!..W!..W!..W!. */
    0x00, 0x00, 0x00, 0x00, 0x00, 0x00, 0x00, 0x00, 0x00, 0x00, 0x00, 0x00, 0x00, 0x00, 0x00, 0x00, /* ................ */
    0x00, 0x00, 0x00, 0x00, 0x00, 0x00, 0x00, 0x00, 0xb8, 0x57, 0x21, 0x00, 0xb8, 0x57, 0x21, 0x00, /* .........W!..W!. */
    0xb8, 0x57, 0x21, 0x00, 0xb8, 0x57, 0x21, 0x00, 0xb8, 0x57, 0x21, 0x00, 0x00, 0x00, 0x00, 0x00, /* .W!..W!..W!..... */
    0x00, 0x00, 0x00, 0x00, 0x00, 0x00, 0x00, 0x00, 0x00, 0x00, 0x00, 0x00, 0x00, 0x00, 0x00, 0x00, /* ................ */
    0x00, 0x00, 0x00, 0x00, 0xb8, 0x57, 0x21, 0x00, 0xb8, 0x57, 0x21, 0x00, 0xb8, 0x57, 0x21, 0x00, /* .....W!..W!..W!. */
    0xb8, 0x57, 0x21, 0x00, 0xb8, 0x57, 0x21, 0x00, 0x00, 0x00, 0x00, 0x00, 0x00, 0x00, 0x00, 0x00, /* .W!..W!......... */
    0x00, 0x00, 0x00, 0x00, 0x00, 0x00, 0x00, 0x00, 0x00, 0x00, 0x00, 0x00, 0x00, 0x00, 0x00, 0x00, /* ................ */
    0xb8, 0x57, 0x21, 0x00, 0xb8, 0x57, 0x21, 0x00, 0xb8, 0x57, 0x21, 0x00, 0xb8, 0x57, 0x21, 0x00, /* .W!..W!..W!..W!. */
    0xb8, 0x57, 0x21, 0x00, 0x00, 0x00, 0x00, 0x00, 0x00, 0x00, 0x00, 0x00, 0x00, 0x00, 0x00, 0x00, /* .W!............. */
    0x00, 0x00, 0x00, 0x00, 0x00, 0x00, 0x00, 0x00, 0x00, 0x00, 0x00, 0x00, 0xb8, 0x57, 0x21, 0x00, /* .............W!. */
    0xb8, 0x57, 0x21, 0x00, 0xb8, 0x57, 0x21, 0x00, 0xb8, 0x57, 0x21, 0x00, 0xb8, 0x57, 0x21, 0x00, /* .W!..W!..W!..W!. */
    0x00, 0x00, 0x00, 0x00, 0x00, 0x00, 0x00, 0x00, 0x00, 0x00, 0x00, 0x00, 0x00, 0x00, 0x00, 0x00, /* ................ */
    0x00, 0x00, 0x00, 0x00, 0x00, 0x00, 0x00, 0x00, 0xb8, 0x57, 0x21, 0x00, 0xb8, 0x57, 0x21, 0x00, /* .........W!..W!. */
    0xb8, 0x57, 0x21, 0x00, 0xb8, 0x57, 0x21, 0x00, 0xb8, 0x57, 0x21, 0x00, 0x00, 0x00, 0x00, 0x00, /* .W!..W!..W!..... */
    0x00, 0x00, 0x00, 0x00, 0x00, 0x00, 0x00, 0x00, 0x00, 0x00, 0x00, 0x00, 0x00, 0x00, 0x00, 0x00, /* ................ */
    0x00, 0x00, 0x00, 0x00, 0xb8, 0x57, 0x21, 0x00, 0xb8, 0x57, 0x21, 0x00, 0xb8, 0x57, 0x21, 0x00, /* .....W!..W!..W!. */
    0xb8, 0x57, 0x21, 0x00, 0xb8, 0x57, 0x21, 0x00, 0x00, 0x00, 0x00, 0x00, 0x00, 0x00, 0x00, 0x00, /* .W!..W!......... */
    0x00, 0x00, 0x00, 0x00, 0x00, 0x00, 0x00, 0x00, 0x00, 0x00, 0x00, 0x00, 0x00, 0x00, 0x00, 0x00, /* ................ */
    0xb8, 0x57, 0x21, 0x00, 0xb8, 0x57, 0x21, 0x00, 0xb8, 0x57, 0x21, 0x00, 0xb8, 0x57, 0x21, 0x00, /* .W!..W!..W!..W!. */
    0xb8, 0x57, 0x21, 0x00, 0x00, 0x00, 0x00, 0x00, 0x00, 0x00, 0x00, 0x00, 0x00, 0x00, 0x00, 0x00, /* .W!............. */
    0x00, 0x00, 0x00, 0x00, 0x00, 0x00, 0x00, 0x00, 0x00, 0x00, 0x00, 0x00, 0xb8, 0x57, 0x21, 0x00, /* .............W!. */
    0xb8, 0x57, 0x21, 0x00, 0xb8, 0x57, 0x21, 0x00, 0xb8, 0x57, 0x21, 0x00, 0xb8, 0x57, 0x21, 0x00, /* .W!..W!..W!..W!. */
    0x00, 0x00, 0x00, 0x00, 0x00, 0x00, 0x00, 0x00, 0x00, 0x00, 0x00, 0x00, 0x00, 0x00, 0x00, 0x00, /* ................ */
    0x00, 0x00, 0x00, 0x00, 0x00, 0x00, 0x00, 0x00, 0xb8, 0x57, 0x21, 0x00, 0xb8, 0x57, 0x21, 0x00, /* .........W!..W!. */
    0xb8, 0x57, 0x21, 0x00, 0xb8, 0x57, 0x21, 0x00, 0xb8, 0x57, 0x21, 0x00, 0x00, 0x00, 0x00, 0x00, /* .W!..W!..W!..... */
    0x00, 0x00, 0x00, 0x00, 0x00, 0x00, 0x00, 0x00, 0x00, 0x00, 0x00, 0x00, 0x00, 0x00, 0x00, 0x00, /* ................ */
    0x00, 0x00, 0x00, 0x00, 0xb8, 0x57, 0x21, 0x00, 0xb8, 0x57, 0x21, 0x00, 0xb8, 0x57, 0x21, 0x00, /* .....W!..W!..W!. */
    0xb8, 0x57, 0x21, 0x00, 0xb8, 0x57, 0x21, 0x00, 0x00, 0x00, 0x00, 0x00, 0x00, 0x00, 0x00, 0x00, /* .W!..W!......... */
    0x00, 0x00, 0x00, 0x00, 0x00, 0x00, 0x00, 0x00, 0x00, 0x00, 0x00, 0x00, 0x00, 0x00, 0x00, 0x00, /* ................ */
    0xb8, 0x57, 0x21, 0x00, 0xb8, 0x57, 0x21, 0x00, 0xb8, 0x57, 0x21, 0x00, 0xb8, 0x57, 0x21, 0x00, /* .W!..W!..W!..W!. */
    0xb8, 0x57, 0x21, 0x00, 0x00, 0x00, 0x00, 0x00, 0x00, 0x00, 0x00, 0x00, 0x00, 0x00, 0x00, 0x00, /* .W!............. */
    0x00, 0x00, 0x00, 0x00, 0x00, 0x00, 0x00, 0x00, 0x00, 0x00, 0x00, 0x00, 0xb8, 0x57, 0x21, 0x00, /* .............W!. */
    0xb8, 0x57, 0x21, 0x00, 0xb8, 0x57, 0x21, 0x00, 0xb8, 0x57, 0x21, 0x00, 0xb8, 0x57, 0x21, 0x00, /* .W!..W!..W!..W!. */
    0x00, 0x00, 0x00, 0x00, 0x00, 0x00, 0x00, 0x00, 0x00, 0x00, 0x00, 0x00, 0x00, 0x00, 0x00, 0x00, /* ................ */
    0x00, 0x00, 0x00, 0x00, 0x00, 0x00, 0x00, 0x00, 0xb8, 0x57, 0x21, 0x00, 0xb8, 0x57, 0x21, 0x00, /* .........W!..W!. */
    0xb8, 0x57, 0x21, 0x00, 0xb8, 0x57, 0x21, 0x00, 0xb8, 0x57, 0x21, 0x00, 0x00, 0x00, 0x00, 0x00, /* .W!..W!..W!..... */
    0x00, 0x00, 0x00, 0x00, 0x00, 0x00, 0x00, 0x00, 0x00, 0x00, 0x00, 0x00, 0x00, 0x00, 0x00, 0x00, /* ................ */
    0x00, 0x00, 0x00, 0x00, 0xb8, 0x57, 0x21, 0x00, 0xb8, 0x57, 0x21, 0x00, 0xb8, 0x57, 0x21, 0x00, /* .....W!..W!..W!. */
    0xb8, 0x57, 0x21, 0x00, 0xb8, 0x57, 0x21, 0x00, 0x00, 0x00, 0x00, 0x00, 0x00, 0x00, 0x00, 0x00, /* .W!..W!......... */
    0x00, 0x00, 0x00, 0x00, 0x00, 0x00, 0x00, 0x00, 0x00, 0x00, 0x00, 0x00, 0x00, 0x00, 0x00, 0x00, /* ................ */
    0xb8, 0x57, 0x21, 0x00, 0xb8, 0x57, 0x21, 0x00, 0xb8, 0x57, 0x21, 0x00, 0xb8, 0x57, 0x21, 0x00, /* .W!..W!..W!..W!. */
    0xb8, 0x57, 0x21, 0x00, 0x00, 0x00, 0x00, 0x00, 0x00, 0x00, 0x00, 0x00, 0x00, 0x00, 0x00, 0x00, /* .W!............. */
    0x00, 0x00, 0x00, 0x00, 0x00, 0x00, 0x00, 0x00, 0x00, 0x00, 0x00, 0x00, 0xb8, 0x57, 0x21, 0x00, /* .............W!. */
    0xb8, 0x57, 0x21, 0x00, 0xb8, 0x57, 0x21, 0x00, 0xb8, 0x57, 0x21, 0x00, 0xb8, 0x57, 0x21, 0x00, /* .W!..W!..W!..W!. */
    0x00, 0x00, 0x00, 0x00, 0x00, 0x00, 0x00, 0x00, 0x00, 0x00, 0x00, 0x00, 0x00, 0x00, 0x00, 0x00, /* ................ */
    0x00, 0x00, 0x00, 0x00, 0x00, 0x00, 0x00, 0x00, 0xb8, 0x57, 0x21, 0x00, 0xb8, 0x57, 0x21, 0x00, /* .........W!..W!. */
    0xb8, 0x57, 0x21, 0x00, 0xb8, 0x57, 0x21, 0x00, 0xb8, 0x57, 0x21, 0x00, 0x00, 0x00, 0x00, 0x00, /* .W!..W!..W!..... */
    0x00, 0x00, 0x00, 0x00, 0x00, 0x00, 0x00, 0x00, 0x00, 0x00, 0x00, 0x00, 0x00, 0x00, 0x00, 0x00, /* ................ */
    0x00, 0x00, 0x00, 0x00, 0xb8, 0x57, 0x21, 0x00, 0xb8, 0x57, 0x21, 0x00, 0xb8, 0x57, 0x21, 0x00, /* .....W!..W!..W!. */
    0xb8, 0x57, 0x21, 0x00, 0xb8, 0x57, 0x21, 0x00, 0x00, 0x00, 0x00, 0x00, 0x00, 0x00, 0x00, 0x00, /* .W!..W!......... */
    0x00, 0x00, 0x00, 0x00, 0x00, 0x00, 0x00, 0x00, 0x00, 0x00, 0x00, 0x00, 0x00, 0x00, 0x00, 0x00, /* ................ */
    0xb8, 0x57, 0x21, 0x00, 0xb8, 0x57, 0x21, 0x00, 0xb8, 0x57, 0x21, 0x00, 0xb8, 0x57, 0x21, 0x00, /* .W!..W!..W!..W!. */
    0xb8, 0x57, 0x21, 0x00, 0x00, 0x00, 0x00, 0x00, 0x00, 0x00, 0x00, 0x00, 0x00, 0x00, 0x00, 0x00, /* .W!............. */
    0x00, 0x00, 0x00, 0x00, 0x00, 0x00, 0x00, 0x00, 0x00, 0x00, 0x00, 0x00, 0xb8, 0x57, 0x21, 0x00, /* .............W!. */
    0xb8, 0x57, 0x21, 0x00, 0xb8, 0x57, 0x21, 0x00, 0xb8, 0x57, 0x21, 0x00, 0xb8, 0x57, 0x21, 0x00, /* .W!..W!..W!..W!. */
    0x00, 0x00, 0x00, 0x00, 0x00, 0x00, 0x00, 0x00, 0x00, 0x00, 0x00, 0x00, 0x00, 0x00, 0x00, 0x00, /* ................ */
    0x00, 0x00, 0x00, 0x00, 0x00, 0x00, 0x00, 0x00, 0xb8, 0x57, 0x21, 0x00, 0xb8, 0x57, 0x21, 0x00, /* .........W!..W!. */
    0xb8, 0x57, 0x21, 0x00, 0xb8, 0x57, 0x21, 0x00, 0xb8, 0x57, 0x21, 0x00, 0x00, 0x00, 0x00, 0x00, /* .W!..W!..W!..... */
    0x00, 0x00, 0x00, 0x00, 0x00, 0x00, 0x00, 0x00, 0x00, 0x00, 0x00, 0x00, 0x00, 0x00, 0x00, 0x00, /* ................ */
    0x00, 0x00, 0x00, 0x00, 0xb8, 0x57, 0x21, 0x00, 0xb8, 0x57, 0x21, 0x00, 0xb8, 0x57, 0x21, 0x00, /* .....W!..W!..W!. */
    0xb8, 0x57, 0x21, 0x00, 0xb8, 0x57, 0x21, 0x00, 0x00, 0x00, 0x00, 0x00, 0x00, 0x00, 0x00, 0x00, /* .W!..W!......... */
    0x00, 0x00, 0x00, 0x00, 0x00, 0x00, 0x00, 0x00, 0x00, 0x00, 0x00, 0x00, 0x00, 0x00, 0x00, 0x00, /* ................ */
    0xb8, 0x57, 0x21, 0x00, 0xb8, 0x57, 0x21, 0x00, 0xb8, 0x57, 0x21, 0x00, 0xb8, 0x57, 0x21, 0x00, /* .W!..W!..W!..W!. */
    0xb8, 0x57, 0x21, 0x00, 0x00, 0x00, 0x00, 0x00, 0x00, 0x00, 0x00, 0x00, 0x00, 0x00, 0x00, 0x00, /* .W!............. */
    0x00, 0x00, 0x00, 0x00, 0x00, 0x00, 0x00, 0x00, 0x00, 0x00, 0x00, 0x00, 0xb8, 0x57, 0x21, 0x00, /* .............W!. */
    0xb8, 0x57, 0x21, 0x00, 0xb8, 0x57, 0x21, 0x00, 0xb8, 0x57, 0x21, 0x00, 0xb8, 0x57, 0x21, 0x00, /* .W!..W!..W!..W!. */
    0x00, 0x00, 0x00, 0x00, 0x00, 0x00, 0x00, 0x00, 0x00, 0x00, 0x00, 0x00, 0x00, 0x00, 0x00, 0x00, /* ................ */
    0x00, 0x00, 0x00, 0x00, 0x00, 0x00, 0x00, 0x00, 0xb8, 0x57, 0x21, 0x00, 0xb8, 0x57, 0x21, 0x00, /* .........W!..W!. */
    0xb8, 0x57, 0x21, 0x00, 0xb8, 0x57, 0x21, 0x00, 0xb8, 0x57, 0x21, 0x00, 0x00, 0x00, 0x00, 0x00, /* .W!..W!..W!..... */
    0x00, 0x00, 0x00, 0x00, 0x00, 0x00, 0x00, 0x00, 0x00, 0x00, 0x00, 0x00, 0x00, 0x00, 0x00, 0x00, /* ................ */
    0x00, 0x00, 0x00, 0x00, 0xb8, 0x57, 0x21, 0x00, 0xb8, 0x57, 0x21, 0x00, 0xb8, 0x57, 0x21, 0x00, /* .....W!..W!..W!. */
    0xb8, 0x57, 0x21, 0x00, 0xb8, 0x57, 0x21, 0x00, 0x00, 0x00, 0x00, 0x00, 0x00, 0x00, 0x00, 0x00, /* .W!..W!......... */
    0x00, 0x00, 0x00, 0x00, 0x00, 0x00, 0x00, 0x00, 0x00, 0x00, 0x00, 0x00, 0x00, 0x00, 0x00, 0x00, /* ................ */
    0xb8, 0x57, 0x21, 0x00, 0xb8, 0x57, 0x21, 0x00, 0xb8, 0x57, 0x21, 0x00, 0xb8, 0x57, 0x21, 0x00, /* .W!..W!..W!..W!. */
    0xb8, 0x57, 0x21, 0x00, 0x00, 0x00, 0x00, 0x00, 0x00, 0x00, 0x00, 0x00, 0x00, 0x00, 0x00, 0x00, /* .W!............. */
    0x00, 0x00, 0x00, 0x00, 0x00, 0x00, 0x00, 0x00, 0x00, 0x00, 0x00, 0x00, 0xb8, 0x57, 0x21, 0x00, /* .............W!. */
    0xb8, 0x57, 0x21, 0x00, 0xb8, 0x57, 0x21, 0x00, 0xb8, 0x57, 0x21, 0x00, 0xb8, 0x57, 0x21, 0x00, /* .W!..W!..W!..W!. */
    0x00, 0x00, 0x00, 0x00, 0x00, 0x00, 0x00, 0x00, 0x00, 0x00, 0x00, 0x00, 0x00, 0x00, 0x00, 0x00, /* ................ */
    0x00, 0x00, 0x00, 0x00, 0x00, 0x00, 0x00, 0x00, 0xb8, 0x57, 0x21, 0x00, 0xb8, 0x57, 0x21, 0x00, /* .........W!..W!. */
    0xb8, 0x57, 0x21, 0x00, 0xb8, 0x57, 0x21, 0x00, 0xb8, 0x57, 0x21, 0x00, 0x00, 0x00, 0x00, 0x00, /* .W!..W!..W!..... */
    0x00, 0x00, 0x00, 0x00, 0x00, 0x00, 0x00, 0x00, 0x00, 0x00, 0x00, 0x00, 0x00, 0x00, 0x00, 0x00, /* ................ */
    0x00, 0x00, 0x00, 0x00, 0xb8, 0x57, 0x21, 0x00, 0xb8, 0x57, 0x21, 0x00, 0xb8, 0x57, 0x21, 0x00, /* .....W!..W!..W!. */
    0xb8, 0x57, 0x21, 0x00, 0xb8, 0x57, 0x21, 0x00, 0x00, 0x00, 0x00, 0x00, 0x00, 0x00, 0x00, 0x00, /* .W!..W!......... */
    0x00, 0x00, 0x00, 0x00, 0x00, 0x00, 0x00, 0x00, 0x00, 0x00, 0x00, 0x00, 0x00, 0x00, 0x00, 0x00, /* ................ */
    0xb8, 0x57, 0x21, 0x00, 0xb8, 0x57, 0x21, 0x00, 0xb8, 0x57, 0x21, 0x00, 0xb8, 0x57, 0x21, 0x00, /* .W!..W!..W!..W!. */
    0xb8, 0x57, 0x21, 0x00, 0x00, 0x00, 0x00, 0x00, 0x00, 0x00, 0x00, 0x00, 0x00, 0x00, 0x00, 0x00, /* .W!............. */
    0x00, 0x00, 0x00, 0x00, 0x00, 0x00, 0x00, 0x00, 0x00, 0x00, 0x00, 0x00, 0xb8, 0x57, 0x21, 0x00, /* .............W!. */
    0xb8, 0x57, 0x21, 0x00, 0xb8, 0x57, 0x21, 0x00, 0xb8, 0x57, 0x21, 0x00, 0xb8, 0x57, 0x21, 0x00, /* .W!..W!..W!..W!. */
    0x00, 0x00, 0x00, 0x00, 0x00, 0x00, 0x00, 0x00, 0x00, 0x00, 0x00, 0x00, 0x00, 0x00, 0x00, 0x00, /* ................ */
    0x00, 0x00, 0x00, 0x00, 0x00, 0x00, 0x00, 0x00, 0xb8, 0x57, 0x21, 0x00, 0xb8, 0x57, 0x21, 0x00, /* .........W!..W!. */
    0xb8, 0x57, 0x21, 0x00, 0xb8, 0x57, 0x21, 0x00, 0xb8, 0x57, 0x21, 0x00, 0x00, 0x00, 0x00, 0x00, /* .W!..W!..W!..... */
    0x00, 0x00, 0x00, 0x00, 0x00, 0x00, 0x00, 0x00, 0x00, 0x00, 0x00, 0x00, 0x00, 0x00, 0x00, 0x00, /* ................ */
    0x00, 0x00, 0x00, 0x00, 0xb8, 0x57, 0x21, 0x00, 0xb8, 0x57, 0x21, 0x00, 0xb8, 0x57, 0x21, 0x00, /* .....W!..W!..W!. */
    0xb8, 0x57, 0x21, 0x00, 0xb8, 0x57, 0x21, 0x00, 0x00, 0x00, 0x00, 0x00, 0x00, 0x00, 0x00, 0x00, /* .W!..W!......... */
    0x00, 0x00, 0x00, 0x00, 0x00, 0x00, 0x00, 0x00, 0x00, 0x00, 0x00, 0x00, 0x00, 0x00, 0x00, 0x00, /* ................ */
    0xb8, 0x57, 0x21, 0x00, 0xb8, 0x57, 0x21, 0x00, 0xb8, 0x57, 0x21, 0x00, 0xb8, 0x57, 0x21, 0x00, /* .W!..W!..W!..W!. */
    0xb8, 0x57, 0x21, 0x00, 0x00, 0x00, 0x00, 0x00, 0x00, 0x00, 0x00, 0x00, 0x00, 0x00, 0x00, 0x00, /* .W!............. */
    0x00, 0x00, 0x00, 0x00, 0x00, 0x00, 0x00, 0x00, 0x00, 0x00, 0x00, 0x00, 0xb8, 0x57, 0x21, 0x00, /* .............W!. */
    0xb8, 0x57, 0x21, 0x00, 0xb8, 0x57, 0x21, 0x00, 0xb8, 0x57, 0x21, 0x00, 0xb8, 0x57, 0x21, 0x00, /* .W!..W!..W!..W!. */
    0x00, 0x00, 0x00, 0x00, 0x00, 0x00, 0x00, 0x00, 0x00, 0x00, 0x00, 0x00, 0x00, 0x00, 0x00, 0x00, /* ................ */
    0x00, 0x00, 0x00, 0x00, 0x00, 0x00, 0x00, 0x00, 0xb8, 0x57, 0x21, 0x00, 0xb8, 0x57, 0x21, 0x00, /* .........W!..W!. */
    0xb8, 0x57, 0x21, 0x00, 0xb8, 0x57, 0x21, 0x00, 0xb8, 0x57, 0x21, 0x00, 0x00, 0x00, 0x00, 0x00, /* .W!..W!..W!..... */
    0x00, 0x00, 0x00, 0x00, 0x00, 0x00, 0x00, 0x00, 0x00, 0x00, 0x00, 0x00, 0x00, 0x00, 0x00, 0x00, /* ................ */
    0x00, 0x00, 0x00, 0x00, 0xb8, 0x57, 0x21, 0x00, 0xb8, 0x57, 0x21, 0x00, 0xb8, 0x57, 0x21, 0x00, /* .....W!..W!..W!. */
    0xb8, 0x57, 0x21, 0x00, 0xb8, 0x57, 0x21, 0x00, 0x00, 0x00, 0x00, 0x00, 0x00, 0x00, 0x00, 0x00, /* .W!..W!......... */
    0x00, 0x00, 0x00, 0x00, 0x00, 0x00, 0x00, 0x00, 0x00, 0x00, 0x00, 0x00, 0x00, 0x00, 0x00, 0x00, /* ................ */
    0xb8, 0x57, 0x21, 0x00, 0xb8, 0x57, 0x21, 0x00, 0xb8, 0x57, 0x21, 0x00, 0xb8, 0x57, 0x21, 0x00, /* .W!..W!..W!..W!. */
    0xb8, 0x57, 0x21, 0x00, 0x00, 0x00, 0x00, 0x00, 0x00, 0x00, 0x00, 0x00, 0x00, 0x00, 0x00, 0x00, /* .W!............. */
    0x00, 0x00, 0x00, 0x00, 0x00, 0x00, 0x00, 0x00, 0x00, 0x00, 0x00, 0x00, 0xb8, 0x57, 0x21, 0x00, /* .............W!. */
    0xb8, 0x57, 0x21, 0x00, 0xb8, 0x57, 0x21, 0x00, 0xb8, 0x57, 0x21, 0x00, 0xb8, 0x57, 0x21, 0x00, /* .W!..W!..W!..W!. */
    0x00, 0x00, 0x00, 0x00, 0x00, 0x00, 0x00, 0x00, 0x00, 0x00, 0x00, 0x00, 0x00, 0x00, 0x00, 0x00, /* ................ */
    0x00, 0x00, 0x00, 0x00, 0x00, 0x00, 0x00, 0x00, 0xb8, 0x57, 0x21, 0x00, 0xb8, 0x57, 0x21, 0x00, /* .........W!..W!. */
    0xb8, 0x57, 0x21, 0x00, 0xb8, 0x57, 0x21, 0x00, 0xb8, 0x57, 0x21, 0x00, 0x00, 0x00, 0x00, 0x00, /* .W!..W!..W!..... */
    0x00, 0x00, 0x00, 0x00, 0x00, 0x00, 0x00, 0x00, 0x00, 0x00, 0x00, 0x00, 0x00, 0x00, 0x00, 0x00, /* ................ */
    0x00, 0x00, 0x00, 0x00, 0xb8, 0x57, 0x21, 0x00, 0xb8, 0x57, 0x21, 0x00, 0xb8, 0x57, 0x21, 0x00, /* .....W!..W!..W!. */
    0xb8, 0x57, 0x21, 0x00, 0xb8, 0x57, 0x21, 0x00, 0x00, 0x00, 0x00, 0x00, 0x00, 0x00, 0x00, 0x00, /* .W!..W!......... */
    0x00, 0x00, 0x00, 0x00, 0x00, 0x00, 0x00, 0x00, 0x00, 0x00, 0x00, 0x00, 0x00, 0x00, 0x00, 0x00, /* ................ */
    0xb8, 0x57, 0x21, 0x00, 0xb8, 0x57, 0x21, 0x00, 0xb8, 0x57, 0x21, 0x00, 0xb8, 0x57, 0x21, 0x00, /* .W!..W!..W!..W!. */
    0xb8, 0x57, 0x21, 0x00, 0x00, 0x00, 0x00, 0x00, 0x00, 0x00, 0x00, 0x00, 0x00, 0x00, 0x00, 0x00, /* .W!............. */
    0x00, 0x00, 0x00, 0x00, 0x00, 0x00, 0x00, 0x00, 0x00, 0x00, 0x00, 0x00, 0xb8, 0x57, 0x21, 0x00, /* .............W!. */
    0xb8, 0x57, 0x21, 0x00, 0xb8, 0x57, 0x21, 0x00, 0xb8, 0x57, 0x21, 0x00, 0xb8, 0x57, 0x21, 0x00, /* .W!..W!..W!..W!. */
    0x00, 0x00, 0x00, 0x00, 0x00, 0x00, 0x00, 0x00, 0x00, 0x00, 0x00, 0x00, 0x00, 0x00, 0x00, 0x00, /* ................ */
    0x00, 0x00, 0x00, 0x00, 0x00, 0x00, 0x00, 0x00, 0xb8, 0x57, 0x21, 0x00, 0xb8, 0x57, 0x21, 0x00, /* .........W!..W!. */
    0xb8, 0x57, 0x21, 0x00, 0xb8, 0x57, 0x21, 0x00, 0xb8, 0x57, 0x21, 0x00, 0x00, 0x00, 0x00, 0x00, /* .W!..W!..W!..... */
    0x00, 0x00, 0x00, 0x00, 0x00, 0x00, 0x00, 0x00, 0x00, 0x00, 0x00, 0x00, 0x00, 0x00, 0x00, 0x00, /* ................ */
    0x00, 0x00, 0x00, 0x00, 0xb8, 0x57, 0x21, 0x00, 0xb8, 0x57, 0x21, 0x00, 0xb8, 0x57, 0x21, 0x00, /* .....W!..W!..W!. */
    0xb8, 0x57, 0x21, 0x00, 0xb8, 0x57, 0x21, 0x00, 0x00, 0x00, 0x00, 0x00, 0x00, 0x00, 0x00, 0x00, /* .W!..W!......... */
    0x00, 0x00, 0x00, 0x00, 0x00, 0x00, 0x00, 0x00, 0x00, 0x00, 0x00, 0x00, 0x00, 0x00, 0x00, 0x00, /* ................ */
    0xb8, 0x57, 0x21, 0x00, 0xb8, 0x57, 0x21, 0x00, 0xb8, 0x57, 0x21, 0x00, 0xb8, 0x57, 0x21, 0x00, /* .W!..W!..W!..W!. */
    0xb8, 0x57, 0x21, 0x00, 0x00, 0x00, 0x00, 0x00, 0x00, 0x00, 0x00, 0x00, 0x00, 0x00, 0x00, 0x00, /* .W!............. */
    0x00, 0x00, 0x00, 0x00, 0x00, 0x00, 0x00, 0x00, 0x00, 0x00, 0x00, 0x00, 0xb8, 0x57, 0x21, 0x00, /* .............W!. */
    0xb8, 0x57, 0x21, 0x00, 0xb8, 0x57, 0x21, 0x00, 0xb8, 0x57, 0x21, 0x00, 0xb8, 0x57, 0x21, 0x00, /* .W!..W!..W!..W!. */
    0x00, 0x00, 0x00, 0x00, 0x00, 0x00, 0x00, 0x00, 0x00, 0x00, 0x00, 0x00, 0x00, 0x00, 0x00, 0x00, /* ................ */
    0x00, 0x00, 0x00, 0x00, 0x00, 0x00, 0x00, 0x00, 0xb8, 0x57, 0x21, 0x00, 0xb8, 0x57, 0x21, 0x00, /* .........W!..W!. */
    0xb8, 0x57, 0x21, 0x00, 0xb8, 0x57, 0x21, 0x00, 0xb8, 0x57, 0x21, 0x00, 0x00, 0x00, 0x00, 0x00, /* .W!..W!..W!..... */
    0x00, 0x00, 0x00, 0x00, 0x00, 0x00, 0x00, 0x00, 0x00, 0x00, 0x00, 0x00, 0x00, 0x00, 0x00, 0x00, /* ................ */
    0x00, 0x00, 0x00, 0x00, 0xb8, 0x57, 0x21, 0x00, 0xb8, 0x57, 0x21, 0x00, 0xb8, 0x57, 0x21, 0x00, /* .....W!..W!..W!. */
    0xb8, 0x57, 0x21, 0x00, 0xb8, 0x57, 0x21, 0x00, 0x00, 0x00, 0x00, 0x00, 0x00, 0x00, 0x00, 0x00, /* .W!..W!......... */
    0x00, 0x00, 0x00, 0x00, 0x00, 0x00, 0x00, 0x00, 0x00, 0x00, 0x00, 0x00, 0x00, 0x00, 0x00, 0x00, /* ................ */
    0xb8, 0x57, 0x21, 0x00, 0xb8, 0x57, 0x21, 0x00, 0xb8, 0x57, 0x21, 0x00, 0xb8, 0x57, 0x21, 0x00, /* .W!..W!..W!..W!. */
    0xb8, 0x57, 0x21, 0x00, 0x00, 0x00, 0x00, 0x00, 0x00, 0x00, 0x00, 0x00, 0x00, 0x00, 0x00, 0x00, /* .W!............. */
    0x00, 0x00, 0x00, 0x00, 0x00, 0x00, 0x00, 0x00, 0x00, 0x00, 0x00, 0x00, 0xb8, 0x57, 0x21, 0x00, /* .............W!. */
    0xb8, 0x57, 0x21, 0x00, 0xb8, 0x57, 0x21, 0x00, 0xb8, 0x57, 0x21, 0x00, 0xb8, 0x57, 0x21, 0x00, /* .W!..W!..W!..W!. */
    0x00, 0x00, 0x00, 0x00, 0x00, 0x00, 0x00, 0x00, 0x00, 0x00, 0x00, 0x00, 0x00, 0x00, 0x00, 0x00, /* ................ */
    0x00, 0x00, 0x00, 0x00, 0x00, 0x00, 0x00, 0x00, 0xb8, 0x57, 0x21, 0x00, 0xb8, 0x57, 0x21, 0x00, /* .........W!..W!. */
    0xb8, 0x57, 0x21, 0x00, 0xb8, 0x57, 0x21, 0x00, 0xb8, 0x57, 0x21, 0x00, 0x00, 0x00, 0x00, 0x00, /* .W!..W!..W!..... */
    0x00, 0x00, 0x00, 0x00, 0x00, 0x00, 0x00, 0x00, 0x00, 0x00, 0x00, 0x00, 0x00, 0x00, 0x00, 0x00, /* ................ */
    0x00, 0x00, 0x00, 0x00, 0xb8, 0x57, 0x21, 0x00, 0xb8, 0x57, 0x21, 0x00, 0xb8, 0x57, 0x21, 0x00, /* .....W!..W!..W!. */
    0xb8, 0x57, 0x21, 0x00, 0xb8, 0x57, 0x21, 0x00, 0x00, 0x00, 0x00, 0x00, 0x00, 0x00, 0x00, 0x00, /* .W!..W!......... */
    0x00, 0x00, 0x00, 0x00, 0x00, 0x00, 0x00, 0x00, 0x00, 0x00, 0x00, 0x00, 0x00, 0x00, 0x00, 0x00, /* ................ */
    0xb8, 0x57, 0x21, 0x00, 0xb8, 0x57, 0x21, 0x00, 0xb8, 0x57, 0x21, 0x00, 0xb8, 0x57, 0x21, 0x00, /* .W!..W!..W!..W!. */
    0xb8, 0x57, 0x21, 0x00, 0x00, 0x00, 0x00, 0x00, 0x00, 0x00, 0x00, 0x00, 0x00, 0x00, 0x00, 0x00, /* .W!............. */
    0x00, 0x00, 0x00, 0x00, 0x00, 0x00, 0x00, 0x00, 0x00, 0x00, 0x00, 0x00, 0xb8, 0x57, 0x21, 0x00, /* .............W!. */
    0xb8, 0x57, 0x21, 0x00, 0xb8, 0x57, 0x21, 0x00, 0xb8, 0x57, 0x21, 0x00, 0xb8, 0x57, 0x21, 0x00, /* .W!..W!..W!..W!. */
    0x00, 0x00, 0x00, 0x00, 0x00, 0x00, 0x00, 0x00, 0x00, 0x00, 0x00, 0x00, 0x00, 0x00, 0x00, 0x00, /* ................ */
    0x00, 0x00, 0x00, 0x00, 0x00, 0x00, 0x00, 0x00, 0xb8, 0x57, 0x21, 0x00, 0xb8, 0x57, 0x21, 0x00, /* .........W!..W!. */
    0xb8, 0x57, 0x21, 0x00, 0xb8, 0x57, 0x21, 0x00, 0xb8, 0x57, 0x21, 0x00, 0x00, 0x00, 0x00, 0x00, /* .W!..W!..W!..... */
    0x00, 0x00, 0x00, 0x00, 0x00, 0x00, 0x00, 0x00, 0x00, 0x00, 0x00, 0x00, 0x00, 0x00, 0x00, 0x00, /* ................ */
    0x00, 0x00, 0x00, 0x00, 0xb8, 0x57, 0x21, 0x00, 0xb8, 0x57, 0x21, 0x00, 0xb8, 0x57, 0x21, 0x00, /* .....W!..W!..W!. */
    0xb8, 0x57, 0x21, 0x00, 0xb8, 0x57, 0x21, 0x00, 0x00, 0x00, 0x00, 0x00, 0x00, 0x00, 0x00, 0x00, /* .W!..W!......... */
    0x00, 0x00, 0x00, 0x00, 0x00, 0x00, 0x00, 0x00, 0x00, 0x00, 0x00, 0x00, 0x00, 0x00, 0x00, 0x00, /* ................ */
    0xb8, 0x57, 0x21, 0x00, 0xb8, 0x57, 0x21, 0x00, 0xb8, 0x57, 0x21, 0x00, 0xb8, 0x57, 0x21, 0x00, /* .W!..W!..W!..W!. */
    0xb8, 0x57, 0x21, 0x00, 0x00, 0x00, 0x00, 0x00, 0x00, 0x00, 0x00, 0x00, 0x00, 0x00, 0x00, 0x00, /* .W!............. */
    0x00, 0x00, 0x00, 0x00, 0x00, 0x00, 0x00, 0x00, 0x00, 0x00, 0x00, 0x00, 0xb8, 0x57, 0x21, 0x00, /* .............W!. */
    0xb8, 0x57, 0x21, 0x00, 0xb8, 0x57, 0x21, 0x00, 0xb8, 0x57, 0x21, 0x00, 0xb8, 0x57, 0x21, 0x00, /* .W!..W!..W!..W!. */
    0x00, 0x00, 0x00, 0x00, 0x00, 0x00, 0x00, 0x00, 0x00, 0x00, 0x00, 0x00, 0x00, 0x00, 0x00, 0x00, /* ................ */
    0x00, 0x00, 0x00, 0x00, 0x00, 0x00, 0x00, 0x00, 0xb8, 0x57, 0x21, 0x00, 0xb8, 0x57, 0x21, 0x00, /* .........W!..W!. */
    0xb8, 0x57, 0x21, 0x00, 0xb8, 0x57, 0x21, 0x00, 0xb8, 0x57, 0x21, 0x00, 0x00, 0x00, 0x00, 0x00, /* .W!..W!..W!..... */
    0x00, 0x00, 0x00, 0x00, 0x00, 0x00, 0x00, 0x00, 0x00, 0x00, 0x00, 0x00, 0x00, 0x00, 0x00, 0x00, /* ................ */
    0x00, 0x00, 0x00, 0x00, 0xb8, 0x57, 0x21, 0x00, 0xb8, 0x57, 0x21, 0x00, 0xb8, 0x57, 0x21, 0x00, /* .....W!..W!..W!. */
    0xb8, 0x57, 0x21, 0x00, 0xb8, 0x57, 0x21, 0x00, 0x00, 0x00, 0x00, 0x00, 0x00, 0x00, 0x00, 0x00, /* .W!..W!......... */
    0x00, 0x00, 0x00, 0x00, 0x00, 0x00, 0x00, 0x00, 0x00, 0x00, 0x00, 0x00, 0x00, 0x00, 0x00, 0x00, /* ................ */
    0xb8, 0x57, 0x21, 0x00, 0xb8, 0x57, 0x21, 0x00, 0xb8, 0x57, 0x21, 0x00, 0xb8, 0x57, 0x21, 0x00, /* .W!..W!..W!..W!. */
    0xb8, 0x57, 0x21, 0x00, 0x00, 0x00, 0x00, 0x00, 0x00, 0x00, 0x00, 0x00, 0x00, 0x00, 0x00, 0x00, /* .W!............. */
    0x00, 0x00, 0x00, 0x00, 0x00, 0x00, 0x00, 0x00, 0x00, 0x00, 0x00, 0x00, 0xb8, 0x57, 0x21, 0x00, /* .............W!. */
    0xb8, 0x57, 0x21, 0x00, 0xb8, 0x57, 0x21, 0x00, 0xb8, 0x57, 0x21, 0x00, 0xb8, 0x57, 0x21, 0x00, /* .W!..W!..W!..W!. */
    0x00, 0x00, 0x00, 0x00, 0x00, 0x00, 0x00, 0x00, 0x00, 0x00, 0x00, 0x00, 0x00, 0x00, 0x00, 0x00, /* ................ */
    0x00, 0x00, 0x00, 0x00, 0x00, 0x00, 0x00, 0x00, 0xb8, 0x57, 0x21, 0x00, 0xb8, 0x57, 0x21, 0x00, /* .........W!..W!. */
    0xb8, 0x57, 0x21, 0x00, 0xb8, 0x57, 0x21, 0x00, 0xb8, 0x57, 0x21, 0x00, 0x00, 0x00, 0x00, 0x00, /* .W!..W!..W!..... */
    0x00, 0x00, 0x00, 0x00, 0x00, 0x00, 0x00, 0x00, 0x00, 0x00, 0x00, 0x00, 0x00, 0x00, 0x00, 0x00, /* ................ */
    0x00, 0x00, 0x00, 0x00, 0xb8, 0x57, 0x21, 0x00, 0xb8, 0x57, 0x21, 0x00, 0xb8, 0x57, 0x21, 0x00, /* .....W!..W!..W!. */
    0xb8, 0x57, 0x21, 0x00, 0xb8, 0x57, 0x21, 0x00, 0x00, 0x00, 0x00, 0x00, 0x00, 0x00, 0x00, 0x00, /* .W!..W!......... */
    0x00, 0x00, 0x00, 0x00, 0x00, 0x00, 0x00, 0x00, 0x00, 0x00, 0x00, 0x00, 0x00, 0x00, 0x00, 0x00, /* ................ */
    0xb8, 0x57, 0x21, 0x00, 0xb8, 0x57, 0x21, 0x00, 0xb8, 0x57, 0x21, 0x00, 0xb8, 0x57, 0x21, 0x00, /* .W!..W!..W!..W!. */
    0xb8, 0x57, 0x21, 0x00, 0x00, 0x00, 0x00, 0x00, 0x00, 0x00, 0x00, 0x00, 0x00, 0x00, 0x00, 0x00, /* .W!............. */
    0x00, 0x00, 0x00, 0x00, 0x00, 0x00, 0x00, 0x00, 0x00, 0x00, 0x00, 0x00, 0xb8, 0x57, 0x21, 0x00, /* .............W!. */
    0xb8, 0x57, 0x21, 0x00, 0xb8, 0x57, 0x21, 0x00, 0xb8, 0x57, 0x21, 0x00, 0xb8, 0x57, 0x21, 0x00, /* .W!..W!..W!..W!. */
    0x00, 0x00, 0x00, 0x00, 0x00, 0x00, 0x00, 0x00, 0x00, 0x00, 0x00, 0x00, 0x00, 0x00, 0x00, 0x00, /* ................ */
    0x00, 0x00, 0x00, 0x00, 0x00, 0x00, 0x00, 0x00, 0xb8, 0x57, 0x21, 0x00, 0xb8, 0x57, 0x21, 0x00, /* .........W!..W!. */
    0xb8, 0x57, 0x21, 0x00, 0xb8, 0x57, 0x21, 0x00, 0xb8, 0x57, 0x21, 0x00, 0x00, 0x00, 0x00, 0x00, /* .W!..W!..W!..... */
    0x00, 0x00, 0x00, 0x00, 0x00, 0x00, 0x00, 0x00, 0x00, 0x00, 0x00, 0x00, 0x00, 0x00, 0x00, 0x00, /* ................ */
    0x00, 0x00, 0x00, 0x00, 0xb8, 0x57, 0x21, 0x00, 0xb8, 0x57, 0x21, 0x00, 0xb8, 0x57, 0x21, 0x00, /* .....W!..W!..W!. */
    0xb8, 0x57, 0x21, 0x00, 0xb8, 0x57, 0x21, 0x00, 0x00, 0x00, 0x00, 0x00, 0x00, 0x00, 0x00, 0x00, /* .W!..W!......... */
    0x00, 0x00, 0x00, 0x00, 0x00, 0x00, 0x00, 0x00, 0x00, 0x00, 0x00, 0x00, 0x00, 0x00, 0x00, 0x00, /* ................ */
    0xb8, 0x57, 0x21, 0x00, 0xb8, 0x57, 0x21, 0x00, 0xb8, 0x57, 0x21, 0x00, 0xb8, 0x57, 0x21, 0x00, /* .W!..W!..W!..W!. */
    0xb8, 0x57, 0x21, 0x00, 0x00, 0x00, 0x00, 0x00, 0x00, 0x00, 0x00, 0x00, 0x00, 0x00, 0x00, 0x00, /* .W!............. */
    0x00, 0x00, 0x00, 0x00, 0x00, 0x00, 0x00, 0x00, 0x00, 0x00, 0x00, 0x00, 0xb8, 0x57, 0x21, 0x00, /* .............W!. */
    0xb8, 0x57, 0x21, 0x00, 0xb8, 0x57, 0x21, 0x00, 0xb8, 0x57, 0x21, 0x00, 0xb8, 0x57, 0x21, 0x00, /* .W!..W!..W!..W!. */
    0x00, 0x00, 0x00, 0x00, 0x00, 0x00, 0x00, 0x00, 0x00, 0x00, 0x00, 0x00, 0x00, 0x00, 0x00, 0x00, /* ................ */
    0x00, 0x00, 0x00, 0x00, 0x00, 0x00, 0x00, 0x00, 0xb8, 0x57, 0x21, 0x00, 0xb8, 0x57, 0x21, 0x00, /* .........W!..W!. */
    0xb8, 0x57, 0x21, 0x00, 0xb8, 0x57, 0x21, 0x00, 0xb8, 0x57, 0x21, 0x00, 0x00, 0x00, 0x00, 0x00, /* .W!..W!..W!..... */
    0x00, 0x00, 0x00, 0x00, 0x00, 0x00, 0x00, 0x00, 0x00, 0x00, 0x00, 0x00, 0x00, 0x00, 0x00, 0x00, /* ................ */
    0x00, 0x00, 0x00, 0x00, 0xb8, 0x57, 0x21, 0x00, 0xb8, 0x57, 0x21, 0x00, 0xb8, 0x57, 0x21, 0x00, /* .....W!..W!..W!. */
    0xb8, 0x57, 0x21, 0x00, 0xb8, 0x57, 0x21, 0x00, 0x00, 0x00, 0x00, 0x00, 0x00, 0x00, 0x00, 0x00, /* .W!..W!......... */
    0x00, 0x00, 0x00, 0x00, 0x00, 0x00, 0x00, 0x00, 0x00, 0x00, 0x00, 0x00, 0x00, 0x00, 0x00, 0x00, /* ................ */
    0xb8, 0x57, 0x21, 0x00, 0xb8, 0x57, 0x21, 0x00, 0xb8, 0x57, 0x21, 0x00, 0xb8, 0x57, 0x21, 0x00, /* .W!..W!..W!..W!. */
    0xb8, 0x57, 0x21, 0x00, 0x00, 0x00, 0x00, 0x00, 0x00, 0x00, 0x00, 0x00, 0x00, 0x00, 0x00, 0x00, /* .W!............. */
    0x00, 0x00, 0x00, 0x00, 0x00, 0x00, 0x00, 0x00, 0x00, 0x00, 0x00, 0x00, 0xb8, 0x57, 0x21, 0x00, /* .............W!. */
    0xb8, 0x57, 0x21, 0x00, 0xb8, 0x57, 0x21, 0x00, 0xb8, 0x57, 0x21, 0x00, 0xb8, 0x57, 0x21, 0x00, /* .W!..W!..W!..W!. */
    0x00, 0x00, 0x00, 0x00, 0x00, 0x00, 0x00, 0x00, 0x00, 0x00, 0x00, 0x00, 0x00, 0x00, 0x00, 0x00, /* ................ */
    0x00, 0x00, 0x00, 0x00, 0x00, 0x00, 0x00, 0x00, 0xb8, 0x57, 0x21, 0x00, 0xb8, 0x57, 0x21, 0x00, /* .........W!..W!. */
    0xb8, 0x57, 0x21, 0x00, 0xb8, 0x57, 0x21, 0x00, 0xb8, 0x57, 0x21, 0x00, 0x00, 0x00, 0x00, 0x00, /* .W!..W!..W!..... */
    0x00, 0x00, 0x00, 0x00, 0x00, 0x00, 0x00, 0x00, 0x00, 0x00, 0x00, 0x00, 0x00, 0x00, 0x00, 0x00, /* ................ */
    0x00, 0x00, 0x00, 0x00, 0xb8, 0x57, 0x21, 0x00, 0xb8, 0x57, 0x21, 0x00, 0xb8, 0x57, 0x21, 0x00, /* .....W!..W!..W!. */
    0xb8, 0x57, 0x21, 0x00, 0xb8, 0x57, 0x21, 0x00, 0x00, 0x00, 0x00, 0x00, 0x00, 0x00, 0x00, 0x00, /* .W!..W!......... */
    0x00, 0x00, 0x00, 0x00, 0x00, 0x00, 0x00, 0x00, 0x00, 0x00, 0x00, 0x00, 0x00, 0x00, 0x00, 0x00, /* ................ */
    0xb8, 0x57, 0x21, 0x00, 0xb8, 0x57, 0x21, 0x00, 0xb8, 0x57, 0x21, 0x00, 0xb8, 0x57, 0x21, 0x00, /* .W!..W!..W!..W!. */
    0xb8, 0x57, 0x21, 0x00, 0x00, 0x00, 0x00, 0x00, 0x00, 0x00, 0x00, 0x00, 0x00, 0x00, 0x00, 0x00, /* .W!............. */
    0x00, 0x00, 0x00, 0x00, 0x00, 0x00, 0x00, 0x00, 0x00, 0x00, 0x00, 0x00, 0xb8, 0x57, 0x21, 0x00, /* .............W!. */
    0xb8, 0x57, 0x21, 0x00, 0xb8, 0x57, 0x21, 0x00, 0xb8, 0x57, 0x21, 0x00, 0xb8, 0x57, 0x21, 0x00, /* .W!..W!..W!..W!. */
    0x00, 0x00, 0x00, 0x00, 0x00, 0x00, 0x00, 0x00, 0x00, 0x00, 0x00, 0x00, 0x00, 0x00, 0x00, 0x00, /* ................ */
    0x00, 0x00, 0x00, 0x00, 0x00, 0x00, 0x00, 0x00, 0xb8, 0x57, 0x21, 0x00, 0xb8, 0x57, 0x21, 0x00, /* .........W!..W!. */
    0xb8, 0x57, 0x21, 0x00, 0xb8, 0x57, 0x21, 0x00, 0xb8, 0x57, 0x21, 0x00, 0x00, 0x00, 0x00, 0x00, /* .W!..W!..W!..... */
    0x00, 0x00, 0x00, 0x00, 0x00, 0x00, 0x00, 0x00, 0x00, 0x00, 0x00, 0x00, 0x00, 0x00, 0x00, 0x00, /* ................ */
    0x00, 0x00, 0x00, 0x00, 0xb8, 0x57, 0x21, 0x00, 0xb8, 0x57, 0x21, 0x00, 0xb8, 0x57, 0x21, 0x00, /* .....W!..W!..W!. */
    0xb8, 0x57, 0x21, 0x00, 0xb8, 0x57, 0x21, 0x00, 0x00, 0x00, 0x00, 0x00, 0x00, 0x00, 0x00, 0x00, /* .W!..W!......... */
    0x00, 0x00, 0x00, 0x00, 0x00, 0x00, 0x00, 0x00, 0x00, 0x00, 0x00, 0x00, 0x00, 0x00, 0x00, 0x00, /* ................ */
    0xb8, 0x57, 0x21, 0x00, 0xb8, 0x57, 0x21, 0x00, 0xb8, 0x57, 0x21, 0x00, 0xb8, 0x57, 0x21, 0x00, /* .W!..W!..W!..W!. */
    0xb8, 0x57, 0x21, 0x00, 0x00, 0x00, 0x00, 0x00, 0x00, 0x00, 0x00, 0x00, 0x00, 0x00, 0x00, 0x00, /* .W!............. */
    0x00, 0x00, 0x00, 0x00, 0x00, 0x00, 0x00, 0x00, 0x00, 0x00, 0x00, 0x00, 0xb8, 0x57, 0x21, 0x00, /* .............W!. */
    0xb8, 0x57, 0x21, 0x00, 0xb8, 0x57, 0x21, 0x00, 0xb8, 0x57, 0x21, 0x00, 0xb8, 0x57, 0x21, 0x00, /* .W!..W!..W!..W!. */
    0x00, 0x00, 0x00, 0x00, 0x00, 0x00, 0x00, 0x00, 0x00, 0x00, 0x00, 0x00, 0x00, 0x00, 0x00, 0x00, /* ................ */
    0x00, 0x00, 0x00, 0x00, 0x00, 0x00, 0x00, 0x00, 0xb8, 0x57, 0x21, 0x00, 0xb8, 0x57, 0x21, 0x00, /* .........W!..W!. */
    0xb8, 0x57, 0x21, 0x00, 0xb8, 0x57, 0x21, 0x00, 0xb8, 0x57, 0x21, 0x00, 0x00, 0x00, 0x00, 0x00, /* .W!..W!..W!..... */
    0x00, 0x00, 0x00, 0x00, 0x00, 0x00, 0x00, 0x00, 0x00, 0x00, 0x00, 0x00, 0x00, 0x00, 0x00, 0x00, /* ................ */
    0x00, 0x00, 0x00, 0x00, 0xb8, 0x57, 0x21, 0x00, 0xb8, 0x57, 0x21, 0x00, 0xb8, 0x57, 0x21, 0x00, /* .....W!..W!..W!. */
    0xb8, 0x57, 0x21, 0x00, 0xb8, 0x57, 0x21, 0x00, 0x00, 0x00, 0x00, 0x00, 0x00, 0x00, 0x00, 0x00, /* .W!..W!......... */
    0x00, 0x00, 0x00, 0x00, 0x00, 0x00, 0x00, 0x00, 0x00, 0x00, 0x00, 0x00, 0x00, 0x00, 0x00, 0x00, /* ................ */
    0xb8, 0x57, 0x21, 0x00, 0xb8, 0x57, 0x21, 0x00, 0xb8, 0x57, 0x21, 0x00, 0xb8, 0x57, 0x21, 0x00, /* .W!..W!..W!..W!. */
    0xb8, 0x57, 0x21, 0x00, 0x00, 0x00, 0x00, 0x00, 0x00, 0x00, 0x00, 0x00, 0x00, 0x00, 0x00, 0x00, /* .W!............. */
    0x00, 0x00, 0x00, 0x00, 0x00, 0x00, 0x00, 0x00, 0x00, 0x00, 0x00, 0x00, 0xb8, 0x57, 0x21, 0x00, /* .............W!. */
    0xb8, 0x57, 0x21, 0x00, 0xb8, 0x57, 0x21, 0x00, 0xb8, 0x57, 0x21, 0x00, 0xb8, 0x57, 0x21, 0x00, /* .W!..W!..W!..W!. */
    0x00, 0x00, 0x00, 0x00, 0x00, 0x00, 0x00, 0x00, 0x00, 0x00, 0x00, 0x00, 0x00, 0x00, 0x00, 0x00, /* ................ */
    0x00, 0x00, 0x00, 0x00, 0x00, 0x00, 0x00, 0x00, 0xb8, 0x57, 0x21, 0x00, 0xb8, 0x57, 0x21, 0x00, /* .........W!..W!. */
    0xb8, 0x57, 0x21, 0x00, 0xb8, 0x57, 0x21, 0x00, 0xb8, 0x57, 0x21, 0x00, 0x00, 0x00, 0x00, 0x00, /* .W!..W!..W!..... */
    0x00, 0x00, 0x00, 0x00, 0x00, 0x00, 0x00, 0x00, 0x00, 0x00, 0x00, 0x00, 0x00, 0x00, 0x00, 0x00, /* ................ */
    0x00, 0x00, 0x00, 0x00, 0xb8, 0x57, 0x21, 0x00, 0xb8, 0x57, 0x21, 0x00, 0xb8, 0x57, 0x21, 0x00, /* .....W!..W!..W!. */
    0xb8, 0x57, 0x21, 0x00, 0xb8, 0x57, 0x21, 0x00, 0x00, 0x00, 0x00, 0x00, 0x00, 0x00, 0x00, 0x00, /* .W!..W!......... */
    0x00, 0x00, 0x00, 0x00, 0x00, 0x00, 0x00, 0x00, 0x00, 0x00, 0x00, 0x00, 0x00, 0x00, 0x00, 0x00, /* ................ */
    0xb8, 0x57, 0x21, 0x00, 0xb8, 0x57, 0x21, 0x00, 0xb8, 0x57, 0x21, 0x00, 0xb8, 0x57, 0x21, 0x00, /* .W!..W!..W!..W!. */
    0xb8, 0x57, 0x21, 0x00, 0x00, 0x00, 0x00, 0x00, 0x00, 0x00, 0x00, 0x00, 0x00, 0x00, 0x00, 0x00, /* .W!............. */
    0x00, 0x00, 0x00, 0x00, 0x00, 0x00, 0x00, 0x00, 0x00, 0x00, 0x00, 0x00, 0xb8, 0x57, 0x21, 0x00, /* .............W!. */
    0xb8, 0x57, 0x21, 0x00, 0xb8, 0x57, 0x21, 0x00, 0xb8, 0x57, 0x21, 0x00, 0xb8, 0x57, 0x21, 0x00, /* .W!..W!..W!..W!. */
    0x00, 0x00, 0x00, 0x00, 0x00, 0x00, 0x00, 0x00, 0x00, 0x00, 0x00, 0x00, 0x00, 0x00, 0x00, 0x00, /* ................ */
    0x00, 0x00, 0x00, 0x00, 0x00, 0x00, 0x00, 0x00, 0xb8, 0x57, 0x21, 0x00, 0xb8, 0x57, 0x21, 0x00, /* .........W!..W!. */
    0xb8, 0x57, 0x21, 0x00, 0xb8, 0x57, 0x21, 0x00, 0xb8, 0x57, 0x21, 0x00, 0x00, 0x00, 0x00, 0x00, /* .W!..W!..W!..... */
    0x00, 0x00, 0x00, 0x00, 0x00, 0x00, 0x00, 0x00, 0x00, 0x00, 0x00, 0x00, 0x00, 0x00, 0x00, 0x00, /* ................ */
    0x00, 0x00, 0x00, 0x00, 0xb8, 0x57, 0x21, 0x00, 0xb8, 0x57, 0x21, 0x00, 0xb8, 0x57, 0x21, 0x00, /* .....W!..W!..W!. */
    0xb8, 0x57, 0x21, 0x00, 0xb8, 0x57, 0x21, 0x00, 0x00, 0x00, 0x00, 0x00, 0x00, 0x00, 0x00, 0x00, /* .W!..W!......... */
    0x00, 0x00, 0x00, 0x00, 0x00, 0x00, 0x00, 0x00, 0x00, 0x00, 0x00, 0x00, 0x00, 0x00, 0x00, 0x00, /* ................ */
    0xb8, 0x57, 0x21, 0x00, 0xb8, 0x57, 0x21, 0x00, 0xb8, 0x57, 0x21, 0x00, 0xb8, 0x57, 0x21, 0x00, /* .W!..W!..W!..W!. */
    0xb8, 0x57, 0x21, 0x00, 0x00, 0x00, 0x00, 0x00, 0x00, 0x00, 0x00, 0x00, 0x00, 0x00, 0x00, 0x00, /* .W!............. */
    0x00, 0x00, 0x00, 0x00, 0x00, 0x00, 0x00, 0x00, 0x00, 0x00, 0x00, 0x00, 0xb8, 0x57, 0x21, 0x00, /* .............W!. */
    0xb8, 0x57, 0x21, 0x00, 0xb8, 0x57, 0x21, 0x00, 0xb8, 0x57, 0x21, 0x00, 0xb8, 0x57, 0x21, 0x00, /* .W!..W!..W!..W!. */
    0x00, 0x00, 0x00, 0x00, 0x00, 0x00, 0x00, 0x00, 0x00, 0x00, 0x00, 0x00, 0x00, 0x00, 0x00, 0x00, /* ................ */
    0x00, 0x00, 0x00, 0x00, 0x00, 0x00, 0x00, 0x00, 0xb8, 0x57, 0x21, 0x00, 0xb8, 0x57, 0x21, 0x00, /* .........W!..W!. */
    0xb8, 0x57, 0x21, 0x00, 0xb8, 0x57, 0x21, 0x00, 0xb8, 0x57, 0x21, 0x00, 0x00, 0x00, 0x00, 0x00, /* .W!..W!..W!..... */
    0x00, 0x00, 0x00, 0x00, 0x00, 0x00, 0x00, 0x00, 0x00, 0x00, 0x00, 0x00, 0x00, 0x00, 0x00, 0x00, /* ................ */
    0x00, 0x00, 0x00, 0x00, 0xb8, 0x57, 0x21, 0x00, 0xb8, 0x57, 0x21, 0x00, 0xb8, 0x57, 0x21, 0x00, /* .....W!..W!..W!. */
    0xb8, 0x57, 0x21, 0x00, 0xb8, 0x57, 0x21, 0x00, 0x00, 0x00, 0x00, 0x00, 0x00, 0x00, 0x00, 0x00, /* .W!..W!......... */
    0x00, 0x00, 0x00, 0x00, 0x00, 0x00, 0x00, 0x00, 0x00, 0x00, 0x00, 0x00, 0x00, 0x00, 0x00, 0x00, /* ................ */
    0xb8, 0x57, 0x21, 0x00, 0xb8, 0x57, 0x21, 0x00, 0xb8, 0x57, 0x21, 0x00, 0xb8, 0x57, 0x21, 0x00, /* .W!..W!..W!..W!. */
    0xb8, 0x57, 0x21, 0x00, 0x00, 0x00, 0x00, 0x00, 0x00, 0x00, 0x00, 0x00, 0x00, 0x00, 0x00, 0x00, /* .W!............. */
    0x00, 0x00, 0x00, 0x00, 0x00, 0x00, 0x00, 0x00, 0x00, 0x00, 0x00, 0x00, 0xb8, 0x57, 0x21, 0x00, /* .............W!. */
    0xb8, 0x57, 0x21, 0x00, 0xb8, 0x57, 0x21, 0x00, 0xb8, 0x57, 0x21, 0x00, 0xb8, 0x57, 0x21, 0x00, /* .W!..W!..W!..W!. */
    0x00, 0x00, 0x00, 0x00, 0x00, 0x00, 0x00, 0x00, 0x00, 0x00, 0x00, 0x00, 0x00, 0x00, 0x00, 0x00, /* ................ */
    0x00, 0x00, 0x00, 0x00, 0x00, 0x00, 0x00, 0x00, 0xb8, 0x57, 0x21, 0x00, 0xb8, 0x57, 0x21, 0x00, /* .........W!..W!. */
    0xb8, 0x57, 0x21, 0x00, 0xb8, 0x57, 0x21, 0x00, 0xb8, 0x57, 0x21, 0x00, 0x00, 0x00, 0x00, 0x00, /* .W!..W!..W!..... */
    0x00, 0x00, 0x00, 0x00, 0x00, 0x00, 0x00, 0x00, 0x00, 0x00, 0x00, 0x00, 0x00, 0x00, 0x00, 0x00, /* ................ */
    0x00, 0x00, 0x00, 0x00, 0xb8, 0x57, 0x21, 0x00, 0xb8, 0x57, 0x21, 0x00, 0xb8, 0x57, 0x21, 0x00, /* .....W!..W!..W!. */
    0xb8, 0x57, 0x21, 0x00, 0xb8, 0x57, 0x21, 0x00, 0x00, 0x00, 0x00, 0x00, 0x00, 0x00, 0x00, 0x00, /* .W!..W!......... */
    0x00, 0x00, 0x00, 0x00, 0x00, 0x00, 0x00, 0x00, 0x00, 0x00, 0x00, 0x00, 0x00, 0x00, 0x00, 0x00, /* ................ */
    0xb8, 0x57, 0x21, 0x00, 0xb8, 0x57, 0x21, 0x00, 0xb8, 0x57, 0x21, 0x00, 0xb8, 0x57, 0x21, 0x00, /* .W!..W!..W!..W!. */
    0xb8, 0x57, 0x21, 0x00, 0x00, 0x00, 0x00, 0x00, 0x00, 0x00, 0x00, 0x00, 0x00, 0x00, 0x00, 0x00, /* .W!............. */
    0x00, 0x00, 0x00, 0x00, 0x00, 0x00, 0x00, 0x00, 0x00, 0x00, 0x00, 0x00, 0xb8, 0x57, 0x21, 0x00, /* .............W!. */
    0xb8, 0x57, 0x21, 0x00, 0xb8, 0x57, 0x21, 0x00, 0xb8, 0x57, 0x21, 0x00, 0xb8, 0x57, 0x21, 0x00, /* .W!..W!..W!..W!. */
    0x00, 0x00, 0x00, 0x00, 0x00, 0x00, 0x00, 0x00, 0x00, 0x00, 0x00, 0x00, 0x00, 0x00, 0x00, 0x00, /* ................ */
    0x00, 0x00, 0x00, 0x00, 0x00, 0x00, 0x00, 0x00, 0xb8, 0x57, 0x21, 0x00, 0xb8, 0x57, 0x21, 0x00, /* .........W!..W!. */
    0xb8, 0x57, 0x21, 0x00, 0xb8, 0x57, 0x21, 0x00, 0xb8, 0x57, 0x21, 0x00, 0x00, 0x00, 0x00, 0x00, /* .W!..W!..W!..... */
    0x00, 0x00, 0x00, 0x00, 0x00, 0x00, 0x00, 0x00, 0x00, 0x00, 0x00, 0x00, 0x00, 0x00, 0x00, 0x00, /* ................ */
    0x00, 0x00, 0x00, 0x00, 0xb8, 0x57, 0x21, 0x00, 0xb8, 0x57, 0x21, 0x00, 0xb8, 0x57, 0x21, 0x00, /* .....W!..W!..W!. */
    0xb8, 0x57, 0x21, 0x00, 0xb8, 0x57, 0x21, 0x00, 0x00, 0x00, 0x00, 0x00, 0x00, 0x00, 0x00, 0x00, /* .W!..W!......... */
    0x00, 0x00, 0x00, 0x00, 0x00, 0x00, 0x00, 0x00, 0x00, 0x00, 0x00, 0x00, 0x00, 0x00, 0x00, 0x00, /* ................ */
    0xb8, 0x57, 0x21, 0x00, 0xb8, 0x57, 0x21, 0x00, 0xb8, 0x57, 0x21, 0x00, 0xb8, 0x57, 0x21, 0x00, /* .W!..W!..W!..W!. */
    0xb8, 0x57, 0x21, 0x00, 0x00, 0x00, 0x00, 0x00, 0x00, 0x00, 0x00, 0x00, 0x00, 0x00, 0x00, 0x00, /* .W!............. */
    0x00, 0x00, 0x00, 0x00, 0x00, 0x00, 0x00, 0x00, 0x00, 0x00, 0x00, 0x00, 0xb8, 0x57, 0x21, 0x00, /* .............W!. */
    0xb8, 0x57, 0x21, 0x00, 0xb8, 0x57, 0x21, 0x00, 0xb8, 0x57, 0x21, 0x00, 0xb8, 0x57, 0x21, 0x00, /* .W!..W!..W!..W!. */
    0x00, 0x00, 0x00, 0x00, 0x00, 0x00, 0x00, 0x00, 0x00, 0x00, 0x00, 0x00, 0x00, 0x00, 0x00, 0x00, /* ................ */
    0x00, 0x00, 0x00, 0x00, 0x00, 0x00, 0x00, 0x00, 0xb8, 0x57, 0x21, 0x00, 0xb8, 0x57, 0x21, 0x00, /* .........W!..W!. */
    0xb8, 0x57, 0x21, 0x00, 0xb8, 0x57, 0x21, 0x00, 0xb8, 0x57, 0x21, 0x00, 0x00, 0x00, 0x00, 0x00, /* .W!..W!..W!..... */
    0x00, 0x00, 0x00, 0x00, 0x00, 0x00, 0x00, 0x00, 0x00, 0x00, 0x00, 0x00, 0x00, 0x00, 0x00, 0x00, /* ................ */
    0x00, 0x00, 0x00, 0x00, 0xb8, 0x57, 0x21, 0x00, 0xb8, 0x57, 0x21, 0x00, 0xb8, 0x57, 0x21, 0x00, /* .....W!..W!..W!. */
    0xb8, 0x57, 0x21, 0x00, 0xb8, 0x57, 0x21, 0x00, 0x00, 0x00, 0x00, 0x00, 0x00, 0x00, 0x00, 0x00, /* .W!..W!......... */
    0x00, 0x00, 0x00, 0x00, 0x00, 0x00, 0x00, 0x00, 0x00, 0x00, 0x00, 0x00, 0x00, 0x00, 0x00, 0x00, /* ................ */
    0xb8, 0x57, 0x21, 0x00, 0xb8, 0x57, 0x21, 0x00, 0xb8, 0x57, 0x21, 0x00, 0xb8, 0x57, 0x21, 0x00, /* .W!..W!..W!..W!. */
    0xb8, 0x57, 0x21, 0x00, 0x00, 0x00, 0x00, 0x00, 0x00, 0x00, 0x00, 0x00, 0x00, 0x00, 0x00, 0x00, /* .W!............. */
    0x00, 0x00, 0x00, 0x00, 0x00, 0x00, 0x00, 0x00, 0x00, 0x00, 0x00, 0x00, 0xb8, 0x57, 0x21, 0x00, /* .............W!. */
    0xb8, 0x57, 0x21, 0x00, 0xb8, 0x57, 0x21, 0x00, 0xb8, 0x57, 0x21, 0x00, 0xb8, 0x57, 0x21, 0x00, /* .W!..W!..W!..W!. */
    0x00, 0x00, 0x00, 0x00, 0x00, 0x00, 0x00, 0x00, 0x00, 0x00, 0x00, 0x00, 0x00, 0x00, 0x00, 0x00, /* ................ */
    0x00, 0x00, 0x00, 0x00, 0x00, 0x00, 0x00, 0x00, 0xb8, 0x57, 0x21, 0x00, 0xb8, 0x57, 0x21, 0x00, /* .........W!..W!. */
    0xb8, 0x57, 0x21, 0x00, 0xb8, 0x57, 0x21, 0x00, 0xb8, 0x57, 0x21, 0x00, 0x00, 0x00, 0x00, 0x00, /* .W!..W!..W!..... */
    0x00, 0x00, 0x00, 0x00, 0x00, 0x00, 0x00, 0x00, 0x00, 0x00, 0x00, 0x00, 0x00, 0x00, 0x00, 0x00, /* ................ */
    0x00, 0x00, 0x00, 0x00, 0xb8, 0x57, 0x21, 0x00, 0xb8, 0x57, 0x21, 0x00, 0xb8, 0x57, 0x21, 0x00, /* .....W!..W!..W!. */
    0xb8, 0x57, 0x21, 0x00, 0xb8, 0x57, 0x21, 0x00, 0x00, 0x00, 0x00, 0x00, 0x00, 0x00, 0x00, 0x00, /* .W!..W!......... */
    0x00, 0x00, 0x00, 0x00, 0x00, 0x00, 0x00, 0x00, 0x00, 0x00, 0x00, 0x00, 0x00, 0x00, 0x00, 0x00, /* ................ */
    0xb8, 0x57, 0x21, 0x00, 0xb8, 0x57, 0x21, 0x00, 0xb8, 0x57, 0x21, 0x00, 0xb8, 0x57, 0x21, 0x00, /* .W!..W!..W!..W!. */
    0xb8, 0x57, 0x21, 0x00, 0x00, 0x00, 0x00, 0x00, 0x00, 0x00, 0x00, 0x00, 0x00, 0x00, 0x00, 0x00, /* .W!............. */
    0x00, 0x00, 0x00, 0x00, 0x00, 0x00, 0x00, 0x00, 0x00, 0x00, 0x00, 0x00, 0xb8, 0x57, 0x21, 0x00, /* .............W!. */
    0xb8, 0x57, 0x21, 0x00, 0xb8, 0x57, 0x21, 0x00, 0xb8, 0x57, 0x21, 0x00, 0xb8, 0x57, 0x21, 0x00, /* .W!..W!..W!..W!. */
    0x00, 0x00, 0x00, 0x00, 0x00, 0x00, 0x00, 0x00, 0x00, 0x00, 0x00, 0x00, 0x00, 0x00, 0x00, 0x00, /* ................ */
    0x00, 0x00, 0x00, 0x00, 0x00, 0x00, 0x00, 0x00, 0xb8, 0x57, 0x21, 0x00, 0xb8, 0x57, 0x21, 0x00, /* .........W!..W!. */
    0xb8, 0x57, 0x21, 0x00, 0xb8, 0x57, 0x21, 0x00, 0xb8, 0x57, 0x21, 0x00, 0x00, 0x00, 0x00, 0x00, /* .W!..W!..W!..... */
    0x00, 0x00, 0x00, 0x00, 0x00, 0x00, 0x00, 0x00, 0x00, 0x00, 0x00, 0x00, 0x00, 0x00, 0x00, 0x00, /* ................ */
    0x00, 0x00, 0x00, 0x00, 0xb8, 0x57, 0x21, 0x00, 0xb8, 0x57, 0x21, 0x00, 0xb8, 0x57, 0x21, 0x00, /* .....W!..W!..W!. */
    0xb8, 0x57, 0x21, 0x00, 0xb8, 0x57, 0x21, 0x00, 0x00, 0x00, 0x00, 0x00, 0x00, 0x00, 0x00, 0x00, /* .W!..W!......... */
    0x00, 0x00, 0x00, 0x00, 0x00, 0x00, 0x00, 0x00, 0x00, 0x00, 0x00, 0x00, 0xd8, 0x81, 0x21, 0x00, /* ..............!. */
    0xec, 0x81, 0x21, 0x00, 0x00, 0x82, 0x21, 0x00, 0x00, 0x00, 0x00, 0x00, 0x14, 0x82, 0x21, 0x00, /* ..!...!.......!. */
    0x28, 0x82, 0x21, 0x00, 0x0a, 0x00, 0x00, 0x00, 0x03, 0x00, 0x00, 0x00, 0x00, 0x00, 0x00, 0x00, /* (.!............. */
    0x00, 0x00, 0x00, 0x00, 0x00, 0x00, 0x00, 0x00, 0x38, 0x82, 0x21, 0x00, 0x4c, 0x82, 0x21, 0x00, /* ........8.!.L.!. */
    0x60, 0x82, 0x21, 0x00, 0x00, 0x00, 0x00, 0x00, 0x74, 0x82, 0x21, 0x00, 0x88, 0x82, 0x21, 0x00, /* `.!.....t.!...!. */
    0x32, 0x00, 0x00, 0x00, 0x03, 0x00, 0x00, 0x00, 0x00, 0x00, 0x00, 0x00, 0x00, 0x00, 0x00, 0x00, /* 2............... */
    0x00, 0x00, 0x00, 0x00, 0x00, 0x00, 0x00, 0x00, 0x00, 0x00, 0x00, 0x00, 0x00, 0x00, 0x00, 0x00, /* ................ */
    0x00, 0x00, 0x00, 0x00, 0x00, 0x00, 0x00, 0x00, 0x00, 0x00, 0x00, 0x00, 0x00, 0x00, 0x00, 0x00, /* ................ */
    0x00, 0x00, 0x00, 0x00, 0x00, 0x00, 0x00, 0x00, 0x00, 0x00, 0x00, 0x00, 0x00, 0x00, 0x00, 0x00, /* ................ */
    0x00, 0x00, 0x00, 0x00, 0x00, 0x00, 0x00, 0x00, 0x00, 0x00, 0x00, 0x00, 0x00, 0x00, 0x00, 0x00 /* ................ */
};

/* 0x0030a340 - 128 bytes */
const unsigned char snd_roomStrings[128] = {
    0x0c, 0x8e, 0x21, 0x00, 0x14, 0x8e, 0x21, 0x00, 0x20, 0x8e, 0x21, 0x00, 0x28, 0x8e, 0x21, 0x00, /* ..!...!. .!.(.!. */
    0x34, 0x8e, 0x21, 0x00, 0x40, 0x8e, 0x21, 0x00, 0x4c, 0x8e, 0x21, 0x00, 0x58, 0x8e, 0x21, 0x00, /* 4.!.@.!.L.!.X.!. */
    0x64, 0x8e, 0x21, 0x00, 0x6c, 0x8e, 0x21, 0x00, 0x74, 0x8e, 0x21, 0x00, 0x7c, 0x8e, 0x21, 0x00, /* d.!.l.!.t.!.|.!. */
    0x8c, 0x8e, 0x21, 0x00, 0x94, 0x8e, 0x21, 0x00, 0xa4, 0x8e, 0x21, 0x00, 0xac, 0x8e, 0x21, 0x00, /* ..!...!...!...!. */
    0xb4, 0x8e, 0x21, 0x00, 0xbc, 0x8e, 0x21, 0x00, 0xc8, 0x8e, 0x21, 0x00, 0xd0, 0x8e, 0x21, 0x00, /* ..!...!...!...!. */
    0xd8, 0x8e, 0x21, 0x00, 0xe4, 0x8e, 0x21, 0x00, 0xf0, 0x8e, 0x21, 0x00, 0xfc, 0x8e, 0x21, 0x00, /* ..!...!...!...!. */
    0x04, 0x8f, 0x21, 0x00, 0x0c, 0x8f, 0x21, 0x00, 0x00, 0x00, 0x00, 0x00, 0x00, 0x00, 0x00, 0x00, /* ..!...!......... */
    0x00, 0x00, 0x00, 0x00, 0x00, 0x00, 0x00, 0x00, 0x00, 0x00, 0x00, 0x00, 0x00, 0x00, 0x00, 0x00 /* ................ */
};

/* 0x0030a3c0 - 32 bytes */
const unsigned char cmd_text[32] = {
    0x04, 0xec, 0xff, 0x00, 0x00, 0x00, 0x00, 0x00, 0x00, 0x00, 0x00, 0x00, 0x00, 0x00, 0x00, 0x00, /* ................ */
    0x00, 0x00, 0x00, 0x00, 0x00, 0x00, 0x00, 0x00, 0x00, 0x00, 0x00, 0x00, 0x00, 0x00, 0x00, 0x00 /* ................ */
};

/* 0x0030a3e0 - 32 bytes */
const unsigned char dvarOnOffStrings[32] = {
    0x24, 0x95, 0x21, 0x00, 0x28, 0x95, 0x21, 0x00, 0x00, 0x00, 0x00, 0x00, 0x00, 0x00, 0x00, 0x00, /* $.!.(.!......... */
    0x00, 0x00, 0x00, 0x00, 0x00, 0x00, 0x00, 0x00, 0x00, 0x00, 0x00, 0x00, 0x00, 0x00, 0x00, 0x00 /* ................ */
};

/* 0x0030a400 - 4 bytes */
const unsigned char fxInitialized[4] = { 0x00, 0x00, 0x00, 0x00 };

/* 0x0030a404 - 4 bytes */
const unsigned char theFxHelper[4] = { 0xa0, 0xed, 0xff, 0x00 };

/* 0x0030a408 - 4 bytes */
const unsigned char effectListNonBolt[4] = { 0x00, 0x3d, 0x4a, 0x00 };

/* 0x0030a40c - 4 bytes */
const unsigned char effectListBolt[4] = { 0x80, 0x59, 0x4a, 0x00 };

/* 0x0030a410 - 16 bytes */
const unsigned char effectClusters[16] = { 0x00, 0x76, 0x4a, 0x00, 0x00, 0x00, 0x00, 0x00, 0x00, 0x00, 0x00, 0x00, 0x00, 0x00, 0x00, 0x00 };

/* 0x0030a420 - 4 bytes */
const unsigned char defaultEffect[4] = { 0x00, 0x00, 0x00, 0x00 };

/* 0x0030a424 - 28 bytes */
const unsigned char theFxScheduler[28] = {
    0x00, 0x00, 0x00, 0x00, 0x00, 0x00, 0x00, 0x00, 0x00, 0x00, 0x00, 0x00, 0x00, 0x00, 0x00, 0x00, /* ................ */
    0x00, 0x00, 0x00, 0x00, 0x00, 0x00, 0x00, 0x00, 0x00, 0x00, 0x00, 0x00 /* ............ */
};

/* 0x0030a440 - 32 bytes */
const unsigned char g_rendererExists[32] = {
    0x01, 0x00, 0x00, 0x00, 0x00, 0x00, 0x00, 0x00, 0x00, 0x00, 0x00, 0x00, 0x00, 0x00, 0x00, 0x00, /* ................ */
    0x00, 0x00, 0x00, 0x00, 0x00, 0x00, 0x00, 0x00, 0x00, 0x00, 0x00, 0x00, 0x00, 0x00, 0x00, 0x00 /* ................ */
};

/* 0x0030a460 - 800 bytes */
const unsigned char eventnames[800] = {
    0x74, 0xa9, 0x21, 0x00, 0x7c, 0xa9, 0x21, 0x00, 0x94, 0xa9, 0x21, 0x00, 0xac, 0xa9, 0x21, 0x00, /* t.!.|.!...!...!. */
    0xc4, 0xa9, 0x21, 0x00, 0xdc, 0xa9, 0x21, 0x00, 0xf4, 0xa9, 0x21, 0x00, 0x10, 0xaa, 0x21, 0x00, /* ..!...!...!...!. */
    0x28, 0xaa, 0x21, 0x00, 0x40, 0xaa, 0x21, 0x00, 0x58, 0xaa, 0x21, 0x00, 0x70, 0xaa, 0x21, 0x00, /* (.!.@.!.X.!.p.!. */
    0x88, 0xaa, 0x21, 0x00, 0xa0, 0xaa, 0x21, 0x00, 0xb4, 0xaa, 0x21, 0x00, 0xcc, 0xaa, 0x21, 0x00, /* ..!...!...!...!. */
    0xe0, 0xaa, 0x21, 0x00, 0xf8, 0xaa, 0x21, 0x00, 0x10, 0xab, 0x21, 0x00, 0x28, 0xab, 0x21, 0x00, /* ..!...!...!.(.!. */
    0x40, 0xab, 0x21, 0x00, 0x58, 0xab, 0x21, 0x00, 0x70, 0xab, 0x21, 0x00, 0x88, 0xab, 0x21, 0x00, /* @.!.X.!.p.!...!. */
    0xa0, 0xab, 0x21, 0x00, 0xbc, 0xab, 0x21, 0x00, 0xd4, 0xab, 0x21, 0x00, 0xec, 0xab, 0x21, 0x00, /* ..!...!...!...!. */
    0x04, 0xac, 0x21, 0x00, 0x1c, 0xac, 0x21, 0x00, 0x38, 0xac, 0x21, 0x00, 0x50, 0xac, 0x21, 0x00, /* ..!...!.8.!.P.!. */
    0x68, 0xac, 0x21, 0x00, 0x84, 0xac, 0x21, 0x00, 0x9c, 0xac, 0x21, 0x00, 0xb4, 0xac, 0x21, 0x00, /* h.!...!...!...!. */
    0xcc, 0xac, 0x21, 0x00, 0xe4, 0xac, 0x21, 0x00, 0xfc, 0xac, 0x21, 0x00, 0x14, 0xad, 0x21, 0x00, /* ..!...!...!...!. */
    0x2c, 0xad, 0x21, 0x00, 0x48, 0xad, 0x21, 0x00, 0x60, 0xad, 0x21, 0x00, 0x78, 0xad, 0x21, 0x00, /* ,.!.H.!.`.!.x.!. */
    0x90, 0xad, 0x21, 0x00, 0xa8, 0xad, 0x21, 0x00, 0xc0, 0xad, 0x21, 0x00, 0xdc, 0xad, 0x21, 0x00, /* ..!...!...!...!. */
    0xf8, 0xad, 0x21, 0x00, 0x10, 0xae, 0x21, 0x00, 0x28, 0xae, 0x21, 0x00, 0x44, 0xae, 0x21, 0x00, /* ..!...!.(.!.D.!. */
    0x5c, 0xae, 0x21, 0x00, 0x78, 0xae, 0x21, 0x00, 0x90, 0xae, 0x21, 0x00, 0xa8, 0xae, 0x21, 0x00, /* \.!.x.!...!...!. */
    0xc4, 0xae, 0x21, 0x00, 0xdc, 0xae, 0x21, 0x00, 0xf4, 0xae, 0x21, 0x00, 0x10, 0xaf, 0x21, 0x00, /* ..!...!...!...!. */
    0x28, 0xaf, 0x21, 0x00, 0x40, 0xaf, 0x21, 0x00, 0x58, 0xaf, 0x21, 0x00, 0x70, 0xaf, 0x21, 0x00, /* (.!.@.!.X.!.p.!. */
    0x8c, 0xaf, 0x21, 0x00, 0xa4, 0xaf, 0x21, 0x00, 0xbc, 0xaf, 0x21, 0x00, 0xd4, 0xaf, 0x21, 0x00, /* ..!...!...!...!. */
    0xec, 0xaf, 0x21, 0x00, 0x04, 0xb0, 0x21, 0x00, 0x20, 0xb0, 0x21, 0x00, 0x30, 0xb0, 0x21, 0x00, /* ..!...!. .!.0.!. */
    0x40, 0xb0, 0x21, 0x00, 0x50, 0xb0, 0x21, 0x00, 0x60, 0xb0, 0x21, 0x00, 0x70, 0xb0, 0x21, 0x00, /* @.!.P.!.`.!.p.!. */
    0x84, 0xb0, 0x21, 0x00, 0x94, 0xb0, 0x21, 0x00, 0xa4, 0xb0, 0x21, 0x00, 0xb4, 0xb0, 0x21, 0x00, /* ..!...!...!...!. */
    0xc4, 0xb0, 0x21, 0x00, 0xd4, 0xb0, 0x21, 0x00, 0xe4, 0xb0, 0x21, 0x00, 0xf0, 0xb0, 0x21, 0x00, /* ..!...!...!...!. */
    0x00, 0xb1, 0x21, 0x00, 0x0c, 0xb1, 0x21, 0x00, 0x1c, 0xb1, 0x21, 0x00, 0x2c, 0xb1, 0x21, 0x00, /* ..!...!...!.,.!. */
    0x3c, 0xb1, 0x21, 0x00, 0x4c, 0xb1, 0x21, 0x00, 0x5c, 0xb1, 0x21, 0x00, 0x6c, 0xb1, 0x21, 0x00, /* <.!.L.!.\.!.l.!. */
    0x7c, 0xb1, 0x21, 0x00, 0x8c, 0xb1, 0x21, 0x00, 0xa0, 0xb1, 0x21, 0x00, 0xb0, 0xb1, 0x21, 0x00, /* |.!...!...!...!. */
    0xc4, 0xb1, 0x21, 0x00, 0xd8, 0xb1, 0x21, 0x00, 0xec, 0xb1, 0x21, 0x00, 0x00, 0xb2, 0x21, 0x00, /* ..!...!...!...!. */
    0x10, 0xb2, 0x21, 0x00, 0x24, 0xb2, 0x21, 0x00, 0x38, 0xb2, 0x21, 0x00, 0x4c, 0xb2, 0x21, 0x00, /* ..!.$.!.8.!.L.!. */
    0x60, 0xb2, 0x21, 0x00, 0x74, 0xb2, 0x21, 0x00, 0x84, 0xb2, 0x21, 0x00, 0x98, 0xb2, 0x21, 0x00, /* `.!.t.!...!...!. */
    0xa8, 0xb2, 0x21, 0x00, 0xbc, 0xb2, 0x21, 0x00, 0xd0, 0xb2, 0x21, 0x00, 0xe0, 0xb2, 0x21, 0x00, /* ..!...!...!...!. */
    0xf0, 0xb2, 0x21, 0x00, 0x00, 0xb3, 0x21, 0x00, 0x14, 0xb3, 0x21, 0x00, 0x24, 0xb3, 0x21, 0x00, /* ..!...!...!.$.!. */
    0x38, 0xb3, 0x21, 0x00, 0x50, 0xb3, 0x21, 0x00, 0x68, 0xb3, 0x21, 0x00, 0x80, 0xb3, 0x21, 0x00, /* 8.!.P.!.h.!...!. */
    0x98, 0xb3, 0x21, 0x00, 0xb0, 0xb3, 0x21, 0x00, 0xcc, 0xb3, 0x21, 0x00, 0xe4, 0xb3, 0x21, 0x00, /* ..!...!...!...!. */
    0xfc, 0xb3, 0x21, 0x00, 0x14, 0xb4, 0x21, 0x00, 0x2c, 0xb4, 0x21, 0x00, 0x44, 0xb4, 0x21, 0x00, /* ..!...!.,.!.D.!. */
    0x5c, 0xb4, 0x21, 0x00, 0x70, 0xb4, 0x21, 0x00, 0x88, 0xb4, 0x21, 0x00, 0x9c, 0xb4, 0x21, 0x00, /* \.!.p.!...!...!. */
    0xb4, 0xb4, 0x21, 0x00, 0xcc, 0xb4, 0x21, 0x00, 0xe4, 0xb4, 0x21, 0x00, 0xfc, 0xb4, 0x21, 0x00, /* ..!...!...!...!. */
    0x14, 0xb5, 0x21, 0x00, 0x2c, 0xb5, 0x21, 0x00, 0x44, 0xb5, 0x21, 0x00, 0x5c, 0xb5, 0x21, 0x00, /* ..!.,.!.D.!.\.!. */
    0x70, 0xb5, 0x21, 0x00, 0x88, 0xb5, 0x21, 0x00, 0xa0, 0xb5, 0x21, 0x00, 0xb8, 0xb5, 0x21, 0x00, /* p.!...!...!...!. */
    0xc8, 0xb5, 0x21, 0x00, 0xd8, 0xb5, 0x21, 0x00, 0xe8, 0xb5, 0x21, 0x00, 0xf4, 0xb5, 0x21, 0x00, /* ..!...!...!...!. */
    0x04, 0xb6, 0x21, 0x00, 0x18, 0xb6, 0x21, 0x00, 0x28, 0xb6, 0x21, 0x00, 0x34, 0xb6, 0x21, 0x00, /* ..!...!.(.!.4.!. */
    0x4c, 0xb6, 0x21, 0x00, 0x5c, 0xb6, 0x21, 0x00, 0x6c, 0xb6, 0x21, 0x00, 0x7c, 0xb6, 0x21, 0x00, /* L.!.\.!.l.!.|.!. */
    0x90, 0xb6, 0x21, 0x00, 0xa0, 0xb6, 0x21, 0x00, 0xb4, 0xb6, 0x21, 0x00, 0xc4, 0xb6, 0x21, 0x00, /* ..!...!...!...!. */
    0xd4, 0xb6, 0x21, 0x00, 0xec, 0xb6, 0x21, 0x00, 0x00, 0xb7, 0x21, 0x00, 0x10, 0xb7, 0x21, 0x00, /* ..!...!...!...!. */
    0x20, 0xb7, 0x21, 0x00, 0x30, 0xb7, 0x21, 0x00, 0x40, 0xb7, 0x21, 0x00, 0x50, 0xb7, 0x21, 0x00, /*  .!.0.!.@.!.P.!. */
    0x64, 0xb7, 0x21, 0x00, 0x78, 0xb7, 0x21, 0x00, 0x8c, 0xb7, 0x21, 0x00, 0xa0, 0xb7, 0x21, 0x00, /* d.!.x.!...!...!. */
    0xb8, 0xb7, 0x21, 0x00, 0xcc, 0xb7, 0x21, 0x00, 0xdc, 0xb7, 0x21, 0x00, 0xec, 0xb7, 0x21, 0x00, /* ..!...!...!...!. */
    0x00, 0xb8, 0x21, 0x00, 0x18, 0xb8, 0x21, 0x00, 0x30, 0xb8, 0x21, 0x00, 0x44, 0xb8, 0x21, 0x00, /* ..!...!.0.!.D.!. */
    0x54, 0xb8, 0x21, 0x00, 0x70, 0xb8, 0x21, 0x00, 0x84, 0xb8, 0x21, 0x00, 0x98, 0xb8, 0x21, 0x00, /* T.!.p.!...!...!. */
    0xa8, 0xb8, 0x21, 0x00, 0xbc, 0xb8, 0x21, 0x00, 0xd8, 0xb8, 0x21, 0x00, 0xf4, 0xb8, 0x21, 0x00, /* ..!...!...!...!. */
    0x08, 0xb9, 0x21, 0x00, 0x1c, 0xb9, 0x21, 0x00, 0x30, 0xb9, 0x21, 0x00, 0x4c, 0xb9, 0x21, 0x00, /* ..!...!.0.!.L.!. */
    0x60, 0xb9, 0x21, 0x00, 0x7c, 0xb9, 0x21, 0x00, 0x88, 0xb9, 0x21, 0x00, 0x94, 0xb9, 0x21, 0x00, /* `.!.|.!...!...!. */
    0xa8, 0xb9, 0x21, 0x00, 0xb8, 0xb9, 0x21, 0x00, 0xcc, 0xb9, 0x21, 0x00, 0x00, 0x00, 0x00, 0x00 /* ..!...!...!..... */
};

/* 0x0030a780 - 32 bytes */
const unsigned char pmoveHandlers[32] = {
    0x84, 0xc2, 0x1d, 0x00, 0x32, 0xb1, 0x1d, 0x00, 0x00, 0x00, 0x00, 0x00, 0x2c, 0xcb, 0x1a, 0x00, /* ....2.......,... */
    0x2a, 0xd9, 0x1b, 0x00, 0x46, 0x06, 0x1a, 0x00, 0x00, 0x00, 0x00, 0x00, 0x00, 0x00, 0x00, 0x00 /* *...F........... */
};

/* 0x0030a7a0 - 128 bytes */
const unsigned char viewLerp_CrouchStand[128] = {
    0x00, 0x00, 0x00, 0x00, 0x00, 0x00, 0x20, 0x42, 0x00, 0x00, 0x00, 0x00, 0x05, 0x00, 0x00, 0x00, /* ...... B........ */
    0x00, 0x00, 0x22, 0x42, 0x00, 0x00, 0x00, 0x00, 0x0a, 0x00, 0x00, 0x00, 0x00, 0x00, 0x26, 0x42, /* .."B..........&B */
    0x00, 0x00, 0x00, 0x00, 0x14, 0x00, 0x00, 0x00, 0x00, 0x00, 0x30, 0x42, 0x00, 0x00, 0x00, 0x00, /* ..........0B.... */
    0x46, 0x00, 0x00, 0x00, 0x00, 0x00, 0x60, 0x42, 0x00, 0x00, 0x00, 0x00, 0x60, 0x00, 0x00, 0x00, /* F.....`B....`... */
    0x00, 0x00, 0x6a, 0x42, 0x00, 0x00, 0x00, 0x00, 0x63, 0x00, 0x00, 0x00, 0x00, 0x00, 0x6e, 0x42, /* ..jB....c.....nB */
    0x00, 0x00, 0x00, 0x00, 0x64, 0x00, 0x00, 0x00, 0x00, 0x00, 0x70, 0x42, 0x00, 0x00, 0x00, 0x00, /* ....d.....pB.... */
    0xff, 0xff, 0xff, 0xff, 0x00, 0x00, 0x00, 0x00, 0x00, 0x00, 0x00, 0x00, 0x00, 0x00, 0x00, 0x00, /* ................ */
    0x00, 0x00, 0x00, 0x00, 0x00, 0x00, 0x00, 0x00, 0x00, 0x00, 0x00, 0x00, 0x00, 0x00, 0x00, 0x00 /* ................ */
};

/* 0x0030a820 - 96 bytes */
const unsigned char viewLerp_ProneCrouch[96] = {
    0x00, 0x00, 0x00, 0x00, 0x00, 0x00, 0x30, 0x41, 0x00, 0x00, 0x00, 0x00, 0x05, 0x00, 0x00, 0x00, /* ......0A........ */
    0x00, 0x00, 0x20, 0x41, 0x00, 0x00, 0x00, 0x00, 0x1e, 0x00, 0x00, 0x00, 0x00, 0x00, 0xa8, 0x41, /* .. A...........A */
    0x00, 0x00, 0x00, 0x00, 0x32, 0x00, 0x00, 0x00, 0x00, 0x00, 0xc8, 0x41, 0x00, 0x00, 0x00, 0x00, /* ....2......A.... */
    0x43, 0x00, 0x00, 0x00, 0x00, 0x00, 0xf8, 0x41, 0x00, 0x00, 0x00, 0x00, 0x53, 0x00, 0x00, 0x00, /* C......A....S... */
    0x00, 0x00, 0x08, 0x42, 0x00, 0x00, 0x00, 0x00, 0x64, 0x00, 0x00, 0x00, 0x00, 0x00, 0x20, 0x42, /* ...B....d..... B */
    0x00, 0x00, 0x00, 0x00, 0xff, 0xff, 0xff, 0xff, 0x00, 0x00, 0x00, 0x00, 0x00, 0x00, 0x00, 0x00 /* ................ */
};

/* 0x0030a880 - 128 bytes */
const unsigned char viewLerp_StandCrouch[128] = {
    0x00, 0x00, 0x00, 0x00, 0x00, 0x00, 0x70, 0x42, 0x00, 0x00, 0x00, 0x00, 0x01, 0x00, 0x00, 0x00, /* ......pB........ */
    0x00, 0x00, 0x6e, 0x42, 0x00, 0x00, 0x00, 0x00, 0x04, 0x00, 0x00, 0x00, 0x00, 0x00, 0x6a, 0x42, /* ..nB..........jB */
    0x00, 0x00, 0x00, 0x00, 0x1e, 0x00, 0x00, 0x00, 0x00, 0x00, 0x60, 0x42, 0x00, 0x00, 0x00, 0x00, /* ..........`B.... */
    0x50, 0x00, 0x00, 0x00, 0x00, 0x00, 0x30, 0x42, 0x00, 0x00, 0x00, 0x00, 0x5a, 0x00, 0x00, 0x00, /* P.....0B....Z... */
    0x00, 0x00, 0x26, 0x42, 0x00, 0x00, 0x00, 0x00, 0x5f, 0x00, 0x00, 0x00, 0x00, 0x00, 0x22, 0x42, /* ..&B...._....."B */
    0x00, 0x00, 0x00, 0x00, 0x64, 0x00, 0x00, 0x00, 0x00, 0x00, 0x20, 0x42, 0x00, 0x00, 0x00, 0x00, /* ....d..... B.... */
    0xff, 0xff, 0xff, 0xff, 0x00, 0x00, 0x00, 0x00, 0x00, 0x00, 0x00, 0x00, 0x00, 0x00, 0x00, 0x00, /* ................ */
    0x00, 0x00, 0x00, 0x00, 0x00, 0x00, 0x00, 0x00, 0x00, 0x00, 0x00, 0x00, 0x00, 0x00, 0x00, 0x00 /* ................ */
};

/* 0x0030a900 - 160 bytes */
const unsigned char viewLerp_CrouchProne[160] = {
    0x00, 0x00, 0x00, 0x00, 0x00, 0x00, 0x20, 0x42, 0x00, 0x00, 0x00, 0x00, 0x0b, 0x00, 0x00, 0x00, /* ...... B........ */
    0x00, 0x00, 0x18, 0x42, 0x00, 0x00, 0x00, 0x00, 0x16, 0x00, 0x00, 0x00, 0x00, 0x00, 0x04, 0x42, /* ...B...........B */
    0x00, 0x00, 0x00, 0x00, 0x22, 0x00, 0x00, 0x00, 0x00, 0x00, 0xc8, 0x41, 0x00, 0x00, 0x00, 0x00, /* ...."......A.... */
    0x2d, 0x00, 0x00, 0x00, 0x00, 0x00, 0x80, 0x41, 0x00, 0x00, 0x00, 0x00, 0x32, 0x00, 0x00, 0x00, /* -......A....2... */
    0x00, 0x00, 0x70, 0x41, 0x00, 0x00, 0x00, 0x00, 0x37, 0x00, 0x00, 0x00, 0x00, 0x00, 0x80, 0x41, /* ..pA....7......A */
    0x00, 0x00, 0x00, 0x00, 0x46, 0x00, 0x00, 0x00, 0x00, 0x00, 0x90, 0x41, 0x00, 0x00, 0x00, 0x00, /* ....F......A.... */
    0x5a, 0x00, 0x00, 0x00, 0x00, 0x00, 0x88, 0x41, 0x00, 0x00, 0x00, 0x00, 0x64, 0x00, 0x00, 0x00, /* Z......A....d... */
    0x00, 0x00, 0x30, 0x41, 0x00, 0x00, 0x00, 0x00, 0xff, 0xff, 0xff, 0xff, 0x00, 0x00, 0x00, 0x00, /* ..0A............ */
    0x00, 0x00, 0x00, 0x00, 0x00, 0x00, 0x00, 0x00, 0x00, 0x00, 0x00, 0x00, 0x00, 0x00, 0x00, 0x00, /* ................ */
    0x00, 0x00, 0x00, 0x00, 0x00, 0x00, 0x00, 0x00, 0x00, 0x00, 0x00, 0x00, 0x00, 0x00, 0x00, 0x00 /* ................ */
};

/* 0x0030a9a0 - 32 bytes */
const unsigned char bg_iNumWeapons[32] = {
    0x00, 0x00, 0x00, 0x00, 0x00, 0x00, 0x00, 0x00, 0x00, 0x00, 0x00, 0x00, 0x00, 0x00, 0x00, 0x00, /* ................ */
    0x00, 0x00, 0x00, 0x00, 0x00, 0x00, 0x00, 0x00, 0x00, 0x00, 0x00, 0x00, 0x00, 0x00, 0x00, 0x00 /* ................ */
};

/* 0x0030a9c0 - 32 bytes */
const unsigned char g_EndPos[32] = {
    0x00, 0x00, 0x00, 0x00, 0x00, 0x00, 0x00, 0x00, 0x00, 0x00, 0x00, 0x00, 0x00, 0x00, 0x00, 0x00, /* ................ */
    0x00, 0x00, 0x00, 0x00, 0x00, 0x00, 0x00, 0x00, 0x00, 0x00, 0x00, 0x00, 0x00, 0x00, 0x00, 0x00 /* ................ */
};

/* 0x0030a9e0 - 96 bytes */
const unsigned char var_typename[96] = {
    0x3c, 0xd2, 0x21, 0x00, 0x48, 0xd2, 0x21, 0x00, 0x50, 0xd2, 0x21, 0x00, 0x58, 0xd2, 0x21, 0x00, /* <.!.H.!.P.!.X.!. */
    0x6c, 0xd2, 0x21, 0x00, 0x74, 0xd2, 0x21, 0x00, 0x7c, 0xd2, 0x21, 0x00, 0x80, 0xd2, 0x21, 0x00, /* l.!.t.!.|.!...!. */
    0x88, 0xd2, 0x21, 0x00, 0x94, 0xd2, 0x21, 0x00, 0xa0, 0xd2, 0x21, 0x00, 0xa8, 0xd2, 0x21, 0x00, /* ..!...!...!...!. */
    0xb4, 0xd2, 0x21, 0x00, 0xc8, 0xd2, 0x21, 0x00, 0xd8, 0xd2, 0x21, 0x00, 0xe4, 0xd2, 0x21, 0x00, /* ..!...!...!...!. */
    0xe4, 0xd2, 0x21, 0x00, 0xe4, 0xd2, 0x21, 0x00, 0xe4, 0xd2, 0x21, 0x00, 0xec, 0xd2, 0x21, 0x00, /* ..!...!...!...!. */
    0xf4, 0xd2, 0x21, 0x00, 0x04, 0xd3, 0x21, 0x00, 0x0c, 0xd3, 0x21, 0x00, 0x14, 0xd3, 0x21, 0x00 /* ..!...!...!...!. */
};

/* 0x0030aa40 - 64 bytes */
const unsigned char g_classMap[64] = {
    0x00, 0x00, 0x00, 0x00, 0x65, 0x00, 0x00, 0x00, 0x04, 0xd3, 0x21, 0x00, 0x00, 0x00, 0x00, 0x00, /* ....e.....!..... */
    0x68, 0x00, 0x00, 0x00, 0x24, 0xd3, 0x21, 0x00, 0x00, 0x00, 0x00, 0x00, 0x70, 0x00, 0x00, 0x00, /* h...$.!.....p... */
    0x2c, 0xd3, 0x21, 0x00, 0x00, 0x00, 0x00, 0x00, 0x76, 0x00, 0x00, 0x00, 0x38, 0xd3, 0x21, 0x00, /* ,.!.....v...8.!. */
    0x00, 0x00, 0x00, 0x00, 0x00, 0x00, 0x00, 0x00, 0x00, 0x00, 0x00, 0x00, 0x00, 0x00, 0x00, 0x00 /* ................ */
};

/* 0x0030aa80 - 32 bytes */
const unsigned char propertyNames[32] = {
    0x64, 0xdd, 0x21, 0x00, 0x70, 0xdd, 0x21, 0x00, 0x7c, 0xdd, 0x21, 0x00, 0x00, 0x00, 0x00, 0x00, /* d.!.p.!.|.!..... */
    0x00, 0x00, 0x00, 0x00, 0x00, 0x00, 0x00, 0x00, 0x00, 0x00, 0x00, 0x00, 0x00, 0x00, 0x00, 0x00 /* ................ */
};

/* 0x0030aaa0 - 96 bytes */
const unsigned char s_mantleTrans[96] = {
    0x01, 0x00, 0x00, 0x00, 0x08, 0x00, 0x00, 0x00, 0x00, 0x00, 0x64, 0x42, 0x02, 0x00, 0x00, 0x00, /* ..........dB.... */
    0x08, 0x00, 0x00, 0x00, 0x00, 0x00, 0x4c, 0x42, 0x03, 0x00, 0x00, 0x00, 0x09, 0x00, 0x00, 0x00, /* ......LB........ */
    0x00, 0x00, 0x34, 0x42, 0x04, 0x00, 0x00, 0x00, 0x09, 0x00, 0x00, 0x00, 0x00, 0x00, 0x1c, 0x42, /* ..4B...........B */
    0x05, 0x00, 0x00, 0x00, 0x09, 0x00, 0x00, 0x00, 0x00, 0x00, 0x04, 0x42, 0x06, 0x00, 0x00, 0x00, /* ...........B.... */
    0x0a, 0x00, 0x00, 0x00, 0x00, 0x00, 0xd8, 0x41, 0x07, 0x00, 0x00, 0x00, 0x0a, 0x00, 0x00, 0x00, /* .......A........ */
    0x00, 0x00, 0xa8, 0x41, 0x00, 0x00, 0x00, 0x00, 0x00, 0x00, 0x00, 0x00, 0x00, 0x00, 0x00, 0x00 /* ...A............ */
};

/* 0x0030ab00 - 64 bytes */
const unsigned char s_mantleAnimNames[64] = {
    0xa4, 0xdf, 0x21, 0x00, 0xb4, 0xdf, 0x21, 0x00, 0xc4, 0xdf, 0x21, 0x00, 0xd4, 0xdf, 0x21, 0x00, /* ..!...!...!...!. */
    0xe4, 0xdf, 0x21, 0x00, 0xf4, 0xdf, 0x21, 0x00, 0x04, 0xe0, 0x21, 0x00, 0x14, 0xe0, 0x21, 0x00, /* ..!...!...!...!. */
    0x24, 0xe0, 0x21, 0x00, 0x38, 0xe0, 0x21, 0x00, 0x4c, 0xe0, 0x21, 0x00, 0x00, 0x00, 0x00, 0x00, /* $.!.8.!.L.!..... */
    0x00, 0x00, 0x00, 0x00, 0x00, 0x00, 0x00, 0x00, 0x00, 0x00, 0x00, 0x00, 0x00, 0x00, 0x00, 0x00 /* ................ */
};

/* 0x0030ab40 - 32 bytes */
const unsigned char __ZN11FxBoltFrame12g_mFrameListE[32] = {
    0x00, 0x00, 0x00, 0x00, 0x00, 0x00, 0x00, 0x00, 0x00, 0x00, 0x00, 0x00, 0x00, 0x00, 0x00, 0x00, /* ................ */
    0x00, 0x00, 0x00, 0x00, 0x00, 0x00, 0x00, 0x00, 0x00, 0x00, 0x00, 0x00, 0x00, 0x00, 0x00, 0x00 /* ................ */
};

/* 0x0030ab60 - 18912 bytes */
const unsigned char g_parse[18912] = {
    0x00, 0x00, 0x00, 0x00, 0x00, 0x00, 0x00, 0x00, 0x00, 0x00, 0x00, 0x00, 0x00, 0x00, 0x00, 0x00, /* ................ */
    0x00, 0x00, 0x00, 0x00, 0x00, 0x00, 0x00, 0x00, 0x00, 0x00, 0x00, 0x00, 0x00, 0x00, 0x00, 0x00, /* ................ */
    0x00, 0x00, 0x00, 0x00, 0x00, 0x00, 0x00, 0x00, 0x00, 0x00, 0x00, 0x00, 0x00, 0x00, 0x00, 0x00, /* ................ */
    0x00, 0x00, 0x00, 0x00, 0x00, 0x00, 0x00, 0x00, 0x00, 0x00, 0x00, 0x00, 0x00, 0x00, 0x00, 0x00, /* ................ */
    0x00, 0x00, 0x00, 0x00, 0x00, 0x00, 0x00, 0x00, 0x00, 0x00, 0x00, 0x00, 0x00, 0x00, 0x00, 0x00, /* ................ */
    0x00, 0x00, 0x00, 0x00, 0x00, 0x00, 0x00, 0x00, 0x00, 0x00, 0x00, 0x00, 0x00, 0x00, 0x00, 0x00, /* ................ */
    0x00, 0x00, 0x00, 0x00, 0x00, 0x00, 0x00, 0x00, 0x00, 0x00, 0x00, 0x00, 0x00, 0x00, 0x00, 0x00, /* ................ */
    0x00, 0x00, 0x00, 0x00, 0x00, 0x00, 0x00, 0x00, 0x00, 0x00, 0x00, 0x00, 0x00, 0x00, 0x00, 0x00, /* ................ */
    0x00, 0x00, 0x00, 0x00, 0x00, 0x00, 0x00, 0x00, 0x00, 0x00, 0x00, 0x00, 0x00, 0x00, 0x00, 0x00, /* ................ */
    0x00, 0x00, 0x00, 0x00, 0x00, 0x00, 0x00, 0x00, 0x00, 0x00, 0x00, 0x00, 0x00, 0x00, 0x00, 0x00, /* ................ */
    0x00, 0x00, 0x00, 0x00, 0x00, 0x00, 0x00, 0x00, 0x00, 0x00, 0x00, 0x00, 0x00, 0x00, 0x00, 0x00, /* ................ */
    0x00, 0x00, 0x00, 0x00, 0x00, 0x00, 0x00, 0x00, 0x00, 0x00, 0x00, 0x00, 0x00, 0x00, 0x00, 0x00, /* ................ */
    0x00, 0x00, 0x00, 0x00, 0x00, 0x00, 0x00, 0x00, 0x00, 0x00, 0x00, 0x00, 0x00, 0x00, 0x00, 0x00, /* ................ */
    0x00, 0x00, 0x00, 0x00, 0x00, 0x00, 0x00, 0x00, 0x00, 0x00, 0x00, 0x00, 0x00, 0x00, 0x00, 0x00, /* ................ */
    0x00, 0x00, 0x00, 0x00, 0x00, 0x00, 0x00, 0x00, 0x00, 0x00, 0x00, 0x00, 0x00, 0x00, 0x00, 0x00, /* ................ */
    0x00, 0x00, 0x00, 0x00, 0x00, 0x00, 0x00, 0x00, 0x00, 0x00, 0x00, 0x00, 0x00, 0x00, 0x00, 0x00, /* ................ */
    0x00, 0x00, 0x00, 0x00, 0x00, 0x00, 0x00, 0x00, 0x00, 0x00, 0x00, 0x00, 0x00, 0x00, 0x00, 0x00, /* ................ */
    0x00, 0x00, 0x00, 0x00, 0x00, 0x00, 0x00, 0x00, 0x00, 0x00, 0x00, 0x00, 0x00, 0x00, 0x00, 0x00, /* ................ */
    0x00, 0x00, 0x00, 0x00, 0x00, 0x00, 0x00, 0x00, 0x00, 0x00, 0x00, 0x00, 0x00, 0x00, 0x00, 0x00, /* ................ */
    0x00, 0x00, 0x00, 0x00, 0x00, 0x00, 0x00, 0x00, 0x00, 0x00, 0x00, 0x00, 0x00, 0x00, 0x00, 0x00, /* ................ */
    0x00, 0x00, 0x00, 0x00, 0x00, 0x00, 0x00, 0x00, 0x00, 0x00, 0x00, 0x00, 0x00, 0x00, 0x00, 0x00, /* ................ */
    0x00, 0x00, 0x00, 0x00, 0x00, 0x00, 0x00, 0x00, 0x00, 0x00, 0x00, 0x00, 0x00, 0x00, 0x00, 0x00, /* ................ */
    0x00, 0x00, 0x00, 0x00, 0x00, 0x00, 0x00, 0x00, 0x00, 0x00, 0x00, 0x00, 0x00, 0x00, 0x00, 0x00, /* ................ */
    0x00, 0x00, 0x00, 0x00, 0x00, 0x00, 0x00, 0x00, 0x00, 0x00, 0x00, 0x00, 0x00, 0x00, 0x00, 0x00, /* ................ */
    0x00, 0x00, 0x00, 0x00, 0x00, 0x00, 0x00, 0x00, 0x00, 0x00, 0x00, 0x00, 0x00, 0x00, 0x00, 0x00, /* ................ */
    0x00, 0x00, 0x00, 0x00, 0x00, 0x00, 0x00, 0x00, 0x00, 0x00, 0x00, 0x00, 0x00, 0x00, 0x00, 0x00, /* ................ */
    0x00, 0x00, 0x00, 0x00, 0x00, 0x00, 0x00, 0x00, 0x00, 0x00, 0x00, 0x00, 0x00, 0x00, 0x00, 0x00, /* ................ */
    0x00, 0x00, 0x00, 0x00, 0x00, 0x00, 0x00, 0x00, 0x00, 0x00, 0x00, 0x00, 0x00, 0x00, 0x00, 0x00, /* ................ */
    0x00, 0x00, 0x00, 0x00, 0x00, 0x00, 0x00, 0x00, 0x00, 0x00, 0x00, 0x00, 0x00, 0x00, 0x00, 0x00, /* ................ */
    0x00, 0x00, 0x00, 0x00, 0x00, 0x00, 0x00, 0x00, 0x00, 0x00, 0x00, 0x00, 0x00, 0x00, 0x00, 0x00, /* ................ */
    0x00, 0x00, 0x00, 0x00, 0x00, 0x00, 0x00, 0x00, 0x00, 0x00, 0x00, 0x00, 0x00, 0x00, 0x00, 0x00, /* ................ */
    0x00, 0x00, 0x00, 0x00, 0x00, 0x00, 0x00, 0x00, 0x00, 0x00, 0x00, 0x00, 0x00, 0x00, 0x00, 0x00, /* ................ */
    0x00, 0x00, 0x00, 0x00, 0x00, 0x00, 0x00, 0x00, 0x00, 0x00, 0x00, 0x00, 0x00, 0x00, 0x00, 0x00, /* ................ */
    0x00, 0x00, 0x00, 0x00, 0x00, 0x00, 0x00, 0x00, 0x00, 0x00, 0x00, 0x00, 0x00, 0x00, 0x00, 0x00, /* ................ */
    0x00, 0x00, 0x00, 0x00, 0x00, 0x00, 0x00, 0x00, 0x00, 0x00, 0x00, 0x00, 0x00, 0x00, 0x00, 0x00, /* ................ */
    0x00, 0x00, 0x00, 0x00, 0x00, 0x00, 0x00, 0x00, 0x00, 0x00, 0x00, 0x00, 0x00, 0x00, 0x00, 0x00, /* ................ */
    0x00, 0x00, 0x00, 0x00, 0x00, 0x00, 0x00, 0x00, 0x00, 0x00, 0x00, 0x00, 0x00, 0x00, 0x00, 0x00, /* ................ */
    0x00, 0x00, 0x00, 0x00, 0x00, 0x00, 0x00, 0x00, 0x00, 0x00, 0x00, 0x00, 0x00, 0x00, 0x00, 0x00, /* ................ */
    0x00, 0x00, 0x00, 0x00, 0x00, 0x00, 0x00, 0x00, 0x00, 0x00, 0x00, 0x00, 0x00, 0x00, 0x00, 0x00, /* ................ */
    0x00, 0x00, 0x00, 0x00, 0x00, 0x00, 0x00, 0x00, 0x00, 0x00, 0x00, 0x00, 0x00, 0x00, 0x00, 0x00, /* ................ */
    0x00, 0x00, 0x00, 0x00, 0x00, 0x00, 0x00, 0x00, 0x00, 0x00, 0x00, 0x00, 0x00, 0x00, 0x00, 0x00, /* ................ */
    0x00, 0x00, 0x00, 0x00, 0x00, 0x00, 0x00, 0x00, 0x00, 0x00, 0x00, 0x00, 0x00, 0x00, 0x00, 0x00, /* ................ */
    0x00, 0x00, 0x00, 0x00, 0x00, 0x00, 0x00, 0x00, 0x00, 0x00, 0x00, 0x00, 0x00, 0x00, 0x00, 0x00, /* ................ */
    0x00, 0x00, 0x00, 0x00, 0x00, 0x00, 0x00, 0x00, 0x00, 0x00, 0x00, 0x00, 0x00, 0x00, 0x00, 0x00, /* ................ */
    0x00, 0x00, 0x00, 0x00, 0x00, 0x00, 0x00, 0x00, 0x00, 0x00, 0x00, 0x00, 0x00, 0x00, 0x00, 0x00, /* ................ */
    0x00, 0x00, 0x00, 0x00, 0x00, 0x00, 0x00, 0x00, 0x00, 0x00, 0x00, 0x00, 0x00, 0x00, 0x00, 0x00, /* ................ */
    0x00, 0x00, 0x00, 0x00, 0x00, 0x00, 0x00, 0x00, 0x00, 0x00, 0x00, 0x00, 0x00, 0x00, 0x00, 0x00, /* ................ */
    0x00, 0x00, 0x00, 0x00, 0x00, 0x00, 0x00, 0x00, 0x00, 0x00, 0x00, 0x00, 0x00, 0x00, 0x00, 0x00, /* ................ */
    0x00, 0x00, 0x00, 0x00, 0x00, 0x00, 0x00, 0x00, 0x00, 0x00, 0x00, 0x00, 0x00, 0x00, 0x00, 0x00, /* ................ */
    0x00, 0x00, 0x00, 0x00, 0x00, 0x00, 0x00, 0x00, 0x00, 0x00, 0x00, 0x00, 0x00, 0x00, 0x00, 0x00, /* ................ */
    0x00, 0x00, 0x00, 0x00, 0x00, 0x00, 0x00, 0x00, 0x00, 0x00, 0x00, 0x00, 0x00, 0x00, 0x00, 0x00, /* ................ */
    0x00, 0x00, 0x00, 0x00, 0x00, 0x00, 0x00, 0x00, 0x00, 0x00, 0x00, 0x00, 0x00, 0x00, 0x00, 0x00, /* ................ */
    0x00, 0x00, 0x00, 0x00, 0x00, 0x00, 0x00, 0x00, 0x00, 0x00, 0x00, 0x00, 0x00, 0x00, 0x00, 0x00, /* ................ */
    0x00, 0x00, 0x00, 0x00, 0x00, 0x00, 0x00, 0x00, 0x00, 0x00, 0x00, 0x00, 0x00, 0x00, 0x00, 0x00, /* ................ */
    0x00, 0x00, 0x00, 0x00, 0x00, 0x00, 0x00, 0x00, 0x00, 0x00, 0x00, 0x00, 0x00, 0x00, 0x00, 0x00, /* ................ */
    0x00, 0x00, 0x00, 0x00, 0x00, 0x00, 0x00, 0x00, 0x00, 0x00, 0x00, 0x00, 0x00, 0x00, 0x00, 0x00, /* ................ */
    0x00, 0x00, 0x00, 0x00, 0x00, 0x00, 0x00, 0x00, 0x00, 0x00, 0x00, 0x00, 0x00, 0x00, 0x00, 0x00, /* ................ */
    0x00, 0x00, 0x00, 0x00, 0x00, 0x00, 0x00, 0x00, 0x00, 0x00, 0x00, 0x00, 0x00, 0x00, 0x00, 0x00, /* ................ */
    0x00, 0x00, 0x00, 0x00, 0x00, 0x00, 0x00, 0x00, 0x00, 0x00, 0x00, 0x00, 0x00, 0x00, 0x00, 0x00, /* ................ */
    0x00, 0x00, 0x00, 0x00, 0x00, 0x00, 0x00, 0x00, 0x00, 0x00, 0x00, 0x00, 0x00, 0x00, 0x00, 0x00, /* ................ */
    0x00, 0x00, 0x00, 0x00, 0x00, 0x00, 0x00, 0x00, 0x00, 0x00, 0x00, 0x00, 0x00, 0x00, 0x00, 0x00, /* ................ */
    0x00, 0x00, 0x00, 0x00, 0x00, 0x00, 0x00, 0x00, 0x00, 0x00, 0x00, 0x00, 0x00, 0x00, 0x00, 0x00, /* ................ */
    0x00, 0x00, 0x00, 0x00, 0x00, 0x00, 0x00, 0x00, 0x00, 0x00, 0x00, 0x00, 0x00, 0x00, 0x00, 0x00, /* ................ */
    0x00, 0x00, 0x00, 0x00, 0x00, 0x00, 0x00, 0x00, 0x00, 0x00, 0x00, 0x00, 0x00, 0x00, 0x00, 0x00, /* ................ */
    0x01, 0x00, 0x00, 0x00, 0x00, 0x01, 0x00, 0x00, 0x01, 0x00, 0x00, 0x00, 0xb8, 0x57, 0x21, 0x00, /* .............W!. */
    0xb8, 0x57, 0x21, 0x00, 0x01, 0x00, 0x00, 0x00, 0x00, 0x00, 0x00, 0x00, 0x00, 0x00, 0x00, 0x00, /* .W!............. */
    0x00, 0x00, 0x00, 0x00, 0x00, 0x00, 0x00, 0x00, 0x00, 0x00, 0x00, 0x00, 0x00, 0x00, 0x00, 0x00, /* ................ */
    0x00, 0x00, 0x00, 0x00, 0x00, 0x00, 0x00, 0x00, 0x00, 0x00, 0x00, 0x00, 0x00, 0x00, 0x00, 0x00, /* ................ */
    0x00, 0x00, 0x00, 0x00, 0x00, 0x00, 0x00, 0x00, 0x00, 0x00, 0x00, 0x00, 0x00, 0x00, 0x00, 0x00, /* ................ */
    0x00, 0x00, 0x00, 0x00, 0x00, 0x00, 0x00, 0x00, 0x00, 0x00, 0x00, 0x00, 0x00, 0x00, 0x00, 0x00, /* ................ */
    0x00, 0x00, 0x00, 0x00, 0x00, 0x00, 0x00, 0x00, 0x00, 0x00, 0x00, 0x00, 0x00, 0x00, 0x00, 0x00, /* ................ */
    0x00, 0x00, 0x00, 0x00, 0x00, 0x00, 0x00, 0x00, 0x00, 0x00, 0x00, 0x00, 0x00, 0x00, 0x00, 0x00, /* ................ */
    0x00, 0x00, 0x00, 0x00, 0x00, 0x00, 0x00, 0x00, 0x00, 0x00, 0x00, 0x00, 0x00, 0x00, 0x00, 0x00, /* ................ */
    0x00, 0x00, 0x00, 0x00, 0x00, 0x00, 0x00, 0x00, 0x00, 0x00, 0x00, 0x00, 0x00, 0x00, 0x00, 0x00, /* ................ */
    0x00, 0x00, 0x00, 0x00, 0x00, 0x00, 0x00, 0x00, 0x00, 0x00, 0x00, 0x00, 0x00, 0x00, 0x00, 0x00, /* ................ */
    0x00, 0x00, 0x00, 0x00, 0x00, 0x00, 0x00, 0x00, 0x00, 0x00, 0x00, 0x00, 0x00, 0x00, 0x00, 0x00, /* ................ */
    0x00, 0x00, 0x00, 0x00, 0x00, 0x00, 0x00, 0x00, 0x00, 0x00, 0x00, 0x00, 0x00, 0x00, 0x00, 0x00, /* ................ */
    0x00, 0x00, 0x00, 0x00, 0x00, 0x00, 0x00, 0x00, 0x00, 0x00, 0x00, 0x00, 0x00, 0x00, 0x00, 0x00, /* ................ */
    0x00, 0x00, 0x00, 0x00, 0x00, 0x00, 0x00, 0x00, 0x00, 0x00, 0x00, 0x00, 0x00, 0x00, 0x00, 0x00, /* ................ */
    0x00, 0x00, 0x00, 0x00, 0x00, 0x00, 0x00, 0x00, 0x00, 0x00, 0x00, 0x00, 0x00, 0x00, 0x00, 0x00, /* ................ */
    0x00, 0x00, 0x00, 0x00, 0x00, 0x00, 0x00, 0x00, 0x00, 0x00, 0x00, 0x00, 0x00, 0x00, 0x00, 0x00, /* ................ */
    0x00, 0x00, 0x00, 0x00, 0x00, 0x00, 0x00, 0x00, 0x00, 0x00, 0x00, 0x00, 0x00, 0x00, 0x00, 0x00, /* ................ */
    0x00, 0x00, 0x00, 0x00, 0x00, 0x00, 0x00, 0x00, 0x00, 0x00, 0x00, 0x00, 0x00, 0x00, 0x00, 0x00, /* ................ */
    0x00, 0x00, 0x00, 0x00, 0x00, 0x00, 0x00, 0x00, 0x00, 0x00, 0x00, 0x00, 0x00, 0x00, 0x00, 0x00, /* ................ */
    0x00, 0x00, 0x00, 0x00, 0x00, 0x00, 0x00, 0x00, 0x00, 0x00, 0x00, 0x00, 0x00, 0x00, 0x00, 0x00, /* ................ */
    0x00, 0x00, 0x00, 0x00, 0x00, 0x00, 0x00, 0x00, 0x00, 0x00, 0x00, 0x00, 0x00, 0x00, 0x00, 0x00, /* ................ */
    0x00, 0x00, 0x00, 0x00, 0x00, 0x00, 0x00, 0x00, 0x00, 0x00, 0x00, 0x00, 0x00, 0x00, 0x00, 0x00, /* ................ */
    0x00, 0x00, 0x00, 0x00, 0x00, 0x00, 0x00, 0x00, 0x00, 0x00, 0x00, 0x00, 0x00, 0x00, 0x00, 0x00, /* ................ */
    0x00, 0x00, 0x00, 0x00, 0x00, 0x00, 0x00, 0x00, 0x00, 0x00, 0x00, 0x00, 0x00, 0x00, 0x00, 0x00, /* ................ */
    0x00, 0x00, 0x00, 0x00, 0x00, 0x00, 0x00, 0x00, 0x00, 0x00, 0x00, 0x00, 0x00, 0x00, 0x00, 0x00, /* ................ */
    0x00, 0x00, 0x00, 0x00, 0x00, 0x00, 0x00, 0x00, 0x00, 0x00, 0x00, 0x00, 0x00, 0x00, 0x00, 0x00, /* ................ */
    0x00, 0x00, 0x00, 0x00, 0x00, 0x00, 0x00, 0x00, 0x00, 0x00, 0x00, 0x00, 0x00, 0x00, 0x00, 0x00, /* ................ */
    0x00, 0x00, 0x00, 0x00, 0x00, 0x00, 0x00, 0x00, 0x00, 0x00, 0x00, 0x00, 0x00, 0x00, 0x00, 0x00, /* ................ */
    0x00, 0x00, 0x00, 0x00, 0x00, 0x00, 0x00, 0x00, 0x00, 0x00, 0x00, 0x00, 0x00, 0x00, 0x00, 0x00, /* ................ */
    0x00, 0x00, 0x00, 0x00, 0x00, 0x00, 0x00, 0x00, 0x00, 0x00, 0x00, 0x00, 0x00, 0x00, 0x00, 0x00, /* ................ */
    0x00, 0x00, 0x00, 0x00, 0x00, 0x00, 0x00, 0x00, 0x00, 0x00, 0x00, 0x00, 0x00, 0x00, 0x00, 0x00, /* ................ */
    0x00, 0x00, 0x00, 0x00, 0x00, 0x00, 0x00, 0x00, 0x00, 0x00, 0x00, 0x00, 0x00, 0x00, 0x00, 0x00, /* ................ */
    0x00, 0x00, 0x00, 0x00, 0x00, 0x00, 0x00, 0x00, 0x00, 0x00, 0x00, 0x00, 0x00, 0x00, 0x00, 0x00, /* ................ */
    0x00, 0x00, 0x00, 0x00, 0x00, 0x00, 0x00, 0x00, 0x00, 0x00, 0x00, 0x00, 0x00, 0x00, 0x00, 0x00, /* ................ */
    0x00, 0x00, 0x00, 0x00, 0x00, 0x00, 0x00, 0x00, 0x00, 0x00, 0x00, 0x00, 0x00, 0x00, 0x00, 0x00, /* ................ */
    0x00, 0x00, 0x00, 0x00, 0x00, 0x00, 0x00, 0x00, 0x00, 0x00, 0x00, 0x00, 0x00, 0x00, 0x00, 0x00, /* ................ */
    0x00, 0x00, 0x00, 0x00, 0x00, 0x00, 0x00, 0x00, 0x00, 0x00, 0x00, 0x00, 0x00, 0x00, 0x00, 0x00, /* ................ */
    0x00, 0x00, 0x00, 0x00, 0x00, 0x00, 0x00, 0x00, 0x00, 0x00, 0x00, 0x00, 0x00, 0x00, 0x00, 0x00, /* ................ */
    0x00, 0x00, 0x00, 0x00, 0x00, 0x00, 0x00, 0x00, 0x00, 0x00, 0x00, 0x00, 0x00, 0x00, 0x00, 0x00, /* ................ */
    0x00, 0x00, 0x00, 0x00, 0x00, 0x00, 0x00, 0x00, 0x00, 0x00, 0x00, 0x00, 0x00, 0x00, 0x00, 0x00, /* ................ */
    0x00, 0x00, 0x00, 0x00, 0x00, 0x00, 0x00, 0x00, 0x00, 0x00, 0x00, 0x00, 0x00, 0x00, 0x00, 0x00, /* ................ */
    0x00, 0x00, 0x00, 0x00, 0x00, 0x00, 0x00, 0x00, 0x00, 0x00, 0x00, 0x00, 0x00, 0x00, 0x00, 0x00, /* ................ */
    0x00, 0x00, 0x00, 0x00, 0x00, 0x00, 0x00, 0x00, 0x00, 0x00, 0x00, 0x00, 0x00, 0x00, 0x00, 0x00, /* ................ */
    0x00, 0x00, 0x00, 0x00, 0x00, 0x00, 0x00, 0x00, 0x00, 0x00, 0x00, 0x00, 0x00, 0x00, 0x00, 0x00, /* ................ */
    0x00, 0x00, 0x00, 0x00, 0x00, 0x00, 0x00, 0x00, 0x00, 0x00, 0x00, 0x00, 0x00, 0x00, 0x00, 0x00, /* ................ */
    0x00, 0x00, 0x00, 0x00, 0x00, 0x00, 0x00, 0x00, 0x00, 0x00, 0x00, 0x00, 0x00, 0x00, 0x00, 0x00, /* ................ */
    0x00, 0x00, 0x00, 0x00, 0x00, 0x00, 0x00, 0x00, 0x00, 0x00, 0x00, 0x00, 0x00, 0x00, 0x00, 0x00, /* ................ */
    0x00, 0x00, 0x00, 0x00, 0x00, 0x00, 0x00, 0x00, 0x00, 0x00, 0x00, 0x00, 0x00, 0x00, 0x00, 0x00, /* ................ */
    0x00, 0x00, 0x00, 0x00, 0x00, 0x00, 0x00, 0x00, 0x00, 0x00, 0x00, 0x00, 0x00, 0x00, 0x00, 0x00, /* ................ */
    0x00, 0x00, 0x00, 0x00, 0x00, 0x00, 0x00, 0x00, 0x00, 0x00, 0x00, 0x00, 0x00, 0x00, 0x00, 0x00, /* ................ */
    0x00, 0x00, 0x00, 0x00, 0x00, 0x00, 0x00, 0x00, 0x00, 0x00, 0x00, 0x00, 0x00, 0x00, 0x00, 0x00, /* ................ */
    0x00, 0x00, 0x00, 0x00, 0x00, 0x00, 0x00, 0x00, 0x00, 0x00, 0x00, 0x00, 0x00, 0x00, 0x00, 0x00, /* ................ */
    0x00, 0x00, 0x00, 0x00, 0x00, 0x00, 0x00, 0x00, 0x00, 0x00, 0x00, 0x00, 0x00, 0x00, 0x00, 0x00, /* ................ */
    0x00, 0x00, 0x00, 0x00, 0x00, 0x00, 0x00, 0x00, 0x00, 0x00, 0x00, 0x00, 0x00, 0x00, 0x00, 0x00, /* ................ */
    0x00, 0x00, 0x00, 0x00, 0x00, 0x00, 0x00, 0x00, 0x00, 0x00, 0x00, 0x00, 0x00, 0x00, 0x00, 0x00, /* ................ */
    0x00, 0x00, 0x00, 0x00, 0x00, 0x00, 0x00, 0x00, 0x00, 0x00, 0x00, 0x00, 0x00, 0x00, 0x00, 0x00, /* ................ */
    0x00, 0x00, 0x00, 0x00, 0x00, 0x00, 0x00, 0x00, 0x00, 0x00, 0x00, 0x00, 0x00, 0x00, 0x00, 0x00, /* ................ */
    0x00, 0x00, 0x00, 0x00, 0x00, 0x00, 0x00, 0x00, 0x00, 0x00, 0x00, 0x00, 0x00, 0x00, 0x00, 0x00, /* ................ */
    0x00, 0x00, 0x00, 0x00, 0x00, 0x00, 0x00, 0x00, 0x00, 0x00, 0x00, 0x00, 0x00, 0x00, 0x00, 0x00, /* ................ */
    0x00, 0x00, 0x00, 0x00, 0x00, 0x00, 0x00, 0x00, 0x00, 0x00, 0x00, 0x00, 0x00, 0x00, 0x00, 0x00, /* ................ */
    0x00, 0x00, 0x00, 0x00, 0x00, 0x00, 0x00, 0x00, 0x00, 0x00, 0x00, 0x00, 0x00, 0x00, 0x00, 0x00, /* ................ */
    0x00, 0x00, 0x00, 0x00, 0x00, 0x00, 0x00, 0x00, 0x00, 0x00, 0x00, 0x00, 0x00, 0x00, 0x00, 0x00, /* ................ */
    0x00, 0x00, 0x00, 0x00, 0x00, 0x00, 0x00, 0x00, 0x00, 0x00, 0x00, 0x00, 0x00, 0x00, 0x00, 0x00, /* ................ */
    0x00, 0x00, 0x00, 0x00, 0x00, 0x00, 0x00, 0x00, 0x00, 0x00, 0x00, 0x00, 0x00, 0x00, 0x00, 0x00, /* ................ */
    0x00, 0x00, 0x00, 0x00, 0x00, 0x00, 0x00, 0x00, 0x00, 0x00, 0x00, 0x00, 0x00, 0x00, 0x00, 0x00, /* ................ */
    0x00, 0x00, 0x00, 0x00, 0x00, 0x00, 0x00, 0x00, 0x00, 0x00, 0x00, 0x00, 0x00, 0x00, 0x00, 0x00, /* ................ */
    0x00, 0x00, 0x00, 0x00, 0x00, 0x00, 0x00, 0x00, 0x00, 0x00, 0x00, 0x00, 0x00, 0x00, 0x00, 0x00, /* ................ */
    0x00, 0x00, 0x00, 0x00, 0x00, 0x00, 0x00, 0x00, 0x00, 0x00, 0x00, 0x00, 0x00, 0x00, 0x00, 0x00, /* ................ */
    0x00, 0x00, 0x00, 0x00, 0x00, 0x00, 0x00, 0x00, 0x00, 0x00, 0x00, 0x00, 0x00, 0x00, 0x00, 0x00, /* ................ */
    0x00, 0x00, 0x00, 0x00, 0x00, 0x00, 0x00, 0x00, 0x00, 0x00, 0x00, 0x00, 0x00, 0x00, 0x00, 0x00, /* ................ */
    0x00, 0x00, 0x00, 0x00, 0x00, 0x00, 0x00, 0x00, 0x00, 0x00, 0x00, 0x00, 0x00, 0x00, 0x00, 0x00, /* ................ */
    0x00, 0x00, 0x00, 0x00, 0x00, 0x00, 0x00, 0x00, 0x00, 0x00, 0x00, 0x00, 0x00, 0x00, 0x00, 0x00, /* ................ */
    0x00, 0x00, 0x00, 0x00, 0x00, 0x00, 0x00, 0x00, 0x00, 0x00, 0x00, 0x00, 0x00, 0x00, 0x00, 0x00, /* ................ */
    0x00, 0x00, 0x00, 0x00, 0x00, 0x00, 0x00, 0x00, 0x00, 0x00, 0x00, 0x00, 0x00, 0x00, 0x00, 0x00, /* ................ */
    0x00, 0x00, 0x00, 0x00, 0x00, 0x00, 0x00, 0x00, 0x00, 0x00, 0x00, 0x00, 0x00, 0x00, 0x00, 0x00, /* ................ */
    0x00, 0x00, 0x00, 0x00, 0x00, 0x00, 0x00, 0x00, 0x00, 0x00, 0x00, 0x00, 0x00, 0x00, 0x00, 0x00, /* ................ */
    0x00, 0x00, 0x00, 0x00, 0x00, 0x00, 0x00, 0x00, 0x00, 0x00, 0x00, 0x00, 0x00, 0x00, 0x00, 0x00, /* ................ */
    0x00, 0x00, 0x00, 0x00, 0x00, 0x00, 0x00, 0x00, 0x00, 0x00, 0x00, 0x00, 0x00, 0x00, 0x00, 0x00, /* ................ */
    0x00, 0x00, 0x00, 0x00, 0x00, 0x00, 0x00, 0x00, 0x00, 0x00, 0x00, 0x00, 0x00, 0x00, 0x00, 0x00, /* ................ */
    0x00, 0x00, 0x00, 0x00, 0x00, 0x00, 0x00, 0x00, 0x00, 0x00, 0x00, 0x00, 0x00, 0x00, 0x00, 0x00, /* ................ */
    0x00, 0x00, 0x00, 0x00, 0x00, 0x00, 0x00, 0x00, 0x00, 0x00, 0x00, 0x00, 0x00, 0x00, 0x00, 0x00, /* ................ */
    0x00, 0x00, 0x00, 0x00, 0x00, 0x00, 0x00, 0x00, 0x00, 0x00, 0x00, 0x00, 0x00, 0x00, 0x00, 0x00, /* ................ */
    0x00, 0x00, 0x00, 0x00, 0x00, 0x00, 0x00, 0x00, 0x00, 0x00, 0x00, 0x00, 0x00, 0x00, 0x00, 0x00, /* ................ */
    0x00, 0x00, 0x00, 0x00, 0x00, 0x00, 0x00, 0x00, 0x00, 0x00, 0x00, 0x00, 0x00, 0x00, 0x00, 0x00, /* ................ */
    0x00, 0x00, 0x00, 0x00, 0x00, 0x00, 0x00, 0x00, 0x00, 0x00, 0x00, 0x00, 0x00, 0x00, 0x00, 0x00, /* ................ */
    0x00, 0x00, 0x00, 0x00, 0x00, 0x00, 0x00, 0x00, 0x00, 0x00, 0x00, 0x00, 0x00, 0x00, 0x00, 0x00, /* ................ */
    0x00, 0x00, 0x00, 0x00, 0x00, 0x00, 0x00, 0x00, 0x00, 0x00, 0x00, 0x00, 0x00, 0x00, 0x00, 0x00, /* ................ */
    0x00, 0x00, 0x00, 0x00, 0x00, 0x00, 0x00, 0x00, 0x00, 0x00, 0x00, 0x00, 0x00, 0x00, 0x00, 0x00, /* ................ */
    0x00, 0x00, 0x00, 0x00, 0x00, 0x00, 0x00, 0x00, 0x00, 0x00, 0x00, 0x00, 0x00, 0x00, 0x00, 0x00, /* ................ */
    0x00, 0x00, 0x00, 0x00, 0x00, 0x00, 0x00, 0x00, 0x00, 0x00, 0x00, 0x00, 0x00, 0x00, 0x00, 0x00, /* ................ */
    0x00, 0x00, 0x00, 0x00, 0x00, 0x00, 0x00, 0x00, 0x00, 0x00, 0x00, 0x00, 0x00, 0x00, 0x00, 0x00, /* ................ */
    0x00, 0x00, 0x00, 0x00, 0x00, 0x00, 0x00, 0x00, 0x00, 0x00, 0x00, 0x00, 0x00, 0x00, 0x00, 0x00, /* ................ */
    0x00, 0x00, 0x00, 0x00, 0x00, 0x00, 0x00, 0x00, 0x00, 0x00, 0x00, 0x00, 0x00, 0x00, 0x00, 0x00, /* ................ */
    0x00, 0x00, 0x00, 0x00, 0x00, 0x00, 0x00, 0x00, 0x00, 0x00, 0x00, 0x00, 0x00, 0x00, 0x00, 0x00, /* ................ */
    0x00, 0x00, 0x00, 0x00, 0x00, 0x00, 0x00, 0x00, 0x00, 0x00, 0x00, 0x00, 0x00, 0x00, 0x00, 0x00, /* ................ */
    0x00, 0x00, 0x00, 0x00, 0x00, 0x00, 0x00, 0x00, 0x00, 0x00, 0x00, 0x00, 0x00, 0x00, 0x00, 0x00, /* ................ */
    0x00, 0x00, 0x00, 0x00, 0x00, 0x00, 0x00, 0x00, 0x00, 0x00, 0x00, 0x00, 0x00, 0x00, 0x00, 0x00, /* ................ */
    0x00, 0x00, 0x00, 0x00, 0x00, 0x00, 0x00, 0x00, 0x00, 0x00, 0x00, 0x00, 0x00, 0x00, 0x00, 0x00, /* ................ */
    0x00, 0x00, 0x00, 0x00, 0x00, 0x00, 0x00, 0x00, 0x00, 0x00, 0x00, 0x00, 0x00, 0x00, 0x00, 0x00, /* ................ */
    0x00, 0x00, 0x00, 0x00, 0x00, 0x00, 0x00, 0x00, 0x00, 0x00, 0x00, 0x00, 0x00, 0x00, 0x00, 0x00, /* ................ */
    0x00, 0x00, 0x00, 0x00, 0x00, 0x00, 0x00, 0x00, 0x00, 0x00, 0x00, 0x00, 0x00, 0x00, 0x00, 0x00, /* ................ */
    0x00, 0x00, 0x00, 0x00, 0x00, 0x00, 0x00, 0x00, 0x00, 0x00, 0x00, 0x00, 0x00, 0x00, 0x00, 0x00, /* ................ */
    0x00, 0x00, 0x00, 0x00, 0x00, 0x00, 0x00, 0x00, 0x00, 0x00, 0x00, 0x00, 0x00, 0x00, 0x00, 0x00, /* ................ */
    0x00, 0x00, 0x00, 0x00, 0x00, 0x00, 0x00, 0x00, 0x00, 0x00, 0x00, 0x00, 0x00, 0x00, 0x00, 0x00, /* ................ */
    0x00, 0x00, 0x00, 0x00, 0x00, 0x00, 0x00, 0x00, 0x00, 0x00, 0x00, 0x00, 0x00, 0x00, 0x00, 0x00, /* ................ */
    0x00, 0x00, 0x00, 0x00, 0x00, 0x00, 0x00, 0x00, 0x00, 0x00, 0x00, 0x00, 0x00, 0x00, 0x00, 0x00, /* ................ */
    0x00, 0x00, 0x00, 0x00, 0x00, 0x00, 0x00, 0x00, 0x00, 0x00, 0x00, 0x00, 0x00, 0x00, 0x00, 0x00, /* ................ */
    0x00, 0x00, 0x00, 0x00, 0x00, 0x00, 0x00, 0x00, 0x00, 0x00, 0x00, 0x00, 0x00, 0x00, 0x00, 0x00, /* ................ */
    0x00, 0x00, 0x00, 0x00, 0x00, 0x00, 0x00, 0x00, 0x00, 0x00, 0x00, 0x00, 0x00, 0x00, 0x00, 0x00, /* ................ */
    0x00, 0x00, 0x00, 0x00, 0x00, 0x00, 0x00, 0x00, 0x00, 0x00, 0x00, 0x00, 0x00, 0x00, 0x00, 0x00, /* ................ */
    0x00, 0x00, 0x00, 0x00, 0x00, 0x00, 0x00, 0x00, 0x00, 0x00, 0x00, 0x00, 0x00, 0x00, 0x00, 0x00, /* ................ */
    0x00, 0x00, 0x00, 0x00, 0x00, 0x00, 0x00, 0x00, 0x00, 0x00, 0x00, 0x00, 0x00, 0x00, 0x00, 0x00, /* ................ */
    0x00, 0x00, 0x00, 0x00, 0x00, 0x00, 0x00, 0x00, 0x00, 0x00, 0x00, 0x00, 0x00, 0x00, 0x00, 0x00, /* ................ */
    0x00, 0x00, 0x00, 0x00, 0x00, 0x00, 0x00, 0x00, 0x00, 0x00, 0x00, 0x00, 0x00, 0x00, 0x00, 0x00, /* ................ */
    0x00, 0x00, 0x00, 0x00, 0x00, 0x00, 0x00, 0x00, 0x00, 0x00, 0x00, 0x00, 0x00, 0x00, 0x00, 0x00, /* ................ */
    0x00, 0x00, 0x00, 0x00, 0x00, 0x00, 0x00, 0x00, 0x00, 0x00, 0x00, 0x00, 0x00, 0x00, 0x00, 0x00, /* ................ */
    0x00, 0x00, 0x00, 0x00, 0x00, 0x00, 0x00, 0x00, 0x00, 0x00, 0x00, 0x00, 0x00, 0x00, 0x00, 0x00, /* ................ */
    0x00, 0x00, 0x00, 0x00, 0x00, 0x00, 0x00, 0x00, 0x00, 0x00, 0x00, 0x00, 0x00, 0x00, 0x00, 0x00, /* ................ */
    0x00, 0x00, 0x00, 0x00, 0x00, 0x00, 0x00, 0x00, 0x00, 0x00, 0x00, 0x00, 0x00, 0x00, 0x00, 0x00, /* ................ */
    0x00, 0x00, 0x00, 0x00, 0x00, 0x00, 0x00, 0x00, 0x00, 0x00, 0x00, 0x00, 0x00, 0x00, 0x00, 0x00, /* ................ */
    0x00, 0x00, 0x00, 0x00, 0x00, 0x00, 0x00, 0x00, 0x00, 0x00, 0x00, 0x00, 0x00, 0x00, 0x00, 0x00, /* ................ */
    0x00, 0x00, 0x00, 0x00, 0x00, 0x00, 0x00, 0x00, 0x00, 0x00, 0x00, 0x00, 0x00, 0x00, 0x00, 0x00, /* ................ */
    0x00, 0x00, 0x00, 0x00, 0x00, 0x00, 0x00, 0x00, 0x00, 0x00, 0x00, 0x00, 0x00, 0x00, 0x00, 0x00, /* ................ */
    0x00, 0x00, 0x00, 0x00, 0x00, 0x00, 0x00, 0x00, 0x00, 0x00, 0x00, 0x00, 0x00, 0x00, 0x00, 0x00, /* ................ */
    0x00, 0x00, 0x00, 0x00, 0x00, 0x00, 0x00, 0x00, 0x00, 0x00, 0x00, 0x00, 0x00, 0x00, 0x00, 0x00, /* ................ */
    0x00, 0x00, 0x00, 0x00, 0x00, 0x00, 0x00, 0x00, 0x00, 0x00, 0x00, 0x00, 0x00, 0x00, 0x00, 0x00, /* ................ */
    0x00, 0x00, 0x00, 0x00, 0x00, 0x00, 0x00, 0x00, 0x00, 0x00, 0x00, 0x00, 0x00, 0x00, 0x00, 0x00, /* ................ */
    0x00, 0x00, 0x00, 0x00, 0x00, 0x00, 0x00, 0x00, 0x00, 0x00, 0x00, 0x00, 0x00, 0x00, 0x00, 0x00, /* ................ */
    0x00, 0x00, 0x00, 0x00, 0x00, 0x00, 0x00, 0x00, 0x00, 0x00, 0x00, 0x00, 0x00, 0x00, 0x00, 0x00, /* ................ */
    0x00, 0x00, 0x00, 0x00, 0x00, 0x00, 0x00, 0x00, 0x00, 0x00, 0x00, 0x00, 0x00, 0x00, 0x00, 0x00, /* ................ */
    0x00, 0x00, 0x00, 0x00, 0x00, 0x00, 0x00, 0x00, 0x00, 0x00, 0x00, 0x00, 0x00, 0x00, 0x00, 0x00, /* ................ */
    0x00, 0x00, 0x00, 0x00, 0x00, 0x00, 0x00, 0x00, 0x00, 0x00, 0x00, 0x00, 0x00, 0x00, 0x00, 0x00, /* ................ */
    0x00, 0x00, 0x00, 0x00, 0x00, 0x00, 0x00, 0x00, 0x00, 0x00, 0x00, 0x00, 0x00, 0x00, 0x00, 0x00, /* ................ */
    0x00, 0x00, 0x00, 0x00, 0x00, 0x00, 0x00, 0x00, 0x00, 0x00, 0x00, 0x00, 0x00, 0x00, 0x00, 0x00, /* ................ */
    0x00, 0x00, 0x00, 0x00, 0x00, 0x00, 0x00, 0x00, 0x00, 0x00, 0x00, 0x00, 0x00, 0x00, 0x00, 0x00, /* ................ */
    0x00, 0x00, 0x00, 0x00, 0x00, 0x00, 0x00, 0x00, 0x00, 0x00, 0x00, 0x00, 0x00, 0x00, 0x00, 0x00, /* ................ */
    0x00, 0x00, 0x00, 0x00, 0x00, 0x00, 0x00, 0x00, 0x00, 0x00, 0x00, 0x00, 0x00, 0x00, 0x00, 0x00, /* ................ */
    0x00, 0x00, 0x00, 0x00, 0x00, 0x00, 0x00, 0x00, 0x00, 0x00, 0x00, 0x00, 0x00, 0x00, 0x00, 0x00, /* ................ */
    0x00, 0x00, 0x00, 0x00, 0x00, 0x00, 0x00, 0x00, 0x00, 0x00, 0x00, 0x00, 0x00, 0x00, 0x00, 0x00, /* ................ */
    0x00, 0x00, 0x00, 0x00, 0x00, 0x00, 0x00, 0x00, 0x00, 0x00, 0x00, 0x00, 0x00, 0x00, 0x00, 0x00, /* ................ */
    0x00, 0x00, 0x00, 0x00, 0x00, 0x00, 0x00, 0x00, 0x00, 0x00, 0x00, 0x00, 0x00, 0x00, 0x00, 0x00, /* ................ */
    0x00, 0x00, 0x00, 0x00, 0x00, 0x00, 0x00, 0x00, 0x00, 0x00, 0x00, 0x00, 0x00, 0x00, 0x00, 0x00, /* ................ */
    0x00, 0x00, 0x00, 0x00, 0x00, 0x00, 0x00, 0x00, 0x00, 0x00, 0x00, 0x00, 0x00, 0x00, 0x00, 0x00, /* ................ */
    0x00, 0x00, 0x00, 0x00, 0x00, 0x00, 0x00, 0x00, 0x00, 0x00, 0x00, 0x00, 0x00, 0x00, 0x00, 0x00, /* ................ */
    0x00, 0x00, 0x00, 0x00, 0x00, 0x00, 0x00, 0x00, 0x00, 0x00, 0x00, 0x00, 0x00, 0x00, 0x00, 0x00, /* ................ */
    0x00, 0x00, 0x00, 0x00, 0x00, 0x00, 0x00, 0x00, 0x00, 0x00, 0x00, 0x00, 0x00, 0x00, 0x00, 0x00, /* ................ */
    0x00, 0x00, 0x00, 0x00, 0x00, 0x00, 0x00, 0x00, 0x00, 0x00, 0x00, 0x00, 0x00, 0x00, 0x00, 0x00, /* ................ */
    0x00, 0x00, 0x00, 0x00, 0x00, 0x00, 0x00, 0x00, 0x00, 0x00, 0x00, 0x00, 0x00, 0x00, 0x00, 0x00, /* ................ */
    0x00, 0x00, 0x00, 0x00, 0x00, 0x00, 0x00, 0x00, 0x00, 0x00, 0x00, 0x00, 0x00, 0x00, 0x00, 0x00, /* ................ */
    0x00, 0x00, 0x00, 0x00, 0x00, 0x00, 0x00, 0x00, 0x00, 0x00, 0x00, 0x00, 0x00, 0x00, 0x00, 0x00, /* ................ */
    0x00, 0x00, 0x00, 0x00, 0x00, 0x00, 0x00, 0x00, 0x00, 0x00, 0x00, 0x00, 0x00, 0x00, 0x00, 0x00, /* ................ */
    0x00, 0x00, 0x00, 0x00, 0x00, 0x00, 0x00, 0x00, 0x00, 0x00, 0x00, 0x00, 0x00, 0x00, 0x00, 0x00, /* ................ */
    0x00, 0x00, 0x00, 0x00, 0x00, 0x00, 0x00, 0x00, 0x00, 0x00, 0x00, 0x00, 0x00, 0x00, 0x00, 0x00, /* ................ */
    0x00, 0x00, 0x00, 0x00, 0x00, 0x00, 0x00, 0x00, 0x00, 0x00, 0x00, 0x00, 0x00, 0x00, 0x00, 0x00, /* ................ */
    0x00, 0x00, 0x00, 0x00, 0x00, 0x00, 0x00, 0x00, 0x00, 0x00, 0x00, 0x00, 0x00, 0x00, 0x00, 0x00, /* ................ */
    0x00, 0x00, 0x00, 0x00, 0x00, 0x00, 0x00, 0x00, 0x00, 0x00, 0x00, 0x00, 0x00, 0x00, 0x00, 0x00, /* ................ */
    0x00, 0x00, 0x00, 0x00, 0x00, 0x00, 0x00, 0x00, 0x00, 0x00, 0x00, 0x00, 0x00, 0x00, 0x00, 0x00, /* ................ */
    0x00, 0x00, 0x00, 0x00, 0x00, 0x00, 0x00, 0x00, 0x00, 0x00, 0x00, 0x00, 0x00, 0x00, 0x00, 0x00, /* ................ */
    0x00, 0x00, 0x00, 0x00, 0x00, 0x00, 0x00, 0x00, 0x00, 0x00, 0x00, 0x00, 0x00, 0x00, 0x00, 0x00, /* ................ */
    0x00, 0x00, 0x00, 0x00, 0x00, 0x00, 0x00, 0x00, 0x00, 0x00, 0x00, 0x00, 0x00, 0x00, 0x00, 0x00, /* ................ */
    0x00, 0x00, 0x00, 0x00, 0x00, 0x00, 0x00, 0x00, 0x00, 0x00, 0x00, 0x00, 0x00, 0x00, 0x00, 0x00, /* ................ */
    0x00, 0x00, 0x00, 0x00, 0x00, 0x00, 0x00, 0x00, 0x00, 0x00, 0x00, 0x00, 0x00, 0x00, 0x00, 0x00, /* ................ */
    0x00, 0x00, 0x00, 0x00, 0x00, 0x00, 0x00, 0x00, 0x00, 0x00, 0x00, 0x00, 0x00, 0x00, 0x00, 0x00, /* ................ */
    0x00, 0x00, 0x00, 0x00, 0x00, 0x00, 0x00, 0x00, 0x00, 0x00, 0x00, 0x00, 0x00, 0x00, 0x00, 0x00, /* ................ */
    0x00, 0x00, 0x00, 0x00, 0x00, 0x00, 0x00, 0x00, 0x00, 0x00, 0x00, 0x00, 0x00, 0x00, 0x00, 0x00, /* ................ */
    0x00, 0x00, 0x00, 0x00, 0x00, 0x00, 0x00, 0x00, 0x00, 0x00, 0x00, 0x00, 0x00, 0x00, 0x00, 0x00, /* ................ */
    0x00, 0x00, 0x00, 0x00, 0x00, 0x00, 0x00, 0x00, 0x00, 0x00, 0x00, 0x00, 0x00, 0x00, 0x00, 0x00, /* ................ */
    0x00, 0x00, 0x00, 0x00, 0x00, 0x00, 0x00, 0x00, 0x00, 0x00, 0x00, 0x00, 0x00, 0x00, 0x00, 0x00, /* ................ */
    0x00, 0x00, 0x00, 0x00, 0x00, 0x00, 0x00, 0x00, 0x00, 0x00, 0x00, 0x00, 0x00, 0x00, 0x00, 0x00, /* ................ */
    0x00, 0x00, 0x00, 0x00, 0x00, 0x00, 0x00, 0x00, 0x00, 0x00, 0x00, 0x00, 0x00, 0x00, 0x00, 0x00, /* ................ */
    0x00, 0x00, 0x00, 0x00, 0x00, 0x00, 0x00, 0x00, 0x00, 0x00, 0x00, 0x00, 0x00, 0x00, 0x00, 0x00, /* ................ */
    0x00, 0x00, 0x00, 0x00, 0x00, 0x00, 0x00, 0x00, 0x00, 0x00, 0x00, 0x00, 0x00, 0x00, 0x00, 0x00, /* ................ */
    0x00, 0x00, 0x00, 0x00, 0x00, 0x00, 0x00, 0x00, 0x00, 0x00, 0x00, 0x00, 0x00, 0x00, 0x00, 0x00, /* ................ */
    0x00, 0x00, 0x00, 0x00, 0x00, 0x00, 0x00, 0x00, 0x00, 0x00, 0x00, 0x00, 0x00, 0x00, 0x00, 0x00, /* ................ */
    0x00, 0x00, 0x00, 0x00, 0x00, 0x00, 0x00, 0x00, 0x00, 0x00, 0x00, 0x00, 0x00, 0x00, 0x00, 0x00, /* ................ */
    0x00, 0x00, 0x00, 0x00, 0x00, 0x00, 0x00, 0x00, 0x00, 0x00, 0x00, 0x00, 0x00, 0x00, 0x00, 0x00, /* ................ */
    0x00, 0x00, 0x00, 0x00, 0x00, 0x00, 0x00, 0x00, 0x00, 0x00, 0x00, 0x00, 0x00, 0x00, 0x00, 0x00, /* ................ */
    0x00, 0x00, 0x00, 0x00, 0x00, 0x00, 0x00, 0x00, 0x00, 0x00, 0x00, 0x00, 0x00, 0x00, 0x00, 0x00, /* ................ */
    0x00, 0x00, 0x00, 0x00, 0x00, 0x00, 0x00, 0x00, 0x00, 0x00, 0x00, 0x00, 0x00, 0x00, 0x00, 0x00, /* ................ */
    0x00, 0x00, 0x00, 0x00, 0x00, 0x00, 0x00, 0x00, 0x00, 0x00, 0x00, 0x00, 0x00, 0x00, 0x00, 0x00, /* ................ */
    0x00, 0x00, 0x00, 0x00, 0x00, 0x00, 0x00, 0x00, 0x00, 0x00, 0x00, 0x00, 0x00, 0x00, 0x00, 0x00, /* ................ */
    0x00, 0x00, 0x00, 0x00, 0x00, 0x00, 0x00, 0x00, 0x00, 0x00, 0x00, 0x00, 0x00, 0x00, 0x00, 0x00, /* ................ */
    0x00, 0x00, 0x00, 0x00, 0x00, 0x00, 0x00, 0x00, 0x00, 0x00, 0x00, 0x00, 0x00, 0x00, 0x00, 0x00, /* ................ */
    0x00, 0x00, 0x00, 0x00, 0x00, 0x00, 0x00, 0x00, 0x00, 0x00, 0x00, 0x00, 0x00, 0x00, 0x00, 0x00, /* ................ */
    0x00, 0x00, 0x00, 0x00, 0x00, 0x00, 0x00, 0x00, 0x00, 0x00, 0x00, 0x00, 0x00, 0x00, 0x00, 0x00, /* ................ */
    0x00, 0x00, 0x00, 0x00, 0x00, 0x00, 0x00, 0x00, 0x00, 0x00, 0x00, 0x00, 0x00, 0x00, 0x00, 0x00, /* ................ */
    0x00, 0x00, 0x00, 0x00, 0x00, 0x00, 0x00, 0x00, 0x00, 0x00, 0x00, 0x00, 0x00, 0x00, 0x00, 0x00, /* ................ */
    0x00, 0x00, 0x00, 0x00, 0x00, 0x00, 0x00, 0x00, 0x00, 0x00, 0x00, 0x00, 0x00, 0x00, 0x00, 0x00, /* ................ */
    0x00, 0x00, 0x00, 0x00, 0x00, 0x00, 0x00, 0x00, 0x00, 0x00, 0x00, 0x00, 0x00, 0x00, 0x00, 0x00, /* ................ */
    0x00, 0x00, 0x00, 0x00, 0x00, 0x00, 0x00, 0x00, 0x00, 0x00, 0x00, 0x00, 0x00, 0x00, 0x00, 0x00, /* ................ */
    0x00, 0x00, 0x00, 0x00, 0x00, 0x00, 0x00, 0x00, 0x00, 0x00, 0x00, 0x00, 0x00, 0x00, 0x00, 0x00, /* ................ */
    0x00, 0x00, 0x00, 0x00, 0x00, 0x00, 0x00, 0x00, 0x00, 0x00, 0x00, 0x00, 0x00, 0x00, 0x00, 0x00, /* ................ */
    0x00, 0x00, 0x00, 0x00, 0x00, 0x00, 0x00, 0x00, 0x00, 0x00, 0x00, 0x00, 0x00, 0x00, 0x00, 0x00, /* ................ */
    0x00, 0x00, 0x00, 0x00, 0x00, 0x00, 0x00, 0x00, 0x00, 0x00, 0x00, 0x00, 0x00, 0x00, 0x00, 0x00, /* ................ */
    0x00, 0x00, 0x00, 0x00, 0x00, 0x00, 0x00, 0x00, 0x00, 0x00, 0x00, 0x00, 0x00, 0x00, 0x00, 0x00, /* ................ */
    0x00, 0x00, 0x00, 0x00, 0x00, 0x00, 0x00, 0x00, 0x00, 0x00, 0x00, 0x00, 0x00, 0x00, 0x00, 0x00, /* ................ */
    0x00, 0x00, 0x00, 0x00, 0x00, 0x00, 0x00, 0x00, 0x00, 0x00, 0x00, 0x00, 0x00, 0x00, 0x00, 0x00, /* ................ */
    0x00, 0x00, 0x00, 0x00, 0x00, 0x00, 0x00, 0x00, 0x00, 0x00, 0x00, 0x00, 0x00, 0x00, 0x00, 0x00, /* ................ */
    0x00, 0x00, 0x00, 0x00, 0x00, 0x00, 0x00, 0x00, 0x00, 0x00, 0x00, 0x00, 0x00, 0x00, 0x00, 0x00, /* ................ */
    0x00, 0x00, 0x00, 0x00, 0x00, 0x00, 0x00, 0x00, 0x00, 0x00, 0x00, 0x00, 0x00, 0x00, 0x00, 0x00, /* ................ */
    0x00, 0x00, 0x00, 0x00, 0x00, 0x00, 0x00, 0x00, 0x00, 0x00, 0x00, 0x00, 0x00, 0x00, 0x00, 0x00, /* ................ */
    0x00, 0x00, 0x00, 0x00, 0x00, 0x00, 0x00, 0x00, 0x00, 0x00, 0x00, 0x00, 0x00, 0x00, 0x00, 0x00, /* ................ */
    0x00, 0x00, 0x00, 0x00, 0x00, 0x00, 0x00, 0x00, 0x00, 0x00, 0x00, 0x00, 0x00, 0x00, 0x00, 0x00, /* ................ */
    0x00, 0x00, 0x00, 0x00, 0x00, 0x00, 0x00, 0x00, 0x00, 0x00, 0x00, 0x00, 0x00, 0x00, 0x00, 0x00, /* ................ */
    0x00, 0x00, 0x00, 0x00, 0x00, 0x00, 0x00, 0x00, 0x00, 0x00, 0x00, 0x00, 0x00, 0x00, 0x00, 0x00, /* ................ */
    0x00, 0x00, 0x00, 0x00, 0x00, 0x00, 0x00, 0x00, 0x00, 0x00, 0x00, 0x00, 0x00, 0x00, 0x00, 0x00, /* ................ */
    0x00, 0x00, 0x00, 0x00, 0x00, 0x00, 0x00, 0x00, 0x00, 0x00, 0x00, 0x00, 0x00, 0x00, 0x00, 0x00, /* ................ */
    0x00, 0x00, 0x00, 0x00, 0x00, 0x00, 0x00, 0x00, 0x00, 0x00, 0x00, 0x00, 0x00, 0x00, 0x00, 0x00, /* ................ */
    0x00, 0x00, 0x00, 0x00, 0x00, 0x00, 0x00, 0x00, 0x00, 0x00, 0x00, 0x00, 0x00, 0x00, 0x00, 0x00, /* ................ */
    0x00, 0x00, 0x00, 0x00, 0x00, 0x00, 0x00, 0x00, 0x00, 0x00, 0x00, 0x00, 0x00, 0x00, 0x00, 0x00, /* ................ */
    0x00, 0x00, 0x00, 0x00, 0x00, 0x00, 0x00, 0x00, 0x00, 0x00, 0x00, 0x00, 0x00, 0x00, 0x00, 0x00, /* ................ */
    0x00, 0x00, 0x00, 0x00, 0x00, 0x00, 0x00, 0x00, 0x00, 0x00, 0x00, 0x00, 0x00, 0x00, 0x00, 0x00, /* ................ */
    0x00, 0x00, 0x00, 0x00, 0x00, 0x00, 0x00, 0x00, 0x00, 0x00, 0x00, 0x00, 0x00, 0x00, 0x00, 0x00, /* ................ */
    0x00, 0x00, 0x00, 0x00, 0x00, 0x00, 0x00, 0x00, 0x00, 0x00, 0x00, 0x00, 0x00, 0x00, 0x00, 0x00, /* ................ */
    0x00, 0x00, 0x00, 0x00, 0x00, 0x00, 0x00, 0x00, 0x00, 0x00, 0x00, 0x00, 0x00, 0x00, 0x00, 0x00, /* ................ */
    0x00, 0x00, 0x00, 0x00, 0x00, 0x00, 0x00, 0x00, 0x00, 0x00, 0x00, 0x00, 0x00, 0x00, 0x00, 0x00, /* ................ */
    0x00, 0x00, 0x00, 0x00, 0x00, 0x00, 0x00, 0x00, 0x00, 0x00, 0x00, 0x00, 0x00, 0x00, 0x00, 0x00, /* ................ */
    0x00, 0x00, 0x00, 0x00, 0x00, 0x00, 0x00, 0x00, 0x00, 0x00, 0x00, 0x00, 0x00, 0x00, 0x00, 0x00, /* ................ */
    0x00, 0x00, 0x00, 0x00, 0x00, 0x00, 0x00, 0x00, 0x00, 0x00, 0x00, 0x00, 0x00, 0x00, 0x00, 0x00, /* ................ */
    0x00, 0x00, 0x00, 0x00, 0x00, 0x00, 0x00, 0x00, 0x00, 0x00, 0x00, 0x00, 0x00, 0x00, 0x00, 0x00, /* ................ */
    0x00, 0x00, 0x00, 0x00, 0x00, 0x00, 0x00, 0x00, 0x00, 0x00, 0x00, 0x00, 0x00, 0x00, 0x00, 0x00, /* ................ */
    0x00, 0x00, 0x00, 0x00, 0x00, 0x00, 0x00, 0x00, 0x00, 0x00, 0x00, 0x00, 0x00, 0x00, 0x00, 0x00, /* ................ */
    0x00, 0x00, 0x00, 0x00, 0x00, 0x00, 0x00, 0x00, 0x00, 0x00, 0x00, 0x00, 0x00, 0x00, 0x00, 0x00, /* ................ */
    0x00, 0x00, 0x00, 0x00, 0x00, 0x00, 0x00, 0x00, 0x00, 0x00, 0x00, 0x00, 0x00, 0x00, 0x00, 0x00, /* ................ */
    0x00, 0x00, 0x00, 0x00, 0x00, 0x00, 0x00, 0x00, 0x00, 0x00, 0x00, 0x00, 0x00, 0x00, 0x00, 0x00, /* ................ */
    0x00, 0x00, 0x00, 0x00, 0x00, 0x00, 0x00, 0x00, 0x00, 0x00, 0x00, 0x00, 0x00, 0x00, 0x00, 0x00, /* ................ */
    0x00, 0x00, 0x00, 0x00, 0x00, 0x00, 0x00, 0x00, 0x00, 0x00, 0x00, 0x00, 0x00, 0x00, 0x00, 0x00, /* ................ */
    0x00, 0x00, 0x00, 0x00, 0x00, 0x00, 0x00, 0x00, 0x00, 0x00, 0x00, 0x00, 0x00, 0x00, 0x00, 0x00, /* ................ */
    0x00, 0x00, 0x00, 0x00, 0x00, 0x00, 0x00, 0x00, 0x00, 0x00, 0x00, 0x00, 0x00, 0x00, 0x00, 0x00, /* ................ */
    0x00, 0x00, 0x00, 0x00, 0x00, 0x00, 0x00, 0x00, 0x00, 0x00, 0x00, 0x00, 0x00, 0x00, 0x00, 0x00, /* ................ */
    0x00, 0x00, 0x00, 0x00, 0x00, 0x00, 0x00, 0x00, 0x00, 0x00, 0x00, 0x00, 0x00, 0x00, 0x00, 0x00, /* ................ */
    0x00, 0x00, 0x00, 0x00, 0x00, 0x00, 0x00, 0x00, 0x00, 0x00, 0x00, 0x00, 0x00, 0x00, 0x00, 0x00, /* ................ */
    0x00, 0x00, 0x00, 0x00, 0x00, 0x00, 0x00, 0x00, 0x00, 0x00, 0x00, 0x00, 0x00, 0x00, 0x00, 0x00, /* ................ */
    0x00, 0x00, 0x00, 0x00, 0x00, 0x00, 0x00, 0x00, 0x00, 0x00, 0x00, 0x00, 0x00, 0x00, 0x00, 0x00, /* ................ */
    0x00, 0x00, 0x00, 0x00, 0x00, 0x00, 0x00, 0x00, 0x00, 0x00, 0x00, 0x00, 0x00, 0x00, 0x00, 0x00, /* ................ */
    0x00, 0x00, 0x00, 0x00, 0x00, 0x00, 0x00, 0x00, 0x00, 0x00, 0x00, 0x00, 0x00, 0x00, 0x00, 0x00, /* ................ */
    0x00, 0x00, 0x00, 0x00, 0x00, 0x00, 0x00, 0x00, 0x00, 0x00, 0x00, 0x00, 0x00, 0x00, 0x00, 0x00, /* ................ */
    0x00, 0x00, 0x00, 0x00, 0x00, 0x00, 0x00, 0x00, 0x00, 0x00, 0x00, 0x00, 0x00, 0x00, 0x00, 0x00, /* ................ */
    0x00, 0x00, 0x00, 0x00, 0x00, 0x00, 0x00, 0x00, 0x00, 0x00, 0x00, 0x00, 0x00, 0x00, 0x00, 0x00, /* ................ */
    0x00, 0x00, 0x00, 0x00, 0x00, 0x00, 0x00, 0x00, 0x00, 0x00, 0x00, 0x00, 0x00, 0x00, 0x00, 0x00, /* ................ */
    0x00, 0x00, 0x00, 0x00, 0x00, 0x00, 0x00, 0x00, 0x00, 0x00, 0x00, 0x00, 0x00, 0x00, 0x00, 0x00, /* ................ */
    0x00, 0x00, 0x00, 0x00, 0x00, 0x00, 0x00, 0x00, 0x00, 0x00, 0x00, 0x00, 0x00, 0x00, 0x00, 0x00, /* ................ */
    0x00, 0x00, 0x00, 0x00, 0x00, 0x00, 0x00, 0x00, 0x00, 0x00, 0x00, 0x00, 0x00, 0x00, 0x00, 0x00, /* ................ */
    0x00, 0x00, 0x00, 0x00, 0x00, 0x00, 0x00, 0x00, 0x00, 0x00, 0x00, 0x00, 0x00, 0x00, 0x00, 0x00, /* ................ */
    0x00, 0x00, 0x00, 0x00, 0x00, 0x00, 0x00, 0x00, 0x00, 0x00, 0x00, 0x00, 0x00, 0x00, 0x00, 0x00, /* ................ */
    0x00, 0x00, 0x00, 0x00, 0x00, 0x00, 0x00, 0x00, 0x00, 0x00, 0x00, 0x00, 0x00, 0x00, 0x00, 0x00, /* ................ */
    0x00, 0x00, 0x00, 0x00, 0x00, 0x00, 0x00, 0x00, 0x00, 0x00, 0x00, 0x00, 0x00, 0x00, 0x00, 0x00, /* ................ */
    0x00, 0x00, 0x00, 0x00, 0x00, 0x00, 0x00, 0x00, 0x00, 0x00, 0x00, 0x00, 0x00, 0x00, 0x00, 0x00, /* ................ */
    0x00, 0x00, 0x00, 0x00, 0x00, 0x00, 0x00, 0x00, 0x00, 0x00, 0x00, 0x00, 0x00, 0x00, 0x00, 0x00, /* ................ */
    0x00, 0x00, 0x00, 0x00, 0x00, 0x00, 0x00, 0x00, 0x00, 0x00, 0x00, 0x00, 0x00, 0x00, 0x00, 0x00, /* ................ */
    0x00, 0x00, 0x00, 0x00, 0x00, 0x00, 0x00, 0x00, 0x00, 0x00, 0x00, 0x00, 0x00, 0x00, 0x00, 0x00, /* ................ */
    0x00, 0x00, 0x00, 0x00, 0x00, 0x00, 0x00, 0x00, 0x00, 0x00, 0x00, 0x00, 0x00, 0x00, 0x00, 0x00, /* ................ */
    0x00, 0x00, 0x00, 0x00, 0x00, 0x00, 0x00, 0x00, 0x00, 0x00, 0x00, 0x00, 0x00, 0x00, 0x00, 0x00, /* ................ */
    0x00, 0x00, 0x00, 0x00, 0x00, 0x00, 0x00, 0x00, 0x00, 0x00, 0x00, 0x00, 0x00, 0x00, 0x00, 0x00, /* ................ */
    0x00, 0x00, 0x00, 0x00, 0x00, 0x00, 0x00, 0x00, 0x00, 0x00, 0x00, 0x00, 0x00, 0x00, 0x00, 0x00, /* ................ */
    0x00, 0x00, 0x00, 0x00, 0x00, 0x00, 0x00, 0x00, 0x00, 0x00, 0x00, 0x00, 0x00, 0x00, 0x00, 0x00, /* ................ */
    0x00, 0x00, 0x00, 0x00, 0x00, 0x00, 0x00, 0x00, 0x00, 0x00, 0x00, 0x00, 0x00, 0x00, 0x00, 0x00, /* ................ */
    0x00, 0x00, 0x00, 0x00, 0x00, 0x00, 0x00, 0x00, 0x00, 0x00, 0x00, 0x00, 0x00, 0x00, 0x00, 0x00, /* ................ */
    0x00, 0x00, 0x00, 0x00, 0x00, 0x00, 0x00, 0x00, 0x00, 0x00, 0x00, 0x00, 0x00, 0x00, 0x00, 0x00, /* ................ */
    0x00, 0x00, 0x00, 0x00, 0x00, 0x00, 0x00, 0x00, 0x00, 0x00, 0x00, 0x00, 0x00, 0x00, 0x00, 0x00, /* ................ */
    0x00, 0x00, 0x00, 0x00, 0x00, 0x00, 0x00, 0x00, 0x00, 0x00, 0x00, 0x00, 0x00, 0x00, 0x00, 0x00, /* ................ */
    0x00, 0x00, 0x00, 0x00, 0x00, 0x00, 0x00, 0x00, 0x00, 0x00, 0x00, 0x00, 0x00, 0x00, 0x00, 0x00, /* ................ */
    0x00, 0x00, 0x00, 0x00, 0x00, 0x00, 0x00, 0x00, 0x00, 0x00, 0x00, 0x00, 0x00, 0x00, 0x00, 0x00, /* ................ */
    0x00, 0x00, 0x00, 0x00, 0x00, 0x00, 0x00, 0x00, 0x00, 0x00, 0x00, 0x00, 0x00, 0x00, 0x00, 0x00, /* ................ */
    0x00, 0x00, 0x00, 0x00, 0x00, 0x00, 0x00, 0x00, 0x00, 0x00, 0x00, 0x00, 0x00, 0x00, 0x00, 0x00, /* ................ */
    0x00, 0x00, 0x00, 0x00, 0x00, 0x00, 0x00, 0x00, 0x00, 0x00, 0x00, 0x00, 0x00, 0x00, 0x00, 0x00, /* ................ */
    0x00, 0x00, 0x00, 0x00, 0x00, 0x00, 0x00, 0x00, 0x00, 0x00, 0x00, 0x00, 0x00, 0x00, 0x00, 0x00, /* ................ */
    0x00, 0x00, 0x00, 0x00, 0x00, 0x00, 0x00, 0x00, 0x00, 0x00, 0x00, 0x00, 0x00, 0x00, 0x00, 0x00, /* ................ */
    0x00, 0x00, 0x00, 0x00, 0x00, 0x00, 0x00, 0x00, 0x00, 0x00, 0x00, 0x00, 0x00, 0x00, 0x00, 0x00, /* ................ */
    0x00, 0x00, 0x00, 0x00, 0x00, 0x00, 0x00, 0x00, 0x00, 0x00, 0x00, 0x00, 0x00, 0x00, 0x00, 0x00, /* ................ */
    0x00, 0x00, 0x00, 0x00, 0x00, 0x00, 0x00, 0x00, 0x00, 0x00, 0x00, 0x00, 0x00, 0x00, 0x00, 0x00, /* ................ */
    0x00, 0x00, 0x00, 0x00, 0x00, 0x00, 0x00, 0x00, 0x00, 0x00, 0x00, 0x00, 0x00, 0x00, 0x00, 0x00, /* ................ */
    0x00, 0x00, 0x00, 0x00, 0x00, 0x00, 0x00, 0x00, 0x00, 0x00, 0x00, 0x00, 0x00, 0x00, 0x00, 0x00, /* ................ */
    0x00, 0x00, 0x00, 0x00, 0x00, 0x00, 0x00, 0x00, 0x00, 0x00, 0x00, 0x00, 0x00, 0x00, 0x00, 0x00, /* ................ */
    0x00, 0x00, 0x00, 0x00, 0x00, 0x00, 0x00, 0x00, 0x00, 0x00, 0x00, 0x00, 0x00, 0x00, 0x00, 0x00, /* ................ */
    0x00, 0x00, 0x00, 0x00, 0x00, 0x00, 0x00, 0x00, 0x00, 0x00, 0x00, 0x00, 0x00, 0x00, 0x00, 0x00, /* ................ */
    0x00, 0x00, 0x00, 0x00, 0x00, 0x00, 0x00, 0x00, 0x00, 0x00, 0x00, 0x00, 0x00, 0x00, 0x00, 0x00, /* ................ */
    0x00, 0x00, 0x00, 0x00, 0x00, 0x00, 0x00, 0x00, 0x00, 0x00, 0x00, 0x00, 0x00, 0x00, 0x00, 0x00, /* ................ */
    0x00, 0x00, 0x00, 0x00, 0x00, 0x00, 0x00, 0x00, 0x00, 0x00, 0x00, 0x00, 0x00, 0x00, 0x00, 0x00, /* ................ */
    0x00, 0x00, 0x00, 0x00, 0x00, 0x00, 0x00, 0x00, 0x00, 0x00, 0x00, 0x00, 0x00, 0x00, 0x00, 0x00, /* ................ */
    0x00, 0x00, 0x00, 0x00, 0x00, 0x00, 0x00, 0x00, 0x00, 0x00, 0x00, 0x00, 0x00, 0x00, 0x00, 0x00, /* ................ */
    0x00, 0x00, 0x00, 0x00, 0x00, 0x00, 0x00, 0x00, 0x00, 0x00, 0x00, 0x00, 0x00, 0x00, 0x00, 0x00, /* ................ */
    0x00, 0x00, 0x00, 0x00, 0x00, 0x00, 0x00, 0x00, 0x00, 0x00, 0x00, 0x00, 0x00, 0x00, 0x00, 0x00, /* ................ */
    0x00, 0x00, 0x00, 0x00, 0x00, 0x00, 0x00, 0x00, 0x00, 0x00, 0x00, 0x00, 0x00, 0x00, 0x00, 0x00, /* ................ */
    0x00, 0x00, 0x00, 0x00, 0x00, 0x00, 0x00, 0x00, 0x00, 0x00, 0x00, 0x00, 0x00, 0x00, 0x00, 0x00, /* ................ */
    0x00, 0x00, 0x00, 0x00, 0x00, 0x00, 0x00, 0x00, 0x00, 0x00, 0x00, 0x00, 0x00, 0x00, 0x00, 0x00, /* ................ */
    0x00, 0x00, 0x00, 0x00, 0x00, 0x00, 0x00, 0x00, 0x00, 0x00, 0x00, 0x00, 0x00, 0x00, 0x00, 0x00, /* ................ */
    0x00, 0x00, 0x00, 0x00, 0x00, 0x00, 0x00, 0x00, 0x00, 0x00, 0x00, 0x00, 0x00, 0x00, 0x00, 0x00, /* ................ */
    0x00, 0x00, 0x00, 0x00, 0x00, 0x00, 0x00, 0x00, 0x00, 0x00, 0x00, 0x00, 0x00, 0x00, 0x00, 0x00, /* ................ */
    0x00, 0x00, 0x00, 0x00, 0x00, 0x00, 0x00, 0x00, 0x00, 0x00, 0x00, 0x00, 0x00, 0x00, 0x00, 0x00, /* ................ */
    0x00, 0x00, 0x00, 0x00, 0x00, 0x00, 0x00, 0x00, 0x00, 0x00, 0x00, 0x00, 0x00, 0x00, 0x00, 0x00, /* ................ */
    0x00, 0x00, 0x00, 0x00, 0x00, 0x00, 0x00, 0x00, 0x00, 0x00, 0x00, 0x00, 0x00, 0x00, 0x00, 0x00, /* ................ */
    0x00, 0x00, 0x00, 0x00, 0x00, 0x00, 0x00, 0x00, 0x00, 0x00, 0x00, 0x00, 0x00, 0x00, 0x00, 0x00, /* ................ */
    0x00, 0x00, 0x00, 0x00, 0x00, 0x00, 0x00, 0x00, 0x00, 0x00, 0x00, 0x00, 0x00, 0x00, 0x00, 0x00, /* ................ */
    0x00, 0x00, 0x00, 0x00, 0x00, 0x00, 0x00, 0x00, 0x00, 0x00, 0x00, 0x00, 0x00, 0x00, 0x00, 0x00, /* ................ */
    0x00, 0x00, 0x00, 0x00, 0x00, 0x00, 0x00, 0x00, 0x00, 0x00, 0x00, 0x00, 0x00, 0x00, 0x00, 0x00, /* ................ */
    0x00, 0x00, 0x00, 0x00, 0x00, 0x00, 0x00, 0x00, 0x00, 0x00, 0x00, 0x00, 0x00, 0x00, 0x00, 0x00, /* ................ */
    0x00, 0x00, 0x00, 0x00, 0x00, 0x00, 0x00, 0x00, 0x00, 0x00, 0x00, 0x00, 0x00, 0x00, 0x00, 0x00, /* ................ */
    0x00, 0x00, 0x00, 0x00, 0x00, 0x00, 0x00, 0x00, 0x00, 0x00, 0x00, 0x00, 0x00, 0x00, 0x00, 0x00, /* ................ */
    0x00, 0x00, 0x00, 0x00, 0x00, 0x00, 0x00, 0x00, 0x00, 0x00, 0x00, 0x00, 0x00, 0x00, 0x00, 0x00, /* ................ */
    0x00, 0x00, 0x00, 0x00, 0x00, 0x00, 0x00, 0x00, 0x00, 0x00, 0x00, 0x00, 0x00, 0x00, 0x00, 0x00, /* ................ */
    0x00, 0x00, 0x00, 0x00, 0x00, 0x00, 0x00, 0x00, 0x00, 0x00, 0x00, 0x00, 0x00, 0x00, 0x00, 0x00, /* ................ */
    0x00, 0x00, 0x00, 0x00, 0x00, 0x00, 0x00, 0x00, 0x00, 0x00, 0x00, 0x00, 0x00, 0x00, 0x00, 0x00, /* ................ */
    0x00, 0x00, 0x00, 0x00, 0x00, 0x00, 0x00, 0x00, 0x00, 0x00, 0x00, 0x00, 0x00, 0x00, 0x00, 0x00, /* ................ */
    0x00, 0x00, 0x00, 0x00, 0x00, 0x00, 0x00, 0x00, 0x00, 0x00, 0x00, 0x00, 0x00, 0x00, 0x00, 0x00, /* ................ */
    0x00, 0x00, 0x00, 0x00, 0x00, 0x00, 0x00, 0x00, 0x00, 0x00, 0x00, 0x00, 0x00, 0x00, 0x00, 0x00, /* ................ */
    0x00, 0x00, 0x00, 0x00, 0x00, 0x00, 0x00, 0x00, 0x00, 0x00, 0x00, 0x00, 0x00, 0x00, 0x00, 0x00, /* ................ */
    0x00, 0x00, 0x00, 0x00, 0x00, 0x00, 0x00, 0x00, 0x00, 0x00, 0x00, 0x00, 0x00, 0x00, 0x00, 0x00, /* ................ */
    0x00, 0x00, 0x00, 0x00, 0x00, 0x00, 0x00, 0x00, 0x00, 0x00, 0x00, 0x00, 0x00, 0x00, 0x00, 0x00, /* ................ */
    0x00, 0x00, 0x00, 0x00, 0x00, 0x00, 0x00, 0x00, 0x00, 0x00, 0x00, 0x00, 0x00, 0x00, 0x00, 0x00, /* ................ */
    0x00, 0x00, 0x00, 0x00, 0x00, 0x00, 0x00, 0x00, 0x00, 0x00, 0x00, 0x00, 0x00, 0x00, 0x00, 0x00, /* ................ */
    0x00, 0x00, 0x00, 0x00, 0x00, 0x00, 0x00, 0x00, 0x00, 0x00, 0x00, 0x00, 0x00, 0x00, 0x00, 0x00, /* ................ */
    0x00, 0x00, 0x00, 0x00, 0x00, 0x00, 0x00, 0x00, 0x00, 0x00, 0x00, 0x00, 0x00, 0x00, 0x00, 0x00, /* ................ */
    0x00, 0x00, 0x00, 0x00, 0x00, 0x00, 0x00, 0x00, 0x00, 0x00, 0x00, 0x00, 0x00, 0x00, 0x00, 0x00, /* ................ */
    0x00, 0x00, 0x00, 0x00, 0x00, 0x00, 0x00, 0x00, 0x00, 0x00, 0x00, 0x00, 0x00, 0x00, 0x00, 0x00, /* ................ */
    0x00, 0x00, 0x00, 0x00, 0x00, 0x00, 0x00, 0x00, 0x00, 0x00, 0x00, 0x00, 0x00, 0x00, 0x00, 0x00, /* ................ */
    0x00, 0x00, 0x00, 0x00, 0x00, 0x00, 0x00, 0x00, 0x00, 0x00, 0x00, 0x00, 0x00, 0x00, 0x00, 0x00, /* ................ */
    0x00, 0x00, 0x00, 0x00, 0x00, 0x00, 0x00, 0x00, 0x00, 0x00, 0x00, 0x00, 0x00, 0x00, 0x00, 0x00, /* ................ */
    0x00, 0x00, 0x00, 0x00, 0x00, 0x00, 0x00, 0x00, 0x00, 0x00, 0x00, 0x00, 0x00, 0x00, 0x00, 0x00, /* ................ */
    0x00, 0x00, 0x00, 0x00, 0x00, 0x00, 0x00, 0x00, 0x00, 0x00, 0x00, 0x00, 0x00, 0x00, 0x00, 0x00, /* ................ */
    0x00, 0x00, 0x00, 0x00, 0x00, 0x00, 0x00, 0x00, 0x00, 0x00, 0x00, 0x00, 0x00, 0x00, 0x00, 0x00, /* ................ */
    0x00, 0x00, 0x00, 0x00, 0x00, 0x00, 0x00, 0x00, 0x00, 0x00, 0x00, 0x00, 0x00, 0x00, 0x00, 0x00, /* ................ */
    0x00, 0x00, 0x00, 0x00, 0x00, 0x00, 0x00, 0x00, 0x00, 0x00, 0x00, 0x00, 0x00, 0x00, 0x00, 0x00, /* ................ */
    0x00, 0x00, 0x00, 0x00, 0x00, 0x00, 0x00, 0x00, 0x00, 0x00, 0x00, 0x00, 0x00, 0x00, 0x00, 0x00, /* ................ */
    0x00, 0x00, 0x00, 0x00, 0x00, 0x00, 0x00, 0x00, 0x00, 0x00, 0x00, 0x00, 0x00, 0x00, 0x00, 0x00, /* ................ */
    0x00, 0x00, 0x00, 0x00, 0x00, 0x00, 0x00, 0x00, 0x00, 0x00, 0x00, 0x00, 0x00, 0x00, 0x00, 0x00, /* ................ */
    0x00, 0x00, 0x00, 0x00, 0x00, 0x00, 0x00, 0x00, 0x00, 0x00, 0x00, 0x00, 0x00, 0x00, 0x00, 0x00, /* ................ */
    0x00, 0x00, 0x00, 0x00, 0x00, 0x00, 0x00, 0x00, 0x00, 0x00, 0x00, 0x00, 0x00, 0x00, 0x00, 0x00, /* ................ */
    0x00, 0x00, 0x00, 0x00, 0x00, 0x00, 0x00, 0x00, 0x00, 0x00, 0x00, 0x00, 0x00, 0x00, 0x00, 0x00, /* ................ */
    0x00, 0x00, 0x00, 0x00, 0x00, 0x00, 0x00, 0x00, 0x00, 0x00, 0x00, 0x00, 0x00, 0x00, 0x00, 0x00, /* ................ */
    0x00, 0x00, 0x00, 0x00, 0x00, 0x00, 0x00, 0x00, 0x00, 0x00, 0x00, 0x00, 0x00, 0x00, 0x00, 0x00, /* ................ */
    0x00, 0x00, 0x00, 0x00, 0x00, 0x00, 0x00, 0x00, 0x00, 0x00, 0x00, 0x00, 0x00, 0x00, 0x00, 0x00, /* ................ */
    0x00, 0x00, 0x00, 0x00, 0x00, 0x00, 0x00, 0x00, 0x00, 0x00, 0x00, 0x00, 0x00, 0x00, 0x00, 0x00, /* ................ */
    0x00, 0x00, 0x00, 0x00, 0x00, 0x00, 0x00, 0x00, 0x00, 0x00, 0x00, 0x00, 0x00, 0x00, 0x00, 0x00, /* ................ */
    0x00, 0x00, 0x00, 0x00, 0x00, 0x00, 0x00, 0x00, 0x00, 0x00, 0x00, 0x00, 0x00, 0x00, 0x00, 0x00, /* ................ */
    0x00, 0x00, 0x00, 0x00, 0x00, 0x00, 0x00, 0x00, 0x00, 0x00, 0x00, 0x00, 0x00, 0x00, 0x00, 0x00, /* ................ */
    0x00, 0x00, 0x00, 0x00, 0x00, 0x00, 0x00, 0x00, 0x00, 0x00, 0x00, 0x00, 0x00, 0x00, 0x00, 0x00, /* ................ */
    0x00, 0x00, 0x00, 0x00, 0x00, 0x00, 0x00, 0x00, 0x00, 0x00, 0x00, 0x00, 0x00, 0x00, 0x00, 0x00, /* ................ */
    0x00, 0x00, 0x00, 0x00, 0x00, 0x00, 0x00, 0x00, 0x00, 0x00, 0x00, 0x00, 0x00, 0x00, 0x00, 0x00, /* ................ */
    0x00, 0x00, 0x00, 0x00, 0x00, 0x00, 0x00, 0x00, 0x00, 0x00, 0x00, 0x00, 0x00, 0x00, 0x00, 0x00, /* ................ */
    0x00, 0x00, 0x00, 0x00, 0x00, 0x00, 0x00, 0x00, 0x00, 0x00, 0x00, 0x00, 0x00, 0x00, 0x00, 0x00, /* ................ */
    0x00, 0x00, 0x00, 0x00, 0x00, 0x00, 0x00, 0x00, 0x00, 0x00, 0x00, 0x00, 0x00, 0x00, 0x00, 0x00, /* ................ */
    0x00, 0x00, 0x00, 0x00, 0x00, 0x00, 0x00, 0x00, 0x00, 0x00, 0x00, 0x00, 0x00, 0x00, 0x00, 0x00, /* ................ */
    0x00, 0x00, 0x00, 0x00, 0x00, 0x00, 0x00, 0x00, 0x00, 0x00, 0x00, 0x00, 0x00, 0x00, 0x00, 0x00, /* ................ */
    0x00, 0x00, 0x00, 0x00, 0x00, 0x00, 0x00, 0x00, 0x00, 0x00, 0x00, 0x00, 0x00, 0x00, 0x00, 0x00, /* ................ */
    0x00, 0x00, 0x00, 0x00, 0x00, 0x00, 0x00, 0x00, 0x00, 0x00, 0x00, 0x00, 0x00, 0x00, 0x00, 0x00, /* ................ */
    0x00, 0x00, 0x00, 0x00, 0x00, 0x00, 0x00, 0x00, 0x00, 0x00, 0x00, 0x00, 0x00, 0x00, 0x00, 0x00, /* ................ */
    0x00, 0x00, 0x00, 0x00, 0x00, 0x00, 0x00, 0x00, 0x00, 0x00, 0x00, 0x00, 0x00, 0x00, 0x00, 0x00, /* ................ */
    0x00, 0x00, 0x00, 0x00, 0x00, 0x00, 0x00, 0x00, 0x00, 0x00, 0x00, 0x00, 0x00, 0x00, 0x00, 0x00, /* ................ */
    0x00, 0x00, 0x00, 0x00, 0x00, 0x00, 0x00, 0x00, 0x00, 0x00, 0x00, 0x00, 0x00, 0x00, 0x00, 0x00, /* ................ */
    0x00, 0x00, 0x00, 0x00, 0x00, 0x00, 0x00, 0x00, 0x00, 0x00, 0x00, 0x00, 0x00, 0x00, 0x00, 0x00, /* ................ */
    0x00, 0x00, 0x00, 0x00, 0x00, 0x00, 0x00, 0x00, 0x00, 0x00, 0x00, 0x00, 0x00, 0x00, 0x00, 0x00, /* ................ */
    0x00, 0x00, 0x00, 0x00, 0x00, 0x00, 0x00, 0x00, 0x00, 0x00, 0x00, 0x00, 0x00, 0x00, 0x00, 0x00, /* ................ */
    0x00, 0x00, 0x00, 0x00, 0x00, 0x00, 0x00, 0x00, 0x00, 0x00, 0x00, 0x00, 0x00, 0x00, 0x00, 0x00, /* ................ */
    0x00, 0x00, 0x00, 0x00, 0x00, 0x00, 0x00, 0x00, 0x00, 0x00, 0x00, 0x00, 0x00, 0x00, 0x00, 0x00, /* ................ */
    0x00, 0x00, 0x00, 0x00, 0x00, 0x00, 0x00, 0x00, 0x00, 0x00, 0x00, 0x00, 0x00, 0x00, 0x00, 0x00, /* ................ */
    0x00, 0x00, 0x00, 0x00, 0x00, 0x00, 0x00, 0x00, 0x00, 0x00, 0x00, 0x00, 0x00, 0x00, 0x00, 0x00, /* ................ */
    0x00, 0x00, 0x00, 0x00, 0x00, 0x00, 0x00, 0x00, 0x00, 0x00, 0x00, 0x00, 0x00, 0x00, 0x00, 0x00, /* ................ */
    0x00, 0x00, 0x00, 0x00, 0x00, 0x00, 0x00, 0x00, 0x00, 0x00, 0x00, 0x00, 0x00, 0x00, 0x00, 0x00, /* ................ */
    0x00, 0x00, 0x00, 0x00, 0x00, 0x00, 0x00, 0x00, 0x00, 0x00, 0x00, 0x00, 0x00, 0x00, 0x00, 0x00, /* ................ */
    0x00, 0x00, 0x00, 0x00, 0x00, 0x00, 0x00, 0x00, 0x00, 0x00, 0x00, 0x00, 0x00, 0x00, 0x00, 0x00, /* ................ */
    0x00, 0x00, 0x00, 0x00, 0x00, 0x00, 0x00, 0x00, 0x00, 0x00, 0x00, 0x00, 0x00, 0x00, 0x00, 0x00, /* ................ */
    0x00, 0x00, 0x00, 0x00, 0x00, 0x00, 0x00, 0x00, 0x00, 0x00, 0x00, 0x00, 0x00, 0x00, 0x00, 0x00, /* ................ */
    0x00, 0x00, 0x00, 0x00, 0x00, 0x00, 0x00, 0x00, 0x00, 0x00, 0x00, 0x00, 0x00, 0x00, 0x00, 0x00, /* ................ */
    0x00, 0x00, 0x00, 0x00, 0x00, 0x00, 0x00, 0x00, 0x00, 0x00, 0x00, 0x00, 0x00, 0x00, 0x00, 0x00, /* ................ */
    0x00, 0x00, 0x00, 0x00, 0x00, 0x00, 0x00, 0x00, 0x00, 0x00, 0x00, 0x00, 0x00, 0x00, 0x00, 0x00, /* ................ */
    0x00, 0x00, 0x00, 0x00, 0x00, 0x00, 0x00, 0x00, 0x00, 0x00, 0x00, 0x00, 0x00, 0x00, 0x00, 0x00, /* ................ */
    0x00, 0x00, 0x00, 0x00, 0x00, 0x00, 0x00, 0x00, 0x00, 0x00, 0x00, 0x00, 0x00, 0x00, 0x00, 0x00, /* ................ */
    0x00, 0x00, 0x00, 0x00, 0x00, 0x00, 0x00, 0x00, 0x00, 0x00, 0x00, 0x00, 0x00, 0x00, 0x00, 0x00, /* ................ */
    0x00, 0x00, 0x00, 0x00, 0x00, 0x00, 0x00, 0x00, 0x00, 0x00, 0x00, 0x00, 0x00, 0x00, 0x00, 0x00, /* ................ */
    0x00, 0x00, 0x00, 0x00, 0x00, 0x00, 0x00, 0x00, 0x00, 0x00, 0x00, 0x00, 0x00, 0x00, 0x00, 0x00, /* ................ */
    0x00, 0x00, 0x00, 0x00, 0x00, 0x00, 0x00, 0x00, 0x00, 0x00, 0x00, 0x00, 0x00, 0x00, 0x00, 0x00, /* ................ */
    0x00, 0x00, 0x00, 0x00, 0x00, 0x00, 0x00, 0x00, 0x00, 0x00, 0x00, 0x00, 0x00, 0x00, 0x00, 0x00, /* ................ */
    0x00, 0x00, 0x00, 0x00, 0x00, 0x00, 0x00, 0x00, 0x00, 0x00, 0x00, 0x00, 0x00, 0x00, 0x00, 0x00, /* ................ */
    0x00, 0x00, 0x00, 0x00, 0x00, 0x00, 0x00, 0x00, 0x00, 0x00, 0x00, 0x00, 0x00, 0x00, 0x00, 0x00, /* ................ */
    0x00, 0x00, 0x00, 0x00, 0x00, 0x00, 0x00, 0x00, 0x00, 0x00, 0x00, 0x00, 0x00, 0x00, 0x00, 0x00, /* ................ */
    0x00, 0x00, 0x00, 0x00, 0x00, 0x00, 0x00, 0x00, 0x00, 0x00, 0x00, 0x00, 0x00, 0x00, 0x00, 0x00, /* ................ */
    0x00, 0x00, 0x00, 0x00, 0x00, 0x00, 0x00, 0x00, 0x00, 0x00, 0x00, 0x00, 0x00, 0x00, 0x00, 0x00, /* ................ */
    0x00, 0x00, 0x00, 0x00, 0x00, 0x00, 0x00, 0x00, 0x00, 0x00, 0x00, 0x00, 0x00, 0x00, 0x00, 0x00, /* ................ */
    0x00, 0x00, 0x00, 0x00, 0x00, 0x00, 0x00, 0x00, 0x00, 0x00, 0x00, 0x00, 0x00, 0x00, 0x00, 0x00, /* ................ */
    0x00, 0x00, 0x00, 0x00, 0x00, 0x00, 0x00, 0x00, 0x00, 0x00, 0x00, 0x00, 0x00, 0x00, 0x00, 0x00, /* ................ */
    0x00, 0x00, 0x00, 0x00, 0x00, 0x00, 0x00, 0x00, 0x00, 0x00, 0x00, 0x00, 0x00, 0x00, 0x00, 0x00, /* ................ */
    0x00, 0x00, 0x00, 0x00, 0x00, 0x00, 0x00, 0x00, 0x00, 0x00, 0x00, 0x00, 0x00, 0x00, 0x00, 0x00, /* ................ */
    0x00, 0x00, 0x00, 0x00, 0x00, 0x00, 0x00, 0x00, 0x00, 0x00, 0x00, 0x00, 0x00, 0x00, 0x00, 0x00, /* ................ */
    0x00, 0x00, 0x00, 0x00, 0x00, 0x00, 0x00, 0x00, 0x00, 0x00, 0x00, 0x00, 0x00, 0x00, 0x00, 0x00, /* ................ */
    0x00, 0x00, 0x00, 0x00, 0x00, 0x00, 0x00, 0x00, 0x00, 0x00, 0x00, 0x00, 0x00, 0x00, 0x00, 0x00, /* ................ */
    0x00, 0x00, 0x00, 0x00, 0x00, 0x00, 0x00, 0x00, 0x00, 0x00, 0x00, 0x00, 0x00, 0x00, 0x00, 0x00, /* ................ */
    0x00, 0x00, 0x00, 0x00, 0x00, 0x00, 0x00, 0x00, 0x00, 0x00, 0x00, 0x00, 0x00, 0x00, 0x00, 0x00, /* ................ */
    0x00, 0x00, 0x00, 0x00, 0x00, 0x00, 0x00, 0x00, 0x00, 0x00, 0x00, 0x00, 0x00, 0x00, 0x00, 0x00, /* ................ */
    0x00, 0x00, 0x00, 0x00, 0x00, 0x00, 0x00, 0x00, 0x00, 0x00, 0x00, 0x00, 0x00, 0x00, 0x00, 0x00, /* ................ */
    0x00, 0x00, 0x00, 0x00, 0x00, 0x00, 0x00, 0x00, 0x00, 0x00, 0x00, 0x00, 0x00, 0x00, 0x00, 0x00, /* ................ */
    0x00, 0x00, 0x00, 0x00, 0x00, 0x00, 0x00, 0x00, 0x00, 0x00, 0x00, 0x00, 0x00, 0x00, 0x00, 0x00, /* ................ */
    0x00, 0x00, 0x00, 0x00, 0x00, 0x00, 0x00, 0x00, 0x00, 0x00, 0x00, 0x00, 0x00, 0x00, 0x00, 0x00, /* ................ */
    0x00, 0x00, 0x00, 0x00, 0x00, 0x00, 0x00, 0x00, 0x00, 0x00, 0x00, 0x00, 0x00, 0x00, 0x00, 0x00, /* ................ */
    0x00, 0x00, 0x00, 0x00, 0x00, 0x00, 0x00, 0x00, 0x00, 0x00, 0x00, 0x00, 0x00, 0x00, 0x00, 0x00, /* ................ */
    0x00, 0x00, 0x00, 0x00, 0x00, 0x00, 0x00, 0x00, 0x00, 0x00, 0x00, 0x00, 0x00, 0x00, 0x00, 0x00, /* ................ */
    0x00, 0x00, 0x00, 0x00, 0x00, 0x00, 0x00, 0x00, 0x00, 0x00, 0x00, 0x00, 0x00, 0x00, 0x00, 0x00, /* ................ */
    0x00, 0x00, 0x00, 0x00, 0x00, 0x00, 0x00, 0x00, 0x00, 0x00, 0x00, 0x00, 0x00, 0x00, 0x00, 0x00, /* ................ */
    0x00, 0x00, 0x00, 0x00, 0x00, 0x00, 0x00, 0x00, 0x00, 0x00, 0x00, 0x00, 0x00, 0x00, 0x00, 0x00, /* ................ */
    0x00, 0x00, 0x00, 0x00, 0x00, 0x00, 0x00, 0x00, 0x00, 0x00, 0x00, 0x00, 0x00, 0x00, 0x00, 0x00, /* ................ */
    0x00, 0x00, 0x00, 0x00, 0x00, 0x00, 0x00, 0x00, 0x00, 0x00, 0x00, 0x00, 0x00, 0x00, 0x00, 0x00, /* ................ */
    0x00, 0x00, 0x00, 0x00, 0x00, 0x00, 0x00, 0x00, 0x00, 0x00, 0x00, 0x00, 0x00, 0x00, 0x00, 0x00, /* ................ */
    0x00, 0x00, 0x00, 0x00, 0x00, 0x00, 0x00, 0x00, 0x00, 0x00, 0x00, 0x00, 0x00, 0x00, 0x00, 0x00, /* ................ */
    0x00, 0x00, 0x00, 0x00, 0x00, 0x00, 0x00, 0x00, 0x00, 0x00, 0x00, 0x00, 0x00, 0x00, 0x00, 0x00, /* ................ */
    0x00, 0x00, 0x00, 0x00, 0x00, 0x00, 0x00, 0x00, 0x00, 0x00, 0x00, 0x00, 0x00, 0x00, 0x00, 0x00, /* ................ */
    0x00, 0x00, 0x00, 0x00, 0x00, 0x00, 0x00, 0x00, 0x00, 0x00, 0x00, 0x00, 0x00, 0x00, 0x00, 0x00, /* ................ */
    0x00, 0x00, 0x00, 0x00, 0x00, 0x00, 0x00, 0x00, 0x00, 0x00, 0x00, 0x00, 0x00, 0x00, 0x00, 0x00, /* ................ */
    0x00, 0x00, 0x00, 0x00, 0x00, 0x00, 0x00, 0x00, 0x00, 0x00, 0x00, 0x00, 0x00, 0x00, 0x00, 0x00, /* ................ */
    0x00, 0x00, 0x00, 0x00, 0x00, 0x00, 0x00, 0x00, 0x00, 0x00, 0x00, 0x00, 0x00, 0x00, 0x00, 0x00, /* ................ */
    0x00, 0x00, 0x00, 0x00, 0x00, 0x00, 0x00, 0x00, 0x00, 0x00, 0x00, 0x00, 0x00, 0x00, 0x00, 0x00, /* ................ */
    0x00, 0x00, 0x00, 0x00, 0x00, 0x00, 0x00, 0x00, 0x00, 0x00, 0x00, 0x00, 0x00, 0x00, 0x00, 0x00, /* ................ */
    0x00, 0x00, 0x00, 0x00, 0x00, 0x00, 0x00, 0x00, 0x00, 0x00, 0x00, 0x00, 0x00, 0x00, 0x00, 0x00, /* ................ */
    0x00, 0x00, 0x00, 0x00, 0x00, 0x00, 0x00, 0x00, 0x00, 0x00, 0x00, 0x00, 0x00, 0x00, 0x00, 0x00, /* ................ */
    0x00, 0x00, 0x00, 0x00, 0x00, 0x00, 0x00, 0x00, 0x00, 0x00, 0x00, 0x00, 0x00, 0x00, 0x00, 0x00, /* ................ */
    0x00, 0x00, 0x00, 0x00, 0x00, 0x00, 0x00, 0x00, 0x00, 0x00, 0x00, 0x00, 0x00, 0x00, 0x00, 0x00, /* ................ */
    0x00, 0x00, 0x00, 0x00, 0x00, 0x00, 0x00, 0x00, 0x00, 0x00, 0x00, 0x00, 0x00, 0x00, 0x00, 0x00, /* ................ */
    0x00, 0x00, 0x00, 0x00, 0x00, 0x00, 0x00, 0x00, 0x00, 0x00, 0x00, 0x00, 0x00, 0x00, 0x00, 0x00, /* ................ */
    0x00, 0x00, 0x00, 0x00, 0x00, 0x00, 0x00, 0x00, 0x00, 0x00, 0x00, 0x00, 0x00, 0x00, 0x00, 0x00, /* ................ */
    0x00, 0x00, 0x00, 0x00, 0x00, 0x00, 0x00, 0x00, 0x00, 0x00, 0x00, 0x00, 0x00, 0x00, 0x00, 0x00, /* ................ */
    0x00, 0x00, 0x00, 0x00, 0x00, 0x00, 0x00, 0x00, 0x00, 0x00, 0x00, 0x00, 0x00, 0x00, 0x00, 0x00, /* ................ */
    0x00, 0x00, 0x00, 0x00, 0x00, 0x00, 0x00, 0x00, 0x00, 0x00, 0x00, 0x00, 0x00, 0x00, 0x00, 0x00, /* ................ */
    0x00, 0x00, 0x00, 0x00, 0x00, 0x00, 0x00, 0x00, 0x00, 0x00, 0x00, 0x00, 0x00, 0x00, 0x00, 0x00, /* ................ */
    0x00, 0x00, 0x00, 0x00, 0x00, 0x00, 0x00, 0x00, 0x00, 0x00, 0x00, 0x00, 0x00, 0x00, 0x00, 0x00, /* ................ */
    0x00, 0x00, 0x00, 0x00, 0x00, 0x00, 0x00, 0x00, 0x00, 0x00, 0x00, 0x00, 0x00, 0x00, 0x00, 0x00, /* ................ */
    0x00, 0x00, 0x00, 0x00, 0x00, 0x00, 0x00, 0x00, 0x00, 0x00, 0x00, 0x00, 0x00, 0x00, 0x00, 0x00, /* ................ */
    0x00, 0x00, 0x00, 0x00, 0x00, 0x00, 0x00, 0x00, 0x00, 0x00, 0x00, 0x00, 0x00, 0x00, 0x00, 0x00, /* ................ */
    0x00, 0x00, 0x00, 0x00, 0x00, 0x00, 0x00, 0x00, 0x00, 0x00, 0x00, 0x00, 0x00, 0x00, 0x00, 0x00, /* ................ */
    0x00, 0x00, 0x00, 0x00, 0x00, 0x00, 0x00, 0x00, 0x00, 0x00, 0x00, 0x00, 0x00, 0x00, 0x00, 0x00, /* ................ */
    0x00, 0x00, 0x00, 0x00, 0x00, 0x00, 0x00, 0x00, 0x00, 0x00, 0x00, 0x00, 0x00, 0x00, 0x00, 0x00, /* ................ */
    0x00, 0x00, 0x00, 0x00, 0x00, 0x00, 0x00, 0x00, 0x00, 0x00, 0x00, 0x00, 0x00, 0x00, 0x00, 0x00, /* ................ */
    0x00, 0x00, 0x00, 0x00, 0x00, 0x00, 0x00, 0x00, 0x00, 0x00, 0x00, 0x00, 0x00, 0x00, 0x00, 0x00, /* ................ */
    0x00, 0x00, 0x00, 0x00, 0x00, 0x00, 0x00, 0x00, 0x00, 0x00, 0x00, 0x00, 0x00, 0x00, 0x00, 0x00, /* ................ */
    0x00, 0x00, 0x00, 0x00, 0x00, 0x00, 0x00, 0x00, 0x00, 0x00, 0x00, 0x00, 0x00, 0x00, 0x00, 0x00, /* ................ */
    0x00, 0x00, 0x00, 0x00, 0x00, 0x00, 0x00, 0x00, 0x00, 0x00, 0x00, 0x00, 0x00, 0x00, 0x00, 0x00, /* ................ */
    0x00, 0x00, 0x00, 0x00, 0x00, 0x00, 0x00, 0x00, 0x00, 0x00, 0x00, 0x00, 0x00, 0x00, 0x00, 0x00, /* ................ */
    0x00, 0x00, 0x00, 0x00, 0x00, 0x00, 0x00, 0x00, 0x00, 0x00, 0x00, 0x00, 0x00, 0x00, 0x00, 0x00, /* ................ */
    0x00, 0x00, 0x00, 0x00, 0x00, 0x00, 0x00, 0x00, 0x00, 0x00, 0x00, 0x00, 0x00, 0x00, 0x00, 0x00, /* ................ */
    0x00, 0x00, 0x00, 0x00, 0x00, 0x00, 0x00, 0x00, 0x00, 0x00, 0x00, 0x00, 0x00, 0x00, 0x00, 0x00, /* ................ */
    0x00, 0x00, 0x00, 0x00, 0x00, 0x00, 0x00, 0x00, 0x00, 0x00, 0x00, 0x00, 0x00, 0x00, 0x00, 0x00, /* ................ */
    0x00, 0x00, 0x00, 0x00, 0x00, 0x00, 0x00, 0x00, 0x00, 0x00, 0x00, 0x00, 0x00, 0x00, 0x00, 0x00, /* ................ */
    0x00, 0x00, 0x00, 0x00, 0x00, 0x00, 0x00, 0x00, 0x00, 0x00, 0x00, 0x00, 0x00, 0x00, 0x00, 0x00, /* ................ */
    0x00, 0x00, 0x00, 0x00, 0x00, 0x00, 0x00, 0x00, 0x00, 0x00, 0x00, 0x00, 0x00, 0x00, 0x00, 0x00, /* ................ */
    0x00, 0x00, 0x00, 0x00, 0x00, 0x00, 0x00, 0x00, 0x00, 0x00, 0x00, 0x00, 0x00, 0x00, 0x00, 0x00, /* ................ */
    0x00, 0x00, 0x00, 0x00, 0x00, 0x00, 0x00, 0x00, 0x00, 0x00, 0x00, 0x00, 0x00, 0x00, 0x00, 0x00, /* ................ */
    0x00, 0x00, 0x00, 0x00, 0x00, 0x00, 0x00, 0x00, 0x00, 0x00, 0x00, 0x00, 0x00, 0x00, 0x00, 0x00, /* ................ */
    0x00, 0x00, 0x00, 0x00, 0x00, 0x00, 0x00, 0x00, 0x00, 0x00, 0x00, 0x00, 0x00, 0x00, 0x00, 0x00, /* ................ */
    0x00, 0x00, 0x00, 0x00, 0x00, 0x00, 0x00, 0x00, 0x00, 0x00, 0x00, 0x00, 0x00, 0x00, 0x00, 0x00, /* ................ */
    0x00, 0x00, 0x00, 0x00, 0x00, 0x00, 0x00, 0x00, 0x00, 0x00, 0x00, 0x00, 0x00, 0x00, 0x00, 0x00, /* ................ */
    0x00, 0x00, 0x00, 0x00, 0x00, 0x00, 0x00, 0x00, 0x00, 0x00, 0x00, 0x00, 0x00, 0x00, 0x00, 0x00, /* ................ */
    0x00, 0x00, 0x00, 0x00, 0x00, 0x00, 0x00, 0x00, 0x00, 0x00, 0x00, 0x00, 0x00, 0x00, 0x00, 0x00, /* ................ */
    0x00, 0x00, 0x00, 0x00, 0x00, 0x00, 0x00, 0x00, 0x00, 0x00, 0x00, 0x00, 0x00, 0x00, 0x00, 0x00, /* ................ */
    0x00, 0x00, 0x00, 0x00, 0x00, 0x00, 0x00, 0x00, 0x00, 0x00, 0x00, 0x00, 0x00, 0x00, 0x00, 0x00, /* ................ */
    0x00, 0x00, 0x00, 0x00, 0x00, 0x00, 0x00, 0x00, 0x00, 0x00, 0x00, 0x00, 0x00, 0x00, 0x00, 0x00, /* ................ */
    0x00, 0x00, 0x00, 0x00, 0x00, 0x00, 0x00, 0x00, 0x00, 0x00, 0x00, 0x00, 0x00, 0x00, 0x00, 0x00, /* ................ */
    0x00, 0x00, 0x00, 0x00, 0x00, 0x00, 0x00, 0x00, 0x00, 0x00, 0x00, 0x00, 0x00, 0x00, 0x00, 0x00, /* ................ */
    0x00, 0x00, 0x00, 0x00, 0x00, 0x00, 0x00, 0x00, 0x00, 0x00, 0x00, 0x00, 0x00, 0x00, 0x00, 0x00, /* ................ */
    0x00, 0x00, 0x00, 0x00, 0x00, 0x00, 0x00, 0x00, 0x00, 0x00, 0x00, 0x00, 0x00, 0x00, 0x00, 0x00, /* ................ */
    0x00, 0x00, 0x00, 0x00, 0x00, 0x00, 0x00, 0x00, 0x00, 0x00, 0x00, 0x00, 0x00, 0x00, 0x00, 0x00, /* ................ */
    0x00, 0x00, 0x00, 0x00, 0x00, 0x00, 0x00, 0x00, 0x00, 0x00, 0x00, 0x00, 0x00, 0x00, 0x00, 0x00, /* ................ */
    0x00, 0x00, 0x00, 0x00, 0x00, 0x00, 0x00, 0x00, 0x00, 0x00, 0x00, 0x00, 0x00, 0x00, 0x00, 0x00, /* ................ */
    0x00, 0x00, 0x00, 0x00, 0x00, 0x00, 0x00, 0x00, 0x00, 0x00, 0x00, 0x00, 0x00, 0x00, 0x00, 0x00, /* ................ */
    0x00, 0x00, 0x00, 0x00, 0x00, 0x00, 0x00, 0x00, 0x00, 0x00, 0x00, 0x00, 0x00, 0x00, 0x00, 0x00, /* ................ */
    0x00, 0x00, 0x00, 0x00, 0x00, 0x00, 0x00, 0x00, 0x00, 0x00, 0x00, 0x00, 0x00, 0x00, 0x00, 0x00, /* ................ */
    0x00, 0x00, 0x00, 0x00, 0x00, 0x00, 0x00, 0x00, 0x00, 0x00, 0x00, 0x00, 0x00, 0x00, 0x00, 0x00, /* ................ */
    0x00, 0x00, 0x00, 0x00, 0x00, 0x00, 0x00, 0x00, 0x00, 0x00, 0x00, 0x00, 0x00, 0x00, 0x00, 0x00, /* ................ */
    0x00, 0x00, 0x00, 0x00, 0x00, 0x00, 0x00, 0x00, 0x00, 0x00, 0x00, 0x00, 0x00, 0x00, 0x00, 0x00, /* ................ */
    0x00, 0x00, 0x00, 0x00, 0x00, 0x00, 0x00, 0x00, 0x00, 0x00, 0x00, 0x00, 0x00, 0x00, 0x00, 0x00, /* ................ */
    0x00, 0x00, 0x00, 0x00, 0x00, 0x00, 0x00, 0x00, 0x00, 0x00, 0x00, 0x00, 0x00, 0x00, 0x00, 0x00, /* ................ */
    0x00, 0x00, 0x00, 0x00, 0x00, 0x00, 0x00, 0x00, 0x00, 0x00, 0x00, 0x00, 0x00, 0x00, 0x00, 0x00, /* ................ */
    0x00, 0x00, 0x00, 0x00, 0x00, 0x00, 0x00, 0x00, 0x00, 0x00, 0x00, 0x00, 0x00, 0x00, 0x00, 0x00, /* ................ */
    0x00, 0x00, 0x00, 0x00, 0x00, 0x00, 0x00, 0x00, 0x00, 0x00, 0x00, 0x00, 0x00, 0x00, 0x00, 0x00, /* ................ */
    0x00, 0x00, 0x00, 0x00, 0x00, 0x00, 0x00, 0x00, 0x00, 0x00, 0x00, 0x00, 0x00, 0x00, 0x00, 0x00, /* ................ */
    0x00, 0x00, 0x00, 0x00, 0x00, 0x00, 0x00, 0x00, 0x00, 0x00, 0x00, 0x00, 0x00, 0x00, 0x00, 0x00, /* ................ */
    0x00, 0x00, 0x00, 0x00, 0x00, 0x00, 0x00, 0x00, 0x00, 0x00, 0x00, 0x00, 0x00, 0x00, 0x00, 0x00, /* ................ */
    0x00, 0x00, 0x00, 0x00, 0x00, 0x00, 0x00, 0x00, 0x00, 0x00, 0x00, 0x00, 0x00, 0x00, 0x00, 0x00, /* ................ */
    0x00, 0x00, 0x00, 0x00, 0x00, 0x00, 0x00, 0x00, 0x00, 0x00, 0x00, 0x00, 0x00, 0x00, 0x00, 0x00, /* ................ */
    0x00, 0x00, 0x00, 0x00, 0x00, 0x00, 0x00, 0x00, 0x00, 0x00, 0x00, 0x00, 0x00, 0x00, 0x00, 0x00, /* ................ */
    0x00, 0x00, 0x00, 0x00, 0x00, 0x00, 0x00, 0x00, 0x00, 0x00, 0x00, 0x00, 0x00, 0x00, 0x00, 0x00, /* ................ */
    0x00, 0x00, 0x00, 0x00, 0x00, 0x00, 0x00, 0x00, 0x00, 0x00, 0x00, 0x00, 0x00, 0x00, 0x00, 0x00, /* ................ */
    0x00, 0x00, 0x00, 0x00, 0x00, 0x00, 0x00, 0x00, 0x00, 0x00, 0x00, 0x00, 0x00, 0x00, 0x00, 0x00, /* ................ */
    0x00, 0x00, 0x00, 0x00, 0x00, 0x00, 0x00, 0x00, 0x00, 0x00, 0x00, 0x00, 0x00, 0x00, 0x00, 0x00, /* ................ */
    0x00, 0x00, 0x00, 0x00, 0x00, 0x00, 0x00, 0x00, 0x00, 0x00, 0x00, 0x00, 0x00, 0x00, 0x00, 0x00, /* ................ */
    0x00, 0x00, 0x00, 0x00, 0x00, 0x00, 0x00, 0x00, 0x00, 0x00, 0x00, 0x00, 0x00, 0x00, 0x00, 0x00, /* ................ */
    0x00, 0x00, 0x00, 0x00, 0x00, 0x00, 0x00, 0x00, 0x00, 0x00, 0x00, 0x00, 0x00, 0x00, 0x00, 0x00, /* ................ */
    0x00, 0x00, 0x00, 0x00, 0x00, 0x00, 0x00, 0x00, 0x00, 0x00, 0x00, 0x00, 0x00, 0x00, 0x00, 0x00, /* ................ */
    0x00, 0x00, 0x00, 0x00, 0x00, 0x00, 0x00, 0x00, 0x00, 0x00, 0x00, 0x00, 0x00, 0x00, 0x00, 0x00, /* ................ */
    0x00, 0x00, 0x00, 0x00, 0x00, 0x00, 0x00, 0x00, 0x00, 0x00, 0x00, 0x00, 0x00, 0x00, 0x00, 0x00, /* ................ */
    0x00, 0x00, 0x00, 0x00, 0x00, 0x00, 0x00, 0x00, 0x00, 0x00, 0x00, 0x00, 0x00, 0x00, 0x00, 0x00, /* ................ */
    0x00, 0x00, 0x00, 0x00, 0x00, 0x00, 0x00, 0x00, 0x00, 0x00, 0x00, 0x00, 0x00, 0x00, 0x00, 0x00, /* ................ */
    0x00, 0x00, 0x00, 0x00, 0x00, 0x00, 0x00, 0x00, 0x00, 0x00, 0x00, 0x00, 0x00, 0x00, 0x00, 0x00, /* ................ */
    0x00, 0x00, 0x00, 0x00, 0x00, 0x00, 0x00, 0x00, 0x00, 0x00, 0x00, 0x00, 0x00, 0x00, 0x00, 0x00, /* ................ */
    0x00, 0x00, 0x00, 0x00, 0x00, 0x00, 0x00, 0x00, 0x00, 0x00, 0x00, 0x00, 0x00, 0x00, 0x00, 0x00, /* ................ */
    0x00, 0x00, 0x00, 0x00, 0x00, 0x00, 0x00, 0x00, 0x00, 0x00, 0x00, 0x00, 0x00, 0x00, 0x00, 0x00, /* ................ */
    0x00, 0x00, 0x00, 0x00, 0x00, 0x00, 0x00, 0x00, 0x00, 0x00, 0x00, 0x00, 0x00, 0x00, 0x00, 0x00, /* ................ */
    0x00, 0x00, 0x00, 0x00, 0x00, 0x00, 0x00, 0x00, 0x00, 0x00, 0x00, 0x00, 0x00, 0x00, 0x00, 0x00, /* ................ */
    0x00, 0x00, 0x00, 0x00, 0x00, 0x00, 0x00, 0x00, 0x00, 0x00, 0x00, 0x00, 0x00, 0x00, 0x00, 0x00, /* ................ */
    0x00, 0x00, 0x00, 0x00, 0x00, 0x00, 0x00, 0x00, 0x00, 0x00, 0x00, 0x00, 0x00, 0x00, 0x00, 0x00, /* ................ */
    0x00, 0x00, 0x00, 0x00, 0x00, 0x00, 0x00, 0x00, 0x00, 0x00, 0x00, 0x00, 0x00, 0x00, 0x00, 0x00, /* ................ */
    0x00, 0x00, 0x00, 0x00, 0x00, 0x00, 0x00, 0x00, 0x00, 0x00, 0x00, 0x00, 0x00, 0x00, 0x00, 0x00, /* ................ */
    0x00, 0x00, 0x00, 0x00, 0x00, 0x00, 0x00, 0x00, 0x00, 0x00, 0x00, 0x00, 0x00, 0x00, 0x00, 0x00, /* ................ */
    0x00, 0x00, 0x00, 0x00, 0x00, 0x00, 0x00, 0x00, 0x00, 0x00, 0x00, 0x00, 0x00, 0x00, 0x00, 0x00, /* ................ */
    0x00, 0x00, 0x00, 0x00, 0x00, 0x00, 0x00, 0x00, 0x00, 0x00, 0x00, 0x00, 0x00, 0x00, 0x00, 0x00, /* ................ */
    0x00, 0x00, 0x00, 0x00, 0x00, 0x00, 0x00, 0x00, 0x00, 0x00, 0x00, 0x00, 0x00, 0x00, 0x00, 0x00, /* ................ */
    0x00, 0x00, 0x00, 0x00, 0x00, 0x00, 0x00, 0x00, 0x00, 0x00, 0x00, 0x00, 0x00, 0x00, 0x00, 0x00, /* ................ */
    0x00, 0x00, 0x00, 0x00, 0x00, 0x00, 0x00, 0x00, 0x00, 0x00, 0x00, 0x00, 0x00, 0x00, 0x00, 0x00, /* ................ */
    0x00, 0x00, 0x00, 0x00, 0x00, 0x00, 0x00, 0x00, 0x00, 0x00, 0x00, 0x00, 0x00, 0x00, 0x00, 0x00, /* ................ */
    0x00, 0x00, 0x00, 0x00, 0x00, 0x00, 0x00, 0x00, 0x00, 0x00, 0x00, 0x00, 0x00, 0x00, 0x00, 0x00, /* ................ */
    0x00, 0x00, 0x00, 0x00, 0x00, 0x00, 0x00, 0x00, 0x00, 0x00, 0x00, 0x00, 0x00, 0x00, 0x00, 0x00, /* ................ */
    0x00, 0x00, 0x00, 0x00, 0x00, 0x00, 0x00, 0x00, 0x00, 0x00, 0x00, 0x00, 0x00, 0x00, 0x00, 0x00, /* ................ */
    0x00, 0x00, 0x00, 0x00, 0x00, 0x00, 0x00, 0x00, 0x00, 0x00, 0x00, 0x00, 0x00, 0x00, 0x00, 0x00, /* ................ */
    0x00, 0x00, 0x00, 0x00, 0x00, 0x00, 0x00, 0x00, 0x00, 0x00, 0x00, 0x00, 0x00, 0x00, 0x00, 0x00, /* ................ */
    0x00, 0x00, 0x00, 0x00, 0x00, 0x00, 0x00, 0x00, 0x00, 0x00, 0x00, 0x00, 0x00, 0x00, 0x00, 0x00, /* ................ */
    0x00, 0x00, 0x00, 0x00, 0x00, 0x00, 0x00, 0x00, 0x00, 0x00, 0x00, 0x00, 0x00, 0x00, 0x00, 0x00, /* ................ */
    0x00, 0x00, 0x00, 0x00, 0x00, 0x00, 0x00, 0x00, 0x00, 0x00, 0x00, 0x00, 0x00, 0x00, 0x00, 0x00, /* ................ */
    0x00, 0x00, 0x00, 0x00, 0x00, 0x00, 0x00, 0x00, 0x00, 0x00, 0x00, 0x00, 0x00, 0x00, 0x00, 0x00, /* ................ */
    0x00, 0x00, 0x00, 0x00, 0x00, 0x00, 0x00, 0x00, 0x00, 0x00, 0x00, 0x00, 0x00, 0x00, 0x00, 0x00, /* ................ */
    0x00, 0x00, 0x00, 0x00, 0x00, 0x00, 0x00, 0x00, 0x00, 0x00, 0x00, 0x00, 0x00, 0x00, 0x00, 0x00, /* ................ */
    0x00, 0x00, 0x00, 0x00, 0x00, 0x00, 0x00, 0x00, 0x00, 0x00, 0x00, 0x00, 0x00, 0x00, 0x00, 0x00, /* ................ */
    0x00, 0x00, 0x00, 0x00, 0x00, 0x00, 0x00, 0x00, 0x00, 0x00, 0x00, 0x00, 0x00, 0x00, 0x00, 0x00, /* ................ */
    0x00, 0x00, 0x00, 0x00, 0x00, 0x00, 0x00, 0x00, 0x00, 0x00, 0x00, 0x00, 0x00, 0x00, 0x00, 0x00, /* ................ */
    0x00, 0x00, 0x00, 0x00, 0x00, 0x00, 0x00, 0x00, 0x00, 0x00, 0x00, 0x00, 0x00, 0x00, 0x00, 0x00, /* ................ */
    0x00, 0x00, 0x00, 0x00, 0x00, 0x00, 0x00, 0x00, 0x00, 0x00, 0x00, 0x00, 0x00, 0x00, 0x00, 0x00, /* ................ */
    0x00, 0x00, 0x00, 0x00, 0x00, 0x00, 0x00, 0x00, 0x00, 0x00, 0x00, 0x00, 0x00, 0x00, 0x00, 0x00, /* ................ */
    0x00, 0x00, 0x00, 0x00, 0x00, 0x00, 0x00, 0x00, 0x00, 0x00, 0x00, 0x00, 0x00, 0x00, 0x00, 0x00, /* ................ */
    0x00, 0x00, 0x00, 0x00, 0x00, 0x00, 0x00, 0x00, 0x00, 0x00, 0x00, 0x00, 0x00, 0x00, 0x00, 0x00, /* ................ */
    0x00, 0x00, 0x00, 0x00, 0x00, 0x00, 0x00, 0x00, 0x00, 0x00, 0x00, 0x00, 0x00, 0x00, 0x00, 0x00, /* ................ */
    0x00, 0x00, 0x00, 0x00, 0x00, 0x00, 0x00, 0x00, 0x00, 0x00, 0x00, 0x00, 0x00, 0x00, 0x00, 0x00, /* ................ */
    0x00, 0x00, 0x00, 0x00, 0x00, 0x00, 0x00, 0x00, 0x00, 0x00, 0x00, 0x00, 0x00, 0x00, 0x00, 0x00, /* ................ */
    0x00, 0x00, 0x00, 0x00, 0x00, 0x00, 0x00, 0x00, 0x00, 0x00, 0x00, 0x00, 0x00, 0x00, 0x00, 0x00, /* ................ */
    0x00, 0x00, 0x00, 0x00, 0x00, 0x00, 0x00, 0x00, 0x00, 0x00, 0x00, 0x00, 0x00, 0x00, 0x00, 0x00, /* ................ */
    0x00, 0x00, 0x00, 0x00, 0x00, 0x00, 0x00, 0x00, 0x00, 0x00, 0x00, 0x00, 0x00, 0x00, 0x00, 0x00, /* ................ */
    0x00, 0x00, 0x00, 0x00, 0x00, 0x00, 0x00, 0x00, 0x00, 0x00, 0x00, 0x00, 0x00, 0x00, 0x00, 0x00, /* ................ */
    0x00, 0x00, 0x00, 0x00, 0x00, 0x00, 0x00, 0x00, 0x00, 0x00, 0x00, 0x00, 0x00, 0x00, 0x00, 0x00, /* ................ */
    0x00, 0x00, 0x00, 0x00, 0x00, 0x00, 0x00, 0x00, 0x00, 0x00, 0x00, 0x00, 0x00, 0x00, 0x00, 0x00, /* ................ */
    0x00, 0x00, 0x00, 0x00, 0x00, 0x00, 0x00, 0x00, 0x00, 0x00, 0x00, 0x00, 0x00, 0x00, 0x00, 0x00, /* ................ */
    0x00, 0x00, 0x00, 0x00, 0x00, 0x00, 0x00, 0x00, 0x00, 0x00, 0x00, 0x00, 0x00, 0x00, 0x00, 0x00, /* ................ */
    0x00, 0x00, 0x00, 0x00, 0x00, 0x00, 0x00, 0x00, 0x00, 0x00, 0x00, 0x00, 0x00, 0x00, 0x00, 0x00, /* ................ */
    0x00, 0x00, 0x00, 0x00, 0x00, 0x00, 0x00, 0x00, 0x00, 0x00, 0x00, 0x00, 0x00, 0x00, 0x00, 0x00, /* ................ */
    0x00, 0x00, 0x00, 0x00, 0x00, 0x00, 0x00, 0x00, 0x00, 0x00, 0x00, 0x00, 0x00, 0x00, 0x00, 0x00, /* ................ */
    0x00, 0x00, 0x00, 0x00, 0x00, 0x00, 0x00, 0x00, 0x00, 0x00, 0x00, 0x00, 0x00, 0x00, 0x00, 0x00, /* ................ */
    0x00, 0x00, 0x00, 0x00, 0x00, 0x00, 0x00, 0x00, 0x00, 0x00, 0x00, 0x00, 0x00, 0x00, 0x00, 0x00, /* ................ */
    0x00, 0x00, 0x00, 0x00, 0x00, 0x00, 0x00, 0x00, 0x00, 0x00, 0x00, 0x00, 0x00, 0x00, 0x00, 0x00, /* ................ */
    0x00, 0x00, 0x00, 0x00, 0x00, 0x00, 0x00, 0x00, 0x00, 0x00, 0x00, 0x00, 0x00, 0x00, 0x00, 0x00, /* ................ */
    0x00, 0x00, 0x00, 0x00, 0x00, 0x00, 0x00, 0x00, 0x00, 0x00, 0x00, 0x00, 0x00, 0x00, 0x00, 0x00, /* ................ */
    0x00, 0x00, 0x00, 0x00, 0x00, 0x00, 0x00, 0x00, 0x00, 0x00, 0x00, 0x00, 0x00, 0x00, 0x00, 0x00, /* ................ */
    0x00, 0x00, 0x00, 0x00, 0x00, 0x00, 0x00, 0x00, 0x00, 0x00, 0x00, 0x00, 0x00, 0x00, 0x00, 0x00, /* ................ */
    0x00, 0x00, 0x00, 0x00, 0x00, 0x00, 0x00, 0x00, 0x00, 0x00, 0x00, 0x00, 0x00, 0x00, 0x00, 0x00, /* ................ */
    0x00, 0x00, 0x00, 0x00, 0x00, 0x00, 0x00, 0x00, 0x00, 0x00, 0x00, 0x00, 0x00, 0x00, 0x00, 0x00, /* ................ */
    0x00, 0x00, 0x00, 0x00, 0x00, 0x00, 0x00, 0x00, 0x00, 0x00, 0x00, 0x00, 0x00, 0x00, 0x00, 0x00, /* ................ */
    0x00, 0x00, 0x00, 0x00, 0x00, 0x00, 0x00, 0x00, 0x00, 0x00, 0x00, 0x00, 0x00, 0x00, 0x00, 0x00, /* ................ */
    0x00, 0x00, 0x00, 0x00, 0x00, 0x00, 0x00, 0x00, 0x00, 0x00, 0x00, 0x00, 0x00, 0x00, 0x00, 0x00, /* ................ */
    0x00, 0x00, 0x00, 0x00, 0x00, 0x00, 0x00, 0x00, 0x00, 0x00, 0x00, 0x00, 0x00, 0x00, 0x00, 0x00, /* ................ */
    0x00, 0x00, 0x00, 0x00, 0x00, 0x00, 0x00, 0x00, 0x00, 0x00, 0x00, 0x00, 0x00, 0x00, 0x00, 0x00, /* ................ */
    0x00, 0x00, 0x00, 0x00, 0x00, 0x00, 0x00, 0x00, 0x00, 0x00, 0x00, 0x00, 0x00, 0x00, 0x00, 0x00, /* ................ */
    0x00, 0x00, 0x00, 0x00, 0x00, 0x00, 0x00, 0x00, 0x00, 0x00, 0x00, 0x00, 0x00, 0x00, 0x00, 0x00, /* ................ */
    0x00, 0x00, 0x00, 0x00, 0x00, 0x00, 0x00, 0x00, 0x00, 0x00, 0x00, 0x00, 0x00, 0x00, 0x00, 0x00, /* ................ */
    0x00, 0x00, 0x00, 0x00, 0x00, 0x00, 0x00, 0x00, 0x00, 0x00, 0x00, 0x00, 0x00, 0x00, 0x00, 0x00, /* ................ */
    0x00, 0x00, 0x00, 0x00, 0x00, 0x00, 0x00, 0x00, 0x00, 0x00, 0x00, 0x00, 0x00, 0x00, 0x00, 0x00, /* ................ */
    0x00, 0x00, 0x00, 0x00, 0x00, 0x00, 0x00, 0x00, 0x00, 0x00, 0x00, 0x00, 0x00, 0x00, 0x00, 0x00, /* ................ */
    0x00, 0x00, 0x00, 0x00, 0x00, 0x00, 0x00, 0x00, 0x00, 0x00, 0x00, 0x00, 0x00, 0x00, 0x00, 0x00, /* ................ */
    0x00, 0x00, 0x00, 0x00, 0x00, 0x00, 0x00, 0x00, 0x00, 0x00, 0x00, 0x00, 0x00, 0x00, 0x00, 0x00, /* ................ */
    0x00, 0x00, 0x00, 0x00, 0x00, 0x00, 0x00, 0x00, 0x00, 0x00, 0x00, 0x00, 0x00, 0x00, 0x00, 0x00, /* ................ */
    0x00, 0x00, 0x00, 0x00, 0x00, 0x00, 0x00, 0x00, 0x00, 0x00, 0x00, 0x00, 0x00, 0x00, 0x00, 0x00, /* ................ */
    0x00, 0x00, 0x00, 0x00, 0x00, 0x00, 0x00, 0x00, 0x00, 0x00, 0x00, 0x00, 0x00, 0x00, 0x00, 0x00, /* ................ */
    0x00, 0x00, 0x00, 0x00, 0x00, 0x00, 0x00, 0x00, 0x00, 0x00, 0x00, 0x00, 0x00, 0x00, 0x00, 0x00, /* ................ */
    0x00, 0x00, 0x00, 0x00, 0x00, 0x00, 0x00, 0x00, 0x00, 0x00, 0x00, 0x00, 0x00, 0x00, 0x00, 0x00, /* ................ */
    0x00, 0x00, 0x00, 0x00, 0x00, 0x00, 0x00, 0x00, 0x00, 0x00, 0x00, 0x00, 0x00, 0x00, 0x00, 0x00, /* ................ */
    0x00, 0x00, 0x00, 0x00, 0x00, 0x00, 0x00, 0x00, 0x00, 0x00, 0x00, 0x00, 0x00, 0x00, 0x00, 0x00, /* ................ */
    0x00, 0x00, 0x00, 0x00, 0x00, 0x00, 0x00, 0x00, 0x00, 0x00, 0x00, 0x00, 0x00, 0x00, 0x00, 0x00, /* ................ */
    0x00, 0x00, 0x00, 0x00, 0x00, 0x00, 0x00, 0x00, 0x00, 0x00, 0x00, 0x00, 0x00, 0x00, 0x00, 0x00, /* ................ */
    0x00, 0x00, 0x00, 0x00, 0x00, 0x00, 0x00, 0x00, 0x00, 0x00, 0x00, 0x00, 0x00, 0x00, 0x00, 0x00, /* ................ */
    0x00, 0x00, 0x00, 0x00, 0x00, 0x00, 0x00, 0x00, 0x00, 0x00, 0x00, 0x00, 0x00, 0x00, 0x00, 0x00, /* ................ */
    0x00, 0x00, 0x00, 0x00, 0x00, 0x00, 0x00, 0x00, 0x00, 0x00, 0x00, 0x00, 0x00, 0x00, 0x00, 0x00, /* ................ */
    0x00, 0x00, 0x00, 0x00, 0x00, 0x00, 0x00, 0x00, 0x00, 0x00, 0x00, 0x00, 0x00, 0x00, 0x00, 0x00, /* ................ */
    0x00, 0x00, 0x00, 0x00, 0x00, 0x00, 0x00, 0x00, 0x00, 0x00, 0x00, 0x00, 0x00, 0x00, 0x00, 0x00, /* ................ */
    0x00, 0x00, 0x00, 0x00, 0x00, 0x00, 0x00, 0x00, 0x00, 0x00, 0x00, 0x00, 0x00, 0x00, 0x00, 0x00, /* ................ */
    0x00, 0x00, 0x00, 0x00, 0x00, 0x00, 0x00, 0x00, 0x00, 0x00, 0x00, 0x00, 0x00, 0x00, 0x00, 0x00, /* ................ */
    0x00, 0x00, 0x00, 0x00, 0x00, 0x00, 0x00, 0x00, 0x00, 0x00, 0x00, 0x00, 0x00, 0x00, 0x00, 0x00, /* ................ */
    0x00, 0x00, 0x00, 0x00, 0x00, 0x00, 0x00, 0x00, 0x00, 0x00, 0x00, 0x00, 0x00, 0x00, 0x00, 0x00, /* ................ */
    0x00, 0x00, 0x00, 0x00, 0x00, 0x00, 0x00, 0x00, 0x00, 0x00, 0x00, 0x00, 0x00, 0x00, 0x00, 0x00, /* ................ */
    0x00, 0x00, 0x00, 0x00, 0x00, 0x00, 0x00, 0x00, 0x00, 0x00, 0x00, 0x00, 0x00, 0x00, 0x00, 0x00, /* ................ */
    0x00, 0x00, 0x00, 0x00, 0x00, 0x00, 0x00, 0x00, 0x00, 0x00, 0x00, 0x00, 0x00, 0x00, 0x00, 0x00, /* ................ */
    0x00, 0x00, 0x00, 0x00, 0x00, 0x00, 0x00, 0x00, 0x00, 0x00, 0x00, 0x00, 0x00, 0x00, 0x00, 0x00, /* ................ */
    0x00, 0x00, 0x00, 0x00, 0x00, 0x00, 0x00, 0x00, 0x00, 0x00, 0x00, 0x00, 0x00, 0x00, 0x00, 0x00, /* ................ */
    0x00, 0x00, 0x00, 0x00, 0x00, 0x00, 0x00, 0x00, 0x00, 0x00, 0x00, 0x00, 0x00, 0x00, 0x00, 0x00, /* ................ */
    0x00, 0x00, 0x00, 0x00, 0x00, 0x00, 0x00, 0x00, 0x00, 0x00, 0x00, 0x00, 0x00, 0x00, 0x00, 0x00, /* ................ */
    0x00, 0x00, 0x00, 0x00, 0x00, 0x00, 0x00, 0x00, 0x00, 0x00, 0x00, 0x00, 0x00, 0x00, 0x00, 0x00, /* ................ */
    0x00, 0x00, 0x00, 0x00, 0x00, 0x00, 0x00, 0x00, 0x00, 0x00, 0x00, 0x00, 0x00, 0x00, 0x00, 0x00, /* ................ */
    0x00, 0x00, 0x00, 0x00, 0x00, 0x00, 0x00, 0x00, 0x00, 0x00, 0x00, 0x00, 0x00, 0x00, 0x00, 0x00, /* ................ */
    0x00, 0x00, 0x00, 0x00, 0x00, 0x00, 0x00, 0x00, 0x00, 0x00, 0x00, 0x00, 0x00, 0x00, 0x00, 0x00, /* ................ */
    0x00, 0x00, 0x00, 0x00, 0x00, 0x00, 0x00, 0x00, 0x00, 0x00, 0x00, 0x00, 0x00, 0x00, 0x00, 0x00, /* ................ */
    0x00, 0x00, 0x00, 0x00, 0x00, 0x00, 0x00, 0x00, 0x00, 0x00, 0x00, 0x00, 0x00, 0x00, 0x00, 0x00, /* ................ */
    0x00, 0x00, 0x00, 0x00, 0x00, 0x00, 0x00, 0x00, 0x00, 0x00, 0x00, 0x00, 0x00, 0x00, 0x00, 0x00, /* ................ */
    0x00, 0x00, 0x00, 0x00, 0x00, 0x00, 0x00, 0x00, 0x00, 0x00, 0x00, 0x00, 0x00, 0x00, 0x00, 0x00, /* ................ */
    0x00, 0x00, 0x00, 0x00, 0x00, 0x00, 0x00, 0x00, 0x00, 0x00, 0x00, 0x00, 0x00, 0x00, 0x00, 0x00, /* ................ */
    0x00, 0x00, 0x00, 0x00, 0x00, 0x00, 0x00, 0x00, 0x00, 0x00, 0x00, 0x00, 0x00, 0x00, 0x00, 0x00, /* ................ */
    0x00, 0x00, 0x00, 0x00, 0x00, 0x00, 0x00, 0x00, 0x00, 0x00, 0x00, 0x00, 0x00, 0x00, 0x00, 0x00, /* ................ */
    0x00, 0x00, 0x00, 0x00, 0x00, 0x00, 0x00, 0x00, 0x00, 0x00, 0x00, 0x00, 0x00, 0x00, 0x00, 0x00, /* ................ */
    0x00, 0x00, 0x00, 0x00, 0x00, 0x00, 0x00, 0x00, 0x00, 0x00, 0x00, 0x00, 0x00, 0x00, 0x00, 0x00, /* ................ */
    0x00, 0x00, 0x00, 0x00, 0x00, 0x00, 0x00, 0x00, 0x00, 0x00, 0x00, 0x00, 0x00, 0x00, 0x00, 0x00, /* ................ */
    0x00, 0x00, 0x00, 0x00, 0x00, 0x00, 0x00, 0x00, 0x00, 0x00, 0x00, 0x00, 0x00, 0x00, 0x00, 0x00, /* ................ */
    0x00, 0x00, 0x00, 0x00, 0x00, 0x00, 0x00, 0x00, 0x00, 0x00, 0x00, 0x00, 0x00, 0x00, 0x00, 0x00, /* ................ */
    0x00, 0x00, 0x00, 0x00, 0x00, 0x00, 0x00, 0x00, 0x00, 0x00, 0x00, 0x00, 0x00, 0x00, 0x00, 0x00, /* ................ */
    0x00, 0x00, 0x00, 0x00, 0x00, 0x00, 0x00, 0x00, 0x00, 0x00, 0x00, 0x00, 0x00, 0x00, 0x00, 0x00, /* ................ */
    0x00, 0x00, 0x00, 0x00, 0x00, 0x00, 0x00, 0x00, 0x00, 0x00, 0x00, 0x00, 0x00, 0x00, 0x00, 0x00, /* ................ */
    0x00, 0x00, 0x00, 0x00, 0x00, 0x00, 0x00, 0x00, 0x00, 0x00, 0x00, 0x00, 0x00, 0x00, 0x00, 0x00, /* ................ */
    0x00, 0x00, 0x00, 0x00, 0x00, 0x00, 0x00, 0x00, 0x00, 0x00, 0x00, 0x00, 0x00, 0x00, 0x00, 0x00, /* ................ */
    0x00, 0x00, 0x00, 0x00, 0x00, 0x00, 0x00, 0x00, 0x00, 0x00, 0x00, 0x00, 0x00, 0x00, 0x00, 0x00, /* ................ */
    0x00, 0x00, 0x00, 0x00, 0x00, 0x00, 0x00, 0x00, 0x00, 0x00, 0x00, 0x00, 0x00, 0x00, 0x00, 0x00, /* ................ */
    0x00, 0x00, 0x00, 0x00, 0x00, 0x00, 0x00, 0x00, 0x00, 0x00, 0x00, 0x00, 0x00, 0x00, 0x00, 0x00, /* ................ */
    0x00, 0x00, 0x00, 0x00, 0x00, 0x00, 0x00, 0x00, 0x00, 0x00, 0x00, 0x00, 0x00, 0x00, 0x00, 0x00, /* ................ */
    0x00, 0x00, 0x00, 0x00, 0x00, 0x00, 0x00, 0x00, 0x00, 0x00, 0x00, 0x00, 0x00, 0x00, 0x00, 0x00, /* ................ */
    0x00, 0x00, 0x00, 0x00, 0x00, 0x00, 0x00, 0x00, 0x00, 0x00, 0x00, 0x00, 0x00, 0x00, 0x00, 0x00, /* ................ */
    0x00, 0x00, 0x00, 0x00, 0x00, 0x00, 0x00, 0x00, 0x00, 0x00, 0x00, 0x00, 0x00, 0x00, 0x00, 0x00, /* ................ */
    0x00, 0x00, 0x00, 0x00, 0x00, 0x00, 0x00, 0x00, 0x00, 0x00, 0x00, 0x00, 0x00, 0x00, 0x00, 0x00, /* ................ */
    0x00, 0x00, 0x00, 0x00, 0x00, 0x00, 0x00, 0x00, 0x00, 0x00, 0x00, 0x00, 0x00, 0x00, 0x00, 0x00, /* ................ */
    0x00, 0x00, 0x00, 0x00, 0x00, 0x00, 0x00, 0x00, 0x00, 0x00, 0x00, 0x00, 0x00, 0x00, 0x00, 0x00, /* ................ */
    0x00, 0x00, 0x00, 0x00, 0x00, 0x00, 0x00, 0x00, 0x00, 0x00, 0x00, 0x00, 0x00, 0x00, 0x00, 0x00, /* ................ */
    0x00, 0x00, 0x00, 0x00, 0x00, 0x00, 0x00, 0x00, 0x00, 0x00, 0x00, 0x00, 0x00, 0x00, 0x00, 0x00, /* ................ */
    0x00, 0x00, 0x00, 0x00, 0x00, 0x00, 0x00, 0x00, 0x00, 0x00, 0x00, 0x00, 0x00, 0x00, 0x00, 0x00, /* ................ */
    0x00, 0x00, 0x00, 0x00, 0x00, 0x00, 0x00, 0x00, 0x00, 0x00, 0x00, 0x00, 0x00, 0x00, 0x00, 0x00, /* ................ */
    0x00, 0x00, 0x00, 0x00, 0x00, 0x00, 0x00, 0x00, 0x00, 0x00, 0x00, 0x00, 0x00, 0x00, 0x00, 0x00, /* ................ */
    0x00, 0x00, 0x00, 0x00, 0x00, 0x00, 0x00, 0x00, 0x00, 0x00, 0x00, 0x00, 0x00, 0x00, 0x00, 0x00, /* ................ */
    0x00, 0x00, 0x00, 0x00, 0x00, 0x00, 0x00, 0x00, 0x00, 0x00, 0x00, 0x00, 0x00, 0x00, 0x00, 0x00, /* ................ */
    0x00, 0x00, 0x00, 0x00, 0x00, 0x00, 0x00, 0x00, 0x00, 0x00, 0x00, 0x00, 0x00, 0x00, 0x00, 0x00, /* ................ */
    0x00, 0x00, 0x00, 0x00, 0x00, 0x00, 0x00, 0x00, 0x00, 0x00, 0x00, 0x00, 0x00, 0x00, 0x00, 0x00, /* ................ */
    0x00, 0x00, 0x00, 0x00, 0x00, 0x00, 0x00, 0x00, 0x00, 0x00, 0x00, 0x00, 0x00, 0x00, 0x00, 0x00, /* ................ */
    0x00, 0x00, 0x00, 0x00, 0x00, 0x00, 0x00, 0x00, 0x00, 0x00, 0x00, 0x00, 0x00, 0x00, 0x00, 0x00, /* ................ */
    0x00, 0x00, 0x00, 0x00, 0x00, 0x00, 0x00, 0x00, 0x00, 0x00, 0x00, 0x00, 0x00, 0x00, 0x00, 0x00, /* ................ */
    0x00, 0x00, 0x00, 0x00, 0x00, 0x00, 0x00, 0x00, 0x00, 0x00, 0x00, 0x00, 0x00, 0x00, 0x00, 0x00, /* ................ */
    0x00, 0x00, 0x00, 0x00, 0x00, 0x00, 0x00, 0x00, 0x00, 0x00, 0x00, 0x00, 0x00, 0x00, 0x00, 0x00, /* ................ */
    0x00, 0x00, 0x00, 0x00, 0x00, 0x00, 0x00, 0x00, 0x00, 0x00, 0x00, 0x00, 0x00, 0x00, 0x00, 0x00, /* ................ */
    0x00, 0x00, 0x00, 0x00, 0x00, 0x00, 0x00, 0x00, 0x00, 0x00, 0x00, 0x00, 0x00, 0x00, 0x00, 0x00, /* ................ */
    0x00, 0x00, 0x00, 0x00, 0x00, 0x00, 0x00, 0x00, 0x00, 0x00, 0x00, 0x00, 0x00, 0x00, 0x00, 0x00, /* ................ */
    0x00, 0x00, 0x00, 0x00, 0x00, 0x00, 0x00, 0x00, 0x00, 0x00, 0x00, 0x00, 0x00, 0x00, 0x00, 0x00, /* ................ */
    0x00, 0x00, 0x00, 0x00, 0x00, 0x00, 0x00, 0x00, 0x00, 0x00, 0x00, 0x00, 0x00, 0x00, 0x00, 0x00, /* ................ */
    0x00, 0x00, 0x00, 0x00, 0x00, 0x00, 0x00, 0x00, 0x00, 0x00, 0x00, 0x00, 0x00, 0x00, 0x00, 0x00, /* ................ */
    0x00, 0x00, 0x00, 0x00, 0x00, 0x00, 0x00, 0x00, 0x00, 0x00, 0x00, 0x00, 0x00, 0x00, 0x00, 0x00, /* ................ */
    0x00, 0x00, 0x00, 0x00, 0x00, 0x00, 0x00, 0x00, 0x00, 0x00, 0x00, 0x00, 0x00, 0x00, 0x00, 0x00, /* ................ */
    0x00, 0x00, 0x00, 0x00, 0x00, 0x00, 0x00, 0x00, 0x00, 0x00, 0x00, 0x00, 0x00, 0x00, 0x00, 0x00, /* ................ */
    0x00, 0x00, 0x00, 0x00, 0x00, 0x00, 0x00, 0x00, 0x00, 0x00, 0x00, 0x00, 0x00, 0x00, 0x00, 0x00, /* ................ */
    0x00, 0x00, 0x00, 0x00, 0x00, 0x00, 0x00, 0x00, 0x00, 0x00, 0x00, 0x00, 0x00, 0x00, 0x00, 0x00, /* ................ */
    0x00, 0x00, 0x00, 0x00, 0x00, 0x00, 0x00, 0x00, 0x00, 0x00, 0x00, 0x00, 0x00, 0x00, 0x00, 0x00, /* ................ */
    0x00, 0x00, 0x00, 0x00, 0x00, 0x00, 0x00, 0x00, 0x00, 0x00, 0x00, 0x00, 0x00, 0x00, 0x00, 0x00, /* ................ */
    0x00, 0x00, 0x00, 0x00, 0x00, 0x00, 0x00, 0x00, 0x00, 0x00, 0x00, 0x00, 0x00, 0x00, 0x00, 0x00, /* ................ */
    0x00, 0x00, 0x00, 0x00, 0x00, 0x00, 0x00, 0x00, 0x00, 0x00, 0x00, 0x00, 0x00, 0x00, 0x00, 0x00, /* ................ */
    0x00, 0x00, 0x00, 0x00, 0x00, 0x00, 0x00, 0x00, 0x00, 0x00, 0x00, 0x00, 0x00, 0x00, 0x00, 0x00, /* ................ */
    0x00, 0x00, 0x00, 0x00, 0x00, 0x00, 0x00, 0x00, 0x00, 0x00, 0x00, 0x00, 0x00, 0x00, 0x00, 0x00, /* ................ */
    0x00, 0x00, 0x00, 0x00, 0x00, 0x00, 0x00, 0x00, 0x00, 0x00, 0x00, 0x00, 0x00, 0x00, 0x00, 0x00, /* ................ */
    0x00, 0x00, 0x00, 0x00, 0x00, 0x00, 0x00, 0x00, 0x00, 0x00, 0x00, 0x00, 0x00, 0x00, 0x00, 0x00, /* ................ */
    0x00, 0x00, 0x00, 0x00, 0x00, 0x00, 0x00, 0x00, 0x00, 0x00, 0x00, 0x00, 0x00, 0x00, 0x00, 0x00, /* ................ */
    0x00, 0x00, 0x00, 0x00, 0x00, 0x00, 0x00, 0x00, 0x00, 0x00, 0x00, 0x00, 0x00, 0x00, 0x00, 0x00, /* ................ */
    0x00, 0x00, 0x00, 0x00, 0x00, 0x00, 0x00, 0x00, 0x00, 0x00, 0x00, 0x00, 0x00, 0x00, 0x00, 0x00, /* ................ */
    0x00, 0x00, 0x00, 0x00, 0x00, 0x00, 0x00, 0x00, 0x00, 0x00, 0x00, 0x00, 0x00, 0x00, 0x00, 0x00, /* ................ */
    0x00, 0x00, 0x00, 0x00, 0x00, 0x00, 0x00, 0x00, 0x00, 0x00, 0x00, 0x00, 0x00, 0x00, 0x00, 0x00, /* ................ */
    0x00, 0x00, 0x00, 0x00, 0x00, 0x00, 0x00, 0x00, 0x00, 0x00, 0x00, 0x00, 0x00, 0x00, 0x00, 0x00, /* ................ */
    0x00, 0x00, 0x00, 0x00, 0x00, 0x00, 0x00, 0x00, 0x00, 0x00, 0x00, 0x00, 0x00, 0x00, 0x00, 0x00, /* ................ */
    0x00, 0x00, 0x00, 0x00, 0x00, 0x00, 0x00, 0x00, 0x00, 0x00, 0x00, 0x00, 0x00, 0x00, 0x00, 0x00, /* ................ */
    0x00, 0x00, 0x00, 0x00, 0x00, 0x00, 0x00, 0x00, 0x00, 0x00, 0x00, 0x00, 0x00, 0x00, 0x00, 0x00, /* ................ */
    0x00, 0x00, 0x00, 0x00, 0x00, 0x00, 0x00, 0x00, 0x00, 0x00, 0x00, 0x00, 0x00, 0x00, 0x00, 0x00, /* ................ */
    0x00, 0x00, 0x00, 0x00, 0x00, 0x00, 0x00, 0x00, 0x00, 0x00, 0x00, 0x00, 0x00, 0x00, 0x00, 0x00, /* ................ */
    0x00, 0x00, 0x00, 0x00, 0x00, 0x00, 0x00, 0x00, 0x00, 0x00, 0x00, 0x00, 0x00, 0x00, 0x00, 0x00, /* ................ */
    0x00, 0x00, 0x00, 0x00, 0x00, 0x00, 0x00, 0x00, 0x00, 0x00, 0x00, 0x00, 0x00, 0x00, 0x00, 0x00, /* ................ */
    0x00, 0x00, 0x00, 0x00, 0x00, 0x00, 0x00, 0x00, 0x00, 0x00, 0x00, 0x00, 0x00, 0x00, 0x00, 0x00, /* ................ */
    0x00, 0x00, 0x00, 0x00, 0x00, 0x00, 0x00, 0x00, 0x00, 0x00, 0x00, 0x00, 0x00, 0x00, 0x00, 0x00, /* ................ */
    0x00, 0x00, 0x00, 0x00, 0x00, 0x00, 0x00, 0x00, 0x00, 0x00, 0x00, 0x00, 0x00, 0x00, 0x00, 0x00, /* ................ */
    0x00, 0x00, 0x00, 0x00, 0x00, 0x00, 0x00, 0x00, 0x00, 0x00, 0x00, 0x00, 0x00, 0x00, 0x00, 0x00, /* ................ */
    0x00, 0x00, 0x00, 0x00, 0x00, 0x00, 0x00, 0x00, 0x00, 0x00, 0x00, 0x00, 0x00, 0x00, 0x00, 0x00, /* ................ */
    0x00, 0x00, 0x00, 0x00, 0x00, 0x00, 0x00, 0x00, 0x00, 0x00, 0x00, 0x00, 0x00, 0x00, 0x00, 0x00, /* ................ */
    0x00, 0x00, 0x00, 0x00, 0x00, 0x00, 0x00, 0x00, 0x00, 0x00, 0x00, 0x00, 0x00, 0x00, 0x00, 0x00, /* ................ */
    0x00, 0x00, 0x00, 0x00, 0x00, 0x00, 0x00, 0x00, 0x00, 0x00, 0x00, 0x00, 0x00, 0x00, 0x00, 0x00, /* ................ */
    0x00, 0x00, 0x00, 0x00, 0x00, 0x00, 0x00, 0x00, 0x00, 0x00, 0x00, 0x00, 0x00, 0x00, 0x00, 0x00, /* ................ */
    0x00, 0x00, 0x00, 0x00, 0x00, 0x00, 0x00, 0x00, 0x00, 0x00, 0x00, 0x00, 0x00, 0x00, 0x00, 0x00, /* ................ */
    0x00, 0x00, 0x00, 0x00, 0x00, 0x00, 0x00, 0x00, 0x00, 0x00, 0x00, 0x00, 0x00, 0x00, 0x00, 0x00, /* ................ */
    0x00, 0x00, 0x00, 0x00, 0x00, 0x00, 0x00, 0x00, 0x00, 0x00, 0x00, 0x00, 0x00, 0x00, 0x00, 0x00, /* ................ */
    0x00, 0x00, 0x00, 0x00, 0x00, 0x00, 0x00, 0x00, 0x00, 0x00, 0x00, 0x00, 0x00, 0x00, 0x00, 0x00, /* ................ */
    0x00, 0x00, 0x00, 0x00, 0x00, 0x00, 0x00, 0x00, 0x00, 0x00, 0x00, 0x00, 0x00, 0x00, 0x00, 0x00, /* ................ */
    0x00, 0x00, 0x00, 0x00, 0x00, 0x00, 0x00, 0x00, 0x00, 0x00, 0x00, 0x00, 0x00, 0x00, 0x00, 0x00, /* ................ */
    0x00, 0x00, 0x00, 0x00, 0x00, 0x00, 0x00, 0x00, 0x00, 0x00, 0x00, 0x00, 0x00, 0x00, 0x00, 0x00, /* ................ */
    0x00, 0x00, 0x00, 0x00, 0x00, 0x00, 0x00, 0x00, 0x00, 0x00, 0x00, 0x00, 0x00, 0x00, 0x00, 0x00, /* ................ */
    0x00, 0x00, 0x00, 0x00, 0x00, 0x00, 0x00, 0x00, 0x00, 0x00, 0x00, 0x00, 0x00, 0x00, 0x00, 0x00, /* ................ */
    0x00, 0x00, 0x00, 0x00, 0x00, 0x00, 0x00, 0x00, 0x00, 0x00, 0x00, 0x00, 0x00, 0x00, 0x00, 0x00, /* ................ */
    0x00, 0x00, 0x00, 0x00, 0x00, 0x00, 0x00, 0x00, 0x00, 0x00, 0x00, 0x00, 0x00, 0x00, 0x00, 0x00, /* ................ */
    0x00, 0x00, 0x00, 0x00, 0x00, 0x00, 0x00, 0x00, 0x00, 0x00, 0x00, 0x00, 0x00, 0x00, 0x00, 0x00, /* ................ */
    0x00, 0x00, 0x00, 0x00, 0x00, 0x00, 0x00, 0x00, 0x00, 0x00, 0x00, 0x00, 0x00, 0x00, 0x00, 0x00, /* ................ */
    0x00, 0x00, 0x00, 0x00, 0x00, 0x00, 0x00, 0x00, 0x00, 0x00, 0x00, 0x00, 0x00, 0x00, 0x00, 0x00, /* ................ */
    0x00, 0x00, 0x00, 0x00, 0x00, 0x00, 0x00, 0x00, 0x00, 0x00, 0x00, 0x00, 0x00, 0x00, 0x00, 0x00, /* ................ */
    0x00, 0x00, 0x00, 0x00, 0x00, 0x00, 0x00, 0x00, 0x00, 0x00, 0x00, 0x00, 0x00, 0x00, 0x00, 0x00, /* ................ */
    0x00, 0x00, 0x00, 0x00, 0x00, 0x00, 0x00, 0x00, 0x00, 0x00, 0x00, 0x00, 0x00, 0x00, 0x00, 0x00, /* ................ */
    0x00, 0x00, 0x00, 0x00, 0x00, 0x00, 0x00, 0x00, 0x00, 0x00, 0x00, 0x00, 0x00, 0x00, 0x00, 0x00, /* ................ */
    0x00, 0x00, 0x00, 0x00, 0x00, 0x00, 0x00, 0x00, 0x00, 0x00, 0x00, 0x00, 0x00, 0x00, 0x00, 0x00, /* ................ */
    0x00, 0x00, 0x00, 0x00, 0x00, 0x00, 0x00, 0x00, 0x00, 0x00, 0x00, 0x00, 0x00, 0x00, 0x00, 0x00, /* ................ */
    0x00, 0x00, 0x00, 0x00, 0x00, 0x00, 0x00, 0x00, 0x00, 0x00, 0x00, 0x00, 0x00, 0x00, 0x00, 0x00, /* ................ */
    0x00, 0x00, 0x00, 0x00, 0x00, 0x00, 0x00, 0x00, 0x00, 0x00, 0x00, 0x00, 0x00, 0x00, 0x00, 0x00, /* ................ */
    0x00, 0x00, 0x00, 0x00, 0x00, 0x00, 0x00, 0x00, 0x00, 0x00, 0x00, 0x00, 0x00, 0x00, 0x00, 0x00, /* ................ */
    0x00, 0x00, 0x00, 0x00, 0x00, 0x00, 0x00, 0x00, 0x00, 0x00, 0x00, 0x00, 0x00, 0x00, 0x00, 0x00, /* ................ */
    0x00, 0x00, 0x00, 0x00, 0x00, 0x00, 0x00, 0x00, 0x00, 0x00, 0x00, 0x00, 0x00, 0x00, 0x00, 0x00, /* ................ */
    0x00, 0x00, 0x00, 0x00, 0x00, 0x00, 0x00, 0x00, 0x00, 0x00, 0x00, 0x00, 0x00, 0x00, 0x00, 0x00, /* ................ */
    0x00, 0x00, 0x00, 0x00, 0x00, 0x00, 0x00, 0x00, 0x00, 0x00, 0x00, 0x00, 0x00, 0x00, 0x00, 0x00, /* ................ */
    0x00, 0x00, 0x00, 0x00, 0x00, 0x00, 0x00, 0x00, 0x00, 0x00, 0x00, 0x00, 0x00, 0x00, 0x00, 0x00, /* ................ */
    0x00, 0x00, 0x00, 0x00, 0x00, 0x00, 0x00, 0x00, 0x00, 0x00, 0x00, 0x00, 0x00, 0x00, 0x00, 0x00, /* ................ */
    0x00, 0x00, 0x00, 0x00, 0x00, 0x00, 0x00, 0x00, 0x00, 0x00, 0x00, 0x00, 0x00, 0x00, 0x00, 0x00, /* ................ */
    0x00, 0x00, 0x00, 0x00, 0x00, 0x00, 0x00, 0x00, 0x00, 0x00, 0x00, 0x00, 0x00, 0x00, 0x00, 0x00, /* ................ */
    0x00, 0x00, 0x00, 0x00, 0x00, 0x00, 0x00, 0x00, 0x00, 0x00, 0x00, 0x00, 0x00, 0x00, 0x00, 0x00, /* ................ */
    0x00, 0x00, 0x00, 0x00, 0x00, 0x00, 0x00, 0x00, 0x00, 0x00, 0x00, 0x00, 0x00, 0x00, 0x00, 0x00, /* ................ */
    0x00, 0x00, 0x00, 0x00, 0x00, 0x00, 0x00, 0x00, 0x00, 0x00, 0x00, 0x00, 0x00, 0x00, 0x00, 0x00, /* ................ */
    0x00, 0x00, 0x00, 0x00, 0x00, 0x00, 0x00, 0x00, 0x00, 0x00, 0x00, 0x00, 0x00, 0x00, 0x00, 0x00, /* ................ */
    0x00, 0x00, 0x00, 0x00, 0x00, 0x00, 0x00, 0x00, 0x00, 0x00, 0x00, 0x00, 0x00, 0x00, 0x00, 0x00, /* ................ */
    0x00, 0x00, 0x00, 0x00, 0x00, 0x00, 0x00, 0x00, 0x00, 0x00, 0x00, 0x00, 0x00, 0x00, 0x00, 0x00, /* ................ */
    0x00, 0x00, 0x00, 0x00, 0x00, 0x00, 0x00, 0x00, 0x00, 0x00, 0x00, 0x00, 0x00, 0x00, 0x00, 0x00, /* ................ */
    0x00, 0x00, 0x00, 0x00, 0x00, 0x00, 0x00, 0x00, 0x00, 0x00, 0x00, 0x00, 0x00, 0x00, 0x00, 0x00, /* ................ */
    0x00, 0x00, 0x00, 0x00, 0x00, 0x00, 0x00, 0x00, 0x00, 0x00, 0x00, 0x00, 0x00, 0x00, 0x00, 0x00, /* ................ */
    0x00, 0x00, 0x00, 0x00, 0x00, 0x00, 0x00, 0x00, 0x00, 0x00, 0x00, 0x00, 0x00, 0x00, 0x00, 0x00, /* ................ */
    0x00, 0x00, 0x00, 0x00, 0x00, 0x00, 0x00, 0x00, 0x00, 0x00, 0x00, 0x00, 0x00, 0x00, 0x00, 0x00, /* ................ */
    0x00, 0x00, 0x00, 0x00, 0x00, 0x00, 0x00, 0x00, 0x00, 0x00, 0x00, 0x00, 0x00, 0x00, 0x00, 0x00, /* ................ */
    0x00, 0x00, 0x00, 0x00, 0x00, 0x00, 0x00, 0x00, 0x00, 0x00, 0x00, 0x00, 0x00, 0x00, 0x00, 0x00, /* ................ */
    0x00, 0x00, 0x00, 0x00, 0x00, 0x00, 0x00, 0x00, 0x00, 0x00, 0x00, 0x00, 0x00, 0x00, 0x00, 0x00, /* ................ */
    0x00, 0x00, 0x00, 0x00, 0x00, 0x00, 0x00, 0x00, 0x00, 0x00, 0x00, 0x00, 0x00, 0x00, 0x00, 0x00, /* ................ */
    0x00, 0x00, 0x00, 0x00, 0x00, 0x00, 0x00, 0x00, 0x00, 0x00, 0x00, 0x00, 0x00, 0x00, 0x00, 0x00, /* ................ */
    0x00, 0x00, 0x00, 0x00, 0x00, 0x00, 0x00, 0x00, 0x00, 0x00, 0x00, 0x00, 0x00, 0x00, 0x00, 0x00, /* ................ */
    0x00, 0x00, 0x00, 0x00, 0x00, 0x00, 0x00, 0x00, 0x00, 0x00, 0x00, 0x00, 0x00, 0x00, 0x00, 0x00, /* ................ */
    0x00, 0x00, 0x00, 0x00, 0x00, 0x00, 0x00, 0x00, 0x00, 0x00, 0x00, 0x00, 0x00, 0x00, 0x00, 0x00, /* ................ */
    0x00, 0x00, 0x00, 0x00, 0x00, 0x00, 0x00, 0x00, 0x00, 0x00, 0x00, 0x00, 0x00, 0x00, 0x00, 0x00, /* ................ */
    0x00, 0x00, 0x00, 0x00, 0x00, 0x00, 0x00, 0x00, 0x00, 0x00, 0x00, 0x00, 0x00, 0x00, 0x00, 0x00, /* ................ */
    0x00, 0x00, 0x00, 0x00, 0x00, 0x00, 0x00, 0x00, 0x00, 0x00, 0x00, 0x00, 0x00, 0x00, 0x00, 0x00, /* ................ */
    0x00, 0x00, 0x00, 0x00, 0x00, 0x00, 0x00, 0x00, 0x00, 0x00, 0x00, 0x00, 0x00, 0x00, 0x00, 0x00, /* ................ */
    0x00, 0x00, 0x00, 0x00, 0x00, 0x00, 0x00, 0x00, 0x00, 0x00, 0x00, 0x00, 0x00, 0x00, 0x00, 0x00, /* ................ */
    0x00, 0x00, 0x00, 0x00, 0x00, 0x00, 0x00, 0x00, 0x00, 0x00, 0x00, 0x00, 0x00, 0x00, 0x00, 0x00, /* ................ */
    0x00, 0x00, 0x00, 0x00, 0x00, 0x00, 0x00, 0x00, 0x00, 0x00, 0x00, 0x00, 0x00, 0x00, 0x00, 0x00, /* ................ */
    0x00, 0x00, 0x00, 0x00, 0x00, 0x00, 0x00, 0x00, 0x00, 0x00, 0x00, 0x00, 0x00, 0x00, 0x00, 0x00, /* ................ */
    0x00, 0x00, 0x00, 0x00, 0x00, 0x00, 0x00, 0x00, 0x00, 0x00, 0x00, 0x00, 0x00, 0x00, 0x00, 0x00, /* ................ */
    0x00, 0x00, 0x00, 0x00, 0x00, 0x00, 0x00, 0x00, 0x00, 0x00, 0x00, 0x00, 0x00, 0x00, 0x00, 0x00, /* ................ */
    0x00, 0x00, 0x00, 0x00, 0x00, 0x00, 0x00, 0x00, 0x00, 0x00, 0x00, 0x00, 0x00, 0x00, 0x00, 0x00, /* ................ */
    0x00, 0x00, 0x00, 0x00, 0x00, 0x00, 0x00, 0x00, 0x00, 0x00, 0x00, 0x00, 0x00, 0x00, 0x00, 0x00, /* ................ */
    0x00, 0x00, 0x00, 0x00, 0x00, 0x00, 0x00, 0x00, 0x00, 0x00, 0x00, 0x00, 0x00, 0x00, 0x00, 0x00, /* ................ */
    0x00, 0x00, 0x00, 0x00, 0x00, 0x00, 0x00, 0x00, 0x00, 0x00, 0x00, 0x00, 0x00, 0x00, 0x00, 0x00, /* ................ */
    0x00, 0x00, 0x00, 0x00, 0x00, 0x00, 0x00, 0x00, 0x00, 0x00, 0x00, 0x00, 0x00, 0x00, 0x00, 0x00, /* ................ */
    0x00, 0x00, 0x00, 0x00, 0x00, 0x00, 0x00, 0x00, 0x00, 0x00, 0x00, 0x00, 0x00, 0x00, 0x00, 0x00, /* ................ */
    0x00, 0x00, 0x00, 0x00, 0x00, 0x00, 0x00, 0x00, 0x00, 0x00, 0x00, 0x00, 0x00, 0x00, 0x00, 0x00, /* ................ */
    0x00, 0x00, 0x00, 0x00, 0x00, 0x00, 0x00, 0x00, 0x00, 0x00, 0x00, 0x00, 0x00, 0x00, 0x00, 0x00, /* ................ */
    0x00, 0x00, 0x00, 0x00, 0x00, 0x00, 0x00, 0x00, 0x00, 0x00, 0x00, 0x00, 0x00, 0x00, 0x00, 0x00, /* ................ */
    0x00, 0x00, 0x00, 0x00, 0x00, 0x00, 0x00, 0x00, 0x00, 0x00, 0x00, 0x00, 0x00, 0x00, 0x00, 0x00, /* ................ */
    0x00, 0x00, 0x00, 0x00, 0x00, 0x00, 0x00, 0x00, 0x00, 0x00, 0x00, 0x00, 0x00, 0x00, 0x00, 0x00, /* ................ */
    0x00, 0x00, 0x00, 0x00, 0x00, 0x00, 0x00, 0x00, 0x00, 0x00, 0x00, 0x00, 0x00, 0x00, 0x00, 0x00, /* ................ */
    0x00, 0x00, 0x00, 0x00, 0x00, 0x00, 0x00, 0x00, 0x00, 0x00, 0x00, 0x00, 0x00, 0x00, 0x00, 0x00, /* ................ */
    0x00, 0x00, 0x00, 0x00, 0x00, 0x00, 0x00, 0x00, 0x00, 0x00, 0x00, 0x00, 0x00, 0x00, 0x00, 0x00, /* ................ */
    0x00, 0x00, 0x00, 0x00, 0x00, 0x00, 0x00, 0x00, 0x00, 0x00, 0x00, 0x00, 0x00, 0x00, 0x00, 0x00, /* ................ */
    0x00, 0x00, 0x00, 0x00, 0x00, 0x00, 0x00, 0x00, 0x00, 0x00, 0x00, 0x00, 0x00, 0x00, 0x00, 0x00, /* ................ */
    0x00, 0x00, 0x00, 0x00, 0x00, 0x00, 0x00, 0x00, 0x00, 0x00, 0x00, 0x00, 0x00, 0x00, 0x00, 0x00, /* ................ */
    0x00, 0x00, 0x00, 0x00, 0x00, 0x00, 0x00, 0x00, 0x00, 0x00, 0x00, 0x00, 0x00, 0x00, 0x00, 0x00, /* ................ */
    0x00, 0x00, 0x00, 0x00, 0x00, 0x00, 0x00, 0x00, 0x00, 0x00, 0x00, 0x00, 0x00, 0x00, 0x00, 0x00, /* ................ */
    0x00, 0x00, 0x00, 0x00, 0x00, 0x00, 0x00, 0x00, 0x00, 0x00, 0x00, 0x00, 0x00, 0x00, 0x00, 0x00, /* ................ */
    0x00, 0x00, 0x00, 0x00, 0x00, 0x00, 0x00, 0x00, 0x00, 0x00, 0x00, 0x00, 0x00, 0x00, 0x00, 0x00, /* ................ */
    0x00, 0x00, 0x00, 0x00, 0x00, 0x00, 0x00, 0x00, 0x00, 0x00, 0x00, 0x00, 0x00, 0x00, 0x00, 0x00, /* ................ */
    0x00, 0x00, 0x00, 0x00, 0x00, 0x00, 0x00, 0x00, 0x00, 0x00, 0x00, 0x00, 0x00, 0x00, 0x00, 0x00, /* ................ */
    0x00, 0x00, 0x00, 0x00, 0x00, 0x00, 0x00, 0x00, 0x00, 0x00, 0x00, 0x00, 0x00, 0x00, 0x00, 0x00, /* ................ */
    0x00, 0x00, 0x00, 0x00, 0x00, 0x00, 0x00, 0x00, 0x00, 0x00, 0x00, 0x00, 0x00, 0x00, 0x00, 0x00, /* ................ */
    0x00, 0x00, 0x00, 0x00, 0x00, 0x00, 0x00, 0x00, 0x00, 0x00, 0x00, 0x00, 0x00, 0x00, 0x00, 0x00, /* ................ */
    0x00, 0x00, 0x00, 0x00, 0x00, 0x00, 0x00, 0x00, 0x00, 0x00, 0x00, 0x00, 0x00, 0x00, 0x00, 0x00, /* ................ */
    0x00, 0x00, 0x00, 0x00, 0x00, 0x00, 0x00, 0x00, 0x00, 0x00, 0x00, 0x00, 0x00, 0x00, 0x00, 0x00, /* ................ */
    0x00, 0x00, 0x00, 0x00, 0x00, 0x00, 0x00, 0x00, 0x00, 0x00, 0x00, 0x00, 0x00, 0x00, 0x00, 0x00, /* ................ */
    0x00, 0x00, 0x00, 0x00, 0x00, 0x00, 0x00, 0x00, 0x00, 0x00, 0x00, 0x00, 0x00, 0x00, 0x00, 0x00, /* ................ */
    0x00, 0x00, 0x00, 0x00, 0x00, 0x00, 0x00, 0x00, 0x00, 0x00, 0x00, 0x00, 0x00, 0x00, 0x00, 0x00, /* ................ */
    0x00, 0x00, 0x00, 0x00, 0x00, 0x00, 0x00, 0x00, 0x00, 0x00, 0x00, 0x00, 0x00, 0x00, 0x00, 0x00, /* ................ */
    0x00, 0x00, 0x00, 0x00, 0x00, 0x00, 0x00, 0x00, 0x00, 0x00, 0x00, 0x00, 0x00, 0x00, 0x00, 0x00, /* ................ */
    0x00, 0x00, 0x00, 0x00, 0x00, 0x00, 0x00, 0x00, 0x00, 0x00, 0x00, 0x00, 0x00, 0x00, 0x00, 0x00, /* ................ */
    0x00, 0x00, 0x00, 0x00, 0x00, 0x00, 0x00, 0x00, 0x00, 0x00, 0x00, 0x00, 0x00, 0x00, 0x00, 0x00, /* ................ */
    0x00, 0x00, 0x00, 0x00, 0x00, 0x00, 0x00, 0x00, 0x00, 0x00, 0x00, 0x00, 0x00, 0x00, 0x00, 0x00, /* ................ */
    0x00, 0x00, 0x00, 0x00, 0x00, 0x00, 0x00, 0x00, 0x00, 0x00, 0x00, 0x00, 0x00, 0x00, 0x00, 0x00, /* ................ */
    0x00, 0x00, 0x00, 0x00, 0x00, 0x00, 0x00, 0x00, 0x00, 0x00, 0x00, 0x00, 0x00, 0x00, 0x00, 0x00, /* ................ */
    0x00, 0x00, 0x00, 0x00, 0x00, 0x00, 0x00, 0x00, 0x00, 0x00, 0x00, 0x00, 0x00, 0x00, 0x00, 0x00, /* ................ */
    0x00, 0x00, 0x00, 0x00, 0x00, 0x00, 0x00, 0x00, 0x00, 0x00, 0x00, 0x00, 0x00, 0x00, 0x00, 0x00, /* ................ */
    0x00, 0x00, 0x00, 0x00, 0x00, 0x00, 0x00, 0x00, 0x00, 0x00, 0x00, 0x00, 0x00, 0x00, 0x00, 0x00, /* ................ */
    0x00, 0x00, 0x00, 0x00, 0x00, 0x00, 0x00, 0x00, 0x00, 0x00, 0x00, 0x00, 0x00, 0x00, 0x00, 0x00, /* ................ */
    0x00, 0x00, 0x00, 0x00, 0x00, 0x00, 0x00, 0x00, 0x00, 0x00, 0x00, 0x00, 0x00, 0x00, 0x00, 0x00, /* ................ */
    0x00, 0x00, 0x00, 0x00, 0x00, 0x00, 0x00, 0x00, 0x00, 0x00, 0x00, 0x00, 0x00, 0x00, 0x00, 0x00, /* ................ */
    0x00, 0x00, 0x00, 0x00, 0x00, 0x00, 0x00, 0x00, 0x00, 0x00, 0x00, 0x00, 0x00, 0x00, 0x00, 0x00, /* ................ */
    0x00, 0x00, 0x00, 0x00, 0x00, 0x00, 0x00, 0x00, 0x00, 0x00, 0x00, 0x00, 0x00, 0x00, 0x00, 0x00, /* ................ */
    0x00, 0x00, 0x00, 0x00, 0x00, 0x00, 0x00, 0x00, 0x00, 0x00, 0x00, 0x00, 0x00, 0x00, 0x00, 0x00, /* ................ */
    0x00, 0x00, 0x00, 0x00, 0x00, 0x00, 0x00, 0x00, 0x00, 0x00, 0x00, 0x00, 0x00, 0x00, 0x00, 0x00, /* ................ */
    0x00, 0x00, 0x00, 0x00, 0x00, 0x00, 0x00, 0x00, 0x00, 0x00, 0x00, 0x00, 0x00, 0x00, 0x00, 0x00, /* ................ */
    0x00, 0x00, 0x00, 0x00, 0x00, 0x00, 0x00, 0x00, 0x00, 0x00, 0x00, 0x00, 0x00, 0x00, 0x00, 0x00, /* ................ */
    0x00, 0x00, 0x00, 0x00, 0x00, 0x00, 0x00, 0x00, 0x00, 0x00, 0x00, 0x00, 0x00, 0x00, 0x00, 0x00, /* ................ */
    0x00, 0x00, 0x00, 0x00, 0x00, 0x00, 0x00, 0x00, 0x00, 0x00, 0x00, 0x00, 0x00, 0x00, 0x00, 0x00, /* ................ */
    0x00, 0x00, 0x00, 0x00, 0x00, 0x00, 0x00, 0x00, 0x00, 0x00, 0x00, 0x00, 0x00, 0x00, 0x00, 0x00, /* ................ */
    0x00, 0x00, 0x00, 0x00, 0x00, 0x00, 0x00, 0x00, 0x00, 0x00, 0x00, 0x00, 0x00, 0x00, 0x00, 0x00, /* ................ */
    0x00, 0x00, 0x00, 0x00, 0x00, 0x00, 0x00, 0x00, 0x00, 0x00, 0x00, 0x00, 0x00, 0x00, 0x00, 0x00, /* ................ */
    0x00, 0x00, 0x00, 0x00, 0x00, 0x00, 0x00, 0x00, 0x00, 0x00, 0x00, 0x00, 0x00, 0x00, 0x00, 0x00, /* ................ */
    0x00, 0x00, 0x00, 0x00, 0x00, 0x00, 0x00, 0x00, 0x00, 0x00, 0x00, 0x00, 0x00, 0x00, 0x00, 0x00, /* ................ */
    0x00, 0x00, 0x00, 0x00, 0x00, 0x00, 0x00, 0x00, 0x00, 0x00, 0x00, 0x00, 0x00, 0x00, 0x00, 0x00, /* ................ */
    0x00, 0x00, 0x00, 0x00, 0x00, 0x00, 0x00, 0x00, 0x00, 0x00, 0x00, 0x00, 0x00, 0x00, 0x00, 0x00, /* ................ */
    0x00, 0x00, 0x00, 0x00, 0x00, 0x00, 0x00, 0x00, 0x00, 0x00, 0x00, 0x00, 0x00, 0x00, 0x00, 0x00, /* ................ */
    0x00, 0x00, 0x00, 0x00, 0x00, 0x00, 0x00, 0x00, 0x00, 0x00, 0x00, 0x00, 0x00, 0x00, 0x00, 0x00, /* ................ */
    0x00, 0x00, 0x00, 0x00, 0x00, 0x00, 0x00, 0x00, 0x00, 0x00, 0x00, 0x00, 0x00, 0x00, 0x00, 0x00, /* ................ */
    0x00, 0x00, 0x00, 0x00, 0x00, 0x00, 0x00, 0x00, 0x00, 0x00, 0x00, 0x00, 0x00, 0x00, 0x00, 0x00, /* ................ */
    0x00, 0x00, 0x00, 0x00, 0x00, 0x00, 0x00, 0x00, 0x00, 0x00, 0x00, 0x00, 0x00, 0x00, 0x00, 0x00, /* ................ */
    0x00, 0x00, 0x00, 0x00, 0x00, 0x00, 0x00, 0x00, 0x00, 0x00, 0x00, 0x00, 0x00, 0x00, 0x00, 0x00, /* ................ */
    0x00, 0x00, 0x00, 0x00, 0x00, 0x00, 0x00, 0x00, 0x00, 0x00, 0x00, 0x00, 0x00, 0x00, 0x00, 0x00, /* ................ */
    0x00, 0x00, 0x00, 0x00, 0x00, 0x00, 0x00, 0x00, 0x00, 0x00, 0x00, 0x00, 0x00, 0x00, 0x00, 0x00, /* ................ */
    0x00, 0x00, 0x00, 0x00, 0x00, 0x00, 0x00, 0x00, 0x00, 0x00, 0x00, 0x00, 0x00, 0x00, 0x00, 0x00, /* ................ */
    0x00, 0x00, 0x00, 0x00, 0x00, 0x00, 0x00, 0x00, 0x00, 0x00, 0x00, 0x00, 0x00, 0x00, 0x00, 0x00, /* ................ */
    0x00, 0x00, 0x00, 0x00, 0x00, 0x00, 0x00, 0x00, 0x00, 0x00, 0x00, 0x00, 0x00, 0x00, 0x00, 0x00, /* ................ */
    0x00, 0x00, 0x00, 0x00, 0x00, 0x00, 0x00, 0x00, 0x00, 0x00, 0x00, 0x00, 0x00, 0x00, 0x00, 0x00, /* ................ */
    0x00, 0x00, 0x00, 0x00, 0x00, 0x00, 0x00, 0x00, 0x00, 0x00, 0x00, 0x00, 0x00, 0x00, 0x00, 0x00, /* ................ */
    0x00, 0x00, 0x00, 0x00, 0x00, 0x00, 0x00, 0x00, 0x00, 0x00, 0x00, 0x00, 0x00, 0x00, 0x00, 0x00, /* ................ */
    0x00, 0x00, 0x00, 0x00, 0x00, 0x00, 0x00, 0x00, 0x00, 0x00, 0x00, 0x00, 0x00, 0x00, 0x00, 0x00, /* ................ */
    0x00, 0x00, 0x00, 0x00, 0x00, 0x00, 0x00, 0x00, 0x00, 0x00, 0x00, 0x00, 0x00, 0x00, 0x00, 0x00, /* ................ */
    0x00, 0x00, 0x00, 0x00, 0x00, 0x00, 0x00, 0x00, 0x00, 0x00, 0x00, 0x00, 0x00, 0x00, 0x00, 0x00, /* ................ */
    0x00, 0x00, 0x00, 0x00, 0x00, 0x00, 0x00, 0x00, 0x00, 0x00, 0x00, 0x00, 0x00, 0x00, 0x00, 0x00, /* ................ */
    0x00, 0x00, 0x00, 0x00, 0x00, 0x00, 0x00, 0x00, 0x00, 0x00, 0x00, 0x00, 0x00, 0x00, 0x00, 0x00, /* ................ */
    0x00, 0x00, 0x00, 0x00, 0x00, 0x00, 0x00, 0x00, 0x00, 0x00, 0x00, 0x00, 0x00, 0x00, 0x00, 0x00, /* ................ */
    0x00, 0x00, 0x00, 0x00, 0x00, 0x00, 0x00, 0x00, 0x00, 0x00, 0x00, 0x00, 0x00, 0x00, 0x00, 0x00, /* ................ */
    0x00, 0x00, 0x00, 0x00, 0x00, 0x00, 0x00, 0x00, 0x00, 0x00, 0x00, 0x00, 0x00, 0x00, 0x00, 0x00, /* ................ */
    0x00, 0x00, 0x00, 0x00, 0x00, 0x00, 0x00, 0x00, 0x00, 0x00, 0x00, 0x00, 0x00, 0x00, 0x00, 0x00, /* ................ */
    0x00, 0x00, 0x00, 0x00, 0x00, 0x00, 0x00, 0x00, 0x00, 0x00, 0x00, 0x00, 0x00, 0x00, 0x00, 0x00, /* ................ */
    0x00, 0x00, 0x00, 0x00, 0x00, 0x00, 0x00, 0x00, 0x00, 0x00, 0x00, 0x00, 0x00, 0x00, 0x00, 0x00, /* ................ */
    0x00, 0x00, 0x00, 0x00, 0x00, 0x00, 0x00, 0x00, 0x00, 0x00, 0x00, 0x00, 0x00, 0x00, 0x00, 0x00, /* ................ */
    0x00, 0x00, 0x00, 0x00, 0x00, 0x00, 0x00, 0x00, 0x00, 0x00, 0x00, 0x00, 0x00, 0x00, 0x00, 0x00, /* ................ */
    0x00, 0x00, 0x00, 0x00, 0x00, 0x00, 0x00, 0x00, 0x00, 0x00, 0x00, 0x00, 0x00, 0x00, 0x00, 0x00, /* ................ */
    0x00, 0x00, 0x00, 0x00, 0x00, 0x00, 0x00, 0x00, 0x00, 0x00, 0x00, 0x00, 0x00, 0x00, 0x00, 0x00, /* ................ */
    0x00, 0x00, 0x00, 0x00, 0x00, 0x00, 0x00, 0x00, 0x00, 0x00, 0x00, 0x00, 0x00, 0x00, 0x00, 0x00, /* ................ */
    0x00, 0x00, 0x00, 0x00, 0x00, 0x00, 0x00, 0x00, 0x00, 0x00, 0x00, 0x00, 0x00, 0x00, 0x00, 0x00, /* ................ */
    0x00, 0x00, 0x00, 0x00, 0x00, 0x00, 0x00, 0x00, 0x00, 0x00, 0x00, 0x00, 0x00, 0x00, 0x00, 0x00, /* ................ */
    0x00, 0x00, 0x00, 0x00, 0x00, 0x00, 0x00, 0x00, 0x00, 0x00, 0x00, 0x00, 0x00, 0x00, 0x00, 0x00, /* ................ */
    0x00, 0x00, 0x00, 0x00, 0x00, 0x00, 0x00, 0x00, 0x00, 0x00, 0x00, 0x00, 0x00, 0x00, 0x00, 0x00, /* ................ */
    0x00, 0x00, 0x00, 0x00, 0x00, 0x00, 0x00, 0x00, 0x00, 0x00, 0x00, 0x00, 0x00, 0x00, 0x00, 0x00, /* ................ */
    0x00, 0x00, 0x00, 0x00, 0x00, 0x00, 0x00, 0x00, 0x00, 0x00, 0x00, 0x00, 0x00, 0x00, 0x00, 0x00, /* ................ */
    0x00, 0x00, 0x00, 0x00, 0x00, 0x00, 0x00, 0x00, 0x00, 0x00, 0x00, 0x00, 0x00, 0x00, 0x00, 0x00, /* ................ */
    0x00, 0x00, 0x00, 0x00, 0x00, 0x00, 0x00, 0x00, 0x00, 0x00, 0x00, 0x00, 0x00, 0x00, 0x00, 0x00, /* ................ */
    0x00, 0x00, 0x00, 0x00, 0x00, 0x00, 0x00, 0x00, 0x00, 0x00, 0x00, 0x00, 0x00, 0x00, 0x00, 0x00, /* ................ */
    0x00, 0x00, 0x00, 0x00, 0x00, 0x00, 0x00, 0x00, 0x00, 0x00, 0x00, 0x00, 0x00, 0x00, 0x00, 0x00, /* ................ */
    0x00, 0x00, 0x00, 0x00, 0x00, 0x00, 0x00, 0x00, 0x00, 0x00, 0x00, 0x00, 0x00, 0x00, 0x00, 0x00, /* ................ */
    0x00, 0x00, 0x00, 0x00, 0x00, 0x00, 0x00, 0x00, 0x00, 0x00, 0x00, 0x00, 0x00, 0x00, 0x00, 0x00, /* ................ */
    0x00, 0x00, 0x00, 0x00, 0x00, 0x00, 0x00, 0x00, 0x00, 0x00, 0x00, 0x00, 0x00, 0x00, 0x00, 0x00, /* ................ */
    0x00, 0x00, 0x00, 0x00, 0x00, 0x00, 0x00, 0x00, 0x00, 0x00, 0x00, 0x00, 0x00, 0x00, 0x00, 0x00, /* ................ */
    0x00, 0x00, 0x00, 0x00, 0x00, 0x00, 0x00, 0x00, 0x00, 0x00, 0x00, 0x00, 0x00, 0x00, 0x00, 0x00, /* ................ */
    0x00, 0x00, 0x00, 0x00, 0x00, 0x00, 0x00, 0x00, 0x00, 0x00, 0x00, 0x00, 0x00, 0x00, 0x00, 0x00, /* ................ */
    0x00, 0x00, 0x00, 0x00, 0x00, 0x00, 0x00, 0x00, 0x00, 0x00, 0x00, 0x00, 0x00, 0x00, 0x00, 0x00, /* ................ */
    0x00, 0x00, 0x00, 0x00, 0x00, 0x00, 0x00, 0x00, 0x00, 0x00, 0x00, 0x00, 0x00, 0x00, 0x00, 0x00, /* ................ */
    0x00, 0x00, 0x00, 0x00, 0x00, 0x00, 0x00, 0x00, 0x00, 0x00, 0x00, 0x00, 0x00, 0x00, 0x00, 0x00, /* ................ */
    0x00, 0x00, 0x00, 0x00, 0x00, 0x00, 0x00, 0x00, 0x00, 0x00, 0x00, 0x00, 0x00, 0x00, 0x00, 0x00, /* ................ */
    0x00, 0x00, 0x00, 0x00, 0x00, 0x00, 0x00, 0x00, 0x00, 0x00, 0x00, 0x00, 0x00, 0x00, 0x00, 0x00, /* ................ */
    0x00, 0x00, 0x00, 0x00, 0x00, 0x00, 0x00, 0x00, 0x00, 0x00, 0x00, 0x00, 0x00, 0x00, 0x00, 0x00, /* ................ */
    0x00, 0x00, 0x00, 0x00, 0x00, 0x00, 0x00, 0x00, 0x00, 0x00, 0x00, 0x00, 0x00, 0x00, 0x00, 0x00, /* ................ */
    0x00, 0x00, 0x00, 0x00, 0x00, 0x00, 0x00, 0x00, 0x00, 0x00, 0x00, 0x00, 0x00, 0x00, 0x00, 0x00, /* ................ */
    0x00, 0x00, 0x00, 0x00, 0x00, 0x00, 0x00, 0x00, 0x00, 0x00, 0x00, 0x00, 0x00, 0x00, 0x00, 0x00, /* ................ */
    0x00, 0x00, 0x00, 0x00, 0x00, 0x00, 0x00, 0x00, 0x00, 0x00, 0x00, 0x00, 0x00, 0x00, 0x00, 0x00, /* ................ */
    0x00, 0x00, 0x00, 0x00, 0x00, 0x00, 0x00, 0x00, 0x00, 0x00, 0x00, 0x00, 0x00, 0x00, 0x00, 0x00, /* ................ */
    0x00, 0x00, 0x00, 0x00, 0x00, 0x00, 0x00, 0x00, 0x00, 0x00, 0x00, 0x00, 0x00, 0x00, 0x00, 0x00, /* ................ */
    0x00, 0x00, 0x00, 0x00, 0x00, 0x00, 0x00, 0x00, 0x00, 0x00, 0x00, 0x00, 0x00, 0x00, 0x00, 0x00, /* ................ */
    0x00, 0x00, 0x00, 0x00, 0x00, 0x00, 0x00, 0x00, 0x00, 0x00, 0x00, 0x00, 0x00, 0x00, 0x00, 0x00, /* ................ */
    0x00, 0x00, 0x00, 0x00, 0x00, 0x00, 0x00, 0x00, 0x00, 0x00, 0x00, 0x00, 0x00, 0x00, 0x00, 0x00, /* ................ */
    0x00, 0x00, 0x00, 0x00, 0x00, 0x00, 0x00, 0x00, 0x00, 0x00, 0x00, 0x00, 0x00, 0x00, 0x00, 0x00, /* ................ */
    0x00, 0x00, 0x00, 0x00, 0x00, 0x00, 0x00, 0x00, 0x00, 0x00, 0x00, 0x00, 0x00, 0x00, 0x00, 0x00, /* ................ */
    0x00, 0x00, 0x00, 0x00, 0x00, 0x00, 0x00, 0x00, 0x00, 0x00, 0x00, 0x00, 0x00, 0x00, 0x00, 0x00, /* ................ */
    0x00, 0x00, 0x00, 0x00, 0x00, 0x00, 0x00, 0x00, 0x00, 0x00, 0x00, 0x00, 0x00, 0x00, 0x00, 0x00, /* ................ */
    0x00, 0x00, 0x00, 0x00, 0x00, 0x00, 0x00, 0x00, 0x00, 0x00, 0x00, 0x00, 0x00, 0x00, 0x00, 0x00, /* ................ */
    0x00, 0x00, 0x00, 0x00, 0x00, 0x00, 0x00, 0x00, 0x00, 0x00, 0x00, 0x00, 0x00, 0x00, 0x00, 0x00, /* ................ */
    0x00, 0x00, 0x00, 0x00, 0x00, 0x00, 0x00, 0x00, 0x00, 0x00, 0x00, 0x00, 0x00, 0x00, 0x00, 0x00, /* ................ */
    0x00, 0x00, 0x00, 0x00, 0x00, 0x00, 0x00, 0x00, 0x00, 0x00, 0x00, 0x00, 0x00, 0x00, 0x00, 0x00, /* ................ */
    0x00, 0x00, 0x00, 0x00, 0x00, 0x00, 0x00, 0x00, 0x00, 0x00, 0x00, 0x00, 0x00, 0x00, 0x00, 0x00, /* ................ */
    0x00, 0x00, 0x00, 0x00, 0x00, 0x00, 0x00, 0x00, 0x00, 0x00, 0x00, 0x00, 0x00, 0x00, 0x00, 0x00, /* ................ */
    0x00, 0x00, 0x00, 0x00, 0x00, 0x00, 0x00, 0x00, 0x00, 0x00, 0x00, 0x00, 0x00, 0x00, 0x00, 0x00, /* ................ */
    0x00, 0x00, 0x00, 0x00, 0x00, 0x00, 0x00, 0x00, 0x00, 0x00, 0x00, 0x00, 0x00, 0x00, 0x00, 0x00, /* ................ */
    0x00, 0x00, 0x00, 0x00, 0x00, 0x00, 0x00, 0x00, 0x00, 0x00, 0x00, 0x00, 0x00, 0x00, 0x00, 0x00, /* ................ */
    0x00, 0x00, 0x00, 0x00, 0x00, 0x00, 0x00, 0x00, 0x00, 0x00, 0x00, 0x00, 0x00, 0x00, 0x00, 0x00, /* ................ */
    0x00, 0x00, 0x00, 0x00, 0x00, 0x00, 0x00, 0x00, 0x00, 0x00, 0x00, 0x00, 0x00, 0x00, 0x00, 0x00, /* ................ */
    0x00, 0x00, 0x00, 0x00, 0x00, 0x00, 0x00, 0x00, 0x00, 0x00, 0x00, 0x00, 0x00, 0x00, 0x00, 0x00, /* ................ */
    0x00, 0x00, 0x00, 0x00, 0x00, 0x00, 0x00, 0x00, 0x00, 0x00, 0x00, 0x00, 0x00, 0x00, 0x00, 0x00, /* ................ */
    0x00, 0x00, 0x00, 0x00, 0x00, 0x00, 0x00, 0x00, 0x00, 0x00, 0x00, 0x00, 0x00, 0x00, 0x00, 0x00, /* ................ */
    0x00, 0x00, 0x00, 0x00, 0x00, 0x00, 0x00, 0x00, 0x00, 0x00, 0x00, 0x00, 0x00, 0x00, 0x00, 0x00, /* ................ */
    0x00, 0x00, 0x00, 0x00, 0x00, 0x00, 0x00, 0x00, 0x00, 0x00, 0x00, 0x00, 0x00, 0x00, 0x00, 0x00, /* ................ */
    0x00, 0x00, 0x00, 0x00, 0x00, 0x00, 0x00, 0x00, 0x00, 0x00, 0x00, 0x00, 0x00, 0x00, 0x00, 0x00, /* ................ */
    0x00, 0x00, 0x00, 0x00, 0x00, 0x00, 0x00, 0x00, 0x00, 0x00, 0x00, 0x00, 0x00, 0x00, 0x00, 0x00, /* ................ */
    0x00, 0x00, 0x00, 0x00, 0x00, 0x00, 0x00, 0x00, 0x00, 0x00, 0x00, 0x00, 0x00, 0x00, 0x00, 0x00, /* ................ */
    0x00, 0x00, 0x00, 0x00, 0x00, 0x00, 0x00, 0x00, 0x00, 0x00, 0x00, 0x00, 0x00, 0x00, 0x00, 0x00, /* ................ */
    0x00, 0x00, 0x00, 0x00, 0x00, 0x00, 0x00, 0x00, 0x00, 0x00, 0x00, 0x00, 0x00, 0x00, 0x00, 0x00, /* ................ */
    0x00, 0x00, 0x00, 0x00, 0x00, 0x00, 0x00, 0x00, 0x00, 0x00, 0x00, 0x00, 0x00, 0x00, 0x00, 0x00, /* ................ */
    0x00, 0x00, 0x00, 0x00, 0x00, 0x00, 0x00, 0x00, 0x00, 0x00, 0x00, 0x00, 0x00, 0x00, 0x00, 0x00, /* ................ */
    0x00, 0x00, 0x00, 0x00, 0x00, 0x00, 0x00, 0x00, 0x00, 0x00, 0x00, 0x00, 0x00, 0x00, 0x00, 0x00, /* ................ */
    0x00, 0x00, 0x00, 0x00, 0x00, 0x00, 0x00, 0x00, 0x00, 0x00, 0x00, 0x00, 0x00, 0x00, 0x00, 0x00, /* ................ */
    0x00, 0x00, 0x00, 0x00, 0x00, 0x00, 0x00, 0x00, 0x00, 0x00, 0x00, 0x00, 0x00, 0x00, 0x00, 0x00, /* ................ */
    0x00, 0x00, 0x00, 0x00, 0x00, 0x00, 0x00, 0x00, 0x00, 0x00, 0x00, 0x00, 0x00, 0x00, 0x00, 0x00, /* ................ */
    0x00, 0x00, 0x00, 0x00, 0x00, 0x00, 0x00, 0x00, 0x00, 0x00, 0x00, 0x00, 0x00, 0x00, 0x00, 0x00, /* ................ */
    0x00, 0x00, 0x00, 0x00, 0x00, 0x00, 0x00, 0x00, 0x00, 0x00, 0x00, 0x00, 0x00, 0x00, 0x00, 0x00, /* ................ */
    0x00, 0x00, 0x00, 0x00, 0x00, 0x00, 0x00, 0x00, 0x00, 0x00, 0x00, 0x00, 0x00, 0x00, 0x00, 0x00, /* ................ */
    0x00, 0x00, 0x00, 0x00, 0x00, 0x00, 0x00, 0x00, 0x00, 0x00, 0x00, 0x00, 0x00, 0x00, 0x00, 0x00, /* ................ */
    0x00, 0x00, 0x00, 0x00, 0x00, 0x00, 0x00, 0x00, 0x00, 0x00, 0x00, 0x00, 0x00, 0x00, 0x00, 0x00, /* ................ */
    0x00, 0x00, 0x00, 0x00, 0x00, 0x00, 0x00, 0x00, 0x00, 0x00, 0x00, 0x00, 0x00, 0x00, 0x00, 0x00, /* ................ */
    0x00, 0x00, 0x00, 0x00, 0x00, 0x00, 0x00, 0x00, 0x00, 0x00, 0x00, 0x00, 0x00, 0x00, 0x00, 0x00, /* ................ */
    0x00, 0x00, 0x00, 0x00, 0x00, 0x00, 0x00, 0x00, 0x00, 0x00, 0x00, 0x00, 0x00, 0x00, 0x00, 0x00, /* ................ */
    0x00, 0x00, 0x00, 0x00, 0x00, 0x00, 0x00, 0x00, 0x00, 0x00, 0x00, 0x00, 0x00, 0x00, 0x00, 0x00, /* ................ */
    0x00, 0x00, 0x00, 0x00, 0x00, 0x00, 0x00, 0x00, 0x00, 0x00, 0x00, 0x00, 0x00, 0x00, 0x00, 0x00, /* ................ */
    0x00, 0x00, 0x00, 0x00, 0x00, 0x00, 0x00, 0x00, 0x00, 0x00, 0x00, 0x00, 0x00, 0x00, 0x00, 0x00, /* ................ */
    0x00, 0x00, 0x00, 0x00, 0x00, 0x00, 0x00, 0x00, 0x00, 0x00, 0x00, 0x00, 0x00, 0x00, 0x00, 0x00, /* ................ */
    0x00, 0x00, 0x00, 0x00, 0x00, 0x00, 0x00, 0x00, 0x00, 0x00, 0x00, 0x00, 0x00, 0x00, 0x00, 0x00, /* ................ */
    0x00, 0x00, 0x00, 0x00, 0x00, 0x00, 0x00, 0x00, 0x00, 0x00, 0x00, 0x00, 0x00, 0x00, 0x00, 0x00, /* ................ */
    0x00, 0x00, 0x00, 0x00, 0x00, 0x00, 0x00, 0x00, 0x00, 0x00, 0x00, 0x00, 0x00, 0x00, 0x00, 0x00, /* ................ */
    0x00, 0x00, 0x00, 0x00, 0x00, 0x00, 0x00, 0x00, 0x00, 0x00, 0x00, 0x00, 0x00, 0x00, 0x00, 0x00, /* ................ */
    0x00, 0x00, 0x00, 0x00, 0x00, 0x00, 0x00, 0x00, 0x00, 0x00, 0x00, 0x00, 0x00, 0x00, 0x00, 0x00, /* ................ */
    0x00, 0x00, 0x00, 0x00, 0x00, 0x00, 0x00, 0x00, 0x00, 0x00, 0x00, 0x00, 0x00, 0x00, 0x00, 0x00, /* ................ */
    0x00, 0x00, 0x00, 0x00, 0x00, 0x00, 0x00, 0x00, 0x00, 0x00, 0x00, 0x00, 0x00, 0x00, 0x00, 0x00, /* ................ */
    0x00, 0x00, 0x00, 0x00, 0x00, 0x00, 0x00, 0x00, 0x00, 0x00, 0x00, 0x00, 0x00, 0x00, 0x00, 0x00, /* ................ */
    0x00, 0x00, 0x00, 0x00, 0x00, 0x00, 0x00, 0x00, 0x00, 0x00, 0x00, 0x00, 0x00, 0x00, 0x00, 0x00, /* ................ */
    0x00, 0x00, 0x00, 0x00, 0x00, 0x00, 0x00, 0x00, 0x00, 0x00, 0x00, 0x00, 0x00, 0x00, 0x00, 0x00, /* ................ */
    0x00, 0x00, 0x00, 0x00, 0x00, 0x00, 0x00, 0x00, 0x00, 0x00, 0x00, 0x00, 0x00, 0x00, 0x00, 0x00, /* ................ */
    0x00, 0x00, 0x00, 0x00, 0x00, 0x00, 0x00, 0x00, 0x00, 0x00, 0x00, 0x00, 0x00, 0x00, 0x00, 0x00, /* ................ */
    0x00, 0x00, 0x00, 0x00, 0x00, 0x00, 0x00, 0x00, 0x00, 0x00, 0x00, 0x00, 0x00, 0x00, 0x00, 0x00, /* ................ */
    0x00, 0x00, 0x00, 0x00, 0x00, 0x00, 0x00, 0x00, 0x00, 0x00, 0x00, 0x00, 0x00, 0x00, 0x00, 0x00, /* ................ */
    0x00, 0x00, 0x00, 0x00, 0x00, 0x00, 0x00, 0x00, 0x00, 0x00, 0x00, 0x00, 0x00, 0x00, 0x00, 0x00, /* ................ */
    0x00, 0x00, 0x00, 0x00, 0x00, 0x00, 0x00, 0x00, 0x00, 0x00, 0x00, 0x00, 0x00, 0x00, 0x00, 0x00, /* ................ */
    0x00, 0x00, 0x00, 0x00, 0x00, 0x00, 0x00, 0x00, 0x00, 0x00, 0x00, 0x00, 0x00, 0x00, 0x00, 0x00, /* ................ */
    0x00, 0x00, 0x00, 0x00, 0x00, 0x00, 0x00, 0x00, 0x00, 0x00, 0x00, 0x00, 0x00, 0x00, 0x00, 0x00, /* ................ */
    0x00, 0x00, 0x00, 0x00, 0x00, 0x00, 0x00, 0x00, 0x00, 0x00, 0x00, 0x00, 0x00, 0x00, 0x00, 0x00, /* ................ */
    0x00, 0x00, 0x00, 0x00, 0x00, 0x00, 0x00, 0x00, 0x00, 0x00, 0x00, 0x00, 0x00, 0x00, 0x00, 0x00, /* ................ */
    0x00, 0x00, 0x00, 0x00, 0x00, 0x00, 0x00, 0x00, 0x00, 0x00, 0x00, 0x00, 0x00, 0x00, 0x00, 0x00, /* ................ */
    0x00, 0x00, 0x00, 0x00, 0x00, 0x00, 0x00, 0x00, 0x00, 0x00, 0x00, 0x00, 0x00, 0x00, 0x00, 0x00, /* ................ */
    0x00, 0x00, 0x00, 0x00, 0x00, 0x00, 0x00, 0x00, 0x00, 0x00, 0x00, 0x00, 0x00, 0x00, 0x00, 0x00, /* ................ */
    0x00, 0x00, 0x00, 0x00, 0x00, 0x00, 0x00, 0x00, 0x00, 0x00, 0x00, 0x00, 0x00, 0x00, 0x00, 0x00, /* ................ */
    0x00, 0x00, 0x00, 0x00, 0x00, 0x00, 0x00, 0x00, 0x00, 0x00, 0x00, 0x00, 0x00, 0x00, 0x00, 0x00, /* ................ */
    0x00, 0x00, 0x00, 0x00, 0x00, 0x00, 0x00, 0x00, 0x00, 0x00, 0x00, 0x00, 0x00, 0x00, 0x00, 0x00, /* ................ */
    0x00, 0x00, 0x00, 0x00, 0x00, 0x00, 0x00, 0x00, 0x00, 0x00, 0x00, 0x00, 0x00, 0x00, 0x00, 0x00, /* ................ */
    0x00, 0x00, 0x00, 0x00, 0x00, 0x00, 0x00, 0x00, 0x00, 0x00, 0x00, 0x00, 0x00, 0x00, 0x00, 0x00, /* ................ */
    0x00, 0x00, 0x00, 0x00, 0x00, 0x00, 0x00, 0x00, 0x00, 0x00, 0x00, 0x00, 0x00, 0x00, 0x00, 0x00, /* ................ */
    0x00, 0x00, 0x00, 0x00, 0x00, 0x00, 0x00, 0x00, 0x00, 0x00, 0x00, 0x00, 0x00, 0x00, 0x00, 0x00, /* ................ */
    0x00, 0x00, 0x00, 0x00, 0x00, 0x00, 0x00, 0x00, 0x00, 0x00, 0x00, 0x00, 0x00, 0x00, 0x00, 0x00, /* ................ */
    0x00, 0x00, 0x00, 0x00, 0x00, 0x00, 0x00, 0x00, 0x00, 0x00, 0x00, 0x00, 0x00, 0x00, 0x00, 0x00, /* ................ */
    0x00, 0x00, 0x00, 0x00, 0x00, 0x00, 0x00, 0x00, 0x00, 0x00, 0x00, 0x00, 0x00, 0x00, 0x00, 0x00, /* ................ */
    0x00, 0x00, 0x00, 0x00, 0x00, 0x00, 0x00, 0x00, 0x00, 0x00, 0x00, 0x00, 0x00, 0x00, 0x00, 0x00, /* ................ */
    0x00, 0x00, 0x00, 0x00, 0x00, 0x00, 0x00, 0x00, 0x00, 0x00, 0x00, 0x00, 0x00, 0x00, 0x00, 0x00, /* ................ */
    0x00, 0x00, 0x00, 0x00, 0x00, 0x00, 0x00, 0x00, 0x00, 0x00, 0x00, 0x00, 0x00, 0x00, 0x00, 0x00, /* ................ */
    0x00, 0x00, 0x00, 0x00, 0x00, 0x00, 0x00, 0x00, 0x00, 0x00, 0x00, 0x00, 0x00, 0x00, 0x00, 0x00, /* ................ */
    0x00, 0x00, 0x00, 0x00, 0x00, 0x00, 0x00, 0x00, 0x00, 0x00, 0x00, 0x00, 0x00, 0x00, 0x00, 0x00, /* ................ */
    0x00, 0x00, 0x00, 0x00, 0x00, 0x00, 0x00, 0x00, 0x00, 0x00, 0x00, 0x00, 0x00, 0x00, 0x00, 0x00, /* ................ */
    0x00, 0x00, 0x00, 0x00, 0x00, 0x00, 0x00, 0x00, 0x00, 0x00, 0x00, 0x00, 0x00, 0x00, 0x00, 0x00, /* ................ */
    0x00, 0x00, 0x00, 0x00, 0x00, 0x00, 0x00, 0x00, 0x00, 0x00, 0x00, 0x00, 0x00, 0x00, 0x00, 0x00, /* ................ */
    0x00, 0x00, 0x00, 0x00, 0x00, 0x00, 0x00, 0x00, 0x00, 0x00, 0x00, 0x00, 0x00, 0x00, 0x00, 0x00, /* ................ */
    0x00, 0x00, 0x00, 0x00, 0x00, 0x00, 0x00, 0x00, 0x00, 0x00, 0x00, 0x00, 0x00, 0x00, 0x00, 0x00, /* ................ */
    0x00, 0x00, 0x00, 0x00, 0x00, 0x00, 0x00, 0x00, 0x00, 0x00, 0x00, 0x00, 0x00, 0x00, 0x00, 0x00, /* ................ */
    0x00, 0x00, 0x00, 0x00, 0x00, 0x00, 0x00, 0x00, 0x00, 0x00, 0x00, 0x00, 0x00, 0x00, 0x00, 0x00, /* ................ */
    0x00, 0x00, 0x00, 0x00, 0x00, 0x00, 0x00, 0x00, 0x00, 0x00, 0x00, 0x00, 0x00, 0x00, 0x00, 0x00, /* ................ */
    0x00, 0x00, 0x00, 0x00, 0x00, 0x00, 0x00, 0x00, 0x00, 0x00, 0x00, 0x00, 0x00, 0x00, 0x00, 0x00, /* ................ */
    0x00, 0x00, 0x00, 0x00, 0x00, 0x00, 0x00, 0x00, 0x00, 0x00, 0x00, 0x00, 0x00, 0x00, 0x00, 0x00, /* ................ */
    0x00, 0x00, 0x00, 0x00, 0x00, 0x00, 0x00, 0x00, 0x00, 0x00, 0x00, 0x00, 0x00, 0x00, 0x00, 0x00, /* ................ */
    0x00, 0x00, 0x00, 0x00, 0x00, 0x00, 0x00, 0x00, 0x00, 0x00, 0x00, 0x00, 0x00, 0x00, 0x00, 0x00, /* ................ */
    0x00, 0x00, 0x00, 0x00, 0x00, 0x00, 0x00, 0x00, 0x00, 0x00, 0x00, 0x00, 0x00, 0x00, 0x00, 0x00, /* ................ */
    0x00, 0x00, 0x00, 0x00, 0x00, 0x00, 0x00, 0x00, 0x00, 0x00, 0x00, 0x00, 0x00, 0x00, 0x00, 0x00, /* ................ */
    0x00, 0x00, 0x00, 0x00, 0x00, 0x00, 0x00, 0x00, 0x00, 0x00, 0x00, 0x00, 0x00, 0x00, 0x00, 0x00, /* ................ */
    0x00, 0x00, 0x00, 0x00, 0x00, 0x00, 0x00, 0x00, 0x00, 0x00, 0x00, 0x00, 0x00, 0x00, 0x00, 0x00, /* ................ */
    0x00, 0x00, 0x00, 0x00, 0x00, 0x00, 0x00, 0x00, 0x00, 0x00, 0x00, 0x00, 0x00, 0x00, 0x00, 0x00, /* ................ */
    0x00, 0x00, 0x00, 0x00, 0x00, 0x00, 0x00, 0x00, 0x00, 0x00, 0x00, 0x00, 0x00, 0x00, 0x00, 0x00, /* ................ */
    0x00, 0x00, 0x00, 0x00, 0x00, 0x00, 0x00, 0x00, 0x00, 0x00, 0x00, 0x00, 0x00, 0x00, 0x00, 0x00, /* ................ */
    0x00, 0x00, 0x00, 0x00, 0x00, 0x00, 0x00, 0x00, 0x00, 0x00, 0x00, 0x00, 0x00, 0x00, 0x00, 0x00, /* ................ */
    0x00, 0x00, 0x00, 0x00, 0x00, 0x00, 0x00, 0x00, 0x00, 0x00, 0x00, 0x00, 0x00, 0x00, 0x00, 0x00, /* ................ */
    0x00, 0x00, 0x00, 0x00, 0x00, 0x00, 0x00, 0x00, 0x00, 0x00, 0x00, 0x00, 0x00, 0x00, 0x00, 0x00, /* ................ */
    0x00, 0x00, 0x00, 0x00, 0x00, 0x00, 0x00, 0x00, 0x00, 0x00, 0x00, 0x00, 0x00, 0x00, 0x00, 0x00, /* ................ */
    0x00, 0x00, 0x00, 0x00, 0x00, 0x00, 0x00, 0x00, 0x00, 0x00, 0x00, 0x00, 0x00, 0x00, 0x00, 0x00, /* ................ */
    0x00, 0x00, 0x00, 0x00, 0x00, 0x00, 0x00, 0x00, 0x00, 0x00, 0x00, 0x00, 0x00, 0x00, 0x00, 0x00, /* ................ */
    0x00, 0x00, 0x00, 0x00, 0x00, 0x00, 0x00, 0x00, 0x00, 0x00, 0x00, 0x00, 0x00, 0x00, 0x00, 0x00, /* ................ */
    0x00, 0x00, 0x00, 0x00, 0x00, 0x00, 0x00, 0x00, 0x00, 0x00, 0x00, 0x00, 0x00, 0x00, 0x00, 0x00, /* ................ */
    0x00, 0x00, 0x00, 0x00, 0x00, 0x00, 0x00, 0x00, 0x00, 0x00, 0x00, 0x00, 0x00, 0x00, 0x00, 0x00, /* ................ */
    0x00, 0x00, 0x00, 0x00, 0x00, 0x00, 0x00, 0x00, 0x00, 0x00, 0x00, 0x00, 0x00, 0x00, 0x00, 0x00, /* ................ */
    0x00, 0x00, 0x00, 0x00, 0x00, 0x00, 0x00, 0x00, 0x00, 0x00, 0x00, 0x00, 0x00, 0x00, 0x00, 0x00, /* ................ */
    0x00, 0x00, 0x00, 0x00, 0x00, 0x00, 0x00, 0x00, 0x00, 0x00, 0x00, 0x00, 0x00, 0x00, 0x00, 0x00, /* ................ */
    0x00, 0x00, 0x00, 0x00, 0x00, 0x00, 0x00, 0x00, 0x00, 0x00, 0x00, 0x00, 0x00, 0x00, 0x00, 0x00, /* ................ */
    0x00, 0x00, 0x00, 0x00, 0x00, 0x00, 0x00, 0x00, 0x00, 0x00, 0x00, 0x00, 0x00, 0x00, 0x00, 0x00, /* ................ */
    0x00, 0x00, 0x00, 0x00, 0x00, 0x00, 0x00, 0x00, 0x00, 0x00, 0x00, 0x00, 0x00, 0x00, 0x00, 0x00, /* ................ */
    0x00, 0x00, 0x00, 0x00, 0x00, 0x00, 0x00, 0x00, 0x00, 0x00, 0x00, 0x00, 0x00, 0x00, 0x00, 0x00, /* ................ */
    0x00, 0x00, 0x00, 0x00, 0x00, 0x00, 0x00, 0x00, 0x00, 0x00, 0x00, 0x00, 0x00, 0x00, 0x00, 0x00, /* ................ */
    0x00, 0x00, 0x00, 0x00, 0x00, 0x00, 0x00, 0x00, 0x00, 0x00, 0x00, 0x00, 0x00, 0x00, 0x00, 0x00, /* ................ */
    0x00, 0x00, 0x00, 0x00, 0x00, 0x00, 0x00, 0x00, 0x00, 0x00, 0x00, 0x00, 0x00, 0x00, 0x00, 0x00, /* ................ */
    0x00, 0x00, 0x00, 0x00, 0x00, 0x00, 0x00, 0x00, 0x00, 0x00, 0x00, 0x00, 0x00, 0x00, 0x00, 0x00, /* ................ */
    0x00, 0x00, 0x00, 0x00, 0x00, 0x00, 0x00, 0x00, 0x00, 0x00, 0x00, 0x00, 0x00, 0x00, 0x00, 0x00, /* ................ */
    0x00, 0x00, 0x00, 0x00, 0x00, 0x00, 0x00, 0x00, 0x00, 0x00, 0x00, 0x00, 0x00, 0x00, 0x00, 0x00, /* ................ */
    0x00, 0x00, 0x00, 0x00, 0x00, 0x00, 0x00, 0x00, 0x00, 0x00, 0x00, 0x00, 0x00, 0x00, 0x00, 0x00, /* ................ */
    0x00, 0x00, 0x00, 0x00, 0x00, 0x00, 0x00, 0x00, 0x00, 0x00, 0x00, 0x00, 0x00, 0x00, 0x00, 0x00, /* ................ */
    0x00, 0x00, 0x00, 0x00, 0x00, 0x00, 0x00, 0x00, 0x00, 0x00, 0x00, 0x00, 0x00, 0x00, 0x00, 0x00, /* ................ */
    0x00, 0x00, 0x00, 0x00, 0x00, 0x00, 0x00, 0x00, 0x00, 0x00, 0x00, 0x00, 0x00, 0x00, 0x00, 0x00, /* ................ */
    0x00, 0x00, 0x00, 0x00, 0x00, 0x00, 0x00, 0x00, 0x00, 0x00, 0x00, 0x00, 0x00, 0x00, 0x00, 0x00, /* ................ */
    0x00, 0x00, 0x00, 0x00, 0x00, 0x00, 0x00, 0x00, 0x00, 0x00, 0x00, 0x00, 0x00, 0x00, 0x00, 0x00, /* ................ */
    0x00, 0x00, 0x00, 0x00, 0x00, 0x00, 0x00, 0x00, 0x00, 0x00, 0x00, 0x00, 0x00, 0x00, 0x00, 0x00, /* ................ */
    0x00, 0x00, 0x00, 0x00, 0x00, 0x00, 0x00, 0x00, 0x00, 0x00, 0x00, 0x00, 0x00, 0x00, 0x00, 0x00, /* ................ */
    0x00, 0x00, 0x00, 0x00, 0x00, 0x00, 0x00, 0x00, 0x00, 0x00, 0x00, 0x00, 0x00, 0x00, 0x00, 0x00, /* ................ */
    0x00, 0x00, 0x00, 0x00, 0x00, 0x00, 0x00, 0x00, 0x00, 0x00, 0x00, 0x00, 0x00, 0x00, 0x00, 0x00, /* ................ */
    0x00, 0x00, 0x00, 0x00, 0x00, 0x00, 0x00, 0x00, 0x00, 0x00, 0x00, 0x00, 0x00, 0x00, 0x00, 0x00, /* ................ */
    0x00, 0x00, 0x00, 0x00, 0x00, 0x00, 0x00, 0x00, 0x00, 0x00, 0x00, 0x00, 0x00, 0x00, 0x00, 0x00, /* ................ */
    0x00, 0x00, 0x00, 0x00, 0x00, 0x00, 0x00, 0x00, 0x00, 0x00, 0x00, 0x00, 0x00, 0x00, 0x00, 0x00, /* ................ */
    0x00, 0x00, 0x00, 0x00, 0x00, 0x00, 0x00, 0x00, 0x00, 0x00, 0x00, 0x00, 0x00, 0x00, 0x00, 0x00, /* ................ */
    0x00, 0x00, 0x00, 0x00, 0x00, 0x00, 0x00, 0x00, 0x00, 0x00, 0x00, 0x00, 0x00, 0x00, 0x00, 0x00, /* ................ */
    0x00, 0x00, 0x00, 0x00, 0x00, 0x00, 0x00, 0x00, 0x00, 0x00, 0x00, 0x00, 0x00, 0x00, 0x00, 0x00, /* ................ */
    0x00, 0x00, 0x00, 0x00, 0x00, 0x00, 0x00, 0x00, 0x00, 0x00, 0x00, 0x00, 0x00, 0x00, 0x00, 0x00, /* ................ */
    0x00, 0x00, 0x00, 0x00, 0x00, 0x00, 0x00, 0x00, 0x00, 0x00, 0x00, 0x00, 0x00, 0x00, 0x00, 0x00, /* ................ */
    0x00, 0x00, 0x00, 0x00, 0x00, 0x00, 0x00, 0x00, 0x00, 0x00, 0x00, 0x00, 0x00, 0x00, 0x00, 0x00, /* ................ */
    0x00, 0x00, 0x00, 0x00, 0x00, 0x00, 0x00, 0x00, 0x00, 0x00, 0x00, 0x00, 0x00, 0x00, 0x00, 0x00, /* ................ */
    0x00, 0x00, 0x00, 0x00, 0x00, 0x00, 0x00, 0x00, 0x00, 0x00, 0x00, 0x00, 0x00, 0x00, 0x00, 0x00, /* ................ */
    0x00, 0x00, 0x00, 0x00, 0x00, 0x00, 0x00, 0x00, 0x00, 0x00, 0x00, 0x00, 0x00, 0x00, 0x00, 0x00, /* ................ */
    0x00, 0x00, 0x00, 0x00, 0x00, 0x00, 0x00, 0x00, 0x00, 0x00, 0x00, 0x00, 0x00, 0x00, 0x00, 0x00, /* ................ */
    0x00, 0x00, 0x00, 0x00, 0x00, 0x00, 0x00, 0x00, 0x00, 0x00, 0x00, 0x00, 0x00, 0x00, 0x00, 0x00, /* ................ */
    0x00, 0x00, 0x00, 0x00, 0x00, 0x00, 0x00, 0x00, 0x00, 0x00, 0x00, 0x00, 0x00, 0x00, 0x00, 0x00, /* ................ */
    0x00, 0x00, 0x00, 0x00, 0x00, 0x00, 0x00, 0x00, 0x00, 0x00, 0x00, 0x00, 0x00, 0x00, 0x00, 0x00, /* ................ */
    0x00, 0x00, 0x00, 0x00, 0x00, 0x00, 0x00, 0x00, 0x00, 0x00, 0x00, 0x00, 0x00, 0x00, 0x00, 0x00, /* ................ */
    0x00, 0x00, 0x00, 0x00, 0x00, 0x00, 0x00, 0x00, 0x00, 0x00, 0x00, 0x00, 0x00, 0x00, 0x00, 0x00, /* ................ */
    0x00, 0x00, 0x00, 0x00, 0x00, 0x00, 0x00, 0x00, 0x00, 0x00, 0x00, 0x00, 0x00, 0x00, 0x00, 0x00, /* ................ */
    0x00, 0x00, 0x00, 0x00, 0x00, 0x00, 0x00, 0x00, 0x00, 0x00, 0x00, 0x00, 0x00, 0x00, 0x00, 0x00, /* ................ */
    0x00, 0x00, 0x00, 0x00, 0x00, 0x00, 0x00, 0x00, 0x00, 0x00, 0x00, 0x00, 0x00, 0x00, 0x00, 0x00, /* ................ */
    0x00, 0x00, 0x00, 0x00, 0x00, 0x00, 0x00, 0x00, 0x00, 0x00, 0x00, 0x00, 0x00, 0x00, 0x00, 0x00, /* ................ */
    0x00, 0x00, 0x00, 0x00, 0x00, 0x00, 0x00, 0x00, 0x00, 0x00, 0x00, 0x00, 0x00, 0x00, 0x00, 0x00, /* ................ */
    0x00, 0x00, 0x00, 0x00, 0x00, 0x00, 0x00, 0x00, 0x00, 0x00, 0x00, 0x00, 0x00, 0x00, 0x00, 0x00, /* ................ */
    0x00, 0x00, 0x00, 0x00, 0x00, 0x00, 0x00, 0x00, 0x00, 0x00, 0x00, 0x00, 0x00, 0x00, 0x00, 0x00, /* ................ */
    0x00, 0x00, 0x00, 0x00, 0x00, 0x00, 0x00, 0x00, 0x00, 0x00, 0x00, 0x00, 0x00, 0x00, 0x00, 0x00, /* ................ */
    0x00, 0x00, 0x00, 0x00, 0x00, 0x00, 0x00, 0x00, 0x00, 0x00, 0x00, 0x00, 0x00, 0x00, 0x00, 0x00, /* ................ */
    0x00, 0x00, 0x00, 0x00, 0x00, 0x00, 0x00, 0x00, 0x00, 0x00, 0x00, 0x00, 0x00, 0x00, 0x00, 0x00, /* ................ */
    0x00, 0x00, 0x00, 0x00, 0x00, 0x00, 0x00, 0x00, 0x00, 0x00, 0x00, 0x00, 0x00, 0x00, 0x00, 0x00, /* ................ */
    0x00, 0x00, 0x00, 0x00, 0x00, 0x00, 0x00, 0x00, 0x00, 0x00, 0x00, 0x00, 0x00, 0x00, 0x00, 0x00, /* ................ */
    0x00, 0x00, 0x00, 0x00, 0x00, 0x00, 0x00, 0x00, 0x00, 0x00, 0x00, 0x00, 0x00, 0x00, 0x00, 0x00, /* ................ */
    0x00, 0x00, 0x00, 0x00, 0x00, 0x00, 0x00, 0x00, 0x00, 0x00, 0x00, 0x00, 0x00, 0x00, 0x00, 0x00, /* ................ */
    0x00, 0x00, 0x00, 0x00, 0x00, 0x00, 0x00, 0x00, 0x00, 0x00, 0x00, 0x00, 0x00, 0x00, 0x00, 0x00, /* ................ */
    0x00, 0x00, 0x00, 0x00, 0x00, 0x00, 0x00, 0x00, 0x00, 0x00, 0x00, 0x00, 0x00, 0x00, 0x00, 0x00, /* ................ */
    0x00, 0x00, 0x00, 0x00, 0x00, 0x00, 0x00, 0x00, 0x00, 0x00, 0x00, 0x00, 0x00, 0x00, 0x00, 0x00, /* ................ */
    0x00, 0x00, 0x00, 0x00, 0x00, 0x00, 0x00, 0x00, 0x00, 0x00, 0x00, 0x00, 0x00, 0x00, 0x00, 0x00, /* ................ */
    0x00, 0x00, 0x00, 0x00, 0x00, 0x00, 0x00, 0x00, 0x00, 0x00, 0x00, 0x00, 0x00, 0x00, 0x00, 0x00, /* ................ */
    0x00, 0x00, 0x00, 0x00, 0x00, 0x00, 0x00, 0x00, 0x00, 0x00, 0x00, 0x00, 0x00, 0x00, 0x00, 0x00, /* ................ */
    0x00, 0x00, 0x00, 0x00, 0x00, 0x00, 0x00, 0x00, 0x00, 0x00, 0x00, 0x00, 0x00, 0x00, 0x00, 0x00, /* ................ */
    0x00, 0x00, 0x00, 0x00, 0x00, 0x00, 0x00, 0x00, 0x00, 0x00, 0x00, 0x00, 0x00, 0x00, 0x00, 0x00, /* ................ */
    0x00, 0x00, 0x00, 0x00, 0x00, 0x00, 0x00, 0x00, 0x00, 0x00, 0x00, 0x00, 0x00, 0x00, 0x00, 0x00, /* ................ */
    0x00, 0x00, 0x00, 0x00, 0x00, 0x00, 0x00, 0x00, 0x00, 0x00, 0x00, 0x00, 0x00, 0x00, 0x00, 0x00, /* ................ */
    0x00, 0x00, 0x00, 0x00, 0x00, 0x00, 0x00, 0x00, 0x00, 0x00, 0x00, 0x00, 0x00, 0x00, 0x00, 0x00, /* ................ */
    0x00, 0x00, 0x00, 0x00, 0x00, 0x00, 0x00, 0x00, 0x00, 0x00, 0x00, 0x00, 0x00, 0x00, 0x00, 0x00, /* ................ */
    0x00, 0x00, 0x00, 0x00, 0x00, 0x00, 0x00, 0x00, 0x00, 0x00, 0x00, 0x00, 0x00, 0x00, 0x00, 0x00, /* ................ */
    0x00, 0x00, 0x00, 0x00, 0x00, 0x00, 0x00, 0x00, 0x00, 0x00, 0x00, 0x00, 0x00, 0x00, 0x00, 0x00, /* ................ */
    0x00, 0x00, 0x00, 0x00, 0x00, 0x00, 0x00, 0x00, 0x00, 0x00, 0x00, 0x00, 0x00, 0x00, 0x00, 0x00, /* ................ */
    0x00, 0x00, 0x00, 0x00, 0x00, 0x00, 0x00, 0x00, 0x00, 0x00, 0x00, 0x00, 0x00, 0x00, 0x00, 0x00, /* ................ */
    0x00, 0x00, 0x00, 0x00, 0x00, 0x00, 0x00, 0x00, 0x00, 0x00, 0x00, 0x00, 0x00, 0x00, 0x00, 0x00, /* ................ */
    0x00, 0x00, 0x00, 0x00, 0x00, 0x00, 0x00, 0x00, 0x00, 0x00, 0x00, 0x00, 0x00, 0x00, 0x00, 0x00, /* ................ */
    0x00, 0x00, 0x00, 0x00, 0x00, 0x00, 0x00, 0x00, 0x00, 0x00, 0x00, 0x00, 0x00, 0x00, 0x00, 0x00, /* ................ */
    0x00, 0x00, 0x00, 0x00, 0x00, 0x00, 0x00, 0x00, 0x00, 0x00, 0x00, 0x00, 0x00, 0x00, 0x00, 0x00, /* ................ */
    0x00, 0x00, 0x00, 0x00, 0x00, 0x00, 0x00, 0x00, 0x00, 0x00, 0x00, 0x00, 0x00, 0x00, 0x00, 0x00, /* ................ */
    0x00, 0x00, 0x00, 0x00, 0x00, 0x00, 0x00, 0x00, 0x00, 0x00, 0x00, 0x00, 0x00, 0x00, 0x00, 0x00, /* ................ */
    0x00, 0x00, 0x00, 0x00, 0x00, 0x00, 0x00, 0x00, 0x00, 0x00, 0x00, 0x00, 0x00, 0x00, 0x00, 0x00, /* ................ */
    0x00, 0x00, 0x00, 0x00, 0x00, 0x00, 0x00, 0x00, 0x00, 0x00, 0x00, 0x00, 0x00, 0x00, 0x00, 0x00, /* ................ */
    0x00, 0x00, 0x00, 0x00, 0x00, 0x00, 0x00, 0x00, 0x00, 0x00, 0x00, 0x00, 0x00, 0x00, 0x00, 0x00, /* ................ */
    0x00, 0x00, 0x00, 0x00, 0x00, 0x00, 0x00, 0x00, 0x00, 0x00, 0x00, 0x00, 0x00, 0x00, 0x00, 0x00, /* ................ */
    0x00, 0x00, 0x00, 0x00, 0x00, 0x00, 0x00, 0x00, 0x00, 0x00, 0x00, 0x00, 0x00, 0x00, 0x00, 0x00, /* ................ */
    0x00, 0x00, 0x00, 0x00, 0x00, 0x00, 0x00, 0x00, 0x00, 0x00, 0x00, 0x00, 0x00, 0x00, 0x00, 0x00, /* ................ */
    0x00, 0x00, 0x00, 0x00, 0x00, 0x00, 0x00, 0x00, 0x00, 0x00, 0x00, 0x00, 0x00, 0x00, 0x00, 0x00, /* ................ */
    0x00, 0x00, 0x00, 0x00, 0x00, 0x00, 0x00, 0x00, 0x00, 0x00, 0x00, 0x00, 0x00, 0x00, 0x00, 0x00, /* ................ */
    0x00, 0x00, 0x00, 0x00, 0x00, 0x00, 0x00, 0x00, 0x00, 0x00, 0x00, 0x00, 0x00, 0x00, 0x00, 0x00, /* ................ */
    0x00, 0x00, 0x00, 0x00, 0x00, 0x00, 0x00, 0x00, 0x00, 0x00, 0x00, 0x00, 0x00, 0x00, 0x00, 0x00, /* ................ */
    0x00, 0x00, 0x00, 0x00, 0x00, 0x00, 0x00, 0x00, 0x00, 0x00, 0x00, 0x00, 0x00, 0x00, 0x00, 0x00, /* ................ */
    0x00, 0x00, 0x00, 0x00, 0x00, 0x00, 0x00, 0x00, 0x00, 0x00, 0x00, 0x00, 0x00, 0x00, 0x00, 0x00, /* ................ */
    0x00, 0x00, 0x00, 0x00, 0x00, 0x00, 0x00, 0x00, 0x00, 0x00, 0x00, 0x00, 0x00, 0x00, 0x00, 0x00, /* ................ */
    0x00, 0x00, 0x00, 0x00, 0x00, 0x00, 0x00, 0x00, 0x00, 0x00, 0x00, 0x00, 0x00, 0x00, 0x00, 0x00, /* ................ */
    0x00, 0x00, 0x00, 0x00, 0x00, 0x00, 0x00, 0x00, 0x00, 0x00, 0x00, 0x00, 0x00, 0x00, 0x00, 0x00, /* ................ */
    0x00, 0x00, 0x00, 0x00, 0x00, 0x00, 0x00, 0x00, 0x00, 0x00, 0x00, 0x00, 0x00, 0x00, 0x00, 0x00, /* ................ */
    0x00, 0x00, 0x00, 0x00, 0x00, 0x00, 0x00, 0x00, 0x00, 0x00, 0x00, 0x00, 0x00, 0x00, 0x00, 0x00, /* ................ */
    0x00, 0x00, 0x00, 0x00, 0x00, 0x00, 0x00, 0x00, 0x00, 0x00, 0x00, 0x00, 0x00, 0x00, 0x00, 0x00, /* ................ */
    0x00, 0x00, 0x00, 0x00, 0x00, 0x00, 0x00, 0x00, 0x00, 0x00, 0x00, 0x00, 0x00, 0x00, 0x00, 0x00, /* ................ */
    0x00, 0x00, 0x00, 0x00, 0x00, 0x00, 0x00, 0x00, 0x00, 0x00, 0x00, 0x00, 0x00, 0x00, 0x00, 0x00, /* ................ */
    0x00, 0x00, 0x00, 0x00, 0x00, 0x00, 0x00, 0x00, 0x00, 0x00, 0x00, 0x00, 0x00, 0x00, 0x00, 0x00, /* ................ */
    0x00, 0x00, 0x00, 0x00, 0x00, 0x00, 0x00, 0x00, 0x00, 0x00, 0x00, 0x00, 0x00, 0x00, 0x00, 0x00, /* ................ */
    0x00, 0x00, 0x00, 0x00, 0x00, 0x00, 0x00, 0x00, 0x00, 0x00, 0x00, 0x00, 0x00, 0x00, 0x00, 0x00, /* ................ */
    0x00, 0x00, 0x00, 0x00, 0x00, 0x00, 0x00, 0x00, 0x00, 0x00, 0x00, 0x00, 0x00, 0x00, 0x00, 0x00, /* ................ */
    0x00, 0x00, 0x00, 0x00, 0x00, 0x00, 0x00, 0x00, 0x00, 0x00, 0x00, 0x00, 0x00, 0x00, 0x00, 0x00, /* ................ */
    0x00, 0x00, 0x00, 0x00, 0x00, 0x00, 0x00, 0x00, 0x00, 0x00, 0x00, 0x00, 0x00, 0x00, 0x00, 0x00, /* ................ */
    0x00, 0x00, 0x00, 0x00, 0x00, 0x00, 0x00, 0x00, 0x00, 0x00, 0x00, 0x00, 0x00, 0x00, 0x00, 0x00, /* ................ */
    0x00, 0x00, 0x00, 0x00, 0x00, 0x00, 0x00, 0x00, 0x00, 0x00, 0x00, 0x00, 0x00, 0x00, 0x00, 0x00, /* ................ */
    0x00, 0x00, 0x00, 0x00, 0x00, 0x00, 0x00, 0x00, 0x00, 0x00, 0x00, 0x00, 0x00, 0x00, 0x00, 0x00, /* ................ */
    0x00, 0x00, 0x00, 0x00, 0x00, 0x00, 0x00, 0x00, 0x00, 0x00, 0x00, 0x00, 0x00, 0x00, 0x00, 0x00, /* ................ */
    0x00, 0x00, 0x00, 0x00, 0x00, 0x00, 0x00, 0x00, 0x00, 0x00, 0x00, 0x00, 0x00, 0x00, 0x00, 0x00, /* ................ */
    0x00, 0x00, 0x00, 0x00, 0x00, 0x00, 0x00, 0x00, 0x00, 0x00, 0x00, 0x00, 0x00, 0x00, 0x00, 0x00, /* ................ */
    0x00, 0x00, 0x00, 0x00, 0x00, 0x00, 0x00, 0x00, 0x00, 0x00, 0x00, 0x00, 0x00, 0x00, 0x00, 0x00, /* ................ */
    0x00, 0x00, 0x00, 0x00, 0x00, 0x00, 0x00, 0x00, 0x00, 0x00, 0x00, 0x00, 0x00, 0x00, 0x00, 0x00, /* ................ */
    0x00, 0x00, 0x00, 0x00, 0x00, 0x00, 0x00, 0x00, 0x00, 0x00, 0x00, 0x00, 0x00, 0x00, 0x00, 0x00, /* ................ */
    0x00, 0x00, 0x00, 0x00, 0x00, 0x00, 0x00, 0x00, 0x00, 0x00, 0x00, 0x00, 0x00, 0x00, 0x00, 0x00, /* ................ */
    0x00, 0x00, 0x00, 0x00, 0x00, 0x00, 0x00, 0x00, 0x00, 0x00, 0x00, 0x00, 0x00, 0x00, 0x00, 0x00, /* ................ */
    0x00, 0x00, 0x00, 0x00, 0x00, 0x00, 0x00, 0x00, 0x00, 0x00, 0x00, 0x00, 0x00, 0x00, 0x00, 0x00, /* ................ */
    0x00, 0x00, 0x00, 0x00, 0x00, 0x00, 0x00, 0x00, 0x00, 0x00, 0x00, 0x00, 0x00, 0x00, 0x00, 0x00, /* ................ */
    0x00, 0x00, 0x00, 0x00, 0x00, 0x00, 0x00, 0x00, 0x00, 0x00, 0x00, 0x00, 0x00, 0x00, 0x00, 0x00, /* ................ */
    0x00, 0x00, 0x00, 0x00, 0x00, 0x00, 0x00, 0x00, 0x00, 0x00, 0x00, 0x00, 0x00, 0x00, 0x00, 0x00, /* ................ */
    0x00, 0x00, 0x00, 0x00, 0x00, 0x00, 0x00, 0x00, 0x00, 0x00, 0x00, 0x00, 0x00, 0x00, 0x00, 0x00, /* ................ */
    0x00, 0x00, 0x00, 0x00, 0x00, 0x00, 0x00, 0x00, 0x00, 0x00, 0x00, 0x00, 0x00, 0x00, 0x00, 0x00, /* ................ */
    0x00, 0x00, 0x00, 0x00, 0x00, 0x00, 0x00, 0x00, 0x00, 0x00, 0x00, 0x00, 0x00, 0x00, 0x00, 0x00, /* ................ */
    0x00, 0x00, 0x00, 0x00, 0x00, 0x00, 0x00, 0x00, 0x00, 0x00, 0x00, 0x00, 0x00, 0x00, 0x00, 0x00, /* ................ */
    0x00, 0x00, 0x00, 0x00, 0x00, 0x00, 0x00, 0x00, 0x00, 0x00, 0x00, 0x00, 0x00, 0x00, 0x00, 0x00, /* ................ */
    0x00, 0x00, 0x00, 0x00, 0x00, 0x00, 0x00, 0x00, 0x00, 0x00, 0x00, 0x00, 0x00, 0x00, 0x00, 0x00, /* ................ */
    0x00, 0x00, 0x00, 0x00, 0x00, 0x00, 0x00, 0x00, 0x00, 0x00, 0x00, 0x00, 0x00, 0x00, 0x00, 0x00, /* ................ */
    0x00, 0x00, 0x00, 0x00, 0x00, 0x00, 0x00, 0x00, 0x00, 0x00, 0x00, 0x00, 0x00, 0x00, 0x00, 0x00, /* ................ */
    0x00, 0x00, 0x00, 0x00, 0x00, 0x00, 0x00, 0x00, 0x00, 0x00, 0x00, 0x00, 0x00, 0x00, 0x00, 0x00, /* ................ */
    0x00, 0x00, 0x00, 0x00, 0x00, 0x00, 0x00, 0x00, 0x00, 0x00, 0x00, 0x00, 0x00, 0x00, 0x00, 0x00, /* ................ */
    0x00, 0x00, 0x00, 0x00, 0x00, 0x00, 0x00, 0x00, 0x00, 0x00, 0x00, 0x00, 0x00, 0x00, 0x00, 0x00, /* ................ */
    0x00, 0x00, 0x00, 0x00, 0x00, 0x00, 0x00, 0x00, 0x00, 0x00, 0x00, 0x00, 0x00, 0x00, 0x00, 0x00, /* ................ */
    0x00, 0x00, 0x00, 0x00, 0x00, 0x00, 0x00, 0x00, 0x00, 0x00, 0x00, 0x00, 0x00, 0x00, 0x00, 0x00, /* ................ */
    0x00, 0x00, 0x00, 0x00, 0x00, 0x00, 0x00, 0x00, 0x00, 0x00, 0x00, 0x00, 0x00, 0x00, 0x00, 0x00, /* ................ */
    0x00, 0x00, 0x00, 0x00, 0x00, 0x00, 0x00, 0x00, 0x00, 0x00, 0x00, 0x00, 0x00, 0x00, 0x00, 0x00, /* ................ */
    0x00, 0x00, 0x00, 0x00, 0x00, 0x00, 0x00, 0x00, 0x00, 0x00, 0x00, 0x00, 0x00, 0x00, 0x00, 0x00, /* ................ */
    0x00, 0x00, 0x00, 0x00, 0x00, 0x00, 0x00, 0x00, 0x00, 0x00, 0x00, 0x00, 0x00, 0x00, 0x00, 0x00, /* ................ */
    0x00, 0x00, 0x00, 0x00, 0x00, 0x00, 0x00, 0x00, 0x00, 0x00, 0x00, 0x00, 0x00, 0x00, 0x00, 0x00, /* ................ */
    0x00, 0x00, 0x00, 0x00, 0x00, 0x00, 0x00, 0x00, 0x00, 0x00, 0x00, 0x00, 0x00, 0x00, 0x00, 0x00, /* ................ */
    0x00, 0x00, 0x00, 0x00, 0x00, 0x00, 0x00, 0x00, 0x00, 0x00, 0x00, 0x00, 0x00, 0x00, 0x00, 0x00, /* ................ */
    0x00, 0x00, 0x00, 0x00, 0x00, 0x00, 0x00, 0x00, 0x00, 0x00, 0x00, 0x00, 0x00, 0x00, 0x00, 0x00, /* ................ */
    0x00, 0x00, 0x00, 0x00, 0x00, 0x00, 0x00, 0x00, 0x00, 0x00, 0x00, 0x00, 0x00, 0x00, 0x00, 0x00, /* ................ */
    0x00, 0x00, 0x00, 0x00, 0x00, 0x00, 0x00, 0x00, 0x00, 0x00, 0x00, 0x00, 0x00, 0x00, 0x00, 0x00, /* ................ */
    0x00, 0x00, 0x00, 0x00, 0x00, 0x00, 0x00, 0x00, 0x00, 0x00, 0x00, 0x00, 0x00, 0x00, 0x00, 0x00, /* ................ */
    0x00, 0x00, 0x00, 0x00, 0x00, 0x00, 0x00, 0x00, 0x00, 0x00, 0x00, 0x00, 0x00, 0x00, 0x00, 0x00, /* ................ */
    0x00, 0x00, 0x00, 0x00, 0x00, 0x00, 0x00, 0x00, 0x00, 0x00, 0x00, 0x00, 0x00, 0x00, 0x00, 0x00, /* ................ */
    0x00, 0x00, 0x00, 0x00, 0x00, 0x00, 0x00, 0x00, 0x00, 0x00, 0x00, 0x00, 0x00, 0x00, 0x00, 0x00, /* ................ */
    0x00, 0x00, 0x00, 0x00, 0x00, 0x00, 0x00, 0x00, 0x00, 0x00, 0x00, 0x00, 0x00, 0x00, 0x00, 0x00, /* ................ */
    0x00, 0x00, 0x00, 0x00, 0x00, 0x00, 0x00, 0x00, 0x00, 0x00, 0x00, 0x00, 0x00, 0x00, 0x00, 0x00, /* ................ */
    0x00, 0x00, 0x00, 0x00, 0x00, 0x00, 0x00, 0x00, 0x00, 0x00, 0x00, 0x00, 0x00, 0x00, 0x00, 0x00, /* ................ */
    0x00, 0x00, 0x00, 0x00, 0x00, 0x00, 0x00, 0x00, 0x00, 0x00, 0x00, 0x00, 0x00, 0x00, 0x00, 0x00, /* ................ */
    0x00, 0x00, 0x00, 0x00, 0x00, 0x00, 0x00, 0x00, 0x00, 0x00, 0x00, 0x00, 0x00, 0x00, 0x00, 0x00, /* ................ */
    0x00, 0x00, 0x00, 0x00, 0x00, 0x00, 0x00, 0x00, 0x00, 0x00, 0x00, 0x00, 0x00, 0x00, 0x00, 0x00, /* ................ */
    0x00, 0x00, 0x00, 0x00, 0x00, 0x00, 0x00, 0x00, 0x00, 0x00, 0x00, 0x00, 0x00, 0x00, 0x00, 0x00, /* ................ */
    0x00, 0x00, 0x00, 0x00, 0x00, 0x00, 0x00, 0x00, 0x00, 0x00, 0x00, 0x00, 0x00, 0x00, 0x00, 0x00, /* ................ */
    0x00, 0x00, 0x00, 0x00, 0x00, 0x00, 0x00, 0x00, 0x00, 0x00, 0x00, 0x00, 0x00, 0x00, 0x00, 0x00, /* ................ */
    0x00, 0x00, 0x00, 0x00, 0x00, 0x00, 0x00, 0x00, 0x00, 0x00, 0x00, 0x00, 0x00, 0x00, 0x00, 0x00, /* ................ */
    0x00, 0x00, 0x00, 0x00, 0x00, 0x00, 0x00, 0x00, 0x00, 0x00, 0x00, 0x00, 0x00, 0x00, 0x00, 0x00 /* ................ */
};

/* 0x0030f540 - 64 bytes */
const unsigned char punctuation[64] = {
    0x44, 0xe8, 0x21, 0x00, 0x48, 0xe8, 0x21, 0x00, 0x4c, 0xe8, 0x21, 0x00, 0x50, 0xe8, 0x21, 0x00, /* D.!.H.!.L.!.P.!. */
    0x54, 0xe8, 0x21, 0x00, 0x58, 0xe8, 0x21, 0x00, 0x5c, 0xe8, 0x21, 0x00, 0x60, 0xe8, 0x21, 0x00, /* T.!.X.!.\.!.`.!. */
    0x3c, 0x6c, 0x21, 0x00, 0x64, 0xe8, 0x21, 0x00, 0x68, 0xe8, 0x21, 0x00, 0x6c, 0xe8, 0x21, 0x00, /* <l!.d.!.h.!.l.!. */
    0x70, 0xe8, 0x21, 0x00, 0x74, 0xe8, 0x21, 0x00, 0x00, 0x00, 0x00, 0x00, 0x00, 0x00, 0x00, 0x00 /* p.!.t.!......... */
};

/* 0x0030f580 - 4 bytes */
const unsigned char CL_handle[4] = { 0xff, 0xff, 0xff, 0xff };

/* 0x0030f584 - 28 bytes */
const unsigned char currentHandle[28] = {
    0xff, 0xff, 0xff, 0xff, 0x00, 0x00, 0x00, 0x00, 0x00, 0x00, 0x00, 0x00, 0x00, 0x00, 0x00, 0x00, /* ................ */
    0x00, 0x00, 0x00, 0x00, 0x00, 0x00, 0x00, 0x00, 0x00, 0x00, 0x00, 0x00 /* ............ */
};

/* 0x0030f5a0 - 64 bytes */
const unsigned char PADDING[64] = {
    0x80, 0x00, 0x00, 0x00, 0x00, 0x00, 0x00, 0x00, 0x00, 0x00, 0x00, 0x00, 0x00, 0x00, 0x00, 0x00, /* ................ */
    0x00, 0x00, 0x00, 0x00, 0x00, 0x00, 0x00, 0x00, 0x00, 0x00, 0x00, 0x00, 0x00, 0x00, 0x00, 0x00, /* ................ */
    0x00, 0x00, 0x00, 0x00, 0x00, 0x00, 0x00, 0x00, 0x00, 0x00, 0x00, 0x00, 0x00, 0x00, 0x00, 0x00, /* ................ */
    0x00, 0x00, 0x00, 0x00, 0x00, 0x00, 0x00, 0x00, 0x00, 0x00, 0x00, 0x00, 0x00, 0x00, 0x00, 0x00 /* ................ */
};

/* 0x0030f5e0 - 32 bytes */
const unsigned char legacyHacks[32] = {
    0x20, 0xfe, 0x14, 0x01, 0x00, 0x00, 0x00, 0x00, 0x00, 0x00, 0x00, 0x00, 0x00, 0x00, 0x00, 0x00, /*  ............... */
    0x00, 0x00, 0x00, 0x00, 0x00, 0x00, 0x00, 0x00, 0x00, 0x00, 0x00, 0x00, 0x00, 0x00, 0x00, 0x00 /* ................ */
};

/* 0x0030f600 - 96 bytes */
const unsigned char g_pszSndAliasKeyNames[96] = {
    0x00, 0x00, 0x00, 0x00, 0xb4, 0x94, 0x21, 0x00, 0xec, 0xea, 0x21, 0x00, 0xf8, 0xea, 0x21, 0x00, /* ......!...!...!. */
    0x00, 0xeb, 0x21, 0x00, 0x0c, 0xeb, 0x21, 0x00, 0x14, 0xeb, 0x21, 0x00, 0x1c, 0xeb, 0x21, 0x00, /* ..!...!...!...!. */
    0x24, 0xeb, 0x21, 0x00, 0x30, 0xeb, 0x21, 0x00, 0x3c, 0xeb, 0x21, 0x00, 0x48, 0xeb, 0x21, 0x00, /* $.!.0.!.<.!.H.!. */
    0x54, 0xeb, 0x21, 0x00, 0x5c, 0xeb, 0x21, 0x00, 0x64, 0xeb, 0x21, 0x00, 0x6c, 0xeb, 0x21, 0x00, /* T.!.\.!.d.!.l.!. */
    0x78, 0xeb, 0x21, 0x00, 0x84, 0xeb, 0x21, 0x00, 0x90, 0xeb, 0x21, 0x00, 0xa4, 0xeb, 0x21, 0x00, /* x.!...!...!...!. */
    0xb8, 0xeb, 0x21, 0x00, 0xc4, 0xeb, 0x21, 0x00, 0xd0, 0xeb, 0x21, 0x00, 0xd8, 0xeb, 0x21, 0x00 /* ..!...!...!...!. */
};

/* 0x0030f660 - 64 bytes */
const unsigned char g_pszChannelNames[64] = {
    0xe8, 0xeb, 0x21, 0x00, 0xf0, 0xeb, 0x21, 0x00, 0xd8, 0x6c, 0x21, 0x00, 0xf8, 0xeb, 0x21, 0x00, /* ..!...!..l!...!. */
    0x00, 0xec, 0x21, 0x00, 0x08, 0xec, 0x21, 0x00, 0x10, 0xec, 0x21, 0x00, 0x18, 0xec, 0x21, 0x00, /* ..!...!...!...!. */
    0x20, 0xec, 0x21, 0x00, 0x28, 0xec, 0x21, 0x00, 0xa8, 0x82, 0x21, 0x00, 0x00, 0x00, 0x00, 0x00, /*  .!.(.!...!..... */
    0x00, 0x00, 0x00, 0x00, 0x00, 0x00, 0x00, 0x00, 0x00, 0x00, 0x00, 0x00, 0x00, 0x00, 0x00, 0x00 /* ................ */
};

/* 0x0030f6a0 - 1088 bytes */
const unsigned char infoParms[1088] = {
    0x9c, 0x00, 0x22, 0x00, 0x00, 0x00, 0x00, 0x00, 0x00, 0x00, 0x10, 0x00, 0x00, 0x00, 0x00, 0x00, /* .."............. */
    0x00, 0x00, 0x00, 0x00, 0xa4, 0x00, 0x22, 0x00, 0x00, 0x00, 0x00, 0x00, 0x00, 0x00, 0x20, 0x00, /* ......"....... . */
    0x00, 0x00, 0x00, 0x00, 0x00, 0x00, 0x00, 0x00, 0xac, 0x00, 0x22, 0x00, 0x00, 0x00, 0x00, 0x00, /* .........."..... */
    0x00, 0x00, 0x30, 0x00, 0x00, 0x00, 0x00, 0x00, 0x00, 0x00, 0x00, 0x00, 0xb4, 0x00, 0x22, 0x00, /* ..0...........". */
    0x00, 0x00, 0x00, 0x00, 0x00, 0x00, 0x40, 0x00, 0x00, 0x00, 0x00, 0x00, 0x00, 0x00, 0x00, 0x00, /* ......@......... */
    0xbc, 0x00, 0x22, 0x00, 0x00, 0x00, 0x00, 0x00, 0x00, 0x00, 0x50, 0x00, 0x00, 0x00, 0x00, 0x00, /* ..".......P..... */
    0x00, 0x00, 0x00, 0x00, 0xc8, 0x00, 0x22, 0x00, 0x00, 0x00, 0x00, 0x00, 0x00, 0x00, 0x60, 0x00, /* ......".......`. */
    0x00, 0x00, 0x00, 0x00, 0x00, 0x00, 0x00, 0x00, 0xd0, 0x00, 0x22, 0x00, 0x00, 0x00, 0x00, 0x00, /* .........."..... */
    0x00, 0x00, 0x70, 0x00, 0x00, 0x00, 0x00, 0x00, 0x00, 0x00, 0x00, 0x00, 0xd8, 0x00, 0x22, 0x00, /* ..p...........". */
    0x01, 0x00, 0x00, 0x00, 0x00, 0x00, 0x80, 0x00, 0x02, 0x00, 0x00, 0x00, 0x00, 0x00, 0x00, 0x00, /* ................ */
    0xe0, 0x00, 0x22, 0x00, 0x01, 0x00, 0x00, 0x00, 0x00, 0x00, 0x90, 0x00, 0x10, 0x00, 0x00, 0x00, /* .."............. */
    0x00, 0x00, 0x00, 0x00, 0xe8, 0x00, 0x22, 0x00, 0x00, 0x00, 0x00, 0x00, 0x00, 0x00, 0xa0, 0x00, /* ......"......... */
    0x00, 0x00, 0x00, 0x00, 0x00, 0x00, 0x00, 0x00, 0xf0, 0x00, 0x22, 0x00, 0x00, 0x00, 0x00, 0x00, /* .........."..... */
    0x00, 0x00, 0xb0, 0x00, 0x00, 0x00, 0x00, 0x00, 0x00, 0x00, 0x00, 0x00, 0xf8, 0x00, 0x22, 0x00, /* ..............". */
    0x00, 0x00, 0x00, 0x00, 0x00, 0x00, 0xc0, 0x00, 0x00, 0x00, 0x00, 0x00, 0x00, 0x00, 0x00, 0x00, /* ................ */
    0xfc, 0x00, 0x22, 0x00, 0x00, 0x00, 0x00, 0x00, 0x00, 0x00, 0xd0, 0x00, 0x00, 0x00, 0x00, 0x00, /* .."............. */
    0x00, 0x00, 0x00, 0x00, 0x04, 0x01, 0x22, 0x00, 0x00, 0x00, 0x00, 0x00, 0x00, 0x00, 0xe0, 0x00, /* ......"......... */
    0x00, 0x00, 0x00, 0x00, 0x00, 0x00, 0x00, 0x00, 0x08, 0x01, 0x22, 0x00, 0x00, 0x00, 0x00, 0x00, /* .........."..... */
    0x00, 0x00, 0xf0, 0x00, 0x00, 0x00, 0x00, 0x00, 0x00, 0x00, 0x00, 0x00, 0x10, 0x01, 0x22, 0x00, /* ..............". */
    0x00, 0x00, 0x00, 0x00, 0x00, 0x00, 0x00, 0x01, 0x00, 0x00, 0x00, 0x00, 0x00, 0x00, 0x00, 0x00, /* ................ */
    0x18, 0x01, 0x22, 0x00, 0x00, 0x00, 0x00, 0x00, 0x00, 0x00, 0x10, 0x01, 0x00, 0x00, 0x00, 0x00, /* .."............. */
    0x00, 0x00, 0x00, 0x00, 0x20, 0x01, 0x22, 0x00, 0x00, 0x00, 0x00, 0x00, 0x00, 0x00, 0x20, 0x01, /* .... ."....... . */
    0x00, 0x00, 0x00, 0x00, 0x00, 0x00, 0x00, 0x00, 0x28, 0x01, 0x22, 0x00, 0x00, 0x00, 0x00, 0x00, /* ........(."..... */
    0x00, 0x00, 0x30, 0x01, 0x00, 0x00, 0x00, 0x00, 0x00, 0x00, 0x00, 0x00, 0x30, 0x01, 0x22, 0x00, /* ..0.........0.". */
    0x01, 0x00, 0x00, 0x00, 0x00, 0x00, 0x40, 0x01, 0x20, 0x00, 0x00, 0x00, 0x00, 0x00, 0x00, 0x00, /* ......@. ....... */
    0x38, 0x01, 0x22, 0x00, 0x00, 0x00, 0x00, 0x00, 0x00, 0x00, 0x50, 0x01, 0x00, 0x00, 0x00, 0x00, /* 8.".......P..... */
    0x00, 0x00, 0x00, 0x00, 0x40, 0x01, 0x22, 0x00, 0x00, 0x00, 0x00, 0x00, 0x00, 0x00, 0x60, 0x01, /* ....@.".......`. */
    0x00, 0x00, 0x00, 0x00, 0x00, 0x00, 0x00, 0x00, 0x48, 0x01, 0x22, 0x00, 0x00, 0x00, 0x00, 0x00, /* ........H."..... */
    0x00, 0x00, 0x90, 0x00, 0x00, 0x00, 0x00, 0x00, 0x00, 0x00, 0x00, 0x00, 0x54, 0x01, 0x22, 0x00, /* ............T.". */
    0x01, 0x00, 0x00, 0x00, 0x00, 0x00, 0x00, 0x00, 0x80, 0x00, 0x00, 0x00, 0x00, 0x00, 0x00, 0x00, /* ................ */
    0x60, 0x01, 0x22, 0x00, 0x01, 0x00, 0x00, 0x00, 0x00, 0x00, 0x00, 0x00, 0x00, 0x10, 0x00, 0x00, /* `."............. */
    0x00, 0x00, 0x00, 0x00, 0x6c, 0x01, 0x22, 0x00, 0x01, 0x00, 0x00, 0x00, 0x00, 0x00, 0x00, 0x00, /* ....l."......... */
    0x00, 0x20, 0x00, 0x00, 0x00, 0x00, 0x00, 0x00, 0x78, 0x01, 0x22, 0x00, 0x01, 0x00, 0x00, 0x00, /* . ......x."..... */
    0x00, 0x00, 0x00, 0x00, 0x00, 0x00, 0x01, 0x00, 0x00, 0x00, 0x00, 0x00, 0x84, 0x01, 0x22, 0x00, /* ..............". */
    0x01, 0x00, 0x00, 0x00, 0x00, 0x00, 0x00, 0x00, 0x00, 0x00, 0x02, 0x00, 0x00, 0x00, 0x00, 0x00, /* ................ */
    0x90, 0x01, 0x22, 0x00, 0x01, 0x00, 0x00, 0x00, 0x00, 0x00, 0x00, 0x00, 0x00, 0x02, 0x00, 0x00, /* .."............. */
    0x00, 0x00, 0x00, 0x00, 0x9c, 0x01, 0x22, 0x00, 0x01, 0x00, 0x00, 0x00, 0x00, 0x00, 0x00, 0x00, /* ......"......... */
    0x00, 0x04, 0x00, 0x00, 0x00, 0x00, 0x00, 0x00, 0xa8, 0x01, 0x22, 0x00, 0x01, 0x00, 0x00, 0x00, /* .........."..... */
    0x00, 0x00, 0x00, 0x00, 0x00, 0x00, 0x00, 0x80, 0x00, 0x00, 0x00, 0x00, 0xb0, 0x01, 0x22, 0x00, /* ..............". */
    0x01, 0x00, 0x00, 0x00, 0x00, 0x40, 0x00, 0x00, 0x00, 0x00, 0x00, 0x00, 0x00, 0x00, 0x00, 0x00, /* .....@.......... */
    0xbc, 0x01, 0x22, 0x00, 0x00, 0x00, 0x00, 0x00, 0x00, 0x00, 0x00, 0x00, 0x00, 0x00, 0x00, 0x08, /* .."............. */
    0x00, 0x00, 0x00, 0x00, 0xc4, 0x01, 0x22, 0x00, 0x00, 0x00, 0x00, 0x00, 0x00, 0x00, 0x00, 0x00, /* ......"......... */
    0x00, 0x00, 0x00, 0x10, 0x00, 0x00, 0x00, 0x00, 0xd0, 0x01, 0x22, 0x00, 0x01, 0x00, 0x00, 0x00, /* .........."..... */
    0x00, 0x00, 0x00, 0x80, 0x00, 0x00, 0x00, 0x00, 0x00, 0x00, 0x00, 0x00, 0xd8, 0x01, 0x22, 0x00, /* ..............". */
    0x00, 0x00, 0x00, 0x00, 0x00, 0x00, 0x00, 0x00, 0x40, 0x00, 0x00, 0x00, 0x00, 0x00, 0x00, 0x00, /* ........@....... */
    0x70, 0xa5, 0x21, 0x00, 0x01, 0x00, 0x00, 0x00, 0x00, 0x00, 0x00, 0x00, 0x00, 0x00, 0x00, 0x00, /* p.!............. */
    0x04, 0x00, 0x00, 0x00, 0xe8, 0x01, 0x22, 0x00, 0x00, 0x00, 0x00, 0x00, 0x04, 0x00, 0x00, 0x00, /* ......"......... */
    0x00, 0x08, 0x00, 0x00, 0x00, 0x00, 0x00, 0x00, 0xec, 0x01, 0x22, 0x00, 0x00, 0x00, 0x00, 0x00, /* .........."..... */
    0x00, 0x00, 0x01, 0x00, 0x00, 0x00, 0x00, 0x00, 0x00, 0x00, 0x00, 0x00, 0xf8, 0x01, 0x22, 0x00, /* ..............". */
    0x00, 0x00, 0x00, 0x00, 0x00, 0x00, 0x04, 0x00, 0x00, 0x00, 0x00, 0x00, 0x00, 0x00, 0x00, 0x00, /* ................ */
    0x08, 0x02, 0x22, 0x00, 0x00, 0x00, 0x00, 0x00, 0x02, 0x00, 0x00, 0x00, 0x00, 0x00, 0x00, 0x00, /* .."............. */
    0x00, 0x00, 0x00, 0x00, 0x10, 0x02, 0x22, 0x00, 0x00, 0x00, 0x00, 0x00, 0x10, 0x00, 0x00, 0x00, /* ......"......... */
    0x00, 0x00, 0x00, 0x00, 0x00, 0x00, 0x00, 0x00, 0x1c, 0x02, 0x22, 0x00, 0x00, 0x00, 0x00, 0x00, /* .........."..... */
    0x20, 0x00, 0x00, 0x00, 0x00, 0x00, 0x00, 0x00, 0x00, 0x00, 0x00, 0x00, 0x24, 0x02, 0x22, 0x00, /*  ...........$.". */
    0x00, 0x00, 0x00, 0x00, 0x08, 0x00, 0x00, 0x00, 0x00, 0x00, 0x00, 0x00, 0x00, 0x00, 0x00, 0x00, /* ................ */
    0x2c, 0x02, 0x22, 0x00, 0x00, 0x00, 0x00, 0x00, 0x01, 0x00, 0x00, 0x00, 0x00, 0x00, 0x00, 0x00, /* ,."............. */
    0x00, 0x00, 0x00, 0x00, 0x38, 0x02, 0x22, 0x00, 0x00, 0x00, 0x00, 0x00, 0x00, 0x00, 0x00, 0x02, /* ....8."......... */
    0x00, 0x00, 0x00, 0x01, 0x00, 0x00, 0x00, 0x00, 0x44, 0x02, 0x22, 0x00, 0x00, 0x00, 0x00, 0x00, /* ........D."..... */
    0x00, 0x00, 0x00, 0x04, 0x00, 0x00, 0x00, 0x01, 0x00, 0x00, 0x00, 0x00, 0x50, 0x02, 0x22, 0x00, /* ............P.". */
    0x00, 0x00, 0x00, 0x00, 0x00, 0x20, 0x00, 0x00, 0x00, 0x00, 0x00, 0x00, 0x00, 0x00, 0x00, 0x00, /* ..... .......... */
    0x58, 0x02, 0x22, 0x00, 0x00, 0x00, 0x00, 0x00, 0x80, 0x00, 0x00, 0x00, 0x00, 0x00, 0x00, 0x00, /* X."............. */
    0x00, 0x00, 0x00, 0x00, 0x60, 0x02, 0x22, 0x00, 0x00, 0x00, 0x00, 0x00, 0x00, 0x08, 0x00, 0x00, /* ....`."......... */
    0x00, 0x00, 0x00, 0x00, 0x00, 0x00, 0x00, 0x00, 0x6c, 0x02, 0x22, 0x00, 0x00, 0x00, 0x00, 0x00, /* ........l."..... */
    0x00, 0x04, 0x00, 0x00, 0x00, 0x00, 0x00, 0x00, 0x00, 0x00, 0x00, 0x00, 0x78, 0x02, 0x22, 0x00, /* ............x.". */
    0x00, 0x00, 0x00, 0x00, 0x00, 0x00, 0x02, 0x00, 0x00, 0x00, 0x00, 0x00, 0x00, 0x00, 0x00, 0x00, /* ................ */
    0x00, 0x00, 0x00, 0x00, 0x00, 0x00, 0x00, 0x00, 0x00, 0x00, 0x00, 0x00, 0x00, 0x00, 0x00, 0x00, /* ................ */
    0x00, 0x00, 0x00, 0x00, 0x00, 0x00, 0x00, 0x00, 0x00, 0x00, 0x00, 0x00, 0x00, 0x00, 0x00, 0x00, /* ................ */
    0x00, 0x00, 0x00, 0x00, 0x00, 0x00, 0x00, 0x00, 0x00, 0x00, 0x00, 0x00, 0x00, 0x00, 0x00, 0x00 /* ................ */
};

/* 0x0030fae0 - 4392 bytes */
const unsigned char weaponDefFields[4392] = {
    0x8c, 0x02, 0x22, 0x00, 0x04, 0x00, 0x00, 0x00, 0x00, 0x00, 0x00, 0x00, 0x98, 0x02, 0x22, 0x00, /* .."...........". */
    0x08, 0x00, 0x00, 0x00, 0x00, 0x00, 0x00, 0x00, 0xb0, 0x02, 0x22, 0x00, 0x70, 0x00, 0x00, 0x00, /* ..........".p... */
    0x00, 0x00, 0x00, 0x00, 0xbc, 0x02, 0x22, 0x00, 0x74, 0x00, 0x00, 0x00, 0x0f, 0x00, 0x00, 0x00, /* ......".t....... */
    0xcc, 0x02, 0x22, 0x00, 0x0c, 0x00, 0x00, 0x00, 0x00, 0x00, 0x00, 0x00, 0xd8, 0x02, 0x22, 0x00, /* .."...........". */
    0x10, 0x00, 0x00, 0x00, 0x00, 0x00, 0x00, 0x00, 0xe4, 0x02, 0x22, 0x00, 0x18, 0x00, 0x00, 0x00, /* .........."..... */
    0x00, 0x00, 0x00, 0x00, 0xf0, 0x02, 0x22, 0x00, 0x1c, 0x00, 0x00, 0x00, 0x00, 0x00, 0x00, 0x00, /* ......"......... */
    0x00, 0x03, 0x22, 0x00, 0x20, 0x00, 0x00, 0x00, 0x00, 0x00, 0x00, 0x00, 0x0c, 0x03, 0x22, 0x00, /* ..". .........". */
    0x24, 0x00, 0x00, 0x00, 0x00, 0x00, 0x00, 0x00, 0x1c, 0x03, 0x22, 0x00, 0x28, 0x00, 0x00, 0x00, /* $.........".(... */
    0x00, 0x00, 0x00, 0x00, 0x2c, 0x03, 0x22, 0x00, 0x2c, 0x00, 0x00, 0x00, 0x00, 0x00, 0x00, 0x00, /* ....,.".,....... */
    0x3c, 0x03, 0x22, 0x00, 0x30, 0x00, 0x00, 0x00, 0x00, 0x00, 0x00, 0x00, 0x48, 0x03, 0x22, 0x00, /* <.".0.......H.". */
    0x34, 0x00, 0x00, 0x00, 0x00, 0x00, 0x00, 0x00, 0x54, 0x03, 0x22, 0x00, 0x38, 0x00, 0x00, 0x00, /* 4.......T.".8... */
    0x00, 0x00, 0x00, 0x00, 0x64, 0x03, 0x22, 0x00, 0x3c, 0x00, 0x00, 0x00, 0x00, 0x00, 0x00, 0x00, /* ....d.".<....... */
    0x74, 0x03, 0x22, 0x00, 0x40, 0x00, 0x00, 0x00, 0x00, 0x00, 0x00, 0x00, 0x84, 0x03, 0x22, 0x00, /* t.".@.........". */
    0x44, 0x00, 0x00, 0x00, 0x00, 0x00, 0x00, 0x00, 0x90, 0x03, 0x22, 0x00, 0x48, 0x00, 0x00, 0x00, /* D.........".H... */
    0x00, 0x00, 0x00, 0x00, 0x9c, 0x03, 0x22, 0x00, 0x4c, 0x00, 0x00, 0x00, 0x00, 0x00, 0x00, 0x00, /* ......".L....... */
    0xac, 0x03, 0x22, 0x00, 0x50, 0x00, 0x00, 0x00, 0x00, 0x00, 0x00, 0x00, 0xb8, 0x03, 0x22, 0x00, /* ..".P.........". */
    0x54, 0x00, 0x00, 0x00, 0x00, 0x00, 0x00, 0x00, 0xc8, 0x03, 0x22, 0x00, 0x58, 0x00, 0x00, 0x00, /* T.........".X... */
    0x00, 0x00, 0x00, 0x00, 0xd8, 0x03, 0x22, 0x00, 0x5c, 0x00, 0x00, 0x00, 0x00, 0x00, 0x00, 0x00, /* ......".\....... */
    0xe4, 0x03, 0x22, 0x00, 0x60, 0x00, 0x00, 0x00, 0x00, 0x00, 0x00, 0x00, 0xf4, 0x03, 0x22, 0x00, /* ..".`.........". */
    0x64, 0x00, 0x00, 0x00, 0x00, 0x00, 0x00, 0x00, 0x08, 0x04, 0x22, 0x00, 0x68, 0x00, 0x00, 0x00, /* d.........".h... */
    0x00, 0x00, 0x00, 0x00, 0x14, 0x04, 0x22, 0x00, 0x6c, 0x00, 0x00, 0x00, 0x00, 0x00, 0x00, 0x00, /* ......".l....... */
    0x20, 0x04, 0x22, 0x00, 0x84, 0x05, 0x00, 0x00, 0x00, 0x00, 0x00, 0x00, 0x28, 0x04, 0x22, 0x00, /*  .".........(.". */
    0x78, 0x00, 0x00, 0x00, 0x08, 0x00, 0x00, 0x00, 0x34, 0x04, 0x22, 0x00, 0x7c, 0x00, 0x00, 0x00, /* x.......4.".|... */
    0x09, 0x00, 0x00, 0x00, 0x40, 0x04, 0x22, 0x00, 0x80, 0x00, 0x00, 0x00, 0x0b, 0x00, 0x00, 0x00, /* ....@."......... */
    0x4c, 0x04, 0x22, 0x00, 0x88, 0x00, 0x00, 0x00, 0x05, 0x00, 0x00, 0x00, 0x5c, 0x04, 0x22, 0x00, /* L.".........\.". */
    0x84, 0x00, 0x00, 0x00, 0x0e, 0x00, 0x00, 0x00, 0x6c, 0x04, 0x22, 0x00, 0x90, 0x00, 0x00, 0x00, /* ........l."..... */
    0x00, 0x00, 0x00, 0x00, 0x7c, 0x04, 0x22, 0x00, 0x94, 0x00, 0x00, 0x00, 0x00, 0x00, 0x00, 0x00, /* ....|."......... */
    0x90, 0x04, 0x22, 0x00, 0x98, 0x00, 0x00, 0x00, 0x00, 0x00, 0x00, 0x00, 0x9c, 0x04, 0x22, 0x00, /* .."...........". */
    0x9c, 0x00, 0x00, 0x00, 0x00, 0x00, 0x00, 0x00, 0xac, 0x04, 0x22, 0x00, 0xa0, 0x00, 0x00, 0x00, /* .........."..... */
    0x00, 0x00, 0x00, 0x00, 0xbc, 0x04, 0x22, 0x00, 0xa4, 0x00, 0x00, 0x00, 0x00, 0x00, 0x00, 0x00, /* ......"......... */
    0xcc, 0x04, 0x22, 0x00, 0xa8, 0x00, 0x00, 0x00, 0x00, 0x00, 0x00, 0x00, 0xd8, 0x04, 0x22, 0x00, /* .."...........". */
    0xac, 0x00, 0x00, 0x00, 0x00, 0x00, 0x00, 0x00, 0xe8, 0x04, 0x22, 0x00, 0xb0, 0x00, 0x00, 0x00, /* .........."..... */
    0x00, 0x00, 0x00, 0x00, 0xf8, 0x04, 0x22, 0x00, 0xb4, 0x00, 0x00, 0x00, 0x00, 0x00, 0x00, 0x00, /* ......"......... */
    0x0c, 0x05, 0x22, 0x00, 0xb8, 0x00, 0x00, 0x00, 0x00, 0x00, 0x00, 0x00, 0x1c, 0x05, 0x22, 0x00, /* .."...........". */
    0xbc, 0x00, 0x00, 0x00, 0x00, 0x00, 0x00, 0x00, 0x30, 0x05, 0x22, 0x00, 0xc0, 0x00, 0x00, 0x00, /* ........0."..... */
    0x00, 0x00, 0x00, 0x00, 0x40, 0x05, 0x22, 0x00, 0xc4, 0x00, 0x00, 0x00, 0x00, 0x00, 0x00, 0x00, /* ....@."......... */
    0x54, 0x05, 0x22, 0x00, 0xc8, 0x00, 0x00, 0x00, 0x00, 0x00, 0x00, 0x00, 0x64, 0x05, 0x22, 0x00, /* T.".........d.". */
    0xcc, 0x00, 0x00, 0x00, 0x00, 0x00, 0x00, 0x00, 0x74, 0x05, 0x22, 0x00, 0xd0, 0x00, 0x00, 0x00, /* ........t."..... */
    0x00, 0x00, 0x00, 0x00, 0x8c, 0x05, 0x22, 0x00, 0xd4, 0x00, 0x00, 0x00, 0x00, 0x00, 0x00, 0x00, /* ......"......... */
    0x98, 0x05, 0x22, 0x00, 0xd8, 0x00, 0x00, 0x00, 0x00, 0x00, 0x00, 0x00, 0xac, 0x05, 0x22, 0x00, /* .."...........". */
    0xdc, 0x00, 0x00, 0x00, 0x00, 0x00, 0x00, 0x00, 0xc0, 0x05, 0x22, 0x00, 0xe0, 0x00, 0x00, 0x00, /* .........."..... */
    0x00, 0x00, 0x00, 0x00, 0xd8, 0x05, 0x22, 0x00, 0xe4, 0x00, 0x00, 0x00, 0x00, 0x00, 0x00, 0x00, /* ......"......... */
    0xec, 0x05, 0x22, 0x00, 0xe8, 0x00, 0x00, 0x00, 0x00, 0x00, 0x00, 0x00, 0x04, 0x06, 0x22, 0x00, /* .."...........". */
    0xec, 0x00, 0x00, 0x00, 0x00, 0x00, 0x00, 0x00, 0x14, 0x06, 0x22, 0x00, 0xf0, 0x00, 0x00, 0x00, /* .........."..... */
    0x00, 0x00, 0x00, 0x00, 0x2c, 0x06, 0x22, 0x00, 0xf4, 0x00, 0x00, 0x00, 0x00, 0x00, 0x00, 0x00, /* ....,."......... */
    0x38, 0x06, 0x22, 0x00, 0xf8, 0x00, 0x00, 0x00, 0x00, 0x00, 0x00, 0x00, 0x48, 0x06, 0x22, 0x00, /* 8.".........H.". */
    0xfc, 0x00, 0x00, 0x00, 0x00, 0x00, 0x00, 0x00, 0x58, 0x06, 0x22, 0x00, 0x00, 0x01, 0x00, 0x00, /* ........X."..... */
    0x00, 0x00, 0x00, 0x00, 0x68, 0x06, 0x22, 0x00, 0x04, 0x01, 0x00, 0x00, 0x00, 0x00, 0x00, 0x00, /* ....h."......... */
    0x78, 0x06, 0x22, 0x00, 0x08, 0x01, 0x00, 0x00, 0x00, 0x00, 0x00, 0x00, 0x88, 0x06, 0x22, 0x00, /* x."...........". */
    0x0c, 0x01, 0x00, 0x00, 0x00, 0x00, 0x00, 0x00, 0x98, 0x06, 0x22, 0x00, 0x10, 0x01, 0x00, 0x00, /* .........."..... */
    0x00, 0x00, 0x00, 0x00, 0xac, 0x06, 0x22, 0x00, 0x14, 0x01, 0x00, 0x00, 0x00, 0x00, 0x00, 0x00, /* ......"......... */
    0xc0, 0x06, 0x22, 0x00, 0x18, 0x01, 0x00, 0x00, 0x00, 0x00, 0x00, 0x00, 0xd0, 0x06, 0x22, 0x00, /* .."...........". */
    0x1c, 0x01, 0x00, 0x00, 0x00, 0x00, 0x00, 0x00, 0xdc, 0x06, 0x22, 0x00, 0x20, 0x01, 0x00, 0x00, /* ..........". ... */
    0x04, 0x00, 0x00, 0x00, 0xf0, 0x06, 0x22, 0x00, 0x24, 0x01, 0x00, 0x00, 0x04, 0x00, 0x00, 0x00, /* ......".$....... */
    0x00, 0x07, 0x22, 0x00, 0x28, 0x01, 0x00, 0x00, 0x04, 0x00, 0x00, 0x00, 0x10, 0x07, 0x22, 0x00, /* ..".(.........". */
    0x2c, 0x01, 0x00, 0x00, 0x06, 0x00, 0x00, 0x00, 0x1c, 0x07, 0x22, 0x00, 0x30, 0x01, 0x00, 0x00, /* ,.........".0... */
    0x06, 0x00, 0x00, 0x00, 0x28, 0x07, 0x22, 0x00, 0x34, 0x01, 0x00, 0x00, 0x06, 0x00, 0x00, 0x00, /* ....(.".4....... */
    0x34, 0x07, 0x22, 0x00, 0x38, 0x01, 0x00, 0x00, 0x06, 0x00, 0x00, 0x00, 0x40, 0x07, 0x22, 0x00, /* 4.".8.......@.". */
    0x3c, 0x01, 0x00, 0x00, 0x06, 0x00, 0x00, 0x00, 0x4c, 0x07, 0x22, 0x00, 0x40, 0x01, 0x00, 0x00, /* <.......L.".@... */
    0x06, 0x00, 0x00, 0x00, 0x58, 0x07, 0x22, 0x00, 0x44, 0x01, 0x00, 0x00, 0x06, 0x00, 0x00, 0x00, /* ....X.".D....... */
    0x64, 0x07, 0x22, 0x00, 0x48, 0x01, 0x00, 0x00, 0x06, 0x00, 0x00, 0x00, 0x70, 0x07, 0x22, 0x00, /* d.".H.......p.". */
    0x4c, 0x01, 0x00, 0x00, 0x06, 0x00, 0x00, 0x00, 0x7c, 0x07, 0x22, 0x00, 0x50, 0x01, 0x00, 0x00, /* L.......|.".P... */
    0x06, 0x00, 0x00, 0x00, 0x88, 0x07, 0x22, 0x00, 0x54, 0x01, 0x00, 0x00, 0x06, 0x00, 0x00, 0x00, /* ......".T....... */
    0x94, 0x07, 0x22, 0x00, 0x58, 0x01, 0x00, 0x00, 0x06, 0x00, 0x00, 0x00, 0xa0, 0x07, 0x22, 0x00, /* ..".X.........". */
    0x5c, 0x01, 0x00, 0x00, 0x06, 0x00, 0x00, 0x00, 0xac, 0x07, 0x22, 0x00, 0x60, 0x01, 0x00, 0x00, /* \.........".`... */
    0x06, 0x00, 0x00, 0x00, 0xb8, 0x07, 0x22, 0x00, 0x64, 0x01, 0x00, 0x00, 0x06, 0x00, 0x00, 0x00, /* ......".d....... */
    0xc4, 0x07, 0x22, 0x00, 0x68, 0x01, 0x00, 0x00, 0x06, 0x00, 0x00, 0x00, 0xd0, 0x07, 0x22, 0x00, /* ..".h.........". */
    0x6c, 0x01, 0x00, 0x00, 0x06, 0x00, 0x00, 0x00, 0xdc, 0x07, 0x22, 0x00, 0x70, 0x01, 0x00, 0x00, /* l.........".p... */
    0x06, 0x00, 0x00, 0x00, 0xe8, 0x07, 0x22, 0x00, 0x74, 0x01, 0x00, 0x00, 0x06, 0x00, 0x00, 0x00, /* ......".t....... */
    0xf4, 0x07, 0x22, 0x00, 0x78, 0x01, 0x00, 0x00, 0x06, 0x00, 0x00, 0x00, 0x00, 0x08, 0x22, 0x00, /* ..".x.........". */
    0x7c, 0x01, 0x00, 0x00, 0x06, 0x00, 0x00, 0x00, 0x0c, 0x08, 0x22, 0x00, 0x80, 0x01, 0x00, 0x00, /* |........."..... */
    0x06, 0x00, 0x00, 0x00, 0x18, 0x08, 0x22, 0x00, 0x84, 0x01, 0x00, 0x00, 0x06, 0x00, 0x00, 0x00, /* ......"......... */
    0x24, 0x08, 0x22, 0x00, 0x88, 0x01, 0x00, 0x00, 0x06, 0x00, 0x00, 0x00, 0x30, 0x08, 0x22, 0x00, /* $.".........0.". */
    0x8c, 0x01, 0x00, 0x00, 0x06, 0x00, 0x00, 0x00, 0x3c, 0x08, 0x22, 0x00, 0x90, 0x01, 0x00, 0x00, /* ........<."..... */
    0x06, 0x00, 0x00, 0x00, 0x50, 0x08, 0x22, 0x00, 0x94, 0x01, 0x00, 0x00, 0x06, 0x00, 0x00, 0x00, /* ....P."......... */
    0x64, 0x08, 0x22, 0x00, 0x98, 0x01, 0x00, 0x00, 0x06, 0x00, 0x00, 0x00, 0x78, 0x08, 0x22, 0x00, /* d.".........x.". */
    0x9c, 0x01, 0x00, 0x00, 0x06, 0x00, 0x00, 0x00, 0x8c, 0x08, 0x22, 0x00, 0xa0, 0x01, 0x00, 0x00, /* .........."..... */
    0x06, 0x00, 0x00, 0x00, 0x98, 0x08, 0x22, 0x00, 0xa4, 0x01, 0x00, 0x00, 0x06, 0x00, 0x00, 0x00, /* ......"......... */
    0xa8, 0x08, 0x22, 0x00, 0xa8, 0x01, 0x00, 0x00, 0x06, 0x00, 0x00, 0x00, 0xbc, 0x08, 0x22, 0x00, /* .."...........". */
    0xac, 0x01, 0x00, 0x00, 0x06, 0x00, 0x00, 0x00, 0xd0, 0x08, 0x22, 0x00, 0xb0, 0x01, 0x00, 0x00, /* .........."..... */
    0x06, 0x00, 0x00, 0x00, 0xe4, 0x08, 0x22, 0x00, 0xb4, 0x01, 0x00, 0x00, 0x00, 0x00, 0x00, 0x00, /* ......"......... */
    0xf0, 0x08, 0x22, 0x00, 0xb8, 0x01, 0x00, 0x00, 0x00, 0x00, 0x00, 0x00, 0xf8, 0x08, 0x22, 0x00, /* .."...........". */
    0xbc, 0x01, 0x00, 0x00, 0x00, 0x00, 0x00, 0x00, 0x04, 0x09, 0x22, 0x00, 0xc0, 0x01, 0x00, 0x00, /* .........."..... */
    0x04, 0x00, 0x00, 0x00, 0x10, 0x09, 0x22, 0x00, 0xc4, 0x01, 0x00, 0x00, 0x00, 0x00, 0x00, 0x00, /* ......"......... */
    0x1c, 0x09, 0x22, 0x00, 0xcc, 0x01, 0x00, 0x00, 0x00, 0x00, 0x00, 0x00, 0x28, 0x09, 0x22, 0x00, /* ..".........(.". */
    0xd4, 0x01, 0x00, 0x00, 0x04, 0x00, 0x00, 0x00, 0x30, 0x09, 0x22, 0x00, 0xd8, 0x01, 0x00, 0x00, /* ........0."..... */
    0x04, 0x00, 0x00, 0x00, 0x3c, 0x09, 0x22, 0x00, 0xdc, 0x01, 0x00, 0x00, 0x04, 0x00, 0x00, 0x00, /* ....<."......... */
    0x48, 0x09, 0x22, 0x00, 0xe0, 0x01, 0x00, 0x00, 0x00, 0x00, 0x00, 0x00, 0x5c, 0x09, 0x22, 0x00, /* H.".........\.". */
    0xe8, 0x01, 0x00, 0x00, 0x04, 0x00, 0x00, 0x00, 0x6c, 0x09, 0x22, 0x00, 0xec, 0x01, 0x00, 0x00, /* ........l."..... */
    0x04, 0x00, 0x00, 0x00, 0x74, 0x09, 0x22, 0x00, 0xf0, 0x01, 0x00, 0x00, 0x04, 0x00, 0x00, 0x00, /* ....t."......... */
    0x84, 0x09, 0x22, 0x00, 0xf4, 0x01, 0x00, 0x00, 0x04, 0x00, 0x00, 0x00, 0x90, 0x09, 0x22, 0x00, /* .."...........". */
    0x90, 0x05, 0x00, 0x00, 0x04, 0x00, 0x00, 0x00, 0x9c, 0x09, 0x22, 0x00, 0x94, 0x05, 0x00, 0x00, /* .........."..... */
    0x04, 0x00, 0x00, 0x00, 0xac, 0x09, 0x22, 0x00, 0x98, 0x05, 0x00, 0x00, 0x06, 0x00, 0x00, 0x00, /* ......"......... */
    0xbc, 0x09, 0x22, 0x00, 0x9c, 0x05, 0x00, 0x00, 0x06, 0x00, 0x00, 0x00, 0xcc, 0x09, 0x22, 0x00, /* .."...........". */
    0xa0, 0x05, 0x00, 0x00, 0x06, 0x00, 0x00, 0x00, 0xe4, 0x09, 0x22, 0x00, 0xa4, 0x05, 0x00, 0x00, /* .........."..... */
    0x06, 0x00, 0x00, 0x00, 0x08, 0x0a, 0x22, 0x00, 0xa8, 0x05, 0x00, 0x00, 0x06, 0x00, 0x00, 0x00, /* ......"......... */
    0x20, 0x0a, 0x22, 0x00, 0xac, 0x05, 0x00, 0x00, 0x04, 0x00, 0x00, 0x00, 0x34, 0x0a, 0x22, 0x00, /*  .".........4.". */
    0xfc, 0x01, 0x00, 0x00, 0x07, 0x00, 0x00, 0x00, 0x40, 0x0a, 0x22, 0x00, 0x00, 0x02, 0x00, 0x00, /* ........@."..... */
    0x07, 0x00, 0x00, 0x00, 0x4c, 0x0a, 0x22, 0x00, 0x04, 0x02, 0x00, 0x00, 0x07, 0x00, 0x00, 0x00, /* ....L."......... */
    0x58, 0x0a, 0x22, 0x00, 0x08, 0x02, 0x00, 0x00, 0x07, 0x00, 0x00, 0x00, 0x68, 0x0a, 0x22, 0x00, /* X.".........h.". */
    0x0c, 0x02, 0x00, 0x00, 0x07, 0x00, 0x00, 0x00, 0x7c, 0x0a, 0x22, 0x00, 0x10, 0x02, 0x00, 0x00, /* ........|."..... */
    0x07, 0x00, 0x00, 0x00, 0x8c, 0x0a, 0x22, 0x00, 0x14, 0x02, 0x00, 0x00, 0x07, 0x00, 0x00, 0x00, /* ......"......... */
    0x98, 0x0a, 0x22, 0x00, 0x18, 0x02, 0x00, 0x00, 0x07, 0x00, 0x00, 0x00, 0xa4, 0x0a, 0x22, 0x00, /* .."...........". */
    0x1c, 0x02, 0x00, 0x00, 0x07, 0x00, 0x00, 0x00, 0xb4, 0x0a, 0x22, 0x00, 0x20, 0x02, 0x00, 0x00, /* ..........". ... */
    0x07, 0x00, 0x00, 0x00, 0xc4, 0x0a, 0x22, 0x00, 0x24, 0x02, 0x00, 0x00, 0x07, 0x00, 0x00, 0x00, /* ......".$....... */
    0xd4, 0x0a, 0x22, 0x00, 0x28, 0x02, 0x00, 0x00, 0x07, 0x00, 0x00, 0x00, 0xe8, 0x0a, 0x22, 0x00, /* ..".(.........". */
    0x2c, 0x02, 0x00, 0x00, 0x07, 0x00, 0x00, 0x00, 0xf8, 0x0a, 0x22, 0x00, 0x30, 0x02, 0x00, 0x00, /* ,.........".0... */
    0x07, 0x00, 0x00, 0x00, 0x04, 0x0b, 0x22, 0x00, 0x34, 0x02, 0x00, 0x00, 0x07, 0x00, 0x00, 0x00, /* ......".4....... */
    0x10, 0x0b, 0x22, 0x00, 0x38, 0x02, 0x00, 0x00, 0x07, 0x00, 0x00, 0x00, 0x1c, 0x0b, 0x22, 0x00, /* ..".8.........". */
    0x3c, 0x02, 0x00, 0x00, 0x07, 0x00, 0x00, 0x00, 0x2c, 0x0b, 0x22, 0x00, 0x40, 0x02, 0x00, 0x00, /* <.......,.".@... */
    0x07, 0x00, 0x00, 0x00, 0x3c, 0x0b, 0x22, 0x00, 0x44, 0x02, 0x00, 0x00, 0x07, 0x00, 0x00, 0x00, /* ....<.".D....... */
    0x4c, 0x0b, 0x22, 0x00, 0x48, 0x02, 0x00, 0x00, 0x07, 0x00, 0x00, 0x00, 0x58, 0x0b, 0x22, 0x00, /* L.".H.......X.". */
    0x4c, 0x02, 0x00, 0x00, 0x06, 0x00, 0x00, 0x00, 0x68, 0x0b, 0x22, 0x00, 0x50, 0x02, 0x00, 0x00, /* L.......h.".P... */
    0x06, 0x00, 0x00, 0x00, 0x7c, 0x0b, 0x22, 0x00, 0x54, 0x02, 0x00, 0x00, 0x06, 0x00, 0x00, 0x00, /* ....|.".T....... */
    0x90, 0x0b, 0x22, 0x00, 0x58, 0x02, 0x00, 0x00, 0x06, 0x00, 0x00, 0x00, 0xa0, 0x0b, 0x22, 0x00, /* ..".X.........". */
    0x5c, 0x02, 0x00, 0x00, 0x06, 0x00, 0x00, 0x00, 0xb4, 0x0b, 0x22, 0x00, 0x60, 0x02, 0x00, 0x00, /* \.........".`... */
    0x06, 0x00, 0x00, 0x00, 0xc8, 0x0b, 0x22, 0x00, 0x64, 0x02, 0x00, 0x00, 0x06, 0x00, 0x00, 0x00, /* ......".d....... */
    0xd8, 0x0b, 0x22, 0x00, 0xd8, 0x02, 0x00, 0x00, 0x06, 0x00, 0x00, 0x00, 0xec, 0x0b, 0x22, 0x00, /* .."...........". */
    0xdc, 0x02, 0x00, 0x00, 0x06, 0x00, 0x00, 0x00, 0xfc, 0x0b, 0x22, 0x00, 0xe0, 0x02, 0x00, 0x00, /* .........."..... */
    0x06, 0x00, 0x00, 0x00, 0x08, 0x0c, 0x22, 0x00, 0xe4, 0x02, 0x00, 0x00, 0x06, 0x00, 0x00, 0x00, /* ......"......... */
    0x14, 0x0c, 0x22, 0x00, 0xe8, 0x02, 0x00, 0x00, 0x06, 0x00, 0x00, 0x00, 0x24, 0x0c, 0x22, 0x00, /* ..".........$.". */
    0xec, 0x02, 0x00, 0x00, 0x06, 0x00, 0x00, 0x00, 0x34, 0x0c, 0x22, 0x00, 0xf0, 0x02, 0x00, 0x00, /* ........4."..... */
    0x06, 0x00, 0x00, 0x00, 0x44, 0x0c, 0x22, 0x00, 0xf4, 0x02, 0x00, 0x00, 0x06, 0x00, 0x00, 0x00, /* ....D."......... */
    0x54, 0x0c, 0x22, 0x00, 0xf8, 0x02, 0x00, 0x00, 0x06, 0x00, 0x00, 0x00, 0x64, 0x0c, 0x22, 0x00, /* T.".........d.". */
    0xfc, 0x02, 0x00, 0x00, 0x06, 0x00, 0x00, 0x00, 0x74, 0x0c, 0x22, 0x00, 0x00, 0x03, 0x00, 0x00, /* ........t."..... */
    0x06, 0x00, 0x00, 0x00, 0x88, 0x0c, 0x22, 0x00, 0x04, 0x03, 0x00, 0x00, 0x06, 0x00, 0x00, 0x00, /* ......"......... */
    0x98, 0x0c, 0x22, 0x00, 0x08, 0x03, 0x00, 0x00, 0x06, 0x00, 0x00, 0x00, 0xac, 0x0c, 0x22, 0x00, /* .."...........". */
    0x0c, 0x03, 0x00, 0x00, 0x06, 0x00, 0x00, 0x00, 0xc0, 0x0c, 0x22, 0x00, 0x10, 0x03, 0x00, 0x00, /* .........."..... */
    0x06, 0x00, 0x00, 0x00, 0xd0, 0x0c, 0x22, 0x00, 0x14, 0x03, 0x00, 0x00, 0x06, 0x00, 0x00, 0x00, /* ......"......... */
    0xe4, 0x0c, 0x22, 0x00, 0x18, 0x03, 0x00, 0x00, 0x06, 0x00, 0x00, 0x00, 0xf8, 0x0c, 0x22, 0x00, /* .."...........". */
    0x1c, 0x03, 0x00, 0x00, 0x05, 0x00, 0x00, 0x00, 0x04, 0x0d, 0x22, 0x00, 0x20, 0x03, 0x00, 0x00, /* ..........". ... */
    0x05, 0x00, 0x00, 0x00, 0x14, 0x0d, 0x22, 0x00, 0x24, 0x03, 0x00, 0x00, 0x05, 0x00, 0x00, 0x00, /* ......".$....... */
    0x20, 0x0d, 0x22, 0x00, 0x28, 0x03, 0x00, 0x00, 0x05, 0x00, 0x00, 0x00, 0x2c, 0x0d, 0x22, 0x00, /*  .".(.......,.". */
    0x2c, 0x03, 0x00, 0x00, 0x05, 0x00, 0x00, 0x00, 0x3c, 0x0d, 0x22, 0x00, 0x30, 0x03, 0x00, 0x00, /* ,.......<.".0... */
    0x05, 0x00, 0x00, 0x00, 0x50, 0x0d, 0x22, 0x00, 0x34, 0x03, 0x00, 0x00, 0x06, 0x00, 0x00, 0x00, /* ....P.".4....... */
    0x60, 0x0d, 0x22, 0x00, 0x38, 0x03, 0x00, 0x00, 0x06, 0x00, 0x00, 0x00, 0x70, 0x0d, 0x22, 0x00, /* `.".8.......p.". */
    0x40, 0x03, 0x00, 0x00, 0x05, 0x00, 0x00, 0x00, 0x7c, 0x0d, 0x22, 0x00, 0x3c, 0x03, 0x00, 0x00, /* @.......|.".<... */
    0x05, 0x00, 0x00, 0x00, 0x88, 0x0d, 0x22, 0x00, 0x44, 0x03, 0x00, 0x00, 0x05, 0x00, 0x00, 0x00, /* ......".D....... */
    0x98, 0x0d, 0x22, 0x00, 0x48, 0x03, 0x00, 0x00, 0x05, 0x00, 0x00, 0x00, 0xa0, 0x0d, 0x22, 0x00, /* ..".H.........". */
    0x4c, 0x03, 0x00, 0x00, 0x00, 0x00, 0x00, 0x00, 0xac, 0x0d, 0x22, 0x00, 0x50, 0x03, 0x00, 0x00, /* L.........".P... */
    0x05, 0x00, 0x00, 0x00, 0xbc, 0x0d, 0x22, 0x00, 0x54, 0x03, 0x00, 0x00, 0x05, 0x00, 0x00, 0x00, /* ......".T....... */
    0xcc, 0x0d, 0x22, 0x00, 0x58, 0x03, 0x00, 0x00, 0x05, 0x00, 0x00, 0x00, 0xdc, 0x0d, 0x22, 0x00, /* ..".X.........". */
    0x5c, 0x03, 0x00, 0x00, 0x05, 0x00, 0x00, 0x00, 0xec, 0x0d, 0x22, 0x00, 0x60, 0x03, 0x00, 0x00, /* \.........".`... */
    0x04, 0x00, 0x00, 0x00, 0xfc, 0x0d, 0x22, 0x00, 0x64, 0x03, 0x00, 0x00, 0x04, 0x00, 0x00, 0x00, /* ......".d....... */
    0x0c, 0x0e, 0x22, 0x00, 0x68, 0x03, 0x00, 0x00, 0x00, 0x00, 0x00, 0x00, 0x18, 0x0e, 0x22, 0x00, /* ..".h.........". */
    0x70, 0x03, 0x00, 0x00, 0x04, 0x00, 0x00, 0x00, 0x24, 0x0e, 0x22, 0x00, 0x74, 0x03, 0x00, 0x00, /* p.......$.".t... */
    0x04, 0x00, 0x00, 0x00, 0x30, 0x0e, 0x22, 0x00, 0x78, 0x03, 0x00, 0x00, 0x04, 0x00, 0x00, 0x00, /* ....0.".x....... */
    0x40, 0x0e, 0x22, 0x00, 0x7c, 0x03, 0x00, 0x00, 0x04, 0x00, 0x00, 0x00, 0x58, 0x0e, 0x22, 0x00, /* @.".|.......X.". */
    0x80, 0x03, 0x00, 0x00, 0x04, 0x00, 0x00, 0x00, 0x70, 0x0e, 0x22, 0x00, 0x84, 0x03, 0x00, 0x00, /* ........p."..... */
    0x04, 0x00, 0x00, 0x00, 0x80, 0x0e, 0x22, 0x00, 0x88, 0x03, 0x00, 0x00, 0x04, 0x00, 0x00, 0x00, /* ......"......... */
    0x94, 0x0e, 0x22, 0x00, 0x8c, 0x03, 0x00, 0x00, 0x00, 0x00, 0x00, 0x00, 0xa4, 0x0e, 0x22, 0x00, /* .."...........". */
    0x90, 0x03, 0x00, 0x00, 0x0d, 0x00, 0x00, 0x00, 0xb8, 0x0e, 0x22, 0x00, 0x94, 0x03, 0x00, 0x00, /* .........."..... */
    0x00, 0x00, 0x00, 0x00, 0xcc, 0x0e, 0x22, 0x00, 0x98, 0x03, 0x00, 0x00, 0x00, 0x00, 0x00, 0x00, /* ......"......... */
    0xe0, 0x0e, 0x22, 0x00, 0x9c, 0x03, 0x00, 0x00, 0x05, 0x00, 0x00, 0x00, 0xf4, 0x0e, 0x22, 0x00, /* .."...........". */
    0xa0, 0x03, 0x00, 0x00, 0x06, 0x00, 0x00, 0x00, 0x0c, 0x0f, 0x22, 0x00, 0xa4, 0x03, 0x00, 0x00, /* .........."..... */
    0x06, 0x00, 0x00, 0x00, 0x20, 0x0f, 0x22, 0x00, 0xa8, 0x03, 0x00, 0x00, 0x06, 0x00, 0x00, 0x00, /* .... ."......... */
    0x34, 0x0f, 0x22, 0x00, 0xac, 0x03, 0x00, 0x00, 0x06, 0x00, 0x00, 0x00, 0x4c, 0x0f, 0x22, 0x00, /* 4.".........L.". */
    0xb0, 0x03, 0x00, 0x00, 0x06, 0x00, 0x00, 0x00, 0x60, 0x0f, 0x22, 0x00, 0xb4, 0x03, 0x00, 0x00, /* ........`."..... */
    0x06, 0x00, 0x00, 0x00, 0x78, 0x0f, 0x22, 0x00, 0xb8, 0x03, 0x00, 0x00, 0x06, 0x00, 0x00, 0x00, /* ....x."......... */
    0x8c, 0x0f, 0x22, 0x00, 0xbc, 0x03, 0x00, 0x00, 0x06, 0x00, 0x00, 0x00, 0xa0, 0x0f, 0x22, 0x00, /* .."...........". */
    0xc0, 0x03, 0x00, 0x00, 0x06, 0x00, 0x00, 0x00, 0xb8, 0x0f, 0x22, 0x00, 0xc4, 0x03, 0x00, 0x00, /* .........."..... */
    0x06, 0x00, 0x00, 0x00, 0xcc, 0x0f, 0x22, 0x00, 0xc8, 0x03, 0x00, 0x00, 0x06, 0x00, 0x00, 0x00, /* ......"......... */
    0xe0, 0x0f, 0x22, 0x00, 0xcc, 0x03, 0x00, 0x00, 0x06, 0x00, 0x00, 0x00, 0xf8, 0x0f, 0x22, 0x00, /* .."...........". */
    0xd0, 0x03, 0x00, 0x00, 0x06, 0x00, 0x00, 0x00, 0x0c, 0x10, 0x22, 0x00, 0xd4, 0x03, 0x00, 0x00, /* .........."..... */
    0x06, 0x00, 0x00, 0x00, 0x20, 0x10, 0x22, 0x00, 0xd8, 0x03, 0x00, 0x00, 0x06, 0x00, 0x00, 0x00, /* .... ."......... */
    0x34, 0x10, 0x22, 0x00, 0xdc, 0x03, 0x00, 0x00, 0x06, 0x00, 0x00, 0x00, 0x48, 0x10, 0x22, 0x00, /* 4.".........H.". */
    0xe0, 0x03, 0x00, 0x00, 0x06, 0x00, 0x00, 0x00, 0x60, 0x10, 0x22, 0x00, 0xe4, 0x03, 0x00, 0x00, /* ........`."..... */
    0x06, 0x00, 0x00, 0x00, 0x74, 0x10, 0x22, 0x00, 0xe8, 0x03, 0x00, 0x00, 0x06, 0x00, 0x00, 0x00, /* ....t."......... */
    0x88, 0x10, 0x22, 0x00, 0xec, 0x03, 0x00, 0x00, 0x06, 0x00, 0x00, 0x00, 0x9c, 0x10, 0x22, 0x00, /* .."...........". */
    0xf0, 0x03, 0x00, 0x00, 0x06, 0x00, 0x00, 0x00, 0xb0, 0x10, 0x22, 0x00, 0xf4, 0x03, 0x00, 0x00, /* .........."..... */
    0x06, 0x00, 0x00, 0x00, 0xc4, 0x10, 0x22, 0x00, 0xf8, 0x03, 0x00, 0x00, 0x06, 0x00, 0x00, 0x00, /* ......"......... */
    0xdc, 0x10, 0x22, 0x00, 0xfc, 0x03, 0x00, 0x00, 0x06, 0x00, 0x00, 0x00, 0xf8, 0x10, 0x22, 0x00, /* .."...........". */
    0x00, 0x04, 0x00, 0x00, 0x06, 0x00, 0x00, 0x00, 0x10, 0x11, 0x22, 0x00, 0x04, 0x04, 0x00, 0x00, /* .........."..... */
    0x06, 0x00, 0x00, 0x00, 0x2c, 0x11, 0x22, 0x00, 0x08, 0x04, 0x00, 0x00, 0x06, 0x00, 0x00, 0x00, /* ....,."......... */
    0x48, 0x11, 0x22, 0x00, 0x0c, 0x04, 0x00, 0x00, 0x06, 0x00, 0x00, 0x00, 0x64, 0x11, 0x22, 0x00, /* H.".........d.". */
    0x10, 0x04, 0x00, 0x00, 0x06, 0x00, 0x00, 0x00, 0x80, 0x11, 0x22, 0x00, 0x14, 0x04, 0x00, 0x00, /* .........."..... */
    0x06, 0x00, 0x00, 0x00, 0x98, 0x11, 0x22, 0x00, 0x18, 0x04, 0x00, 0x00, 0x06, 0x00, 0x00, 0x00, /* ......"......... */
    0xb4, 0x11, 0x22, 0x00, 0x1c, 0x04, 0x00, 0x00, 0x06, 0x00, 0x00, 0x00, 0xd0, 0x11, 0x22, 0x00, /* .."...........". */
    0x20, 0x04, 0x00, 0x00, 0x06, 0x00, 0x00, 0x00, 0xec, 0x11, 0x22, 0x00, 0x24, 0x04, 0x00, 0x00, /*  .........".$... */
    0x06, 0x00, 0x00, 0x00, 0x08, 0x12, 0x22, 0x00, 0x28, 0x04, 0x00, 0x00, 0x06, 0x00, 0x00, 0x00, /* ......".(....... */
    0x24, 0x12, 0x22, 0x00, 0x2c, 0x04, 0x00, 0x00, 0x06, 0x00, 0x00, 0x00, 0x3c, 0x12, 0x22, 0x00, /* $.".,.......<.". */
    0x30, 0x04, 0x00, 0x00, 0x06, 0x00, 0x00, 0x00, 0x58, 0x12, 0x22, 0x00, 0x34, 0x04, 0x00, 0x00, /* 0.......X.".4... */
    0x06, 0x00, 0x00, 0x00, 0x70, 0x12, 0x22, 0x00, 0x38, 0x04, 0x00, 0x00, 0x06, 0x00, 0x00, 0x00, /* ....p.".8....... */
    0x8c, 0x12, 0x22, 0x00, 0x3c, 0x04, 0x00, 0x00, 0x06, 0x00, 0x00, 0x00, 0xa8, 0x12, 0x22, 0x00, /* ..".<.........". */
    0x40, 0x04, 0x00, 0x00, 0x06, 0x00, 0x00, 0x00, 0xc0, 0x12, 0x22, 0x00, 0x44, 0x04, 0x00, 0x00, /* @.........".D... */
    0x06, 0x00, 0x00, 0x00, 0xd8, 0x12, 0x22, 0x00, 0x48, 0x04, 0x00, 0x00, 0x06, 0x00, 0x00, 0x00, /* ......".H....... */
    0xf0, 0x12, 0x22, 0x00, 0x4c, 0x04, 0x00, 0x00, 0x06, 0x00, 0x00, 0x00, 0x0c, 0x13, 0x22, 0x00, /* ..".L.........". */
    0x50, 0x04, 0x00, 0x00, 0x06, 0x00, 0x00, 0x00, 0x24, 0x13, 0x22, 0x00, 0x54, 0x04, 0x00, 0x00, /* P.......$.".T... */
    0x06, 0x00, 0x00, 0x00, 0x40, 0x13, 0x22, 0x00, 0x58, 0x04, 0x00, 0x00, 0x00, 0x00, 0x00, 0x00, /* ....@.".X....... */
    0x50, 0x13, 0x22, 0x00, 0x5c, 0x04, 0x00, 0x00, 0x04, 0x00, 0x00, 0x00, 0x64, 0x13, 0x22, 0x00, /* P.".\.......d.". */
    0x60, 0x04, 0x00, 0x00, 0x06, 0x00, 0x00, 0x00, 0x74, 0x13, 0x22, 0x00, 0x64, 0x04, 0x00, 0x00, /* `.......t.".d... */
    0x06, 0x00, 0x00, 0x00, 0x84, 0x13, 0x22, 0x00, 0x68, 0x04, 0x00, 0x00, 0x06, 0x00, 0x00, 0x00, /* ......".h....... */
    0x94, 0x13, 0x22, 0x00, 0xc0, 0x02, 0x00, 0x00, 0x07, 0x00, 0x00, 0x00, 0xa4, 0x13, 0x22, 0x00, /* .."...........". */
    0xc4, 0x02, 0x00, 0x00, 0x07, 0x00, 0x00, 0x00, 0xb4, 0x13, 0x22, 0x00, 0xc8, 0x02, 0x00, 0x00, /* .........."..... */
    0x06, 0x00, 0x00, 0x00, 0xc4, 0x13, 0x22, 0x00, 0xd0, 0x02, 0x00, 0x00, 0x06, 0x00, 0x00, 0x00, /* ......"......... */
    0xd4, 0x13, 0x22, 0x00, 0x68, 0x02, 0x00, 0x00, 0x06, 0x00, 0x00, 0x00, 0xe0, 0x13, 0x22, 0x00, /* ..".h.........". */
    0x6c, 0x02, 0x00, 0x00, 0x06, 0x00, 0x00, 0x00, 0xf0, 0x13, 0x22, 0x00, 0x70, 0x02, 0x00, 0x00, /* l.........".p... */
    0x06, 0x00, 0x00, 0x00, 0x00, 0x14, 0x22, 0x00, 0x74, 0x02, 0x00, 0x00, 0x00, 0x00, 0x00, 0x00, /* ......".t....... */
    0x14, 0x14, 0x22, 0x00, 0x78, 0x02, 0x00, 0x00, 0x0a, 0x00, 0x00, 0x00, 0x28, 0x14, 0x22, 0x00, /* ..".x.......(.". */
    0x7c, 0x02, 0x00, 0x00, 0x06, 0x00, 0x00, 0x00, 0x38, 0x14, 0x22, 0x00, 0x80, 0x02, 0x00, 0x00, /* |.......8."..... */
    0x06, 0x00, 0x00, 0x00, 0x4c, 0x14, 0x22, 0x00, 0x84, 0x02, 0x00, 0x00, 0x06, 0x00, 0x00, 0x00, /* ....L."......... */
    0x5c, 0x14, 0x22, 0x00, 0x88, 0x02, 0x00, 0x00, 0x06, 0x00, 0x00, 0x00, 0x6c, 0x14, 0x22, 0x00, /* \.".........l.". */
    0x6c, 0x04, 0x00, 0x00, 0x06, 0x00, 0x00, 0x00, 0x78, 0x14, 0x22, 0x00, 0x70, 0x04, 0x00, 0x00, /* l.......x.".p... */
    0x06, 0x00, 0x00, 0x00, 0x8c, 0x14, 0x22, 0x00, 0x74, 0x04, 0x00, 0x00, 0x06, 0x00, 0x00, 0x00, /* ......".t....... */
    0xa0, 0x14, 0x22, 0x00, 0x24, 0x05, 0x00, 0x00, 0x07, 0x00, 0x00, 0x00, 0xb4, 0x14, 0x22, 0x00, /* ..".$.........". */
    0x78, 0x04, 0x00, 0x00, 0x04, 0x00, 0x00, 0x00, 0xd4, 0x14, 0x22, 0x00, 0x7c, 0x04, 0x00, 0x00, /* x.........".|... */
    0x06, 0x00, 0x00, 0x00, 0xf4, 0x14, 0x22, 0x00, 0x80, 0x04, 0x00, 0x00, 0x06, 0x00, 0x00, 0x00, /* ......"......... */
    0x08, 0x15, 0x22, 0x00, 0x84, 0x04, 0x00, 0x00, 0x06, 0x00, 0x00, 0x00, 0x1c, 0x15, 0x22, 0x00, /* .."...........". */
    0x88, 0x04, 0x00, 0x00, 0x06, 0x00, 0x00, 0x00, 0x30, 0x15, 0x22, 0x00, 0x8c, 0x04, 0x00, 0x00, /* ........0."..... */
    0x06, 0x00, 0x00, 0x00, 0x44, 0x15, 0x22, 0x00, 0x90, 0x04, 0x00, 0x00, 0x06, 0x00, 0x00, 0x00, /* ....D."......... */
    0x54, 0x15, 0x22, 0x00, 0x94, 0x04, 0x00, 0x00, 0x06, 0x00, 0x00, 0x00, 0x68, 0x15, 0x22, 0x00, /* T.".........h.". */
    0x98, 0x04, 0x00, 0x00, 0x06, 0x00, 0x00, 0x00, 0x80, 0x15, 0x22, 0x00, 0x9c, 0x04, 0x00, 0x00, /* .........."..... */
    0x06, 0x00, 0x00, 0x00, 0x98, 0x15, 0x22, 0x00, 0xa0, 0x04, 0x00, 0x00, 0x06, 0x00, 0x00, 0x00, /* ......"......... */
    0xac, 0x15, 0x22, 0x00, 0xa4, 0x04, 0x00, 0x00, 0x06, 0x00, 0x00, 0x00, 0xc0, 0x15, 0x22, 0x00, /* .."...........". */
    0xa8, 0x04, 0x00, 0x00, 0x06, 0x00, 0x00, 0x00, 0xd4, 0x15, 0x22, 0x00, 0xac, 0x04, 0x00, 0x00, /* .........."..... */
    0x06, 0x00, 0x00, 0x00, 0xe8, 0x15, 0x22, 0x00, 0xb0, 0x04, 0x00, 0x00, 0x06, 0x00, 0x00, 0x00, /* ......"......... */
    0x00, 0x16, 0x22, 0x00, 0xbc, 0x04, 0x00, 0x00, 0x06, 0x00, 0x00, 0x00, 0x0c, 0x16, 0x22, 0x00, /* .."...........". */
    0x8c, 0x02, 0x00, 0x00, 0x06, 0x00, 0x00, 0x00, 0x20, 0x16, 0x22, 0x00, 0x90, 0x02, 0x00, 0x00, /* ........ ."..... */
    0x06, 0x00, 0x00, 0x00, 0x34, 0x16, 0x22, 0x00, 0x94, 0x02, 0x00, 0x00, 0x06, 0x00, 0x00, 0x00, /* ....4."......... */
    0x48, 0x16, 0x22, 0x00, 0x98, 0x02, 0x00, 0x00, 0x06, 0x00, 0x00, 0x00, 0x58, 0x16, 0x22, 0x00, /* H.".........X.". */
    0x9c, 0x02, 0x00, 0x00, 0x06, 0x00, 0x00, 0x00, 0x6c, 0x16, 0x22, 0x00, 0xa0, 0x02, 0x00, 0x00, /* ........l."..... */
    0x06, 0x00, 0x00, 0x00, 0x80, 0x16, 0x22, 0x00, 0xa4, 0x02, 0x00, 0x00, 0x06, 0x00, 0x00, 0x00, /* ......"......... */
    0x94, 0x16, 0x22, 0x00, 0xa8, 0x02, 0x00, 0x00, 0x06, 0x00, 0x00, 0x00, 0xa8, 0x16, 0x22, 0x00, /* .."...........". */
    0xac, 0x02, 0x00, 0x00, 0x06, 0x00, 0x00, 0x00, 0xbc, 0x16, 0x22, 0x00, 0xb0, 0x02, 0x00, 0x00, /* .........."..... */
    0x06, 0x00, 0x00, 0x00, 0xd0, 0x16, 0x22, 0x00, 0xb4, 0x02, 0x00, 0x00, 0x06, 0x00, 0x00, 0x00, /* ......"......... */
    0xe8, 0x16, 0x22, 0x00, 0xb8, 0x02, 0x00, 0x00, 0x06, 0x00, 0x00, 0x00, 0xfc, 0x16, 0x22, 0x00, /* .."...........". */
    0xbc, 0x02, 0x00, 0x00, 0x06, 0x00, 0x00, 0x00, 0x10, 0x17, 0x22, 0x00, 0xcc, 0x02, 0x00, 0x00, /* .........."..... */
    0x06, 0x00, 0x00, 0x00, 0x20, 0x17, 0x22, 0x00, 0xd4, 0x02, 0x00, 0x00, 0x06, 0x00, 0x00, 0x00, /* .... ."......... */
    0x30, 0x17, 0x22, 0x00, 0xc0, 0x04, 0x00, 0x00, 0x04, 0x00, 0x00, 0x00, 0x50, 0x17, 0x22, 0x00, /* 0.".........P.". */
    0xc4, 0x04, 0x00, 0x00, 0x06, 0x00, 0x00, 0x00, 0x70, 0x17, 0x22, 0x00, 0xc8, 0x04, 0x00, 0x00, /* ........p."..... */
    0x06, 0x00, 0x00, 0x00, 0x84, 0x17, 0x22, 0x00, 0xcc, 0x04, 0x00, 0x00, 0x06, 0x00, 0x00, 0x00, /* ......"......... */
    0x98, 0x17, 0x22, 0x00, 0xd0, 0x04, 0x00, 0x00, 0x06, 0x00, 0x00, 0x00, 0xac, 0x17, 0x22, 0x00, /* .."...........". */
    0xd4, 0x04, 0x00, 0x00, 0x06, 0x00, 0x00, 0x00, 0xc0, 0x17, 0x22, 0x00, 0xd8, 0x04, 0x00, 0x00, /* .........."..... */
    0x06, 0x00, 0x00, 0x00, 0xd0, 0x17, 0x22, 0x00, 0xdc, 0x04, 0x00, 0x00, 0x06, 0x00, 0x00, 0x00, /* ......"......... */
    0xe4, 0x17, 0x22, 0x00, 0xe0, 0x04, 0x00, 0x00, 0x06, 0x00, 0x00, 0x00, 0xfc, 0x17, 0x22, 0x00, /* .."...........". */
    0xe4, 0x04, 0x00, 0x00, 0x06, 0x00, 0x00, 0x00, 0x14, 0x18, 0x22, 0x00, 0xe8, 0x04, 0x00, 0x00, /* .........."..... */
    0x06, 0x00, 0x00, 0x00, 0x28, 0x18, 0x22, 0x00, 0xec, 0x04, 0x00, 0x00, 0x06, 0x00, 0x00, 0x00, /* ....(."......... */
    0x3c, 0x18, 0x22, 0x00, 0xf0, 0x04, 0x00, 0x00, 0x06, 0x00, 0x00, 0x00, 0x50, 0x18, 0x22, 0x00, /* <.".........P.". */
    0xf4, 0x04, 0x00, 0x00, 0x06, 0x00, 0x00, 0x00, 0x64, 0x18, 0x22, 0x00, 0xf8, 0x04, 0x00, 0x00, /* ........d."..... */
    0x06, 0x00, 0x00, 0x00, 0x7c, 0x18, 0x22, 0x00, 0x28, 0x05, 0x00, 0x00, 0x06, 0x00, 0x00, 0x00, /* ....|.".(....... */
    0x84, 0x18, 0x22, 0x00, 0x2c, 0x05, 0x00, 0x00, 0x06, 0x00, 0x00, 0x00, 0x90, 0x18, 0x22, 0x00, /* ..".,.........". */
    0x30, 0x05, 0x00, 0x00, 0x06, 0x00, 0x00, 0x00, 0x98, 0x18, 0x22, 0x00, 0x34, 0x05, 0x00, 0x00, /* 0.........".4... */
    0x06, 0x00, 0x00, 0x00, 0xa4, 0x18, 0x22, 0x00, 0x38, 0x05, 0x00, 0x00, 0x06, 0x00, 0x00, 0x00, /* ......".8....... */
    0xb0, 0x18, 0x22, 0x00, 0x3c, 0x05, 0x00, 0x00, 0x06, 0x00, 0x00, 0x00, 0xbc, 0x18, 0x22, 0x00, /* ..".<.........". */
    0x40, 0x05, 0x00, 0x00, 0x06, 0x00, 0x00, 0x00, 0xcc, 0x18, 0x22, 0x00, 0x4c, 0x05, 0x00, 0x00, /* @.........".L... */
    0x06, 0x00, 0x00, 0x00, 0xe0, 0x18, 0x22, 0x00, 0x50, 0x05, 0x00, 0x00, 0x06, 0x00, 0x00, 0x00, /* ......".P....... */
    0xf0, 0x18, 0x22, 0x00, 0x44, 0x05, 0x00, 0x00, 0x06, 0x00, 0x00, 0x00, 0x04, 0x19, 0x22, 0x00, /* ..".D.........". */
    0x48, 0x05, 0x00, 0x00, 0x06, 0x00, 0x00, 0x00, 0x14, 0x19, 0x22, 0x00, 0x54, 0x05, 0x00, 0x00, /* H.........".T... */
    0x06, 0x00, 0x00, 0x00, 0x2c, 0x19, 0x22, 0x00, 0x58, 0x05, 0x00, 0x00, 0x06, 0x00, 0x00, 0x00, /* ....,.".X....... */
    0x40, 0x19, 0x22, 0x00, 0x5c, 0x05, 0x00, 0x00, 0x06, 0x00, 0x00, 0x00, 0x50, 0x19, 0x22, 0x00, /* @.".\.......P.". */
    0x60, 0x05, 0x00, 0x00, 0x06, 0x00, 0x00, 0x00, 0x5c, 0x19, 0x22, 0x00, 0x64, 0x05, 0x00, 0x00, /* `.......\.".d... */
    0x06, 0x00, 0x00, 0x00, 0x70, 0x19, 0x22, 0x00, 0x68, 0x05, 0x00, 0x00, 0x06, 0x00, 0x00, 0x00, /* ....p.".h....... */
    0x84, 0x19, 0x22, 0x00, 0x8c, 0x00, 0x00, 0x00, 0x0c, 0x00, 0x00, 0x00, 0x8c, 0x19, 0x22, 0x00, /* .."...........". */
    0x6c, 0x05, 0x00, 0x00, 0x00, 0x00, 0x00, 0x00, 0x9c, 0x19, 0x22, 0x00, 0x70, 0x05, 0x00, 0x00, /* l.........".p... */
    0x00, 0x00, 0x00, 0x00, 0xac, 0x19, 0x22, 0x00, 0x7c, 0x05, 0x00, 0x00, 0x06, 0x00, 0x00, 0x00, /* ......".|....... */
    0xbc, 0x19, 0x22, 0x00, 0x80, 0x05, 0x00, 0x00, 0x06, 0x00, 0x00, 0x00, 0xcc, 0x19, 0x22, 0x00, /* .."...........". */
    0x04, 0x05, 0x00, 0x00, 0x06, 0x00, 0x00, 0x00, 0xd8, 0x19, 0x22, 0x00, 0x08, 0x05, 0x00, 0x00, /* .........."..... */
    0x06, 0x00, 0x00, 0x00, 0xe0, 0x19, 0x22, 0x00, 0x0c, 0x05, 0x00, 0x00, 0x00, 0x00, 0x00, 0x00, /* ......"......... */
    0xf4, 0x19, 0x22, 0x00, 0x10, 0x05, 0x00, 0x00, 0x00, 0x00, 0x00, 0x00, 0x0c, 0x1a, 0x22, 0x00, /* .."...........". */
    0xb0, 0x05, 0x00, 0x00, 0x06, 0x00, 0x00, 0x00, 0x14, 0x1a, 0x22, 0x00, 0xb4, 0x05, 0x00, 0x00, /* .........."..... */
    0x06, 0x00, 0x00, 0x00, 0x20, 0x1a, 0x22, 0x00, 0xb8, 0x05, 0x00, 0x00, 0x06, 0x00, 0x00, 0x00, /* .... ."......... */
    0x28, 0x1a, 0x22, 0x00, 0xbc, 0x05, 0x00, 0x00, 0x06, 0x00, 0x00, 0x00, 0x30, 0x1a, 0x22, 0x00, /* (.".........0.". */
    0xc0, 0x05, 0x00, 0x00, 0x06, 0x00, 0x00, 0x00, 0x40, 0x1a, 0x22, 0x00, 0xc4, 0x05, 0x00, 0x00, /* ........@."..... */
    0x06, 0x00, 0x00, 0x00, 0x50, 0x1a, 0x22, 0x00, 0xc8, 0x05, 0x00, 0x00, 0x06, 0x00, 0x00, 0x00, /* ....P."......... */
    0x64, 0x1a, 0x22, 0x00, 0xd0, 0x05, 0x00, 0x00, 0x06, 0x00, 0x00, 0x00, 0x78, 0x1a, 0x22, 0x00, /* d.".........x.". */
    0xd8, 0x05, 0x00, 0x00, 0x06, 0x00, 0x00, 0x00, 0x88, 0x1a, 0x22, 0x00, 0xcc, 0x05, 0x00, 0x00, /* .........."..... */
    0x06, 0x00, 0x00, 0x00, 0x98, 0x1a, 0x22, 0x00, 0xd4, 0x05, 0x00, 0x00, 0x06, 0x00, 0x00, 0x00, /* ......"......... */
    0xa8, 0x1a, 0x22, 0x00, 0xdc, 0x05, 0x00, 0x00, 0x06, 0x00, 0x00, 0x00, 0xb4, 0x1a, 0x22, 0x00, /* .."...........". */
    0xe0, 0x05, 0x00, 0x00, 0x06, 0x00, 0x00, 0x00, 0xc8, 0x1a, 0x22, 0x00, 0xe8, 0x05, 0x00, 0x00, /* .........."..... */
    0x06, 0x00, 0x00, 0x00, 0xdc, 0x1a, 0x22, 0x00, 0xf0, 0x05, 0x00, 0x00, 0x06, 0x00, 0x00, 0x00, /* ......"......... */
    0xec, 0x1a, 0x22, 0x00, 0xe4, 0x05, 0x00, 0x00, 0x06, 0x00, 0x00, 0x00, 0xfc, 0x1a, 0x22, 0x00, /* .."...........". */
    0xec, 0x05, 0x00, 0x00, 0x06, 0x00, 0x00, 0x00, 0x0c, 0x1b, 0x22, 0x00, 0xf4, 0x05, 0x00, 0x00, /* .........."..... */
    0x06, 0x00, 0x00, 0x00, 0x18, 0x1b, 0x22, 0x00, 0xf8, 0x05, 0x00, 0x00, 0x06, 0x00, 0x00, 0x00, /* ......"......... */
    0x20, 0x1b, 0x22, 0x00, 0xfc, 0x05, 0x00, 0x00, 0x00, 0x00, 0x00, 0x00, 0x2c, 0x1b, 0x22, 0x00, /*  .".........,.". */
    0x00, 0x06, 0x00, 0x00, 0x00, 0x00, 0x00, 0x00 /* ........ */
};

/* 0x00310c08 - 12 bytes */
const unsigned char offhandClassNames[12] = { 0x40, 0x1b, 0x22, 0x00, 0x48, 0x1b, 0x22, 0x00, 0x58, 0x1b, 0x22, 0x00 };

/* 0x00310c14 - 12 bytes */
const unsigned char szProjectileExplosionNames[12] = { 0x68, 0x1b, 0x22, 0x00, 0x70, 0x1b, 0x22, 0x00, 0x98, 0x82, 0x21, 0x00 };

/* 0x00310c20 - 12 bytes */
const unsigned char szWeapStanceNames[12] = { 0x78, 0x1b, 0x22, 0x00, 0x80, 0x1b, 0x22, 0x00, 0x88, 0x1b, 0x22, 0x00 };

/* 0x00310c2c - 12 bytes */
const unsigned char szWeapSlotNames[12] = { 0x98, 0x82, 0x21, 0x00, 0x90, 0x1b, 0x22, 0x00, 0x98, 0x1b, 0x22, 0x00 };

/* 0x00310c38 - 40 bytes */
const unsigned char szWeapOverlayReticleNames[40] = {
    0x98, 0x82, 0x21, 0x00, 0xa4, 0x1b, 0x22, 0x00, 0xb0, 0x1b, 0x22, 0x00, 0xb8, 0x1b, 0x22, 0x00, /* ..!..."..."...". */
    0xc4, 0x1b, 0x22, 0x00, 0x00, 0x00, 0x00, 0x00, 0x00, 0x00, 0x00, 0x00, 0x00, 0x00, 0x00, 0x00, /* .."............. */
    0x00, 0x00, 0x00, 0x00, 0x00, 0x00, 0x00, 0x00 /* ........ */
};

/* 0x00310c60 - 40 bytes */
const unsigned char szWeapClassNames[40] = {
    0xd0, 0x1b, 0x22, 0x00, 0xd8, 0x1b, 0x22, 0x00, 0xdc, 0x1b, 0x22, 0x00, 0xe0, 0x1b, 0x22, 0x00, /* .."..."..."...". */
    0xe8, 0x1b, 0x22, 0x00, 0x68, 0x1b, 0x22, 0x00, 0xf0, 0x1b, 0x22, 0x00, 0x00, 0x1c, 0x22, 0x00, /* ..".h."..."...". */
    0x08, 0x1c, 0x22, 0x00, 0x08, 0xec, 0x21, 0x00 /* .."...!. */
};

/* 0x00310c88 - 24 bytes */
const unsigned char szWeapTypeNames[24] = {
    0x14, 0x1c, 0x22, 0x00, 0x68, 0x1b, 0x22, 0x00, 0x1c, 0x1c, 0x22, 0x00, 0xc4, 0x1b, 0x22, 0x00, /* ..".h."..."...". */
    0x00, 0x00, 0x00, 0x00, 0x00, 0x00, 0x00, 0x00 /* ........ */
};

/* 0x00310ca0 - 160 bytes */
const unsigned char dollardirectives[160] = {
    0x44, 0x20, 0x22, 0x00, 0x5c, 0x29, 0x0c, 0x00, 0x4c, 0x20, 0x22, 0x00, 0x5c, 0x27, 0x0c, 0x00, /* D ".\)..L ".\'.. */
    0x00, 0x00, 0x00, 0x00, 0x00, 0x00, 0x00, 0x00, 0x00, 0x00, 0x00, 0x00, 0x00, 0x00, 0x00, 0x00, /* ................ */
    0x00, 0x00, 0x00, 0x00, 0x00, 0x00, 0x00, 0x00, 0x00, 0x00, 0x00, 0x00, 0x00, 0x00, 0x00, 0x00, /* ................ */
    0x00, 0x00, 0x00, 0x00, 0x00, 0x00, 0x00, 0x00, 0x00, 0x00, 0x00, 0x00, 0x00, 0x00, 0x00, 0x00, /* ................ */
    0x00, 0x00, 0x00, 0x00, 0x00, 0x00, 0x00, 0x00, 0x00, 0x00, 0x00, 0x00, 0x00, 0x00, 0x00, 0x00, /* ................ */
    0x00, 0x00, 0x00, 0x00, 0x00, 0x00, 0x00, 0x00, 0x00, 0x00, 0x00, 0x00, 0x00, 0x00, 0x00, 0x00, /* ................ */
    0x00, 0x00, 0x00, 0x00, 0x00, 0x00, 0x00, 0x00, 0x00, 0x00, 0x00, 0x00, 0x00, 0x00, 0x00, 0x00, /* ................ */
    0x00, 0x00, 0x00, 0x00, 0x00, 0x00, 0x00, 0x00, 0x00, 0x00, 0x00, 0x00, 0x00, 0x00, 0x00, 0x00, /* ................ */
    0x00, 0x00, 0x00, 0x00, 0x00, 0x00, 0x00, 0x00, 0x00, 0x00, 0x00, 0x00, 0x00, 0x00, 0x00, 0x00, /* ................ */
    0x00, 0x00, 0x00, 0x00, 0x00, 0x00, 0x00, 0x00, 0x00, 0x00, 0x00, 0x00, 0x00, 0x00, 0x00, 0x00 /* ................ */
};

/* 0x00310d40 - 160 bytes */
const unsigned char directives[160] = {
    0x58, 0x20, 0x22, 0x00, 0x70, 0x21, 0x0c, 0x00, 0x5c, 0x20, 0x22, 0x00, 0xba, 0x08, 0x0c, 0x00, /* X ".p!..\ "..... */
    0x64, 0x20, 0x22, 0x00, 0x9e, 0x08, 0x0c, 0x00, 0x6c, 0x20, 0x22, 0x00, 0xe6, 0x21, 0x0c, 0x00, /* d ".....l "..!.. */
    0x74, 0x20, 0x22, 0x00, 0xcc, 0xe3, 0x0b, 0x00, 0x7c, 0x20, 0x22, 0x00, 0x8e, 0xe4, 0x0b, 0x00, /* t ".....| "..... */
    0x84, 0x20, 0x22, 0x00, 0xd8, 0xf5, 0x0b, 0x00, 0x8c, 0x20, 0x22, 0x00, 0x22, 0x0e, 0x0c, 0x00, /* . "...... "."... */
    0x94, 0x20, 0x22, 0x00, 0xd6, 0x08, 0x0c, 0x00, 0xf4, 0x9d, 0x21, 0x00, 0xdc, 0xe1, 0x0b, 0x00, /* . ".......!..... */
    0xa4, 0x68, 0x21, 0x00, 0x84, 0xe3, 0x0b, 0x00, 0x9c, 0x20, 0x22, 0x00, 0xc8, 0x06, 0x0c, 0x00, /* .h!...... "..... */
    0xa4, 0x20, 0x22, 0x00, 0xaa, 0x1f, 0x0c, 0x00, 0x4c, 0x20, 0x22, 0x00, 0xdc, 0x1d, 0x0c, 0x00, /* . ".....L "..... */
    0x00, 0x00, 0x00, 0x00, 0x00, 0x00, 0x00, 0x00, 0x00, 0x00, 0x00, 0x00, 0x00, 0x00, 0x00, 0x00, /* ................ */
    0x00, 0x00, 0x00, 0x00, 0x00, 0x00, 0x00, 0x00, 0x00, 0x00, 0x00, 0x00, 0x00, 0x00, 0x00, 0x00, /* ................ */
    0x00, 0x00, 0x00, 0x00, 0x00, 0x00, 0x00, 0x00, 0x00, 0x00, 0x00, 0x00, 0x00, 0x00, 0x00, 0x00 /* ................ */
};

/* 0x00310de0 - 640 bytes */
const unsigned char default_punctuations[640] = {
    0xd8, 0x28, 0x22, 0x00, 0x01, 0x00, 0x00, 0x00, 0x00, 0x00, 0x00, 0x00, 0xdc, 0x28, 0x22, 0x00, /* .("..........(". */
    0x02, 0x00, 0x00, 0x00, 0x00, 0x00, 0x00, 0x00, 0xe0, 0x28, 0x22, 0x00, 0x03, 0x00, 0x00, 0x00, /* .........("..... */
    0x00, 0x00, 0x00, 0x00, 0x14, 0x28, 0x22, 0x00, 0x04, 0x00, 0x00, 0x00, 0x00, 0x00, 0x00, 0x00, /* .....("......... */
    0x3c, 0x6c, 0x21, 0x00, 0x05, 0x00, 0x00, 0x00, 0x00, 0x00, 0x00, 0x00, 0x64, 0xe8, 0x21, 0x00, /* <l!.........d.!. */
    0x06, 0x00, 0x00, 0x00, 0x00, 0x00, 0x00, 0x00, 0x6c, 0xe8, 0x21, 0x00, 0x07, 0x00, 0x00, 0x00, /* ........l.!..... */
    0x00, 0x00, 0x00, 0x00, 0x68, 0xe8, 0x21, 0x00, 0x08, 0x00, 0x00, 0x00, 0x00, 0x00, 0x00, 0x00, /* ....h.!......... */
    0x70, 0xe8, 0x21, 0x00, 0x09, 0x00, 0x00, 0x00, 0x00, 0x00, 0x00, 0x00, 0x74, 0xe8, 0x21, 0x00, /* p.!.........t.!. */
    0x0a, 0x00, 0x00, 0x00, 0x00, 0x00, 0x00, 0x00, 0x4c, 0xe8, 0x21, 0x00, 0x0b, 0x00, 0x00, 0x00, /* ........L.!..... */
    0x00, 0x00, 0x00, 0x00, 0x50, 0xe8, 0x21, 0x00, 0x0c, 0x00, 0x00, 0x00, 0x00, 0x00, 0x00, 0x00, /* ....P.!......... */
    0xe4, 0x28, 0x22, 0x00, 0x0d, 0x00, 0x00, 0x00, 0x00, 0x00, 0x00, 0x00, 0x44, 0xe8, 0x21, 0x00, /* .(".........D.!. */
    0x0e, 0x00, 0x00, 0x00, 0x00, 0x00, 0x00, 0x00, 0x48, 0xe8, 0x21, 0x00, 0x0f, 0x00, 0x00, 0x00, /* ........H.!..... */
    0x00, 0x00, 0x00, 0x00, 0x5c, 0xe8, 0x21, 0x00, 0x10, 0x00, 0x00, 0x00, 0x00, 0x00, 0x00, 0x00, /* ....\.!......... */
    0x60, 0xe8, 0x21, 0x00, 0x11, 0x00, 0x00, 0x00, 0x00, 0x00, 0x00, 0x00, 0x54, 0xe8, 0x21, 0x00, /* `.!.........T.!. */
    0x12, 0x00, 0x00, 0x00, 0x00, 0x00, 0x00, 0x00, 0x58, 0xe8, 0x21, 0x00, 0x13, 0x00, 0x00, 0x00, /* ........X.!..... */
    0x00, 0x00, 0x00, 0x00, 0xe8, 0x28, 0x22, 0x00, 0x14, 0x00, 0x00, 0x00, 0x00, 0x00, 0x00, 0x00, /* .....("......... */
    0xec, 0x28, 0x22, 0x00, 0x15, 0x00, 0x00, 0x00, 0x00, 0x00, 0x00, 0x00, 0xf0, 0x28, 0x22, 0x00, /* .("..........(". */
    0x16, 0x00, 0x00, 0x00, 0x00, 0x00, 0x00, 0x00, 0xf4, 0x28, 0x22, 0x00, 0x17, 0x00, 0x00, 0x00, /* .........("..... */
    0x00, 0x00, 0x00, 0x00, 0xf8, 0x5b, 0x21, 0x00, 0x18, 0x00, 0x00, 0x00, 0x00, 0x00, 0x00, 0x00, /* .....[!......... */
    0xf8, 0x28, 0x22, 0x00, 0x19, 0x00, 0x00, 0x00, 0x00, 0x00, 0x00, 0x00, 0x8c, 0x5b, 0x21, 0x00, /* .("..........[!. */
    0x1a, 0x00, 0x00, 0x00, 0x00, 0x00, 0x00, 0x00, 0x38, 0x6f, 0x21, 0x00, 0x1b, 0x00, 0x00, 0x00, /* ........8o!..... */
    0x00, 0x00, 0x00, 0x00, 0xfc, 0x28, 0x22, 0x00, 0x1c, 0x00, 0x00, 0x00, 0x00, 0x00, 0x00, 0x00, /* .....("......... */
    0x90, 0xe9, 0x21, 0x00, 0x1d, 0x00, 0x00, 0x00, 0x00, 0x00, 0x00, 0x00, 0x00, 0x29, 0x22, 0x00, /* ..!..........)". */
    0x1e, 0x00, 0x00, 0x00, 0x00, 0x00, 0x00, 0x00, 0x04, 0x29, 0x22, 0x00, 0x1f, 0x00, 0x00, 0x00, /* .........)"..... */
    0x00, 0x00, 0x00, 0x00, 0x08, 0x29, 0x22, 0x00, 0x20, 0x00, 0x00, 0x00, 0x00, 0x00, 0x00, 0x00, /* .....)". ....... */
    0x0c, 0x29, 0x22, 0x00, 0x21, 0x00, 0x00, 0x00, 0x00, 0x00, 0x00, 0x00, 0x10, 0x29, 0x22, 0x00, /* .)".!........)". */
    0x22, 0x00, 0x00, 0x00, 0x00, 0x00, 0x00, 0x00, 0x14, 0x29, 0x22, 0x00, 0x23, 0x00, 0x00, 0x00, /* "........)".#... */
    0x00, 0x00, 0x00, 0x00, 0x18, 0x29, 0x22, 0x00, 0x24, 0x00, 0x00, 0x00, 0x00, 0x00, 0x00, 0x00, /* .....)".$....... */
    0x1c, 0x29, 0x22, 0x00, 0x25, 0x00, 0x00, 0x00, 0x00, 0x00, 0x00, 0x00, 0x20, 0x29, 0x22, 0x00, /* .)".%....... )". */
    0x26, 0x00, 0x00, 0x00, 0x00, 0x00, 0x00, 0x00, 0xf8, 0x7f, 0x21, 0x00, 0x27, 0x00, 0x00, 0x00, /* &.........!.'... */
    0x00, 0x00, 0x00, 0x00, 0x8c, 0xf8, 0x21, 0x00, 0x28, 0x00, 0x00, 0x00, 0x00, 0x00, 0x00, 0x00, /* ......!.(....... */
    0x24, 0x29, 0x22, 0x00, 0x29, 0x00, 0x00, 0x00, 0x00, 0x00, 0x00, 0x00, 0x28, 0x29, 0x22, 0x00, /* $)".).......()". */
    0x2a, 0x00, 0x00, 0x00, 0x00, 0x00, 0x00, 0x00, 0x2c, 0x29, 0x22, 0x00, 0x2b, 0x00, 0x00, 0x00, /* *.......,)".+... */
    0x00, 0x00, 0x00, 0x00, 0xe8, 0x21, 0x22, 0x00, 0x2c, 0x00, 0x00, 0x00, 0x00, 0x00, 0x00, 0x00, /* .....!".,....... */
    0x24, 0x22, 0x22, 0x00, 0x2d, 0x00, 0x00, 0x00, 0x00, 0x00, 0x00, 0x00, 0x0c, 0xe5, 0x21, 0x00, /* $"".-.........!. */
    0x2e, 0x00, 0x00, 0x00, 0x00, 0x00, 0x00, 0x00, 0x08, 0xe5, 0x21, 0x00, 0x2f, 0x00, 0x00, 0x00, /* ..........!./... */
    0x00, 0x00, 0x00, 0x00, 0x10, 0xe5, 0x21, 0x00, 0x30, 0x00, 0x00, 0x00, 0x00, 0x00, 0x00, 0x00, /* ......!.0....... */
    0x04, 0xe5, 0x21, 0x00, 0x31, 0x00, 0x00, 0x00, 0x00, 0x00, 0x00, 0x00, 0x30, 0x26, 0x22, 0x00, /* ..!.1.......0&". */
    0x32, 0x00, 0x00, 0x00, 0x00, 0x00, 0x00, 0x00, 0x30, 0x29, 0x22, 0x00, 0x33, 0x00, 0x00, 0x00, /* 2.......0)".3... */
    0x00, 0x00, 0x00, 0x00, 0x34, 0x29, 0x22, 0x00, 0x34, 0x00, 0x00, 0x00, 0x00, 0x00, 0x00, 0x00, /* ....4)".4....... */
    0x00, 0x00, 0x00, 0x00, 0x00, 0x00, 0x00, 0x00, 0x00, 0x00, 0x00, 0x00, 0x00, 0x00, 0x00, 0x00 /* ................ */
};

/* 0x00311060 - 32 bytes */
const unsigned char gConsoleRunning[32] = {
    0x00, 0x00, 0x00, 0x00, 0x00, 0x00, 0x00, 0x00, 0x00, 0x00, 0x00, 0x00, 0x00, 0x00, 0x00, 0x00, /* ................ */
    0x00, 0x00, 0x00, 0x00, 0x00, 0x00, 0x00, 0x00, 0x00, 0x00, 0x00, 0x00, 0x00, 0x00, 0x00, 0x00 /* ................ */
};

/* 0x00311080 - 8 bytes */
const unsigned char s_XModelSurfaceSize[8] = { 0x00, 0x00, 0x00, 0x10, 0x38, 0x10, 0x00, 0x00 };

/* 0x00311088 - 24 bytes */
const unsigned char s_entitySurface[24] = {
    0x02, 0x00, 0x00, 0x00, 0x00, 0x00, 0x00, 0x00, 0x00, 0x00, 0x00, 0x00, 0x00, 0x00, 0x00, 0x00, /* ................ */
    0x00, 0x00, 0x00, 0x00, 0x00, 0x00, 0x00, 0x00 /* ........ */
};

/* 0x003110a0 - 20 bytes */
const unsigned char s_aspectRatioNames[20] = {
    0xe8, 0xeb, 0x21, 0x00, 0xcc, 0x2e, 0x22, 0x00, 0xd8, 0x2e, 0x22, 0x00, 0xe4, 0x2e, 0x22, 0x00, /* ..!..."..."...". */
    0x00, 0x00, 0x00, 0x00 /* .... */
};

/* 0x003110b4 - 16 bytes */
const unsigned char s_technologyNames[16] = { 0x98, 0x82, 0x21, 0x00, 0xf0, 0x2e, 0x22, 0x00, 0xf4, 0x2e, 0x22, 0x00, 0x00, 0x00, 0x00, 0x00 };

/* 0x003110c4 - 24 bytes */
const unsigned char r_forceLodNames[24] = {
    0xf8, 0x2e, 0x22, 0x00, 0x00, 0x2f, 0x22, 0x00, 0x08, 0x2f, 0x22, 0x00, 0x0c, 0x2f, 0x22, 0x00, /* .."../"../"../". */
    0x98, 0x82, 0x21, 0x00, 0x00, 0x00, 0x00, 0x00 /* ..!..... */
};

/* 0x003110dc - 16 bytes */
const unsigned char fbColorDebugNames[16] = { 0x40, 0x1b, 0x22, 0x00, 0x14, 0x2f, 0x22, 0x00, 0x1c, 0x2f, 0x22, 0x00, 0x00, 0x00, 0x00, 0x00 };

/* 0x003110ec - 16 bytes */
const unsigned char s_aaAlphaNames[16] = { 0x24, 0x95, 0x21, 0x00, 0x28, 0x2f, 0x22, 0x00, 0x38, 0x2f, 0x22, 0x00, 0x00, 0x00, 0x00, 0x00 };

/* 0x003110fc - 20 bytes */
const unsigned char xdebugNames[20] = {
    0xb8, 0x57, 0x21, 0x00, 0x4c, 0x2f, 0x22, 0x00, 0x54, 0x2f, 0x22, 0x00, 0x5c, 0x2f, 0x22, 0x00, /* .W!.L/".T/".\/". */
    0x00, 0x00, 0x00, 0x00 /* .... */
};

/* 0x00311110 - 12 bytes */
const unsigned char normalMapNames[12] = { 0x64, 0x2f, 0x22, 0x00, 0x70, 0x2f, 0x22, 0x00, 0x00, 0x00, 0x00, 0x00 };

/* 0x0031111c - 16 bytes */
const unsigned char colorMapNames[16] = { 0x64, 0x2f, 0x22, 0x00, 0x78, 0x2f, 0x22, 0x00, 0x80, 0x2f, 0x22, 0x00, 0x00, 0x00, 0x00, 0x00 };

/* 0x0031112c - 20 bytes */
const unsigned char gpuSyncNames[20] = {
    0x24, 0x95, 0x21, 0x00, 0x88, 0x2f, 0x22, 0x00, 0x94, 0x2f, 0x22, 0x00, 0xa4, 0x2f, 0x22, 0x00, /* $.!../"../"../". */
    0x00, 0x00, 0x00, 0x00 /* .... */
};

/* 0x00311140 - 24 bytes */
const unsigned char debugShaderNames[24] = {
    0x98, 0x82, 0x21, 0x00, 0xb0, 0x2f, 0x22, 0x00, 0xb8, 0x2f, 0x22, 0x00, 0xc8, 0x2f, 0x22, 0x00, /* ..!../"../"../". */
    0xd8, 0x2f, 0x22, 0x00, 0x00, 0x00, 0x00, 0x00 /* ./"..... */
};

/* 0x00311158 - 40 bytes */
const unsigned char textureModeNames[40] = {
    0xe4, 0x2f, 0x22, 0x00, 0xa4, 0xa1, 0x21, 0x00, 0xec, 0x2f, 0x22, 0x00, 0xf8, 0x2f, 0x22, 0x00, /* ./"...!../"../". */
    0x04, 0x30, 0x22, 0x00, 0x00, 0x00, 0x00, 0x00, 0x00, 0x00, 0x00, 0x00, 0x00, 0x00, 0x00, 0x00, /* .0"............. */
    0x00, 0x00, 0x00, 0x00, 0x00, 0x00, 0x00, 0x00 /* ........ */
};

/* 0x00311180 - 32 bytes */
const unsigned char alwaysfails[32] = {
    0x00, 0x00, 0x00, 0x00, 0x00, 0x00, 0x00, 0x00, 0x00, 0x00, 0x00, 0x00, 0x00, 0x00, 0x00, 0x00, /* ................ */
    0x00, 0x00, 0x00, 0x00, 0x00, 0x00, 0x00, 0x00, 0x00, 0x00, 0x00, 0x00, 0x00, 0x00, 0x00, 0x00 /* ................ */
};

/* 0x003111a0 - 32 bytes */
const unsigned char g_platform_name[32] = {
    0x08, 0x51, 0x22, 0x00, 0x10, 0x51, 0x22, 0x00, 0x00, 0x00, 0x00, 0x00, 0x00, 0x00, 0x00, 0x00, /* .Q"..Q"......... */
    0x00, 0x00, 0x00, 0x00, 0x00, 0x00, 0x00, 0x00, 0x00, 0x00, 0x00, 0x00, 0x00, 0x00, 0x00, 0x00 /* ................ */
};

/* 0x003111c0 - 64 bytes */
const unsigned char imageTypeName[64] = {
    0x18, 0x51, 0x22, 0x00, 0x20, 0x51, 0x22, 0x00, 0x28, 0x51, 0x22, 0x00, 0x30, 0x51, 0x22, 0x00, /* .Q". Q".(Q".0Q". */
    0x38, 0x51, 0x22, 0x00, 0x40, 0x51, 0x22, 0x00, 0x48, 0x51, 0x22, 0x00, 0x50, 0x51, 0x22, 0x00, /* 8Q".@Q".HQ".PQ". */
    0x58, 0x51, 0x22, 0x00, 0x60, 0x51, 0x22, 0x00, 0x00, 0x00, 0x00, 0x00, 0x00, 0x00, 0x00, 0x00, /* XQ".`Q"......... */
    0x00, 0x00, 0x00, 0x00, 0x00, 0x00, 0x00, 0x00, 0x00, 0x00, 0x00, 0x00, 0x00, 0x00, 0x00, 0x00 /* ................ */
};

/* 0x00311200 - 64 bytes */
const unsigned char g_imageProgNames[64] = {
    0x68, 0x51, 0x22, 0x00, 0x7c, 0x51, 0x22, 0x00, 0x8c, 0x51, 0x22, 0x00, 0xa0, 0x51, 0x22, 0x00, /* hQ".|Q"..Q"..Q". */
    0xb0, 0x51, 0x22, 0x00, 0xb8, 0x51, 0x22, 0x00, 0xc0, 0x51, 0x22, 0x00, 0xcc, 0x51, 0x22, 0x00, /* .Q"..Q"..Q"..Q". */
    0xd8, 0x51, 0x22, 0x00, 0xec, 0x51, 0x22, 0x00, 0xfc, 0x51, 0x22, 0x00, 0x68, 0x45, 0x22, 0x00, /* .Q"..Q"..Q".hE". */
    0x00, 0x00, 0x00, 0x00, 0x00, 0x00, 0x00, 0x00, 0x00, 0x00, 0x00, 0x00, 0x00, 0x00, 0x00, 0x00 /* ................ */
};

/* 0x00311240 - 96 bytes */
const unsigned char s_sundvars[96] = {
    0x00, 0x64, 0x22, 0x00, 0x14, 0x64, 0x22, 0x00, 0x28, 0x64, 0x22, 0x00, 0x3c, 0x64, 0x22, 0x00, /* .d"..d".(d".<d". */
    0x50, 0x64, 0x22, 0x00, 0x68, 0x64, 0x22, 0x00, 0x7c, 0x64, 0x22, 0x00, 0x94, 0x64, 0x22, 0x00, /* Pd".hd".|d"..d". */
    0xac, 0x64, 0x22, 0x00, 0xc0, 0x64, 0x22, 0x00, 0xd4, 0x64, 0x22, 0x00, 0xec, 0x64, 0x22, 0x00, /* .d"..d"..d"..d". */
    0x04, 0x65, 0x22, 0x00, 0x1c, 0x65, 0x22, 0x00, 0x30, 0x65, 0x22, 0x00, 0x44, 0x65, 0x22, 0x00, /* .e"..e".0e".De". */
    0x5c, 0x65, 0x22, 0x00, 0x74, 0x65, 0x22, 0x00, 0x8c, 0x65, 0x22, 0x00, 0xa0, 0x65, 0x22, 0x00, /* \e".te"..e"..e". */
    0xb4, 0x65, 0x22, 0x00, 0x00, 0x00, 0x00, 0x00, 0x00, 0x00, 0x00, 0x00, 0x00, 0x00, 0x00, 0x00 /* .e"............. */
};

/* 0x003112a0 - 32 bytes */
const unsigned char R_BoundsForDrawSurfTable[32] = {
    0x00, 0x00, 0x00, 0x00, 0x00, 0x00, 0x00, 0x00, 0x00, 0x00, 0x00, 0x00, 0xe4, 0xbf, 0x0f, 0x00, /* ................ */
    0xe4, 0xbf, 0x0f, 0x00, 0x00, 0xc0, 0x0f, 0x00, 0x88, 0xbf, 0x0f, 0x00, 0x00, 0x00, 0x00, 0x00 /* ................ */
};

/* 0x003112c0 - 4 bytes */
const unsigned char g_TotalFilterPasses[4] = { 0x00, 0x00, 0x00, 0x00 };

/* 0x003112c4 - 28 bytes */
const unsigned char g_LastGlowFilter[28] = {
    0x00, 0x00, 0x00, 0x00, 0x00, 0x00, 0x00, 0x00, 0x00, 0x00, 0x00, 0x00, 0x00, 0x00, 0x00, 0x00, /* ................ */
    0x00, 0x00, 0x00, 0x00, 0x00, 0x00, 0x00, 0x00, 0x00, 0x00, 0x00, 0x00 /* ............ */
};

/* 0x003112e0 - 64 bytes */
const unsigned char extendedVirtualKeyConvert[64] = {
    0xb5, 0x80, 0xbf, 0x81, 0xdf, 0x82, 0xe0, 0x83, 0xe1, 0x84, 0xe4, 0x85, 0xe5, 0x86, 0xe6, 0x87, /* ................ */
    0xe7, 0x88, 0xe8, 0x89, 0xe9, 0x8a, 0xec, 0x8b, 0xf1, 0x8c, 0xf2, 0x8d, 0xf3, 0x8e, 0xf6, 0x8f, /* ................ */
    0xf8, 0x90, 0xf9, 0x91, 0xfa, 0x92, 0xfc, 0x93, 0x00, 0x00, 0x00, 0x00, 0x00, 0x00, 0x00, 0x00, /* ................ */
    0x00, 0x00, 0x00, 0x00, 0x00, 0x00, 0x00, 0x00, 0x00, 0x00, 0x00, 0x00, 0x00, 0x00, 0x00, 0x00 /* ................ */
};

/* 0x00311320 - 320 bytes */
const unsigned char virtualKeyConvert[320] = {
    0x00, 0x00, 0xc8, 0xc8, 0xc9, 0xc9, 0x00, 0x00, 0xca, 0xca, 0xcb, 0xcb, 0xcc, 0xcc, 0x00, 0x00, /* ................ */
    0x7f, 0x7f, 0x09, 0x09, 0x00, 0x00, 0x00, 0x00, 0xba, 0x00, 0x0d, 0xbf, 0x00, 0x00, 0x00, 0x00, /* ................ */
    0xa0, 0xa0, 0x9f, 0x9f, 0x9e, 0x9e, 0x99, 0x99, 0x97, 0x97, 0x00, 0x00, 0x00, 0x00, 0x00, 0x00, /* ................ */
    0x00, 0x00, 0x00, 0x00, 0x00, 0x00, 0x1b, 0x1b, 0x00, 0x00, 0x00, 0x00, 0x00, 0x00, 0x00, 0x00, /* ................ */
    0x20, 0x20, 0xb8, 0xa4, 0xbe, 0xa3, 0xbc, 0xa6, 0xb6, 0xa5, 0xb9, 0x9c, 0xb7, 0x9a, 0xbb, 0x9d, /*   .............. */
    0xbd, 0x9b, 0x00, 0x00, 0x00, 0x00, 0x00, 0x00, 0x00, 0x00, 0xc0, 0xa1, 0xc1, 0xa2, 0x00, 0x00, /* ................ */
    0x30, 0x30, 0x31, 0x31, 0x32, 0x32, 0x33, 0x33, 0x34, 0x34, 0x35, 0x35, 0x36, 0x36, 0x37, 0x37, /* 0011223344556677 */
    0x38, 0x38, 0x39, 0x39, 0x00, 0x00, 0x00, 0x00, 0x00, 0x00, 0x00, 0x00, 0x00, 0x00, 0x00, 0x00, /* 8899............ */
    0x00, 0x00, 0x61, 0x61, 0x62, 0x62, 0x63, 0x63, 0x64, 0x64, 0x65, 0x65, 0x66, 0x66, 0x67, 0x67, /* ..aabbccddeeffgg */
    0x68, 0x68, 0x69, 0x69, 0x6a, 0x6a, 0x6b, 0x6b, 0x6c, 0x6c, 0x6d, 0x6d, 0x6e, 0x6e, 0x6f, 0x6f, /* hhiijjkkllmmnnoo */
    0x70, 0x70, 0x71, 0x71, 0x72, 0x72, 0x73, 0x73, 0x74, 0x74, 0x75, 0x75, 0x76, 0x76, 0x77, 0x77, /* ppqqrrssttuuvvww */
    0x78, 0x78, 0x79, 0x79, 0x7a, 0x7a, 0x00, 0x00, 0x00, 0x00, 0x00, 0x00, 0x00, 0x00, 0x00, 0x00, /* xxyyzz.......... */
    0xc0, 0xc0, 0xbc, 0xbc, 0xbd, 0xbd, 0xbe, 0xbe, 0xb9, 0xb9, 0xba, 0xba, 0xbb, 0xbb, 0xb6, 0xb6, /* ................ */
    0xb7, 0xb7, 0xb8, 0xb8, 0xc6, 0xc6, 0xc4, 0xc4, 0x00, 0x00, 0xc3, 0xc3, 0xc1, 0xc1, 0xc2, 0xc2, /* ................ */
    0xa7, 0xa7, 0xa8, 0xa8, 0xa9, 0xa9, 0xaa, 0xaa, 0xab, 0xab, 0xac, 0xac, 0xad, 0xad, 0xae, 0xae, /* ................ */
    0xaf, 0xaf, 0xb0, 0xb0, 0xb1, 0xb1, 0xb2, 0xb2, 0xb3, 0xb3, 0xb4, 0xb4, 0xb5, 0xb5, 0x00, 0x00, /* ................ */
    0x00, 0x00, 0x00, 0x00, 0x00, 0x00, 0x00, 0x00, 0x00, 0x00, 0x00, 0x00, 0x00, 0x00, 0x00, 0x00, /* ................ */
    0x00, 0x00, 0x00, 0x00, 0x00, 0x00, 0x00, 0x00, 0x00, 0x00, 0x00, 0x00, 0x00, 0x00, 0x00, 0x00, /* ................ */
    0xc5, 0xc5, 0x00, 0x00, 0x00, 0x00, 0x00, 0x00, 0x00, 0x00, 0x00, 0x00, 0x00, 0x00, 0x00, 0x00, /* ................ */
    0x00, 0x00, 0x00, 0x00, 0x00, 0x00, 0x00, 0x00, 0x00, 0x00, 0x00, 0x00, 0x00, 0x00, 0x00, 0x00 /* ................ */
};

/* 0x00311460 - 4 bytes */
const unsigned char yyout[4] = { 0x00, 0x00, 0x00, 0x00 };

/* 0x00311464 - 4 bytes */
const unsigned char yyin[4] = { 0x00, 0x00, 0x00, 0x00 };

/* 0x00311468 - 24 bytes */
const unsigned char yy_init[24] = {
    0x01, 0x00, 0x00, 0x00, 0x00, 0x00, 0x00, 0x00, 0x00, 0x00, 0x00, 0x00, 0x00, 0x00, 0x00, 0x00, /* ................ */
    0x00, 0x00, 0x00, 0x00, 0x00, 0x00, 0x00, 0x00 /* ........ */
};

/* 0x00311480 - 4 bytes */
const unsigned char kHighQualityKey[4] = { 0xbc, 0x8d, 0x22, 0x00 };

/* 0x00311484 - 4 bytes */
const unsigned char __ZN10CVAOPacket14sCurrentPacketE[4] = { 0x00, 0x00, 0x00, 0x00 };

/* 0x00311488 - 24 bytes */
const unsigned char __ZN10CVAOPacket10sVAOStatusE[24] = {
    0x00, 0x00, 0x00, 0x00, 0x00, 0x00, 0x00, 0x00, 0x00, 0x00, 0x00, 0x00, 0x00, 0x00, 0x00, 0x00, /* ................ */
    0x00, 0x00, 0x00, 0x00, 0x00, 0x00, 0x00, 0x00 /* ........ */
};

/* 0x003114a0 - 4 bytes */
const unsigned char __ZN12CSoundObject13sReadCallbackE[4] = { 0x00, 0x00, 0x00, 0x00 };

/* 0x003114a4 - 4 bytes */
const unsigned char __ZN12CSoundObject13sSeekCallbackE[4] = { 0x00, 0x00, 0x00, 0x00 };

/* 0x003114a8 - 4 bytes */
const unsigned char __ZN12CSoundObject14sCloseCallbackE[4] = { 0x00, 0x00, 0x00, 0x00 };

/* 0x003114ac - 20 bytes */
const unsigned char __ZN12CSoundObject13sOpenCallbackE[20] = {
    0x00, 0x00, 0x00, 0x00, 0x00, 0x00, 0x00, 0x00, 0x00, 0x00, 0x00, 0x00, 0x00, 0x00, 0x00, 0x00, /* ................ */
    0x00, 0x00, 0x00, 0x00 /* .... */
};

/* 0x003114c0 - 64 bytes */
const unsigned char frenchNumberKeysMap[64] = {
    0xf0, 0x67, 0x2a, 0x00, 0x08, 0x29, 0x22, 0x00, 0xf4, 0x67, 0x2a, 0x00, 0x20, 0x21, 0x22, 0x00, /* .g*..)"..g*. !". */
    0xf8, 0x67, 0x2a, 0x00, 0xe8, 0x21, 0x22, 0x00, 0x00, 0x29, 0x22, 0x00, 0xfc, 0x67, 0x2a, 0x00, /* .g*..!"..)"..g*. */
    0x00, 0x68, 0x2a, 0x00, 0x04, 0x68, 0x2a, 0x00, 0x00, 0x00, 0x00, 0x00, 0x00, 0x00, 0x00, 0x00, /* .h*..h*......... */
    0x00, 0x00, 0x00, 0x00, 0x00, 0x00, 0x00, 0x00, 0x00, 0x00, 0x00, 0x00, 0x00, 0x00, 0x00, 0x00 /* ................ */
};

/* 0x00311500 - 800 bytes */
const unsigned char keynames_localized[800] = {
    0x08, 0x68, 0x2a, 0x00, 0x09, 0x00, 0x00, 0x00, 0x10, 0x68, 0x2a, 0x00, 0x0d, 0x00, 0x00, 0x00, /* .h*......h*..... */
    0x1c, 0x68, 0x2a, 0x00, 0x1b, 0x00, 0x00, 0x00, 0x28, 0x68, 0x2a, 0x00, 0x20, 0x00, 0x00, 0x00, /* .h*.....(h*. ... */
    0x34, 0x68, 0x2a, 0x00, 0x7f, 0x00, 0x00, 0x00, 0x44, 0x68, 0x2a, 0x00, 0x9a, 0x00, 0x00, 0x00, /* 4h*.....Dh*..... */
    0x50, 0x68, 0x2a, 0x00, 0x9b, 0x00, 0x00, 0x00, 0x60, 0x68, 0x2a, 0x00, 0x9c, 0x00, 0x00, 0x00, /* Ph*.....`h*..... */
    0x70, 0x68, 0x2a, 0x00, 0x9d, 0x00, 0x00, 0x00, 0x80, 0x68, 0x2a, 0x00, 0x9e, 0x00, 0x00, 0x00, /* ph*......h*..... */
    0x88, 0x68, 0x2a, 0x00, 0x9f, 0x00, 0x00, 0x00, 0x94, 0x68, 0x2a, 0x00, 0xa0, 0x00, 0x00, 0x00, /* .h*......h*..... */
    0xa0, 0x68, 0x2a, 0x00, 0x97, 0x00, 0x00, 0x00, 0xb0, 0x68, 0x2a, 0x00, 0xa7, 0x00, 0x00, 0x00, /* .h*......h*..... */
    0xb8, 0x68, 0x2a, 0x00, 0xa8, 0x00, 0x00, 0x00, 0xc0, 0x68, 0x2a, 0x00, 0xa9, 0x00, 0x00, 0x00, /* .h*......h*..... */
    0xc8, 0x68, 0x2a, 0x00, 0xaa, 0x00, 0x00, 0x00, 0xd0, 0x68, 0x2a, 0x00, 0xab, 0x00, 0x00, 0x00, /* .h*......h*..... */
    0xd8, 0x68, 0x2a, 0x00, 0xac, 0x00, 0x00, 0x00, 0xe0, 0x68, 0x2a, 0x00, 0xad, 0x00, 0x00, 0x00, /* .h*......h*..... */
    0xe8, 0x68, 0x2a, 0x00, 0xae, 0x00, 0x00, 0x00, 0xf0, 0x68, 0x2a, 0x00, 0xaf, 0x00, 0x00, 0x00, /* .h*......h*..... */
    0xf8, 0x68, 0x2a, 0x00, 0xb0, 0x00, 0x00, 0x00, 0x00, 0x69, 0x2a, 0x00, 0xb1, 0x00, 0x00, 0x00, /* .h*......i*..... */
    0x08, 0x69, 0x2a, 0x00, 0xb2, 0x00, 0x00, 0x00, 0x10, 0x69, 0x2a, 0x00, 0xb3, 0x00, 0x00, 0x00, /* .i*......i*..... */
    0x18, 0x69, 0x2a, 0x00, 0xb4, 0x00, 0x00, 0x00, 0x20, 0x69, 0x2a, 0x00, 0xb5, 0x00, 0x00, 0x00, /* .i*..... i*..... */
    0x28, 0x69, 0x2a, 0x00, 0xa1, 0x00, 0x00, 0x00, 0x30, 0x69, 0x2a, 0x00, 0xa2, 0x00, 0x00, 0x00, /* (i*.....0i*..... */
    0x38, 0x69, 0x2a, 0x00, 0xa3, 0x00, 0x00, 0x00, 0x44, 0x69, 0x2a, 0x00, 0xa4, 0x00, 0x00, 0x00, /* 8i*.....Di*..... */
    0x50, 0x69, 0x2a, 0x00, 0xa5, 0x00, 0x00, 0x00, 0x5c, 0x69, 0x2a, 0x00, 0xa6, 0x00, 0x00, 0x00, /* Pi*.....\i*..... */
    0x64, 0x69, 0x2a, 0x00, 0xc8, 0x00, 0x00, 0x00, 0x70, 0x69, 0x2a, 0x00, 0xc9, 0x00, 0x00, 0x00, /* di*.....pi*..... */
    0x7c, 0x69, 0x2a, 0x00, 0xca, 0x00, 0x00, 0x00, 0x88, 0x69, 0x2a, 0x00, 0xcb, 0x00, 0x00, 0x00, /* |i*......i*..... */
    0x94, 0x69, 0x2a, 0x00, 0xcc, 0x00, 0x00, 0x00, 0xa0, 0x69, 0x2a, 0x00, 0xce, 0x00, 0x00, 0x00, /* .i*......i*..... */
    0xb0, 0x69, 0x2a, 0x00, 0xcd, 0x00, 0x00, 0x00, 0xc0, 0x69, 0x2a, 0x00, 0xcf, 0x00, 0x00, 0x00, /* .i*......i*..... */
    0xcc, 0x69, 0x2a, 0x00, 0xd0, 0x00, 0x00, 0x00, 0xd8, 0x69, 0x2a, 0x00, 0xd1, 0x00, 0x00, 0x00, /* .i*......i*..... */
    0xe4, 0x69, 0x2a, 0x00, 0xd2, 0x00, 0x00, 0x00, 0xf0, 0x69, 0x2a, 0x00, 0xd3, 0x00, 0x00, 0x00, /* .i*......i*..... */
    0xfc, 0x69, 0x2a, 0x00, 0xd4, 0x00, 0x00, 0x00, 0x08, 0x6a, 0x2a, 0x00, 0xd5, 0x00, 0x00, 0x00, /* .i*......j*..... */
    0x14, 0x6a, 0x2a, 0x00, 0xd6, 0x00, 0x00, 0x00, 0x20, 0x6a, 0x2a, 0x00, 0xd7, 0x00, 0x00, 0x00, /* .j*..... j*..... */
    0x2c, 0x6a, 0x2a, 0x00, 0xd8, 0x00, 0x00, 0x00, 0x38, 0x6a, 0x2a, 0x00, 0xd9, 0x00, 0x00, 0x00, /* ,j*.....8j*..... */
    0x44, 0x6a, 0x2a, 0x00, 0xda, 0x00, 0x00, 0x00, 0x50, 0x6a, 0x2a, 0x00, 0xdb, 0x00, 0x00, 0x00, /* Dj*.....Pj*..... */
    0x5c, 0x6a, 0x2a, 0x00, 0xdc, 0x00, 0x00, 0x00, 0x68, 0x6a, 0x2a, 0x00, 0xdd, 0x00, 0x00, 0x00, /* \j*.....hj*..... */
    0x74, 0x6a, 0x2a, 0x00, 0xde, 0x00, 0x00, 0x00, 0x80, 0x6a, 0x2a, 0x00, 0xb6, 0x00, 0x00, 0x00, /* tj*......j*..... */
    0x8c, 0x6a, 0x2a, 0x00, 0xb7, 0x00, 0x00, 0x00, 0x9c, 0x6a, 0x2a, 0x00, 0xb8, 0x00, 0x00, 0x00, /* .j*......j*..... */
    0xa8, 0x6a, 0x2a, 0x00, 0xb9, 0x00, 0x00, 0x00, 0xbc, 0x6a, 0x2a, 0x00, 0xba, 0x00, 0x00, 0x00, /* .j*......j*..... */
    0xc8, 0x6a, 0x2a, 0x00, 0xbb, 0x00, 0x00, 0x00, 0xdc, 0x6a, 0x2a, 0x00, 0xbc, 0x00, 0x00, 0x00, /* .j*......j*..... */
    0xe8, 0x6a, 0x2a, 0x00, 0xbd, 0x00, 0x00, 0x00, 0xfc, 0x6a, 0x2a, 0x00, 0xbe, 0x00, 0x00, 0x00, /* .j*......j*..... */
    0x08, 0x6b, 0x2a, 0x00, 0xbf, 0x00, 0x00, 0x00, 0x18, 0x6b, 0x2a, 0x00, 0xc0, 0x00, 0x00, 0x00, /* .k*......k*..... */
    0x24, 0x6b, 0x2a, 0x00, 0xc1, 0x00, 0x00, 0x00, 0x30, 0x6b, 0x2a, 0x00, 0xc2, 0x00, 0x00, 0x00, /* $k*.....0k*..... */
    0x40, 0x6b, 0x2a, 0x00, 0xc3, 0x00, 0x00, 0x00, 0x50, 0x6b, 0x2a, 0x00, 0xc4, 0x00, 0x00, 0x00, /* @k*.....Pk*..... */
    0x5c, 0x6b, 0x2a, 0x00, 0xc5, 0x00, 0x00, 0x00, 0x6c, 0x6b, 0x2a, 0x00, 0xc6, 0x00, 0x00, 0x00, /* \k*.....lk*..... */
    0x78, 0x6b, 0x2a, 0x00, 0xc7, 0x00, 0x00, 0x00, 0x88, 0x6b, 0x2a, 0x00, 0x99, 0x00, 0x00, 0x00, /* xk*......k*..... */
    0x94, 0x6b, 0x2a, 0x00, 0x3b, 0x00, 0x00, 0x00, 0xa4, 0x6b, 0x2a, 0x00, 0x96, 0x00, 0x00, 0x00, /* .k*.;....k*..... */
    0xb0, 0x6b, 0x2a, 0x00, 0x80, 0x00, 0x00, 0x00, 0xb4, 0x6b, 0x2a, 0x00, 0x81, 0x00, 0x00, 0x00, /* .k*......k*..... */
    0xb8, 0x6b, 0x2a, 0x00, 0x82, 0x00, 0x00, 0x00, 0xf0, 0x67, 0x2a, 0x00, 0x83, 0x00, 0x00, 0x00, /* .k*......g*..... */
    0xbc, 0x6b, 0x2a, 0x00, 0x84, 0x00, 0x00, 0x00, 0xc0, 0x6b, 0x2a, 0x00, 0x85, 0x00, 0x00, 0x00, /* .k*......k*..... */
    0xc4, 0x6b, 0x2a, 0x00, 0x86, 0x00, 0x00, 0x00, 0xc8, 0x6b, 0x2a, 0x00, 0x87, 0x00, 0x00, 0x00, /* .k*......k*..... */
    0x04, 0x68, 0x2a, 0x00, 0x88, 0x00, 0x00, 0x00, 0xfc, 0x67, 0x2a, 0x00, 0x89, 0x00, 0x00, 0x00, /* .h*......g*..... */
    0xf4, 0x67, 0x2a, 0x00, 0x8a, 0x00, 0x00, 0x00, 0xcc, 0x6b, 0x2a, 0x00, 0x8b, 0x00, 0x00, 0x00, /* .g*......k*..... */
    0xd0, 0x6b, 0x2a, 0x00, 0x8c, 0x00, 0x00, 0x00, 0xd4, 0x6b, 0x2a, 0x00, 0x8d, 0x00, 0x00, 0x00, /* .k*......k*..... */
    0xd8, 0x6b, 0x2a, 0x00, 0x8e, 0x00, 0x00, 0x00, 0xdc, 0x6b, 0x2a, 0x00, 0x8f, 0x00, 0x00, 0x00, /* .k*......k*..... */
    0xe0, 0x6b, 0x2a, 0x00, 0x90, 0x00, 0x00, 0x00, 0xe4, 0x6b, 0x2a, 0x00, 0x91, 0x00, 0x00, 0x00, /* .k*......k*..... */
    0xe8, 0x6b, 0x2a, 0x00, 0x92, 0x00, 0x00, 0x00, 0xec, 0x6b, 0x2a, 0x00, 0x93, 0x00, 0x00, 0x00, /* .k*......k*..... */
    0x00, 0x00, 0x00, 0x00, 0x00, 0x00, 0x00, 0x00, 0x00, 0x00, 0x00, 0x00, 0x00, 0x00, 0x00, 0x00 /* ................ */
};

/* 0x00311820 - 792 bytes */
const unsigned char keynames[792] = {
    0xf0, 0x6b, 0x2a, 0x00, 0x09, 0x00, 0x00, 0x00, 0xf4, 0x6b, 0x2a, 0x00, 0x0d, 0x00, 0x00, 0x00, /* .k*......k*..... */
    0xfc, 0x6b, 0x2a, 0x00, 0x1b, 0x00, 0x00, 0x00, 0x04, 0x6c, 0x2a, 0x00, 0x20, 0x00, 0x00, 0x00, /* .k*......l*. ... */
    0x0c, 0x6c, 0x2a, 0x00, 0x7f, 0x00, 0x00, 0x00, 0x18, 0x6c, 0x2a, 0x00, 0x9a, 0x00, 0x00, 0x00, /* .l*......l*..... */
    0x20, 0x6c, 0x2a, 0x00, 0x9b, 0x00, 0x00, 0x00, 0x2c, 0x6c, 0x2a, 0x00, 0x9c, 0x00, 0x00, 0x00, /*  l*.....,l*..... */
    0x38, 0x6c, 0x2a, 0x00, 0x9d, 0x00, 0x00, 0x00, 0x44, 0x6c, 0x2a, 0x00, 0x9e, 0x00, 0x00, 0x00, /* 8l*.....Dl*..... */
    0x48, 0x6c, 0x2a, 0x00, 0x9f, 0x00, 0x00, 0x00, 0x50, 0x6c, 0x2a, 0x00, 0xa0, 0x00, 0x00, 0x00, /* Hl*.....Pl*..... */
    0x58, 0x6c, 0x2a, 0x00, 0x97, 0x00, 0x00, 0x00, 0x64, 0x6c, 0x2a, 0x00, 0xa7, 0x00, 0x00, 0x00, /* Xl*.....dl*..... */
    0x68, 0x6c, 0x2a, 0x00, 0xa8, 0x00, 0x00, 0x00, 0x6c, 0x6c, 0x2a, 0x00, 0xa9, 0x00, 0x00, 0x00, /* hl*.....ll*..... */
    0x70, 0x6c, 0x2a, 0x00, 0xaa, 0x00, 0x00, 0x00, 0x74, 0x6c, 0x2a, 0x00, 0xab, 0x00, 0x00, 0x00, /* pl*.....tl*..... */
    0x78, 0x6c, 0x2a, 0x00, 0xac, 0x00, 0x00, 0x00, 0x7c, 0x6c, 0x2a, 0x00, 0xad, 0x00, 0x00, 0x00, /* xl*.....|l*..... */
    0x80, 0x6c, 0x2a, 0x00, 0xae, 0x00, 0x00, 0x00, 0x84, 0x6c, 0x2a, 0x00, 0xaf, 0x00, 0x00, 0x00, /* .l*......l*..... */
    0x88, 0x6c, 0x2a, 0x00, 0xb0, 0x00, 0x00, 0x00, 0x8c, 0x6c, 0x2a, 0x00, 0xb1, 0x00, 0x00, 0x00, /* .l*......l*..... */
    0x90, 0x6c, 0x2a, 0x00, 0xb2, 0x00, 0x00, 0x00, 0x94, 0x6c, 0x2a, 0x00, 0xb3, 0x00, 0x00, 0x00, /* .l*......l*..... */
    0x98, 0x6c, 0x2a, 0x00, 0xb4, 0x00, 0x00, 0x00, 0x9c, 0x6c, 0x2a, 0x00, 0xb5, 0x00, 0x00, 0x00, /* .l*......l*..... */
    0xa0, 0x6c, 0x2a, 0x00, 0xa1, 0x00, 0x00, 0x00, 0xa4, 0x6c, 0x2a, 0x00, 0xa2, 0x00, 0x00, 0x00, /* .l*......l*..... */
    0xa8, 0x6c, 0x2a, 0x00, 0xa3, 0x00, 0x00, 0x00, 0xb0, 0x6c, 0x2a, 0x00, 0xa4, 0x00, 0x00, 0x00, /* .l*......l*..... */
    0xb8, 0x6c, 0x2a, 0x00, 0xa5, 0x00, 0x00, 0x00, 0xc0, 0x6c, 0x2a, 0x00, 0xa6, 0x00, 0x00, 0x00, /* .l*......l*..... */
    0xc4, 0x6c, 0x2a, 0x00, 0xc8, 0x00, 0x00, 0x00, 0xcc, 0x6c, 0x2a, 0x00, 0xc9, 0x00, 0x00, 0x00, /* .l*......l*..... */
    0xd4, 0x6c, 0x2a, 0x00, 0xca, 0x00, 0x00, 0x00, 0xdc, 0x6c, 0x2a, 0x00, 0xcb, 0x00, 0x00, 0x00, /* .l*......l*..... */
    0xe4, 0x6c, 0x2a, 0x00, 0xcc, 0x00, 0x00, 0x00, 0xec, 0x6c, 0x2a, 0x00, 0xce, 0x00, 0x00, 0x00, /* .l*......l*..... */
    0xf8, 0x6c, 0x2a, 0x00, 0xcd, 0x00, 0x00, 0x00, 0x04, 0x6d, 0x2a, 0x00, 0xcf, 0x00, 0x00, 0x00, /* .l*......m*..... */
    0x0c, 0x6d, 0x2a, 0x00, 0xd0, 0x00, 0x00, 0x00, 0x14, 0x6d, 0x2a, 0x00, 0xd1, 0x00, 0x00, 0x00, /* .m*......m*..... */
    0x1c, 0x6d, 0x2a, 0x00, 0xd2, 0x00, 0x00, 0x00, 0x24, 0x6d, 0x2a, 0x00, 0xd3, 0x00, 0x00, 0x00, /* .m*.....$m*..... */
    0x2c, 0x6d, 0x2a, 0x00, 0xd4, 0x00, 0x00, 0x00, 0x34, 0x6d, 0x2a, 0x00, 0xd5, 0x00, 0x00, 0x00, /* ,m*.....4m*..... */
    0x3c, 0x6d, 0x2a, 0x00, 0xd6, 0x00, 0x00, 0x00, 0x44, 0x6d, 0x2a, 0x00, 0xd7, 0x00, 0x00, 0x00, /* <m*.....Dm*..... */
    0x4c, 0x6d, 0x2a, 0x00, 0xd8, 0x00, 0x00, 0x00, 0x54, 0x6d, 0x2a, 0x00, 0xd9, 0x00, 0x00, 0x00, /* Lm*.....Tm*..... */
    0x5c, 0x6d, 0x2a, 0x00, 0xda, 0x00, 0x00, 0x00, 0x64, 0x6d, 0x2a, 0x00, 0xdb, 0x00, 0x00, 0x00, /* \m*.....dm*..... */
    0x6c, 0x6d, 0x2a, 0x00, 0xdc, 0x00, 0x00, 0x00, 0x74, 0x6d, 0x2a, 0x00, 0xdd, 0x00, 0x00, 0x00, /* lm*.....tm*..... */
    0x7c, 0x6d, 0x2a, 0x00, 0xde, 0x00, 0x00, 0x00, 0x84, 0x6d, 0x2a, 0x00, 0xb6, 0x00, 0x00, 0x00, /* |m*......m*..... */
    0x8c, 0x6d, 0x2a, 0x00, 0xb7, 0x00, 0x00, 0x00, 0x98, 0x6d, 0x2a, 0x00, 0xb8, 0x00, 0x00, 0x00, /* .m*......m*..... */
    0xa0, 0x6d, 0x2a, 0x00, 0xb9, 0x00, 0x00, 0x00, 0xb0, 0x6d, 0x2a, 0x00, 0xba, 0x00, 0x00, 0x00, /* .m*......m*..... */
    0xb8, 0x6d, 0x2a, 0x00, 0xbb, 0x00, 0x00, 0x00, 0xc8, 0x6d, 0x2a, 0x00, 0xbc, 0x00, 0x00, 0x00, /* .m*......m*..... */
    0xd0, 0x6d, 0x2a, 0x00, 0xbd, 0x00, 0x00, 0x00, 0xe0, 0x6d, 0x2a, 0x00, 0xbe, 0x00, 0x00, 0x00, /* .m*......m*..... */
    0xe8, 0x6d, 0x2a, 0x00, 0xbf, 0x00, 0x00, 0x00, 0xf4, 0x6d, 0x2a, 0x00, 0xc0, 0x00, 0x00, 0x00, /* .m*......m*..... */
    0xfc, 0x6d, 0x2a, 0x00, 0xc1, 0x00, 0x00, 0x00, 0x04, 0x6e, 0x2a, 0x00, 0xc2, 0x00, 0x00, 0x00, /* .m*......n*..... */
    0x10, 0x6e, 0x2a, 0x00, 0xc3, 0x00, 0x00, 0x00, 0x1c, 0x6e, 0x2a, 0x00, 0xc4, 0x00, 0x00, 0x00, /* .n*......n*..... */
    0x24, 0x6e, 0x2a, 0x00, 0xc5, 0x00, 0x00, 0x00, 0x30, 0x6e, 0x2a, 0x00, 0xc6, 0x00, 0x00, 0x00, /* $n*.....0n*..... */
    0x38, 0x6e, 0x2a, 0x00, 0xc7, 0x00, 0x00, 0x00, 0x44, 0x6e, 0x2a, 0x00, 0x99, 0x00, 0x00, 0x00, /* 8n*.....Dn*..... */
    0x4c, 0x6e, 0x2a, 0x00, 0x3b, 0x00, 0x00, 0x00, 0x58, 0x6e, 0x2a, 0x00, 0x96, 0x00, 0x00, 0x00, /* Ln*.;...Xn*..... */
    0x60, 0x6e, 0x2a, 0x00, 0x80, 0x00, 0x00, 0x00, 0x64, 0x6e, 0x2a, 0x00, 0x81, 0x00, 0x00, 0x00, /* `n*.....dn*..... */
    0x68, 0x6e, 0x2a, 0x00, 0x82, 0x00, 0x00, 0x00, 0x6c, 0x6e, 0x2a, 0x00, 0x83, 0x00, 0x00, 0x00, /* hn*.....ln*..... */
    0x70, 0x6e, 0x2a, 0x00, 0x84, 0x00, 0x00, 0x00, 0x74, 0x6e, 0x2a, 0x00, 0x85, 0x00, 0x00, 0x00, /* pn*.....tn*..... */
    0x78, 0x6e, 0x2a, 0x00, 0x86, 0x00, 0x00, 0x00, 0x7c, 0x6e, 0x2a, 0x00, 0x87, 0x00, 0x00, 0x00, /* xn*.....|n*..... */
    0x80, 0x6e, 0x2a, 0x00, 0x88, 0x00, 0x00, 0x00, 0x84, 0x6e, 0x2a, 0x00, 0x89, 0x00, 0x00, 0x00, /* .n*......n*..... */
    0x88, 0x6e, 0x2a, 0x00, 0x8a, 0x00, 0x00, 0x00, 0x8c, 0x6e, 0x2a, 0x00, 0x8b, 0x00, 0x00, 0x00, /* .n*......n*..... */
    0x90, 0x6e, 0x2a, 0x00, 0x8c, 0x00, 0x00, 0x00, 0x94, 0x6e, 0x2a, 0x00, 0x8d, 0x00, 0x00, 0x00, /* .n*......n*..... */
    0x98, 0x6e, 0x2a, 0x00, 0x8e, 0x00, 0x00, 0x00, 0x9c, 0x6e, 0x2a, 0x00, 0x8f, 0x00, 0x00, 0x00, /* .n*......n*..... */
    0xa0, 0x6e, 0x2a, 0x00, 0x90, 0x00, 0x00, 0x00, 0xa4, 0x6e, 0x2a, 0x00, 0x91, 0x00, 0x00, 0x00, /* .n*......n*..... */
    0xa8, 0x6e, 0x2a, 0x00, 0x92, 0x00, 0x00, 0x00, 0xac, 0x6e, 0x2a, 0x00, 0x93, 0x00, 0x00, 0x00, /* .n*......n*..... */
    0x00, 0x00, 0x00, 0x00, 0x00, 0x00, 0x00, 0x00 /* ........ */
};

/* 0x00311b38 - 4 bytes */
const unsigned char keys[4] = { 0x24, 0x91, 0x21, 0x01 };

/* 0x00311b3c - 4 bytes */
const unsigned char anykeydown[4] = { 0x20, 0x91, 0x21, 0x01 };

/* 0x00311b40 - 4 bytes */
const unsigned char key_overstrikeMode[4] = { 0x1c, 0x91, 0x21, 0x01 };

/* 0x00311b44 - 4 bytes */
const unsigned char chat_team[4] = { 0x18, 0x91, 0x21, 0x01 };

/* 0x00311b48 - 24 bytes */
const unsigned char chatField[24] = {
    0x00, 0x90, 0x21, 0x01, 0x00, 0x00, 0x00, 0x00, 0x00, 0x00, 0x00, 0x00, 0x00, 0x00, 0x00, 0x00, /* ..!............. */
    0x00, 0x00, 0x00, 0x00, 0x00, 0x00, 0x00, 0x00 /* ........ */
};

/* 0x00311b60 - 32 bytes */
const unsigned char sv_serverId_value[32] = {
    0x00, 0x00, 0x00, 0x00, 0x00, 0x00, 0x00, 0x00, 0x00, 0x00, 0x00, 0x00, 0x00, 0x00, 0x00, 0x00, /* ................ */
    0x00, 0x00, 0x00, 0x00, 0x00, 0x00, 0x00, 0x00, 0x00, 0x00, 0x00, 0x00, 0x00, 0x00, 0x00, 0x00 /* ................ */
};

/* 0x00311b80 - 108 bytes */
const unsigned char cg_soundRoomTypes[108] = {
    0x0c, 0x8e, 0x21, 0x00, 0x14, 0x8e, 0x21, 0x00, 0x20, 0x8e, 0x21, 0x00, 0x28, 0x8e, 0x21, 0x00, /* ..!...!. .!.(.!. */
    0x34, 0x8e, 0x21, 0x00, 0x40, 0x8e, 0x21, 0x00, 0x4c, 0x8e, 0x21, 0x00, 0x58, 0x8e, 0x21, 0x00, /* 4.!.@.!.L.!.X.!. */
    0x64, 0x8e, 0x21, 0x00, 0x6c, 0x8e, 0x21, 0x00, 0x74, 0x8e, 0x21, 0x00, 0x7c, 0x8e, 0x21, 0x00, /* d.!.l.!.t.!.|.!. */
    0x8c, 0x8e, 0x21, 0x00, 0x94, 0x8e, 0x21, 0x00, 0xa4, 0x8e, 0x21, 0x00, 0xac, 0x8e, 0x21, 0x00, /* ..!...!...!...!. */
    0xb4, 0x8e, 0x21, 0x00, 0xbc, 0x8e, 0x21, 0x00, 0xc8, 0x8e, 0x21, 0x00, 0xd0, 0x8e, 0x21, 0x00, /* ..!...!...!...!. */
    0xd8, 0x8e, 0x21, 0x00, 0xe4, 0x8e, 0x21, 0x00, 0xf0, 0x8e, 0x21, 0x00, 0xfc, 0x8e, 0x21, 0x00, /* ..!...!...!...!. */
    0x04, 0x8f, 0x21, 0x00, 0x0c, 0x8f, 0x21, 0x00, 0x00, 0x00, 0x00, 0x00 /* ..!...!..... */
};

/* 0x00311bec - 20 bytes */
const unsigned char cg_drawSoundOverlayStrings[20] = {
    0x40, 0x1b, 0x22, 0x00, 0x20, 0x75, 0x2a, 0x00, 0x24, 0x75, 0x2a, 0x00, 0x2c, 0x75, 0x2a, 0x00, /* @.". u*.$u*.,u*. */
    0x00, 0x00, 0x00, 0x00 /* .... */
};

/* 0x00311c00 - 32 bytes */
const unsigned char cg_drawFpsNames[32] = {
    0x30, 0x75, 0x2a, 0x00, 0x34, 0x75, 0x2a, 0x00, 0x3c, 0x75, 0x2a, 0x00, 0x44, 0x75, 0x2a, 0x00, /* 0u*.4u*.<u*.Du*. */
    0x00, 0x00, 0x00, 0x00, 0x00, 0x00, 0x00, 0x00, 0x00, 0x00, 0x00, 0x00, 0x00, 0x00, 0x00, 0x00 /* ................ */
};

/* 0x00311c20 - 32 bytes */
const unsigned char cl_shownet[32] = {
    0x00, 0x00, 0x00, 0x00, 0x00, 0x00, 0x00, 0x00, 0x00, 0x00, 0x00, 0x00, 0x00, 0x00, 0x00, 0x00, /* ................ */
    0x00, 0x00, 0x00, 0x00, 0x00, 0x00, 0x00, 0x00, 0x00, 0x00, 0x00, 0x00, 0x00, 0x00, 0x00, 0x00 /* ................ */
};

/* 0x00311c40 - 288 bytes */
const unsigned char boxVerts[288] = {
    0x00, 0x00, 0x00, 0x00, 0x00, 0x00, 0x00, 0x00, 0x00, 0x00, 0x00, 0x00, 0x01, 0x00, 0x00, 0x00, /* ................ */
    0x00, 0x00, 0x00, 0x00, 0x00, 0x00, 0x00, 0x00, 0x00, 0x00, 0x00, 0x00, 0x00, 0x00, 0x00, 0x00, /* ................ */
    0x00, 0x00, 0x00, 0x00, 0x00, 0x00, 0x00, 0x00, 0x01, 0x00, 0x00, 0x00, 0x00, 0x00, 0x00, 0x00, /* ................ */
    0x01, 0x00, 0x00, 0x00, 0x01, 0x00, 0x00, 0x00, 0x00, 0x00, 0x00, 0x00, 0x01, 0x00, 0x00, 0x00, /* ................ */
    0x00, 0x00, 0x00, 0x00, 0x00, 0x00, 0x00, 0x00, 0x01, 0x00, 0x00, 0x00, 0x01, 0x00, 0x00, 0x00, /* ................ */
    0x00, 0x00, 0x00, 0x00, 0x00, 0x00, 0x00, 0x00, 0x01, 0x00, 0x00, 0x00, 0x00, 0x00, 0x00, 0x00, /* ................ */
    0x00, 0x00, 0x00, 0x00, 0x00, 0x00, 0x00, 0x00, 0x01, 0x00, 0x00, 0x00, 0x01, 0x00, 0x00, 0x00, /* ................ */
    0x00, 0x00, 0x00, 0x00, 0x01, 0x00, 0x00, 0x00, 0x00, 0x00, 0x00, 0x00, 0x00, 0x00, 0x00, 0x00, /* ................ */
    0x01, 0x00, 0x00, 0x00, 0x00, 0x00, 0x00, 0x00, 0x01, 0x00, 0x00, 0x00, 0x01, 0x00, 0x00, 0x00, /* ................ */
    0x01, 0x00, 0x00, 0x00, 0x01, 0x00, 0x00, 0x00, 0x01, 0x00, 0x00, 0x00, 0x01, 0x00, 0x00, 0x00, /* ................ */
    0x00, 0x00, 0x00, 0x00, 0x01, 0x00, 0x00, 0x00, 0x01, 0x00, 0x00, 0x00, 0x01, 0x00, 0x00, 0x00, /* ................ */
    0x01, 0x00, 0x00, 0x00, 0x00, 0x00, 0x00, 0x00, 0x01, 0x00, 0x00, 0x00, 0x01, 0x00, 0x00, 0x00, /* ................ */
    0x00, 0x00, 0x00, 0x00, 0x00, 0x00, 0x00, 0x00, 0x00, 0x00, 0x00, 0x00, 0x00, 0x00, 0x00, 0x00, /* ................ */
    0x00, 0x00, 0x00, 0x00, 0x01, 0x00, 0x00, 0x00, 0x01, 0x00, 0x00, 0x00, 0x00, 0x00, 0x00, 0x00, /* ................ */
    0x00, 0x00, 0x00, 0x00, 0x01, 0x00, 0x00, 0x00, 0x00, 0x00, 0x00, 0x00, 0x01, 0x00, 0x00, 0x00, /* ................ */
    0x00, 0x00, 0x00, 0x00, 0x01, 0x00, 0x00, 0x00, 0x00, 0x00, 0x00, 0x00, 0x00, 0x00, 0x00, 0x00, /* ................ */
    0x01, 0x00, 0x00, 0x00, 0x01, 0x00, 0x00, 0x00, 0x01, 0x00, 0x00, 0x00, 0x01, 0x00, 0x00, 0x00, /* ................ */
    0x00, 0x00, 0x00, 0x00, 0x01, 0x00, 0x00, 0x00, 0x01, 0x00, 0x00, 0x00, 0x01, 0x00, 0x00, 0x00 /* ................ */
};

/* 0x00311d60 - 276 bytes */
const unsigned char serverStatusDvars[276] = {
    0x4c, 0x71, 0x2a, 0x00, 0xb8, 0x9a, 0x2a, 0x00, 0x00, 0x00, 0x00, 0x00, 0xd0, 0x9a, 0x2a, 0x00, /* Lq*...*.......*. */
    0xd8, 0x9a, 0x2a, 0x00, 0x00, 0x00, 0x00, 0x00, 0xf0, 0x9a, 0x2a, 0x00, 0xf8, 0x9a, 0x2a, 0x00, /* ..*.......*...*. */
    0x01, 0x00, 0x00, 0x00, 0x10, 0x9b, 0x2a, 0x00, 0x1c, 0x9b, 0x2a, 0x00, 0x00, 0x00, 0x00, 0x00, /* ......*...*..... */
    0x00, 0x71, 0x2a, 0x00, 0x34, 0x9b, 0x2a, 0x00, 0x00, 0x00, 0x00, 0x00, 0xf0, 0x71, 0x2a, 0x00, /* .q*.4.*......q*. */
    0x4c, 0x9b, 0x2a, 0x00, 0x01, 0x00, 0x00, 0x00, 0x24, 0x71, 0x2a, 0x00, 0x60, 0x9b, 0x2a, 0x00, /* L.*.....$q*.`.*. */
    0x00, 0x00, 0x00, 0x00, 0xfc, 0x68, 0x21, 0x00, 0x74, 0x9b, 0x2a, 0x00, 0x00, 0x00, 0x00, 0x00, /* .....h!.t.*..... */
    0x18, 0x71, 0x2a, 0x00, 0x8c, 0x9b, 0x2a, 0x00, 0x00, 0x00, 0x00, 0x00, 0xa4, 0x9b, 0x2a, 0x00, /* .q*...*.......*. */
    0xb0, 0x9b, 0x2a, 0x00, 0x00, 0x00, 0x00, 0x00, 0xc8, 0x9b, 0x2a, 0x00, 0xd4, 0x9b, 0x2a, 0x00, /* ..*.......*...*. */
    0x00, 0x00, 0x00, 0x00, 0xec, 0x9b, 0x2a, 0x00, 0xf8, 0x9b, 0x2a, 0x00, 0x00, 0x00, 0x00, 0x00, /* ......*...*..... */
    0x10, 0x9c, 0x2a, 0x00, 0x20, 0x9c, 0x2a, 0x00, 0x01, 0x00, 0x00, 0x00, 0x3c, 0x9c, 0x2a, 0x00, /* ..*. .*.....<.*. */
    0x50, 0x9c, 0x2a, 0x00, 0x00, 0x00, 0x00, 0x00, 0xdc, 0x70, 0x2a, 0x00, 0x68, 0x9c, 0x2a, 0x00, /* P.*......p*.h.*. */
    0x00, 0x00, 0x00, 0x00, 0x80, 0x9c, 0x2a, 0x00, 0x94, 0x9c, 0x2a, 0x00, 0x00, 0x00, 0x00, 0x00, /* ......*...*..... */
    0xb0, 0x9c, 0x2a, 0x00, 0xc4, 0x9c, 0x2a, 0x00, 0x00, 0x00, 0x00, 0x00, 0x64, 0x6d, 0x21, 0x00, /* ..*...*.....dm!. */
    0xe0, 0x9c, 0x2a, 0x00, 0x00, 0x00, 0x00, 0x00, 0xf4, 0x9c, 0x2a, 0x00, 0xf8, 0x9c, 0x2a, 0x00, /* ..*.......*...*. */
    0x01, 0x00, 0x00, 0x00, 0x04, 0x9d, 0x2a, 0x00, 0x10, 0x9d, 0x2a, 0x00, 0x01, 0x00, 0x00, 0x00, /* ......*...*..... */
    0x28, 0x9d, 0x2a, 0x00, 0x34, 0x9d, 0x2a, 0x00, 0x01, 0x00, 0x00, 0x00, 0xc8, 0x71, 0x2a, 0x00, /* (.*.4.*......q*. */
    0x4c, 0x9d, 0x2a, 0x00, 0x01, 0x00, 0x00, 0x00, 0x00, 0x00, 0x00, 0x00, 0x00, 0x00, 0x00, 0x00, /* L.*............. */
    0x00, 0x00, 0x00, 0x00 /* .... */
};

/* 0x00311e74 - 12 bytes */
const unsigned char uiInfo[12] = { 0x00, 0x3a, 0x68, 0x01, 0x00, 0x00, 0x00, 0x00, 0x00, 0x00, 0x00, 0x00 };

/* 0x00311e80 - 48 bytes */
const unsigned char MonthAbbrev[48] = {
    0x68, 0x9d, 0x2a, 0x00, 0x80, 0x9d, 0x2a, 0x00, 0x98, 0x9d, 0x2a, 0x00, 0xac, 0x9d, 0x2a, 0x00, /* h.*...*...*...*. */
    0xc0, 0x9d, 0x2a, 0x00, 0xd4, 0x9d, 0x2a, 0x00, 0xe8, 0x9d, 0x2a, 0x00, 0xfc, 0x9d, 0x2a, 0x00, /* ..*...*...*...*. */
    0x14, 0x9e, 0x2a, 0x00, 0x2c, 0x9e, 0x2a, 0x00, 0x44, 0x9e, 0x2a, 0x00, 0x5c, 0x9e, 0x2a, 0x00 /* ..*.,.*.D.*.\.*. */
};

/* 0x00311eb0 - 12 bytes */
const unsigned char netSources[12] = { 0x74, 0x9e, 0x2a, 0x00, 0x80, 0x9e, 0x2a, 0x00, 0x90, 0x9e, 0x2a, 0x00 };

/* 0x00311ebc - 4 bytes */
const unsigned char lastColumn[4] = { 0xff, 0xff, 0xff, 0xff };

/* 0x00311ec0 - 320 bytes */
const unsigned char tleEstimates[320] = {
    0x3c, 0x00, 0x00, 0x00, 0x3c, 0x00, 0x00, 0x00, 0x3c, 0x00, 0x00, 0x00, 0x3c, 0x00, 0x00, 0x00, /* <...<...<...<... */
    0x3c, 0x00, 0x00, 0x00, 0x3c, 0x00, 0x00, 0x00, 0x3c, 0x00, 0x00, 0x00, 0x3c, 0x00, 0x00, 0x00, /* <...<...<...<... */
    0x3c, 0x00, 0x00, 0x00, 0x3c, 0x00, 0x00, 0x00, 0x3c, 0x00, 0x00, 0x00, 0x3c, 0x00, 0x00, 0x00, /* <...<...<...<... */
    0x3c, 0x00, 0x00, 0x00, 0x3c, 0x00, 0x00, 0x00, 0x3c, 0x00, 0x00, 0x00, 0x3c, 0x00, 0x00, 0x00, /* <...<...<...<... */
    0x3c, 0x00, 0x00, 0x00, 0x3c, 0x00, 0x00, 0x00, 0x3c, 0x00, 0x00, 0x00, 0x3c, 0x00, 0x00, 0x00, /* <...<...<...<... */
    0x3c, 0x00, 0x00, 0x00, 0x3c, 0x00, 0x00, 0x00, 0x3c, 0x00, 0x00, 0x00, 0x3c, 0x00, 0x00, 0x00, /* <...<...<...<... */
    0x3c, 0x00, 0x00, 0x00, 0x3c, 0x00, 0x00, 0x00, 0x3c, 0x00, 0x00, 0x00, 0x3c, 0x00, 0x00, 0x00, /* <...<...<...<... */
    0x3c, 0x00, 0x00, 0x00, 0x3c, 0x00, 0x00, 0x00, 0x3c, 0x00, 0x00, 0x00, 0x3c, 0x00, 0x00, 0x00, /* <...<...<...<... */
    0x3c, 0x00, 0x00, 0x00, 0x3c, 0x00, 0x00, 0x00, 0x3c, 0x00, 0x00, 0x00, 0x3c, 0x00, 0x00, 0x00, /* <...<...<...<... */
    0x3c, 0x00, 0x00, 0x00, 0x3c, 0x00, 0x00, 0x00, 0x3c, 0x00, 0x00, 0x00, 0x3c, 0x00, 0x00, 0x00, /* <...<...<...<... */
    0x3c, 0x00, 0x00, 0x00, 0x3c, 0x00, 0x00, 0x00, 0x3c, 0x00, 0x00, 0x00, 0x3c, 0x00, 0x00, 0x00, /* <...<...<...<... */
    0x3c, 0x00, 0x00, 0x00, 0x3c, 0x00, 0x00, 0x00, 0x3c, 0x00, 0x00, 0x00, 0x3c, 0x00, 0x00, 0x00, /* <...<...<...<... */
    0x3c, 0x00, 0x00, 0x00, 0x3c, 0x00, 0x00, 0x00, 0x3c, 0x00, 0x00, 0x00, 0x3c, 0x00, 0x00, 0x00, /* <...<...<...<... */
    0x3c, 0x00, 0x00, 0x00, 0x3c, 0x00, 0x00, 0x00, 0x3c, 0x00, 0x00, 0x00, 0x3c, 0x00, 0x00, 0x00, /* <...<...<...<... */
    0x3c, 0x00, 0x00, 0x00, 0x3c, 0x00, 0x00, 0x00, 0x3c, 0x00, 0x00, 0x00, 0x3c, 0x00, 0x00, 0x00, /* <...<...<...<... */
    0x3c, 0x00, 0x00, 0x00, 0x3c, 0x00, 0x00, 0x00, 0x3c, 0x00, 0x00, 0x00, 0x3c, 0x00, 0x00, 0x00, /* <...<...<...<... */
    0x3c, 0x00, 0x00, 0x00, 0x3c, 0x00, 0x00, 0x00, 0x3c, 0x00, 0x00, 0x00, 0x3c, 0x00, 0x00, 0x00, /* <...<...<...<... */
    0x3c, 0x00, 0x00, 0x00, 0x3c, 0x00, 0x00, 0x00, 0x3c, 0x00, 0x00, 0x00, 0x3c, 0x00, 0x00, 0x00, /* <...<...<...<... */
    0x3c, 0x00, 0x00, 0x00, 0x3c, 0x00, 0x00, 0x00, 0x3c, 0x00, 0x00, 0x00, 0x3c, 0x00, 0x00, 0x00, /* <...<...<...<... */
    0x3c, 0x00, 0x00, 0x00, 0x3c, 0x00, 0x00, 0x00, 0x3c, 0x00, 0x00, 0x00, 0x3c, 0x00, 0x00, 0x00 /* <...<...<...<... */
};

/* 0x00312000 - 15 bytes */
const unsigned char xferText[15] = { 0x45, 0x58, 0x45, 0x5f, 0x54, 0x52, 0x41, 0x4e, 0x53, 0x5f, 0x52, 0x41, 0x54, 0x45, 0x00 };

/* 0x0031200f - 18 bytes */
const unsigned char etaText[18] = {
    0x45, 0x58, 0x45, 0x5f, 0x45, 0x53, 0x54, 0x5f, 0x54, 0x49, 0x4d, 0x45, 0x5f, 0x4c, 0x45, 0x46, /* EXE_EST_TIME_LEF */
    0x54, 0x00 /* T. */
};

/* 0x00312021 - 31 bytes */
const unsigned char dlText[31] = {
    0x45, 0x58, 0x45, 0x5f, 0x44, 0x4f, 0x57, 0x4e, 0x4c, 0x4f, 0x41, 0x44, 0x49, 0x4e, 0x47, 0x00, /* EXE_DOWNLOADING. */
    0x00, 0x00, 0x00, 0x00, 0x00, 0x00, 0x00, 0x00, 0x00, 0x00, 0x00, 0x00, 0x00, 0x00, 0x00 /* ............... */
};

/* 0x00312040 - 4 bytes */
const unsigned char g_qport[4] = { 0x00, 0x00, 0x00, 0x00 };

/* 0x00312044 - 28 bytes */
const unsigned char netsrcString[28] = {
    0x28, 0xb0, 0x2a, 0x00, 0x30, 0xb0, 0x2a, 0x00, 0x00, 0x00, 0x00, 0x00, 0x00, 0x00, 0x00, 0x00, /* (.*.0.*......... */
    0x00, 0x00, 0x00, 0x00, 0x00, 0x00, 0x00, 0x00, 0x00, 0x00, 0x00, 0x00 /* ............ */
};

/* 0x00312060 - 4 bytes */
const unsigned char g_console_char_height[4] = { 0x00, 0x00, 0x80, 0x41 };

/* 0x00312064 - 28 bytes */
const unsigned char g_console_field_width[28] = {
    0x6c, 0x02, 0x00, 0x00, 0x00, 0x00, 0x00, 0x00, 0x00, 0x00, 0x00, 0x00, 0x00, 0x00, 0x00, 0x00, /* l............... */
    0x00, 0x00, 0x00, 0x00, 0x00, 0x00, 0x00, 0x00, 0x00, 0x00, 0x00, 0x00 /* ............ */
};

/* 0x00312080 - 32 bytes */
const unsigned char scriptCommandCount[32] = {
    0x1c, 0x00, 0x00, 0x00, 0x00, 0x00, 0x00, 0x00, 0x00, 0x00, 0x00, 0x00, 0x00, 0x00, 0x00, 0x00, /* ................ */
    0x00, 0x00, 0x00, 0x00, 0x00, 0x00, 0x00, 0x00, 0x00, 0x00, 0x00, 0x00, 0x00, 0x00, 0x00, 0x00 /* ................ */
};

/* 0x003120a0 - 224 bytes */
const unsigned char commandList[224] = {
    0xc4, 0xbd, 0x2a, 0x00, 0x64, 0x42, 0x16, 0x00, 0xcc, 0xbd, 0x2a, 0x00, 0xb6, 0x42, 0x16, 0x00, /* ..*.dB....*..B.. */
    0xd4, 0xbd, 0x2a, 0x00, 0xc0, 0x41, 0x16, 0x00, 0xdc, 0xbd, 0x2a, 0x00, 0x12, 0x42, 0x16, 0x00, /* ..*..A....*..B.. */
    0xe4, 0xbd, 0x2a, 0x00, 0xee, 0x3e, 0x16, 0x00, 0xf0, 0xbd, 0x2a, 0x00, 0x50, 0xd3, 0x16, 0x00, /* ..*..>....*.P... */
    0xf8, 0xbd, 0x2a, 0x00, 0xe8, 0xd3, 0x16, 0x00, 0x08, 0xbe, 0x2a, 0x00, 0x98, 0x7b, 0x16, 0x00, /* ..*.......*..{.. */
    0x1c, 0xbe, 0x2a, 0x00, 0x46, 0x7c, 0x16, 0x00, 0x24, 0xbe, 0x2a, 0x00, 0x96, 0xd4, 0x16, 0x00, /* ..*.F|..$.*..... */
    0x30, 0xbe, 0x2a, 0x00, 0xde, 0x7c, 0x16, 0x00, 0x3c, 0xbe, 0x2a, 0x00, 0xe6, 0x3f, 0x16, 0x00, /* 0.*..|..<.*..?.. */
    0x4c, 0xbe, 0x2a, 0x00, 0x62, 0x6c, 0x16, 0x00, 0x5c, 0xbe, 0x2a, 0x00, 0x34, 0xa3, 0x16, 0x00, /* L.*.bl..\.*.4... */
    0x68, 0xbe, 0x2a, 0x00, 0x54, 0xa2, 0x16, 0x00, 0x78, 0xbe, 0x2a, 0x00, 0x1e, 0x78, 0x16, 0x00, /* h.*.T...x.*..x.. */
    0x84, 0xbe, 0x2a, 0x00, 0x08, 0x43, 0x16, 0x00, 0x60, 0x90, 0x21, 0x00, 0x02, 0x76, 0x16, 0x00, /* ..*..C..`.!..v.. */
    0x8c, 0xbe, 0x2a, 0x00, 0x76, 0x43, 0x16, 0x00, 0x94, 0xbe, 0x2a, 0x00, 0x24, 0x45, 0x16, 0x00, /* ..*.vC....*.$E.. */
    0xac, 0xbe, 0x2a, 0x00, 0x40, 0x45, 0x16, 0x00, 0xc0, 0xbe, 0x2a, 0x00, 0x5c, 0x45, 0x16, 0x00, /* ..*.@E....*.\E.. */
    0xd8, 0xbe, 0x2a, 0x00, 0x78, 0x45, 0x16, 0x00, 0xf4, 0xbe, 0x2a, 0x00, 0x90, 0x45, 0x16, 0x00, /* ..*.xE....*..E.. */
    0x0c, 0xbf, 0x2a, 0x00, 0xa8, 0x45, 0x16, 0x00, 0x24, 0xbf, 0x2a, 0x00, 0xc0, 0x45, 0x16, 0x00, /* ..*..E..$.*..E.. */
    0x2c, 0xbf, 0x2a, 0x00, 0xc6, 0x7a, 0x16, 0x00, 0x34, 0xbf, 0x2a, 0x00, 0xfc, 0x45, 0x16, 0x00 /* ,.*..z..4.*..E.. */
};

/* 0x00312180 - 4 bytes */
const unsigned char g_editItem[4] = { 0x00, 0x00, 0x00, 0x00 };

/* 0x00312184 - 4 bytes */
const unsigned char g_editingField[4] = { 0x00, 0x00, 0x00, 0x00 };

/* 0x00312188 - 24 bytes */
const unsigned char g_waitingForKey[24] = {
    0x00, 0x00, 0x00, 0x00, 0x00, 0x00, 0x00, 0x00, 0x00, 0x00, 0x00, 0x00, 0x00, 0x00, 0x00, 0x00, /* ................ */
    0x00, 0x00, 0x00, 0x00, 0x00, 0x00, 0x00, 0x00 /* ........ */
};

/* 0x003121a0 - 1120 bytes */
const unsigned char g_bindings[1120] = {
    0x48, 0xbf, 0x2a, 0x00, 0xff, 0xff, 0xff, 0xff, 0xff, 0xff, 0xff, 0xff, 0xff, 0xff, 0xff, 0xff, /* H.*............. */
    0xff, 0xff, 0xff, 0xff, 0x50, 0xbf, 0x2a, 0x00, 0xc9, 0x00, 0x00, 0x00, 0xff, 0xff, 0xff, 0xff, /* ....P.*......... */
    0xff, 0xff, 0xff, 0xff, 0xff, 0xff, 0xff, 0xff, 0x58, 0xbf, 0x2a, 0x00, 0x77, 0x00, 0x00, 0x00, /* ........X.*.w... */
    0xff, 0xff, 0xff, 0xff, 0xff, 0xff, 0xff, 0xff, 0xff, 0xff, 0xff, 0xff, 0x64, 0xbf, 0x2a, 0x00, /* ............d.*. */
    0x73, 0x00, 0x00, 0x00, 0xff, 0xff, 0xff, 0xff, 0xff, 0xff, 0xff, 0xff, 0xff, 0xff, 0xff, 0xff, /* s............... */
    0x6c, 0xbf, 0x2a, 0x00, 0x2c, 0x00, 0x00, 0x00, 0xff, 0xff, 0xff, 0xff, 0xff, 0xff, 0xff, 0xff, /* l.*.,........... */
    0xff, 0xff, 0xff, 0xff, 0x78, 0xbf, 0x2a, 0x00, 0x2e, 0x00, 0x00, 0x00, 0xff, 0xff, 0xff, 0xff, /* ....x.*......... */
    0xff, 0xff, 0xff, 0xff, 0xff, 0xff, 0xff, 0xff, 0x84, 0xbf, 0x2a, 0x00, 0x20, 0x00, 0x00, 0x00, /* ..........*. ... */
    0xff, 0xff, 0xff, 0xff, 0xff, 0xff, 0xff, 0xff, 0xff, 0xff, 0xff, 0xff, 0x8c, 0xbf, 0x2a, 0x00, /* ..............*. */
    0x63, 0x00, 0x00, 0x00, 0xff, 0xff, 0xff, 0xff, 0xff, 0xff, 0xff, 0xff, 0xff, 0xff, 0xff, 0xff, /* c............... */
    0x98, 0xbf, 0x2a, 0x00, 0x9c, 0x00, 0x00, 0x00, 0xff, 0xff, 0xff, 0xff, 0xff, 0xff, 0xff, 0xff, /* ..*............. */
    0xff, 0xff, 0xff, 0xff, 0xa0, 0xbf, 0x2a, 0x00, 0x9d, 0x00, 0x00, 0x00, 0xff, 0xff, 0xff, 0xff, /* ......*......... */
    0xff, 0xff, 0xff, 0xff, 0xff, 0xff, 0xff, 0xff, 0xa8, 0xbf, 0x2a, 0x00, 0x9e, 0x00, 0x00, 0x00, /* ..........*..... */
    0xff, 0xff, 0xff, 0xff, 0xff, 0xff, 0xff, 0xff, 0xff, 0xff, 0xff, 0xff, 0xb0, 0xbf, 0x2a, 0x00, /* ..............*. */
    0xa3, 0x00, 0x00, 0x00, 0xff, 0xff, 0xff, 0xff, 0xff, 0xff, 0xff, 0xff, 0xff, 0xff, 0xff, 0xff, /* ................ */
    0xb8, 0xbf, 0x2a, 0x00, 0xa2, 0x00, 0x00, 0x00, 0xff, 0xff, 0xff, 0xff, 0xff, 0xff, 0xff, 0xff, /* ..*............. */
    0xff, 0xff, 0xff, 0xff, 0xc4, 0xbf, 0x2a, 0x00, 0x2f, 0x00, 0x00, 0x00, 0xff, 0xff, 0xff, 0xff, /* ......*./....... */
    0xff, 0xff, 0xff, 0xff, 0xff, 0xff, 0xff, 0xff, 0xcc, 0xbf, 0x2a, 0x00, 0xa6, 0x00, 0x00, 0x00, /* ..........*..... */
    0xff, 0xff, 0xff, 0xff, 0xff, 0xff, 0xff, 0xff, 0xff, 0xff, 0xff, 0xff, 0xd8, 0xbf, 0x2a, 0x00, /* ..............*. */
    0x9f, 0x00, 0x00, 0x00, 0xff, 0xff, 0xff, 0xff, 0xff, 0xff, 0xff, 0xff, 0xff, 0xff, 0xff, 0xff, /* ................ */
    0xe0, 0xbf, 0x2a, 0x00, 0xcd, 0x00, 0x00, 0x00, 0xff, 0xff, 0xff, 0xff, 0xff, 0xff, 0xff, 0xff, /* ..*............. */
    0xff, 0xff, 0xff, 0xff, 0xec, 0xbf, 0x2a, 0x00, 0xce, 0x00, 0x00, 0x00, 0xff, 0xff, 0xff, 0xff, /* ......*......... */
    0xff, 0xff, 0xff, 0xff, 0xff, 0xff, 0xff, 0xff, 0xf8, 0xbf, 0x2a, 0x00, 0xff, 0xff, 0xff, 0xff, /* ..........*..... */
    0xff, 0xff, 0xff, 0xff, 0xff, 0xff, 0xff, 0xff, 0xff, 0xff, 0xff, 0xff, 0x00, 0xc0, 0x2a, 0x00, /* ..............*. */
    0xff, 0xff, 0xff, 0xff, 0xff, 0xff, 0xff, 0xff, 0xff, 0xff, 0xff, 0xff, 0xff, 0xff, 0xff, 0xff, /* ................ */
    0x08, 0xc0, 0x2a, 0x00, 0xff, 0xff, 0xff, 0xff, 0xff, 0xff, 0xff, 0xff, 0xff, 0xff, 0xff, 0xff, /* ..*............. */
    0xff, 0xff, 0xff, 0xff, 0x14, 0xc0, 0x2a, 0x00, 0xff, 0xff, 0xff, 0xff, 0xff, 0xff, 0xff, 0xff, /* ......*......... */
    0xff, 0xff, 0xff, 0xff, 0xff, 0xff, 0xff, 0xff, 0x90, 0xb8, 0x2a, 0x00, 0xff, 0xff, 0xff, 0xff, /* ..........*..... */
    0xff, 0xff, 0xff, 0xff, 0xff, 0xff, 0xff, 0xff, 0xff, 0xff, 0xff, 0xff, 0xa0, 0xb8, 0x2a, 0x00, /* ..............*. */
    0xff, 0xff, 0xff, 0xff, 0xff, 0xff, 0xff, 0xff, 0xff, 0xff, 0xff, 0xff, 0xff, 0xff, 0xff, 0xff, /* ................ */
    0x20, 0xc0, 0x2a, 0x00, 0xff, 0xff, 0xff, 0xff, 0xff, 0xff, 0xff, 0xff, 0xff, 0xff, 0xff, 0xff, /*  .*............. */
    0xff, 0xff, 0xff, 0xff, 0x2c, 0xc0, 0x2a, 0x00, 0xff, 0xff, 0xff, 0xff, 0xff, 0xff, 0xff, 0xff, /* ....,.*......... */
    0xff, 0xff, 0xff, 0xff, 0xff, 0xff, 0xff, 0xff, 0x34, 0xc0, 0x2a, 0x00, 0xa7, 0x00, 0x00, 0x00, /* ........4.*..... */
    0xff, 0xff, 0xff, 0xff, 0xff, 0xff, 0xff, 0xff, 0xff, 0xff, 0xff, 0xff, 0x3c, 0xc0, 0x2a, 0x00, /* ............<.*. */
    0xff, 0xff, 0xff, 0xff, 0xff, 0xff, 0xff, 0xff, 0xff, 0xff, 0xff, 0xff, 0xff, 0xff, 0xff, 0xff, /* ................ */
    0x48, 0xc0, 0x2a, 0x00, 0xff, 0xff, 0xff, 0xff, 0xff, 0xff, 0xff, 0xff, 0xff, 0xff, 0xff, 0xff, /* H.*............. */
    0xff, 0xff, 0xff, 0xff, 0x54, 0xc0, 0x2a, 0x00, 0xff, 0xff, 0xff, 0xff, 0xff, 0xff, 0xff, 0xff, /* ....T.*......... */
    0xff, 0xff, 0xff, 0xff, 0xff, 0xff, 0xff, 0xff, 0x60, 0xc0, 0x2a, 0x00, 0xff, 0xff, 0xff, 0xff, /* ........`.*..... */
    0xff, 0xff, 0xff, 0xff, 0xff, 0xff, 0xff, 0xff, 0xff, 0xff, 0xff, 0xff, 0x6c, 0xc0, 0x2a, 0x00, /* ............l.*. */
    0xff, 0xff, 0xff, 0xff, 0xff, 0xff, 0xff, 0xff, 0xff, 0xff, 0xff, 0xff, 0xff, 0xff, 0xff, 0xff, /* ................ */
    0x74, 0xc0, 0x2a, 0x00, 0xff, 0xff, 0xff, 0xff, 0xff, 0xff, 0xff, 0xff, 0xff, 0xff, 0xff, 0xff, /* t.*............. */
    0xff, 0xff, 0xff, 0xff, 0x84, 0xc0, 0x2a, 0x00, 0x31, 0x00, 0x00, 0x00, 0xff, 0xff, 0xff, 0xff, /* ......*.1....... */
    0xff, 0xff, 0xff, 0xff, 0xff, 0xff, 0xff, 0xff, 0x98, 0xc0, 0x2a, 0x00, 0x32, 0x00, 0x00, 0x00, /* ..........*.2... */
    0xff, 0xff, 0xff, 0xff, 0xff, 0xff, 0xff, 0xff, 0xff, 0xff, 0xff, 0xff, 0xac, 0xc0, 0x2a, 0x00, /* ..............*. */
    0xff, 0xff, 0xff, 0xff, 0xff, 0xff, 0xff, 0xff, 0xff, 0xff, 0xff, 0xff, 0xff, 0xff, 0xff, 0xff, /* ................ */
    0xb8, 0xc0, 0x2a, 0x00, 0xff, 0xff, 0xff, 0xff, 0xff, 0xff, 0xff, 0xff, 0xff, 0xff, 0xff, 0xff, /* ..*............. */
    0xff, 0xff, 0xff, 0xff, 0xcc, 0xc0, 0x2a, 0x00, 0xff, 0xff, 0xff, 0xff, 0xff, 0xff, 0xff, 0xff, /* ......*......... */
    0xff, 0xff, 0xff, 0xff, 0xff, 0xff, 0xff, 0xff, 0xd4, 0xc0, 0x2a, 0x00, 0xff, 0xff, 0xff, 0xff, /* ..........*..... */
    0xff, 0xff, 0xff, 0xff, 0xff, 0xff, 0xff, 0xff, 0xff, 0xff, 0xff, 0xff, 0xe0, 0xc0, 0x2a, 0x00, /* ..............*. */
    0xff, 0xff, 0xff, 0xff, 0xff, 0xff, 0xff, 0xff, 0xff, 0xff, 0xff, 0xff, 0xff, 0xff, 0xff, 0xff, /* ................ */
    0xf0, 0xc0, 0x2a, 0x00, 0xff, 0xff, 0xff, 0xff, 0xff, 0xff, 0xff, 0xff, 0xff, 0xff, 0xff, 0xff, /* ..*............. */
    0xff, 0xff, 0xff, 0xff, 0xf8, 0xc0, 0x2a, 0x00, 0xff, 0xff, 0xff, 0xff, 0xff, 0xff, 0xff, 0xff, /* ......*......... */
    0xff, 0xff, 0xff, 0xff, 0xff, 0xff, 0xff, 0xff, 0x00, 0xc1, 0x2a, 0x00, 0xff, 0xff, 0xff, 0xff, /* ..........*..... */
    0xff, 0xff, 0xff, 0xff, 0xff, 0xff, 0xff, 0xff, 0xff, 0xff, 0xff, 0xff, 0x0c, 0xc1, 0x2a, 0x00, /* ..............*. */
    0xff, 0xff, 0xff, 0xff, 0xff, 0xff, 0xff, 0xff, 0xff, 0xff, 0xff, 0xff, 0xff, 0xff, 0xff, 0xff, /* ................ */
    0x18, 0xc1, 0x2a, 0x00, 0xff, 0xff, 0xff, 0xff, 0xff, 0xff, 0xff, 0xff, 0xff, 0xff, 0xff, 0xff, /* ..*............. */
    0xff, 0xff, 0xff, 0xff, 0x28, 0xc1, 0x2a, 0x00, 0xff, 0xff, 0xff, 0xff, 0xff, 0xff, 0xff, 0xff, /* ....(.*......... */
    0xff, 0xff, 0xff, 0xff, 0xff, 0xff, 0xff, 0xff, 0x34, 0xc1, 0x2a, 0x00, 0xff, 0xff, 0xff, 0xff, /* ........4.*..... */
    0xff, 0xff, 0xff, 0xff, 0xff, 0xff, 0xff, 0xff, 0xff, 0xff, 0xff, 0xff, 0x3c, 0xc1, 0x2a, 0x00, /* ............<.*. */
    0xff, 0xff, 0xff, 0xff, 0xff, 0xff, 0xff, 0xff, 0xff, 0xff, 0xff, 0xff, 0xff, 0xff, 0xff, 0xff, /* ................ */
    0x48, 0xc1, 0x2a, 0x00, 0xff, 0xff, 0xff, 0xff, 0xff, 0xff, 0xff, 0xff, 0xff, 0xff, 0xff, 0xff, /* H.*............. */
    0xff, 0xff, 0xff, 0xff, 0x54, 0xc1, 0x2a, 0x00, 0xff, 0xff, 0xff, 0xff, 0xff, 0xff, 0xff, 0xff, /* ....T.*......... */
    0xff, 0xff, 0xff, 0xff, 0xff, 0xff, 0xff, 0xff, 0x60, 0xc1, 0x2a, 0x00, 0xff, 0xff, 0xff, 0xff, /* ........`.*..... */
    0xff, 0xff, 0xff, 0xff, 0xff, 0xff, 0xff, 0xff, 0xff, 0xff, 0xff, 0xff, 0x6c, 0xc1, 0x2a, 0x00, /* ............l.*. */
    0xff, 0xff, 0xff, 0xff, 0xff, 0xff, 0xff, 0xff, 0xff, 0xff, 0xff, 0xff, 0xff, 0xff, 0xff, 0xff, /* ................ */
    0x74, 0xc1, 0x2a, 0x00, 0xff, 0xff, 0xff, 0xff, 0xff, 0xff, 0xff, 0xff, 0xff, 0xff, 0xff, 0xff, /* t.*............. */
    0xff, 0xff, 0xff, 0xff, 0x08, 0x56, 0x22, 0x00, 0xff, 0xff, 0xff, 0xff, 0xff, 0xff, 0xff, 0xff, /* .....V"......... */
    0xff, 0xff, 0xff, 0xff, 0xff, 0xff, 0xff, 0xff, 0x80, 0xc1, 0x2a, 0x00, 0xff, 0xff, 0xff, 0xff, /* ..........*..... */
    0xff, 0xff, 0xff, 0xff, 0xff, 0xff, 0xff, 0xff, 0xff, 0xff, 0xff, 0xff, 0x90, 0xc1, 0x2a, 0x00, /* ..............*. */
    0xff, 0xff, 0xff, 0xff, 0xff, 0xff, 0xff, 0xff, 0xff, 0xff, 0xff, 0xff, 0xff, 0xff, 0xff, 0xff /* ................ */
};

/* 0x00312600 - 4 bytes */
const unsigned char updateScreenCalled[4] = { 0x00, 0x00, 0x00, 0x00 };

/* 0x00312604 - 28 bytes */
const unsigned char szShotName[28] = {
    0x00, 0xcd, 0x2a, 0x00, 0x04, 0xcd, 0x2a, 0x00, 0x08, 0xcd, 0x2a, 0x00, 0x0c, 0xcd, 0x2a, 0x00, /* ..*...*...*...*. */
    0x10, 0xcd, 0x2a, 0x00, 0x14, 0xcd, 0x2a, 0x00, 0x00, 0x00, 0x00, 0x00 /* ..*...*..... */
};

/* 0x00312620 - 1024 bytes */
const unsigned char msg_hData[1024] = {
    0xcb, 0xd1, 0x03, 0x00, 0xe9, 0xa0, 0x00, 0x00, 0x94, 0x18, 0x00, 0x00, 0xc2, 0x1b, 0x00, 0x00, /* ................ */
    0x92, 0x0e, 0x00, 0x00, 0xa6, 0x0e, 0x00, 0x00, 0xde, 0x17, 0x00, 0x00, 0xf3, 0x5a, 0x00, 0x00, /* .............Z.. */
    0x25, 0x82, 0x00, 0x00, 0x26, 0x1b, 0x00, 0x00, 0x9e, 0x1e, 0x00, 0x00, 0xf2, 0x25, 0x00, 0x00, /* %...&........%.. */
    0x29, 0x24, 0x00, 0x00, 0x6b, 0x43, 0x00, 0x00, 0x6d, 0x0f, 0x00, 0x00, 0xf2, 0x06, 0x00, 0x00, /* )$..kC..m....... */
    0x60, 0x20, 0x00, 0x00, 0x44, 0x06, 0x00, 0x00, 0x36, 0x06, 0x00, 0x00, 0x7f, 0x06, 0x00, 0x00, /* ` ..D...6....... */
    0x4c, 0x04, 0x00, 0x00, 0xbd, 0x04, 0x00, 0x00, 0xd6, 0x04, 0x00, 0x00, 0x6e, 0x04, 0x00, 0x00, /* L...........n... */
    0xd5, 0x06, 0x00, 0x00, 0x23, 0x04, 0x00, 0x00, 0xde, 0x04, 0x00, 0x00, 0x7d, 0x04, 0x00, 0x00, /* ....#.......}... */
    0xf9, 0x04, 0x00, 0x00, 0x86, 0x11, 0x00, 0x00, 0xf5, 0x0a, 0x00, 0x00, 0x90, 0x0d, 0x00, 0x00, /* ................ */
    0x3b, 0x55, 0x00, 0x00, 0x87, 0x04, 0x00, 0x00, 0x86, 0x06, 0x00, 0x00, 0x2a, 0x04, 0x00, 0x00, /* ;U..........*... */
    0x13, 0x04, 0x00, 0x00, 0xf4, 0x03, 0x00, 0x00, 0x1d, 0x04, 0x00, 0x00, 0x2e, 0x04, 0x00, 0x00, /* ................ */
    0xbe, 0x06, 0x00, 0x00, 0x78, 0x03, 0x00, 0x00, 0x9c, 0x04, 0x00, 0x00, 0x52, 0x03, 0x00, 0x00, /* ....x.......R... */
    0xc0, 0x03, 0x00, 0x00, 0x0c, 0x03, 0x00, 0x00, 0xd8, 0x06, 0x00, 0x00, 0xe0, 0x0c, 0x00, 0x00, /* ................ */
    0x86, 0x29, 0x00, 0x00, 0xa2, 0x11, 0x00, 0x00, 0xf9, 0x16, 0x00, 0x00, 0x7d, 0x0a, 0x00, 0x00, /* .)..........}... */
    0x2a, 0x12, 0x00, 0x00, 0xfd, 0x0e, 0x00, 0x00, 0x2d, 0x08, 0x00, 0x00, 0x4b, 0x07, 0x00, 0x00, /* *.......-...K... */
    0x18, 0x0a, 0x00, 0x00, 0x9d, 0x07, 0x00, 0x00, 0xb4, 0x07, 0x00, 0x00, 0xac, 0x03, 0x00, 0x00, /* ................ */
    0x6e, 0x04, 0x00, 0x00, 0xfc, 0x06, 0x00, 0x00, 0x86, 0x06, 0x00, 0x00, 0xb6, 0x04, 0x00, 0x00, /* n............... */
    0x57, 0x16, 0x00, 0x00, 0xf0, 0x17, 0x00, 0x00, 0x36, 0x1c, 0x00, 0x00, 0xfe, 0x19, 0x00, 0x00, /* W.......6....... */
    0x7e, 0x0e, 0x00, 0x00, 0xd3, 0x0e, 0x00, 0x00, 0xd4, 0x05, 0x00, 0x00, 0xf4, 0x05, 0x00, 0x00, /* ~............... */
    0xa7, 0x08, 0x00, 0x00, 0x74, 0x04, 0x00, 0x00, 0x4b, 0x05, 0x00, 0x00, 0xcb, 0x03, 0x00, 0x00, /* ....t...K....... */
    0x84, 0x08, 0x00, 0x00, 0xe0, 0x04, 0x00, 0x00, 0x30, 0x05, 0x00, 0x00, 0xab, 0x04, 0x00, 0x00, /* ........0....... */
    0xea, 0x06, 0x00, 0x00, 0x36, 0x04, 0x00, 0x00, 0xf0, 0x04, 0x00, 0x00, 0xf2, 0x04, 0x00, 0x00, /* ....6........... */
    0x90, 0x04, 0x00, 0x00, 0xc5, 0x03, 0x00, 0x00, 0x83, 0x04, 0x00, 0x00, 0xa2, 0x04, 0x00, 0x00, /* ................ */
    0x43, 0x05, 0x00, 0x00, 0xcc, 0x04, 0x00, 0x00, 0xf9, 0x05, 0x00, 0x00, 0x40, 0x06, 0x00, 0x00, /* C...........@... */
    0x39, 0x0a, 0x00, 0x00, 0x00, 0x08, 0x00, 0x00, 0xf2, 0x09, 0x00, 0x00, 0xcb, 0x0c, 0x00, 0x00, /* 9............... */
    0x6a, 0x09, 0x00, 0x00, 0x01, 0x0e, 0x00, 0x00, 0xc8, 0x09, 0x00, 0x00, 0xf0, 0x0a, 0x00, 0x00, /* j............... */
    0x73, 0x0a, 0x00, 0x00, 0x02, 0x18, 0x00, 0x00, 0x4f, 0x0e, 0x00, 0x00, 0x18, 0x0b, 0x00, 0x00, /* s.......O....... */
    0xad, 0x37, 0x00, 0x00, 0x5c, 0x0c, 0x00, 0x00, 0xad, 0x08, 0x00, 0x00, 0x97, 0x06, 0x00, 0x00, /* .7..\........... */
    0x88, 0x0c, 0x00, 0x00, 0xb3, 0x0a, 0x00, 0x00, 0xb8, 0x0d, 0x00, 0x00, 0xbc, 0x12, 0x00, 0x00, /* ................ */
    0xfb, 0x0f, 0x00, 0x00, 0xbb, 0x0d, 0x00, 0x00, 0xa8, 0x14, 0x00, 0x00, 0xb0, 0x0f, 0x00, 0x00, /* ................ */
    0x01, 0x1f, 0x00, 0x00, 0x8f, 0x17, 0x00, 0x00, 0xf0, 0x14, 0x00, 0x00, 0x54, 0x0f, 0x00, 0x00, /* ............T... */
    0x1c, 0x13, 0x00, 0x00, 0x9f, 0x0e, 0x00, 0x00, 0xd6, 0x11, 0x00, 0x00, 0xc7, 0x12, 0x00, 0x00, /* ................ */
    0xdc, 0x16, 0x00, 0x00, 0x00, 0x19, 0x00, 0x00, 0x51, 0x18, 0x00, 0x00, 0x63, 0x20, 0x00, 0x00, /* ........Q...c .. */
    0xcb, 0x5a, 0x00, 0x00, 0x9e, 0x1e, 0x00, 0x00, 0xa1, 0x1b, 0x00, 0x00, 0xe7, 0x22, 0x00, 0x00, /* .Z...........".. */
    0x3d, 0x15, 0x00, 0x00, 0x83, 0x11, 0x00, 0x00, 0x39, 0x0e, 0x00, 0x00, 0x88, 0x14, 0x00, 0x00, /* =.......9....... */
    0xc0, 0x14, 0x00, 0x00, 0xd0, 0x14, 0x00, 0x00, 0xfa, 0x14, 0x00, 0x00, 0xa4, 0x0d, 0x00, 0x00, /* ................ */
    0x9a, 0x09, 0x00, 0x00, 0x9e, 0x06, 0x00, 0x00, 0x1d, 0x07, 0x00, 0x00, 0x49, 0x08, 0x00, 0x00, /* ............I... */
    0x7c, 0x07, 0x00, 0x00, 0x7d, 0x04, 0x00, 0x00, 0xec, 0x05, 0x00, 0x00, 0x57, 0x05, 0x00, 0x00, /* |...}.......W... */
    0xd4, 0x04, 0x00, 0x00, 0x05, 0x04, 0x00, 0x00, 0xea, 0x04, 0x00, 0x00, 0x50, 0x04, 0x00, 0x00, /* ............P... */
    0xdd, 0x04, 0x00, 0x00, 0xee, 0x03, 0x00, 0x00, 0x7d, 0x04, 0x00, 0x00, 0x01, 0x04, 0x00, 0x00, /* ........}....... */
    0xd9, 0x04, 0x00, 0x00, 0xb8, 0x03, 0x00, 0x00, 0x07, 0x05, 0x00, 0x00, 0xe5, 0x03, 0x00, 0x00, /* ................ */
    0xb1, 0x06, 0x00, 0x00, 0xf1, 0x03, 0x00, 0x00, 0xa3, 0x04, 0x00, 0x00, 0x6f, 0x03, 0x00, 0x00, /* ............o... */
    0x4b, 0x04, 0x00, 0x00, 0xa1, 0x03, 0x00, 0x00, 0x36, 0x04, 0x00, 0x00, 0xb7, 0x03, 0x00, 0x00, /* K.......6....... */
    0x78, 0x06, 0x00, 0x00, 0xa2, 0x03, 0x00, 0x00, 0x81, 0x04, 0x00, 0x00, 0x06, 0x04, 0x00, 0x00, /* x............... */
    0xee, 0x04, 0x00, 0x00, 0x26, 0x04, 0x00, 0x00, 0xbe, 0x04, 0x00, 0x00, 0x24, 0x04, 0x00, 0x00, /* ....&.......$... */
    0x55, 0x06, 0x00, 0x00, 0xa2, 0x03, 0x00, 0x00, 0x52, 0x04, 0x00, 0x00, 0x90, 0x03, 0x00, 0x00, /* U.......R....... */
    0x0a, 0x04, 0x00, 0x00, 0x7c, 0x03, 0x00, 0x00, 0x86, 0x04, 0x00, 0x00, 0xde, 0x03, 0x00, 0x00, /* ....|........... */
    0x97, 0x04, 0x00, 0x00, 0x52, 0x03, 0x00, 0x00, 0x61, 0x04, 0x00, 0x00, 0x87, 0x03, 0x00, 0x00, /* ....R...a....... */
    0x3f, 0x04, 0x00, 0x00, 0x98, 0x03, 0x00, 0x00, 0x78, 0x04, 0x00, 0x00, 0x20, 0x04, 0x00, 0x00, /* ?.......x... ... */
    0x86, 0x0d, 0x00, 0x00, 0xc0, 0x08, 0x00, 0x00, 0x2d, 0x11, 0x00, 0x00, 0x68, 0x2f, 0x00, 0x00, /* ........-...h/.. */
    0x4e, 0x1e, 0x00, 0x00, 0x41, 0x05, 0x00, 0x00, 0x1b, 0x05, 0x00, 0x00, 0xce, 0x0c, 0x00, 0x00, /* N...A........... */
    0x9e, 0x07, 0x00, 0x00, 0x76, 0x03, 0x00, 0x00, 0xff, 0x03, 0x00, 0x00, 0x58, 0x04, 0x00, 0x00, /* ....v.......X... */
    0x35, 0x04, 0x00, 0x00, 0x12, 0x04, 0x00, 0x00, 0x25, 0x04, 0x00, 0x00, 0x2f, 0x04, 0x00, 0x00, /* 5.......%.../... */
    0xcc, 0x05, 0x00, 0x00, 0xe9, 0x03, 0x00, 0x00, 0x48, 0x04, 0x00, 0x00, 0x93, 0x03, 0x00, 0x00, /* ........H....... */
    0x1c, 0x04, 0x00, 0x00, 0xe3, 0x03, 0x00, 0x00, 0x2e, 0x04, 0x00, 0x00, 0x6c, 0x03, 0x00, 0x00, /* ............l... */
    0x57, 0x04, 0x00, 0x00, 0x53, 0x03, 0x00, 0x00, 0x23, 0x04, 0x00, 0x00, 0x25, 0x03, 0x00, 0x00, /* W...S...#...%... */
    0x58, 0x04, 0x00, 0x00, 0x9b, 0x03, 0x00, 0x00, 0x4f, 0x04, 0x00, 0x00, 0x31, 0x03, 0x00, 0x00, /* X.......O...1... */
    0x6b, 0x07, 0x00, 0x00, 0x50, 0x07, 0x00, 0x00, 0xd0, 0x03, 0x00, 0x00, 0x49, 0x03, 0x00, 0x00, /* k...P.......I... */
    0x67, 0x04, 0x00, 0x00, 0xbc, 0x03, 0x00, 0x00, 0x87, 0x04, 0x00, 0x00, 0xb6, 0x03, 0x00, 0x00, /* g............... */
    0x6f, 0x1e, 0x00, 0x00, 0xba, 0x03, 0x00, 0x00, 0x09, 0x05, 0x00, 0x00, 0xa5, 0x03, 0x00, 0x00, /* o............... */
    0x67, 0x04, 0x00, 0x00, 0x87, 0x0c, 0x00, 0x00, 0xfc, 0x03, 0x00, 0x00, 0x9f, 0x03, 0x00, 0x00, /* g............... */
    0x4b, 0x05, 0x00, 0x00, 0x00, 0x03, 0x00, 0x00, 0x10, 0x04, 0x00, 0x00, 0xe9, 0x02, 0x00, 0x00, /* K............... */
    0xb8, 0x03, 0x00, 0x00, 0x25, 0x03, 0x00, 0x00, 0x31, 0x04, 0x00, 0x00, 0xe4, 0x02, 0x00, 0x00, /* ....%...1....... */
    0xf5, 0x03, 0x00, 0x00, 0x25, 0x03, 0x00, 0x00, 0xf0, 0x03, 0x00, 0x00, 0x1c, 0x03, 0x00, 0x00, /* ....%........... */
    0xe4, 0x03, 0x00, 0x00, 0x21, 0x04, 0x00, 0x00, 0xc1, 0x2c, 0x00, 0x00, 0xc0, 0x34, 0x00, 0x00 /* ....!....,...4.. */
};

/* 0x00312a20 - 384 bytes */
const unsigned char hudElemFields[384] = {
    0xa0, 0xcd, 0x2a, 0x00, 0x08, 0x00, 0x00, 0x00, 0x9d, 0xff, 0xff, 0xff, 0x5c, 0xeb, 0x21, 0x00, /* ..*.........\.!. */
    0x00, 0x00, 0x00, 0x00, 0x04, 0x00, 0x00, 0x00, 0xa4, 0xcd, 0x2a, 0x00, 0x20, 0x00, 0x00, 0x00, /* ..........*. ... */
    0x20, 0x00, 0x00, 0x00, 0xb0, 0xcd, 0x2a, 0x00, 0x04, 0x00, 0x00, 0x00, 0x9d, 0xff, 0xff, 0xff, /*  .....*......... */
    0xb4, 0xcd, 0x2a, 0x00, 0x1c, 0x00, 0x00, 0x00, 0x06, 0x00, 0x00, 0x00, 0xc0, 0xcd, 0x2a, 0x00, /* ..*...........*. */
    0x10, 0x00, 0x00, 0x00, 0x00, 0x00, 0x00, 0x00, 0xcc, 0xcd, 0x2a, 0x00, 0x3c, 0x00, 0x00, 0x00, /* ..........*.<... */
    0x08, 0x00, 0x00, 0x00, 0x78, 0xa7, 0x21, 0x00, 0x34, 0x00, 0x00, 0x00, 0x0a, 0x00, 0x00, 0x00, /* ....x.!.4....... */
    0x88, 0xa5, 0x21, 0x00, 0x38, 0x00, 0x00, 0x00, 0x0a, 0x00, 0x00, 0x00, 0xdc, 0xcd, 0x2a, 0x00, /* ..!.8.........*. */
    0x28, 0x00, 0x00, 0x00, 0x20, 0x00, 0x00, 0x00, 0xec, 0xcd, 0x2a, 0x00, 0x24, 0x00, 0x00, 0x00, /* (... .....*.$... */
    0x20, 0x00, 0x00, 0x00, 0xfc, 0xcd, 0x2a, 0x00, 0x2c, 0x00, 0x00, 0x00, 0x10, 0x00, 0x00, 0x00, /*  .....*.,....... */
    0x08, 0xce, 0x2a, 0x00, 0x70, 0x00, 0x00, 0x00, 0x00, 0x00, 0x00, 0x00, 0x10, 0xce, 0x2a, 0x00, /* ..*.p.........*. */
    0x68, 0x00, 0x00, 0x00, 0x20, 0x00, 0x00, 0x00, 0x18, 0xce, 0x2a, 0x00, 0x0c, 0x00, 0x00, 0x00, /* h... .....*..... */
    0x9d, 0xff, 0xff, 0xff, 0x1c, 0xce, 0x2a, 0x00, 0x18, 0x00, 0x00, 0x00, 0x04, 0x00, 0x00, 0x00, /* ......*......... */
    0x28, 0xce, 0x2a, 0x00, 0x78, 0x00, 0x00, 0x00, 0x00, 0x00, 0x00, 0x00, 0x30, 0xce, 0x2a, 0x00, /* (.*.x.......0.*. */
    0x74, 0x00, 0x00, 0x00, 0x08, 0x00, 0x00, 0x00, 0x38, 0xce, 0x2a, 0x00, 0x14, 0x00, 0x00, 0x00, /* t.......8.*..... */
    0x04, 0x00, 0x00, 0x00, 0x40, 0xce, 0x2a, 0x00, 0x48, 0x00, 0x00, 0x00, 0x20, 0x00, 0x00, 0x00, /* ....@.*.H... ... */
    0x50, 0xce, 0x2a, 0x00, 0x4c, 0x00, 0x00, 0x00, 0x10, 0x00, 0x00, 0x00, 0x5c, 0xce, 0x2a, 0x00, /* P.*.L.......\.*. */
    0x44, 0x00, 0x00, 0x00, 0x0a, 0x00, 0x00, 0x00, 0x68, 0xce, 0x2a, 0x00, 0x30, 0x00, 0x00, 0x00, /* D.......h.*.0... */
    0x08, 0x00, 0x00, 0x00, 0x70, 0xce, 0x2a, 0x00, 0x40, 0x00, 0x00, 0x00, 0x0a, 0x00, 0x00, 0x00, /* ....p.*.@....... */
    0x7c, 0xce, 0x2a, 0x00, 0x60, 0x00, 0x00, 0x00, 0x20, 0x00, 0x00, 0x00, 0x8c, 0xce, 0x2a, 0x00, /* |.*.`... .....*. */
    0x64, 0x00, 0x00, 0x00, 0x10, 0x00, 0x00, 0x00, 0x98, 0xce, 0x2a, 0x00, 0x50, 0x00, 0x00, 0x00, /* d.........*.P... */
    0x9d, 0xff, 0xff, 0xff, 0xa0, 0xce, 0x2a, 0x00, 0x54, 0x00, 0x00, 0x00, 0x9d, 0xff, 0xff, 0xff, /* ......*.T....... */
    0xa8, 0xce, 0x2a, 0x00, 0x5c, 0x00, 0x00, 0x00, 0x06, 0x00, 0x00, 0x00, 0xb8, 0xce, 0x2a, 0x00, /* ..*.\.........*. */
    0x58, 0x00, 0x00, 0x00, 0x04, 0x00, 0x00, 0x00, 0xc8, 0xce, 0x2a, 0x00, 0x6c, 0x00, 0x00, 0x00, /* X.........*.l... */
    0x20, 0x00, 0x00, 0x00, 0xd4, 0xce, 0x2a, 0x00, 0x7c, 0x00, 0x00, 0x00, 0x01, 0x00, 0x00, 0x00 /*  .....*.|....... */
};

/* 0x00312ba0 - 96 bytes */
const unsigned char objectiveFields[96] = {
    0xe0, 0xce, 0x2a, 0x00, 0x04, 0x00, 0x00, 0x00, 0x00, 0x00, 0x00, 0x00, 0xec, 0xce, 0x2a, 0x00, /* ..*...........*. */
    0x08, 0x00, 0x00, 0x00, 0x00, 0x00, 0x00, 0x00, 0xf8, 0xce, 0x2a, 0x00, 0x0c, 0x00, 0x00, 0x00, /* ..........*..... */
    0x00, 0x00, 0x00, 0x00, 0x04, 0xcf, 0x2a, 0x00, 0x18, 0x00, 0x00, 0x00, 0x0c, 0x00, 0x00, 0x00, /* ......*......... */
    0x0c, 0xcf, 0x2a, 0x00, 0x10, 0x00, 0x00, 0x00, 0x0a, 0x00, 0x00, 0x00, 0x14, 0xcf, 0x2a, 0x00, /* ..*...........*. */
    0x14, 0x00, 0x00, 0x00, 0x04, 0x00, 0x00, 0x00, 0x00, 0x00, 0x00, 0x00, 0x00, 0x00, 0x00, 0x00, /* ................ */
    0x00, 0x00, 0x00, 0x00, 0x00, 0x00, 0x00, 0x00, 0x00, 0x00, 0x00, 0x00, 0x00, 0x00, 0x00, 0x00 /* ................ */
};

/* 0x00312c00 - 160 bytes */
const unsigned char kbitmask[160] = {
    0x00, 0x00, 0x00, 0x00, 0x01, 0x00, 0x00, 0x00, 0x03, 0x00, 0x00, 0x00, 0x07, 0x00, 0x00, 0x00, /* ................ */
    0x0f, 0x00, 0x00, 0x00, 0x1f, 0x00, 0x00, 0x00, 0x3f, 0x00, 0x00, 0x00, 0x7f, 0x00, 0x00, 0x00, /* ........?....... */
    0xff, 0x00, 0x00, 0x00, 0xff, 0x01, 0x00, 0x00, 0xff, 0x03, 0x00, 0x00, 0xff, 0x07, 0x00, 0x00, /* ................ */
    0xff, 0x0f, 0x00, 0x00, 0xff, 0x1f, 0x00, 0x00, 0xff, 0x3f, 0x00, 0x00, 0xff, 0x7f, 0x00, 0x00, /* .........?...... */
    0xff, 0xff, 0x00, 0x00, 0xff, 0xff, 0x01, 0x00, 0xff, 0xff, 0x03, 0x00, 0xff, 0xff, 0x07, 0x00, /* ................ */
    0xff, 0xff, 0x0f, 0x00, 0xff, 0xff, 0x1f, 0x00, 0xff, 0xff, 0x3f, 0x00, 0xff, 0xff, 0x7f, 0x00, /* ..........?..... */
    0xff, 0xff, 0xff, 0x00, 0xff, 0xff, 0xff, 0x01, 0xff, 0xff, 0xff, 0x03, 0xff, 0xff, 0xff, 0x07, /* ................ */
    0xff, 0xff, 0xff, 0x0f, 0xff, 0xff, 0xff, 0x1f, 0xff, 0xff, 0xff, 0x3f, 0xff, 0xff, 0xff, 0x7f, /* ...........?.... */
    0xff, 0xff, 0xff, 0xff, 0x00, 0x00, 0x00, 0x00, 0x00, 0x00, 0x00, 0x00, 0x00, 0x00, 0x00, 0x00, /* ................ */
    0x00, 0x00, 0x00, 0x00, 0x00, 0x00, 0x00, 0x00, 0x00, 0x00, 0x00, 0x00, 0x00, 0x00, 0x00, 0x00 /* ................ */
};

/* 0x00312ca0 - 96 bytes */
const unsigned char ucmds[96] = {
    0xa0, 0xde, 0x2a, 0x00, 0xb2, 0xc4, 0x17, 0x00, 0x90, 0x8e, 0x22, 0x00, 0xec, 0xcd, 0x17, 0x00, /* ..*......."..... */
    0xac, 0xde, 0x2a, 0x00, 0x2a, 0xc3, 0x17, 0x00, 0xd4, 0x96, 0x2a, 0x00, 0xa0, 0xc4, 0x17, 0x00, /* ..*.*.....*..... */
    0xb0, 0xde, 0x2a, 0x00, 0x4a, 0xde, 0x17, 0x00, 0xbc, 0xde, 0x2a, 0x00, 0x22, 0xdd, 0x17, 0x00, /* ..*.J.....*."... */
    0xc4, 0xde, 0x2a, 0x00, 0x7c, 0xdc, 0x17, 0x00, 0xb0, 0x98, 0x2a, 0x00, 0xe8, 0xbc, 0x17, 0x00, /* ..*.|.....*..... */
    0xcc, 0xde, 0x2a, 0x00, 0x16, 0xbd, 0x17, 0x00, 0xd8, 0xde, 0x2a, 0x00, 0x06, 0xc5, 0x17, 0x00, /* ..*.......*..... */
    0xe4, 0xde, 0x2a, 0x00, 0x44, 0xc5, 0x17, 0x00, 0x00, 0x00, 0x00, 0x00, 0x00, 0x00, 0x00, 0x00 /* ..*.D........... */
};

/* 0x00312d00 - 32 bytes */
const unsigned char bgs[32] = {
    0x00, 0x00, 0x00, 0x00, 0x00, 0x00, 0x00, 0x00, 0x00, 0x00, 0x00, 0x00, 0x00, 0x00, 0x00, 0x00, /* ................ */
    0x00, 0x00, 0x00, 0x00, 0x00, 0x00, 0x00, 0x00, 0x00, 0x00, 0x00, 0x00, 0x00, 0x00, 0x00, 0x00 /* ................ */
};

/* 0x00312d20 - 160 bytes */
const unsigned char animEventTypesStr[160] = {
    0xfc, 0xe9, 0x2a, 0x00, 0xff, 0xff, 0xff, 0xff, 0x04, 0xea, 0x2a, 0x00, 0xff, 0xff, 0xff, 0xff, /* ..*.......*..... */
    0x0c, 0xea, 0x2a, 0x00, 0xff, 0xff, 0xff, 0xff, 0x18, 0xea, 0x2a, 0x00, 0xff, 0xff, 0xff, 0xff, /* ..*.......*..... */
    0x20, 0xea, 0x2a, 0x00, 0xff, 0xff, 0xff, 0xff, 0x28, 0xea, 0x2a, 0x00, 0xff, 0xff, 0xff, 0xff, /*  .*.....(.*..... */
    0x30, 0xea, 0x2a, 0x00, 0xff, 0xff, 0xff, 0xff, 0x3c, 0xea, 0x2a, 0x00, 0xff, 0xff, 0xff, 0xff, /* 0.*.....<.*..... */
    0x48, 0xea, 0x2a, 0x00, 0xff, 0xff, 0xff, 0xff, 0x54, 0xea, 0x2a, 0x00, 0xff, 0xff, 0xff, 0xff, /* H.*.....T.*..... */
    0x64, 0xea, 0x2a, 0x00, 0xff, 0xff, 0xff, 0xff, 0x6c, 0xea, 0x2a, 0x00, 0xff, 0xff, 0xff, 0xff, /* d.*.....l.*..... */
    0x7c, 0xea, 0x2a, 0x00, 0xff, 0xff, 0xff, 0xff, 0x8c, 0xea, 0x2a, 0x00, 0xff, 0xff, 0xff, 0xff, /* |.*.......*..... */
    0x9c, 0xea, 0x2a, 0x00, 0xff, 0xff, 0xff, 0xff, 0xac, 0xea, 0x2a, 0x00, 0xff, 0xff, 0xff, 0xff, /* ..*.......*..... */
    0xbc, 0xea, 0x2a, 0x00, 0xff, 0xff, 0xff, 0xff, 0xcc, 0xea, 0x2a, 0x00, 0xff, 0xff, 0xff, 0xff, /* ..*.......*..... */
    0xd8, 0xea, 0x2a, 0x00, 0xff, 0xff, 0xff, 0xff, 0x00, 0x00, 0x00, 0x00, 0xff, 0xff, 0xff, 0xff /* ..*............. */
};

/* 0x00312dc0 - 352 bytes */
const unsigned char animMoveTypesStr[352] = {
    0xe4, 0xea, 0x2a, 0x00, 0xff, 0xff, 0xff, 0xff, 0xf4, 0xea, 0x2a, 0x00, 0xff, 0xff, 0xff, 0xff, /* ..*.......*..... */
    0xfc, 0xea, 0x2a, 0x00, 0xff, 0xff, 0xff, 0xff, 0x04, 0xeb, 0x2a, 0x00, 0xff, 0xff, 0xff, 0xff, /* ..*.......*..... */
    0x10, 0xeb, 0x2a, 0x00, 0xff, 0xff, 0xff, 0xff, 0x18, 0xeb, 0x2a, 0x00, 0xff, 0xff, 0xff, 0xff, /* ..*.......*..... */
    0x20, 0xeb, 0x2a, 0x00, 0xff, 0xff, 0xff, 0xff, 0x28, 0xeb, 0x2a, 0x00, 0xff, 0xff, 0xff, 0xff, /*  .*.....(.*..... */
    0x34, 0xeb, 0x2a, 0x00, 0xff, 0xff, 0xff, 0xff, 0x40, 0xeb, 0x2a, 0x00, 0xff, 0xff, 0xff, 0xff, /* 4.*.....@.*..... */
    0x4c, 0xeb, 0x2a, 0x00, 0xff, 0xff, 0xff, 0xff, 0x50, 0xeb, 0x2a, 0x00, 0xff, 0xff, 0xff, 0xff, /* L.*.....P.*..... */
    0x58, 0xeb, 0x2a, 0x00, 0xff, 0xff, 0xff, 0xff, 0x60, 0xeb, 0x2a, 0x00, 0xff, 0xff, 0xff, 0xff, /* X.*.....`.*..... */
    0x68, 0xeb, 0x2a, 0x00, 0xff, 0xff, 0xff, 0xff, 0x74, 0xeb, 0x2a, 0x00, 0xff, 0xff, 0xff, 0xff, /* h.*.....t.*..... */
    0x80, 0xeb, 0x2a, 0x00, 0xff, 0xff, 0xff, 0xff, 0x8c, 0xeb, 0x2a, 0x00, 0xff, 0xff, 0xff, 0xff, /* ..*.......*..... */
    0x98, 0xeb, 0x2a, 0x00, 0xff, 0xff, 0xff, 0xff, 0xa0, 0xeb, 0x2a, 0x00, 0xff, 0xff, 0xff, 0xff, /* ..*.......*..... */
    0xac, 0xeb, 0x2a, 0x00, 0xff, 0xff, 0xff, 0xff, 0xb8, 0xeb, 0x2a, 0x00, 0xff, 0xff, 0xff, 0xff, /* ..*.......*..... */
    0xc8, 0xeb, 0x2a, 0x00, 0xff, 0xff, 0xff, 0xff, 0xd8, 0xeb, 0x2a, 0x00, 0xff, 0xff, 0xff, 0xff, /* ..*.......*..... */
    0xe8, 0xeb, 0x2a, 0x00, 0xff, 0xff, 0xff, 0xff, 0xf8, 0xeb, 0x2a, 0x00, 0xff, 0xff, 0xff, 0xff, /* ..*.......*..... */
    0x08, 0xec, 0x2a, 0x00, 0xff, 0xff, 0xff, 0xff, 0x18, 0xec, 0x2a, 0x00, 0xff, 0xff, 0xff, 0xff, /* ..*.......*..... */
    0x28, 0xec, 0x2a, 0x00, 0xff, 0xff, 0xff, 0xff, 0x3c, 0xec, 0x2a, 0x00, 0xff, 0xff, 0xff, 0xff, /* (.*.....<.*..... */
    0x4c, 0xec, 0x2a, 0x00, 0xff, 0xff, 0xff, 0xff, 0x5c, 0xec, 0x2a, 0x00, 0xff, 0xff, 0xff, 0xff, /* L.*.....\.*..... */
    0x6c, 0xec, 0x2a, 0x00, 0xff, 0xff, 0xff, 0xff, 0x7c, 0xec, 0x2a, 0x00, 0xff, 0xff, 0xff, 0xff, /* l.*.....|.*..... */
    0x88, 0xec, 0x2a, 0x00, 0xff, 0xff, 0xff, 0xff, 0x98, 0xec, 0x2a, 0x00, 0xff, 0xff, 0xff, 0xff, /* ..*.......*..... */
    0xa8, 0xec, 0x2a, 0x00, 0xff, 0xff, 0xff, 0xff, 0xbc, 0xec, 0x2a, 0x00, 0xff, 0xff, 0xff, 0xff, /* ..*.......*..... */
    0xd4, 0xec, 0x2a, 0x00, 0xff, 0xff, 0xff, 0xff, 0xec, 0xec, 0x2a, 0x00, 0xff, 0xff, 0xff, 0xff, /* ..*.......*..... */
    0x04, 0xed, 0x2a, 0x00, 0xff, 0xff, 0xff, 0xff, 0x00, 0x00, 0x00, 0x00, 0xff, 0xff, 0xff, 0xff, /* ..*............. */
    0x00, 0x00, 0x00, 0x00, 0x00, 0x00, 0x00, 0x00, 0x00, 0x00, 0x00, 0x00, 0x00, 0x00, 0x00, 0x00 /* ................ */
};

/* 0x00312f20 - 64 bytes */
const unsigned char animStateStr[64] = {
    0x1c, 0xed, 0x2a, 0x00, 0xff, 0xff, 0xff, 0xff, 0x24, 0xed, 0x2a, 0x00, 0xff, 0xff, 0xff, 0xff, /* ..*.....$.*..... */
    0x2c, 0xed, 0x2a, 0x00, 0xff, 0xff, 0xff, 0xff, 0x34, 0xed, 0x2a, 0x00, 0xff, 0xff, 0xff, 0xff, /* ,.*.....4.*..... */
    0x00, 0x00, 0x00, 0x00, 0xff, 0xff, 0xff, 0xff, 0x00, 0x00, 0x00, 0x00, 0x00, 0x00, 0x00, 0x00, /* ................ */
    0x00, 0x00, 0x00, 0x00, 0x00, 0x00, 0x00, 0x00, 0x00, 0x00, 0x00, 0x00, 0x00, 0x00, 0x00, 0x00 /* ................ */
};

/* 0x00312f60 - 96 bytes */
const unsigned char animConditionsTable[96] = {
    0x00, 0x00, 0x00, 0x00, 0x80, 0x37, 0xf1, 0x00, 0x00, 0x00, 0x00, 0x00, 0x20, 0x30, 0x31, 0x00, /* .....7...... 01. */
    0x01, 0x00, 0x00, 0x00, 0xf8, 0x2f, 0x31, 0x00, 0x00, 0x00, 0x00, 0x00, 0xc0, 0x2d, 0x31, 0x00, /* ...../1......-1. */
    0x01, 0x00, 0x00, 0x00, 0x00, 0x00, 0x00, 0x00, 0x01, 0x00, 0x00, 0x00, 0x00, 0x00, 0x00, 0x00, /* ................ */
    0x01, 0x00, 0x00, 0x00, 0x00, 0x00, 0x00, 0x00, 0x01, 0x00, 0x00, 0x00, 0xe0, 0x2f, 0x31, 0x00, /* ............./1. */
    0x01, 0x00, 0x00, 0x00, 0xc0, 0x2f, 0x31, 0x00, 0x00, 0x00, 0x00, 0x00, 0x00, 0x00, 0x00, 0x00, /* ...../1......... */
    0x00, 0x00, 0x00, 0x00, 0x00, 0x00, 0x00, 0x00, 0x00, 0x00, 0x00, 0x00, 0x00, 0x00, 0x00, 0x00 /* ................ */
};

/* 0x00312fc0 - 32 bytes */
const unsigned char animStrafeStateStr[32] = {
    0x3c, 0xed, 0x2a, 0x00, 0xff, 0xff, 0xff, 0xff, 0x40, 0xed, 0x2a, 0x00, 0xff, 0xff, 0xff, 0xff, /* <.*.....@.*..... */
    0x48, 0xed, 0x2a, 0x00, 0xff, 0xff, 0xff, 0xff, 0x00, 0x00, 0x00, 0x00, 0xff, 0xff, 0xff, 0xff /* H.*............. */
};

/* 0x00312fe0 - 24 bytes */
const unsigned char animWeaponPositionStr[24] = {
    0x50, 0xed, 0x2a, 0x00, 0xff, 0xff, 0xff, 0xff, 0x54, 0xed, 0x2a, 0x00, 0xff, 0xff, 0xff, 0xff, /* P.*.....T.*..... */
    0x00, 0x00, 0x00, 0x00, 0xff, 0xff, 0xff, 0xff /* ........ */
};

/* 0x00312ff8 - 40 bytes */
const unsigned char animConditionMountedStr[40] = {
    0xe4, 0xea, 0x2a, 0x00, 0xff, 0xff, 0xff, 0xff, 0xf4, 0xbc, 0x2a, 0x00, 0xff, 0xff, 0xff, 0xff, /* ..*.......*..... */
    0x00, 0x00, 0x00, 0x00, 0xff, 0xff, 0xff, 0xff, 0x00, 0x00, 0x00, 0x00, 0x00, 0x00, 0x00, 0x00, /* ................ */
    0x00, 0x00, 0x00, 0x00, 0x00, 0x00, 0x00, 0x00 /* ........ */
};

/* 0x00313020 - 96 bytes */
const unsigned char animWeaponClassStr[96] = {
    0x58, 0xed, 0x2a, 0x00, 0xff, 0xff, 0xff, 0xff, 0x60, 0xed, 0x2a, 0x00, 0xff, 0xff, 0xff, 0xff, /* X.*.....`.*..... */
    0x64, 0xed, 0x2a, 0x00, 0xff, 0xff, 0xff, 0xff, 0x68, 0xed, 0x2a, 0x00, 0xff, 0xff, 0xff, 0xff, /* d.*.....h.*..... */
    0x70, 0xed, 0x2a, 0x00, 0xff, 0xff, 0xff, 0xff, 0x78, 0xed, 0x2a, 0x00, 0xff, 0xff, 0xff, 0xff, /* p.*.....x.*..... */
    0x80, 0xed, 0x2a, 0x00, 0xff, 0xff, 0xff, 0xff, 0x90, 0xed, 0x2a, 0x00, 0xff, 0xff, 0xff, 0xff, /* ..*.......*..... */
    0x98, 0xed, 0x2a, 0x00, 0xff, 0xff, 0xff, 0xff, 0xa4, 0xed, 0x2a, 0x00, 0xff, 0xff, 0xff, 0xff, /* ..*.......*..... */
    0x00, 0x00, 0x00, 0x00, 0xff, 0xff, 0xff, 0xff, 0x00, 0x00, 0x00, 0x00, 0x00, 0x00, 0x00, 0x00 /* ................ */
};

/* 0x00313080 - 96 bytes */
const unsigned char animConditionsStr[96] = {
    0xac, 0xed, 0x2a, 0x00, 0xff, 0xff, 0xff, 0xff, 0xbc, 0xed, 0x2a, 0x00, 0xff, 0xff, 0xff, 0xff, /* ..*.......*..... */
    0xc8, 0xed, 0x2a, 0x00, 0xff, 0xff, 0xff, 0xff, 0xd0, 0xed, 0x2a, 0x00, 0xff, 0xff, 0xff, 0xff, /* ..*.......*..... */
    0xdc, 0xed, 0x2a, 0x00, 0xff, 0xff, 0xff, 0xff, 0xe8, 0xed, 0x2a, 0x00, 0xff, 0xff, 0xff, 0xff, /* ..*.......*..... */
    0xf4, 0xed, 0x2a, 0x00, 0xff, 0xff, 0xff, 0xff, 0xfc, 0xed, 0x2a, 0x00, 0xff, 0xff, 0xff, 0xff, /* ..*.......*..... */
    0x0c, 0xee, 0x2a, 0x00, 0xff, 0xff, 0xff, 0xff, 0x00, 0x00, 0x00, 0x00, 0xff, 0xff, 0xff, 0xff, /* ..*............. */
    0x00, 0x00, 0x00, 0x00, 0x00, 0x00, 0x00, 0x00, 0x00, 0x00, 0x00, 0x00, 0x00, 0x00, 0x00, 0x00 /* ................ */
};

/* 0x003130e0 - 48 bytes */
const unsigned char animParseModesStr[48] = {
    0x18, 0xee, 0x2a, 0x00, 0xff, 0xff, 0xff, 0xff, 0x20, 0xee, 0x2a, 0x00, 0xff, 0xff, 0xff, 0xff, /* ..*..... .*..... */
    0x2c, 0xee, 0x2a, 0x00, 0xff, 0xff, 0xff, 0xff, 0x40, 0xee, 0x2a, 0x00, 0xff, 0xff, 0xff, 0xff, /* ,.*.....@.*..... */
    0x50, 0xee, 0x2a, 0x00, 0xff, 0xff, 0xff, 0xff, 0x00, 0x00, 0x00, 0x00, 0xff, 0xff, 0xff, 0xff /* P.*............. */
};

/* 0x00313110 - 4 bytes */
const unsigned char globalFilename[4] = { 0x58, 0xee, 0x2a, 0x00 };

/* 0x00313114 - 44 bytes */
const unsigned char controller_names[44] = {
    0x28, 0xb1, 0x95, 0x01, 0x2a, 0xb1, 0x95, 0x01, 0x2c, 0xb1, 0x95, 0x01, 0x2e, 0xb1, 0x95, 0x01, /* (...*...,....... */
    0x30, 0xb1, 0x95, 0x01, 0x32, 0xb1, 0x95, 0x01, 0x00, 0x00, 0x00, 0x00, 0x00, 0x00, 0x00, 0x00, /* 0...2........... */
    0x00, 0x00, 0x00, 0x00, 0x00, 0x00, 0x00, 0x00, 0x00, 0x00, 0x00, 0x00 /* ............ */
};

/* 0x00313140 - 64 bytes */
const unsigned char animBodyPartsStr[64] = {
    0xe4, 0xea, 0x2a, 0x00, 0xff, 0xff, 0xff, 0xff, 0x70, 0xee, 0x2a, 0x00, 0xff, 0xff, 0xff, 0xff, /* ..*.....p.*..... */
    0x78, 0xee, 0x2a, 0x00, 0xff, 0xff, 0xff, 0xff, 0x80, 0xee, 0x2a, 0x00, 0xff, 0xff, 0xff, 0xff, /* x.*.......*..... */
    0x00, 0x00, 0x00, 0x00, 0xff, 0xff, 0xff, 0xff, 0x00, 0x00, 0x00, 0x00, 0x00, 0x00, 0x00, 0x00, /* ................ */
    0x00, 0x00, 0x00, 0x00, 0x00, 0x00, 0x00, 0x00, 0x00, 0x00, 0x00, 0x00, 0x00, 0x00, 0x00, 0x00 /* ................ */
};

/* 0x00313180 - 32 bytes */
const unsigned char kb[32] = {
    0x80, 0xee, 0xf2, 0x00, 0x00, 0x00, 0x00, 0x00, 0x00, 0x00, 0x00, 0x00, 0x00, 0x00, 0x00, 0x00, /* ................ */
    0x00, 0x00, 0x00, 0x00, 0x00, 0x00, 0x00, 0x00, 0x00, 0x00, 0x00, 0x00, 0x00, 0x00, 0x00, 0x00 /* ................ */
};

/* 0x003131a0 - 32 bytes */
const unsigned char staticNULL[32] = {
    0xb8, 0x57, 0x21, 0x00, 0x00, 0x00, 0x00, 0x00, 0x00, 0x00, 0x00, 0x00, 0x00, 0x00, 0x00, 0x00, /* .W!............. */
    0x00, 0x00, 0x00, 0x00, 0x00, 0x00, 0x00, 0x00, 0x00, 0x00, 0x00, 0x00, 0x00, 0x00, 0x00, 0x00 /* ................ */
};

/* 0x003131c0 - 12 bytes */
const unsigned char playerMaxs[12] = { 0x00, 0x00, 0x70, 0x41, 0x00, 0x00, 0x70, 0x41, 0x00, 0x00, 0x8c, 0x42 };

/* 0x003131cc - 20 bytes */
const unsigned char playerMins[20] = {
    0x00, 0x00, 0x70, 0xc1, 0x00, 0x00, 0x70, 0xc1, 0x00, 0x00, 0x00, 0x00, 0x00, 0x00, 0x00, 0x00, /* ..p...p......... */
    0x00, 0x00, 0x00, 0x00 /* .... */
};

/* 0x003131e0 - 4 bytes */
const unsigned char endOffset[4] = { 0x01, 0x00, 0x00, 0x00 };

/* 0x003131e4 - 28 bytes */
const unsigned char startOffset[28] = {
    0x02, 0x00, 0x00, 0x00, 0x00, 0x00, 0x00, 0x00, 0x00, 0x00, 0x00, 0x00, 0x00, 0x00, 0x00, 0x00, /* ................ */
    0x00, 0x00, 0x00, 0x00, 0x00, 0x00, 0x00, 0x00, 0x00, 0x00, 0x00, 0x00 /* ............ */
};

/* 0x00313200 - 1728 bytes */
const unsigned char functions[1728] = {
    0x90, 0x95, 0x2a, 0x00, 0x4e, 0x54, 0x19, 0x00, 0x01, 0x00, 0x00, 0x00, 0x1c, 0x07, 0x2b, 0x00, /* ..*.NT........+. */
    0x4e, 0xaf, 0x19, 0x00, 0x01, 0x00, 0x00, 0x00, 0x24, 0x07, 0x2b, 0x00, 0xb2, 0xdb, 0x19, 0x00, /* N.......$.+..... */
    0x00, 0x00, 0x00, 0x00, 0x30, 0x07, 0x2b, 0x00, 0x3c, 0xdc, 0x19, 0x00, 0x00, 0x00, 0x00, 0x00, /* ....0.+.<....... */
    0x40, 0x07, 0x2b, 0x00, 0x0c, 0x94, 0x19, 0x00, 0x01, 0x00, 0x00, 0x00, 0xf4, 0x9d, 0x21, 0x00, /* @.+...........!. */
    0xe0, 0x94, 0x19, 0x00, 0x01, 0x00, 0x00, 0x00, 0x48, 0x07, 0x2b, 0x00, 0xac, 0xe9, 0x19, 0x00, /* ........H.+..... */
    0x00, 0x00, 0x00, 0x00, 0x50, 0x07, 0x2b, 0x00, 0x78, 0xea, 0x19, 0x00, 0x00, 0x00, 0x00, 0x00, /* ....P.+.x....... */
    0x5c, 0x07, 0x2b, 0x00, 0xc0, 0x95, 0x19, 0x00, 0x00, 0x00, 0x00, 0x00, 0x64, 0x07, 0x2b, 0x00, /* \.+.........d.+. */
    0x8e, 0x96, 0x19, 0x00, 0x00, 0x00, 0x00, 0x00, 0x70, 0x07, 0x2b, 0x00, 0x44, 0x58, 0x19, 0x00, /* ........p.+.DX.. */
    0x00, 0x00, 0x00, 0x00, 0x80, 0x07, 0x2b, 0x00, 0x84, 0x83, 0x08, 0x00, 0x00, 0x00, 0x00, 0x00, /* ......+......... */
    0x8c, 0x07, 0x2b, 0x00, 0x9e, 0x54, 0x19, 0x00, 0x01, 0x00, 0x00, 0x00, 0x94, 0x07, 0x2b, 0x00, /* ..+..T........+. */
    0xc4, 0x54, 0x19, 0x00, 0x01, 0x00, 0x00, 0x00, 0xa0, 0x07, 0x2b, 0x00, 0x02, 0x55, 0x19, 0x00, /* .T........+..U.. */
    0x01, 0x00, 0x00, 0x00, 0xac, 0x07, 0x2b, 0x00, 0x2e, 0x55, 0x19, 0x00, 0x00, 0x00, 0x00, 0x00, /* ......+..U...... */
    0xb8, 0x07, 0x2b, 0x00, 0x88, 0x55, 0x19, 0x00, 0x00, 0x00, 0x00, 0x00, 0xc4, 0x07, 0x2b, 0x00, /* ..+..U........+. */
    0xae, 0x55, 0x19, 0x00, 0x00, 0x00, 0x00, 0x00, 0xcc, 0x07, 0x2b, 0x00, 0x08, 0x56, 0x19, 0x00, /* .U........+..V.. */
    0x00, 0x00, 0x00, 0x00, 0xd4, 0x07, 0x2b, 0x00, 0x2c, 0x56, 0x19, 0x00, 0x00, 0x00, 0x00, 0x00, /* ......+.,V...... */
    0xe0, 0x07, 0x2b, 0x00, 0x58, 0x56, 0x19, 0x00, 0x00, 0x00, 0x00, 0x00, 0xf0, 0x07, 0x2b, 0x00, /* ..+.XV........+. */
    0x2a, 0xac, 0x19, 0x00, 0x00, 0x00, 0x00, 0x00, 0xf8, 0x07, 0x2b, 0x00, 0x8e, 0x56, 0x19, 0x00, /* *.........+..V.. */
    0x00, 0x00, 0x00, 0x00, 0x00, 0x08, 0x2b, 0x00, 0xaa, 0x56, 0x19, 0x00, 0x01, 0x00, 0x00, 0x00, /* ......+..V...... */
    0x0c, 0x08, 0x2b, 0x00, 0xee, 0x56, 0x19, 0x00, 0x00, 0x00, 0x00, 0x00, 0x1c, 0x08, 0x2b, 0x00, /* ..+..V........+. */
    0x70, 0x57, 0x19, 0x00, 0x00, 0x00, 0x00, 0x00, 0x2c, 0x08, 0x2b, 0x00, 0xde, 0x57, 0x19, 0x00, /* pW......,.+..W.. */
    0x00, 0x00, 0x00, 0x00, 0x40, 0x08, 0x2b, 0x00, 0x26, 0x9a, 0x19, 0x00, 0x00, 0x00, 0x00, 0x00, /* ....@.+.&....... */
    0x54, 0x08, 0x2b, 0x00, 0x1e, 0x9e, 0x19, 0x00, 0x00, 0x00, 0x00, 0x00, 0x64, 0x08, 0x2b, 0x00, /* T.+.........d.+. */
    0xa2, 0x9a, 0x19, 0x00, 0x00, 0x00, 0x00, 0x00, 0x78, 0x08, 0x2b, 0x00, 0xc6, 0x9f, 0x19, 0x00, /* ........x.+..... */
    0x00, 0x00, 0x00, 0x00, 0x88, 0x08, 0x2b, 0x00, 0x08, 0x5a, 0x19, 0x00, 0x00, 0x00, 0x00, 0x00, /* ......+..Z...... */
    0x98, 0x08, 0x2b, 0x00, 0x3c, 0x98, 0x19, 0x00, 0x00, 0x00, 0x00, 0x00, 0xac, 0x08, 0x2b, 0x00, /* ..+.<.........+. */
    0x70, 0x5a, 0x19, 0x00, 0x00, 0x00, 0x00, 0x00, 0xc0, 0x08, 0x2b, 0x00, 0x24, 0x5b, 0x19, 0x00, /* pZ........+.$[.. */
    0x00, 0x00, 0x00, 0x00, 0xd4, 0x08, 0x2b, 0x00, 0xc4, 0x9b, 0x19, 0x00, 0x00, 0x00, 0x00, 0x00, /* ......+......... */
    0xe0, 0x08, 0x2b, 0x00, 0xb2, 0x62, 0x19, 0x00, 0x00, 0x00, 0x00, 0x00, 0xf4, 0x08, 0x2b, 0x00, /* ..+..b........+. */
    0x5a, 0x63, 0x19, 0x00, 0x00, 0x00, 0x00, 0x00, 0x08, 0x09, 0x2b, 0x00, 0x42, 0x64, 0x19, 0x00, /* Zc........+.Bd.. */
    0x00, 0x00, 0x00, 0x00, 0x18, 0x09, 0x2b, 0x00, 0xea, 0x71, 0x19, 0x00, 0x00, 0x00, 0x00, 0x00, /* ......+..q...... */
    0x28, 0x09, 0x2b, 0x00, 0x0c, 0x73, 0x19, 0x00, 0x00, 0x00, 0x00, 0x00, 0x38, 0x09, 0x2b, 0x00, /* (.+..s......8.+. */
    0x3a, 0x74, 0x19, 0x00, 0x00, 0x00, 0x00, 0x00, 0x44, 0x09, 0x2b, 0x00, 0x08, 0x65, 0x19, 0x00, /* :t......D.+..e.. */
    0x00, 0x00, 0x00, 0x00, 0x50, 0x09, 0x2b, 0x00, 0x56, 0x65, 0x19, 0x00, 0x00, 0x00, 0x00, 0x00, /* ....P.+.Ve...... */
    0x5c, 0x09, 0x2b, 0x00, 0x82, 0x65, 0x19, 0x00, 0x00, 0x00, 0x00, 0x00, 0x6c, 0x09, 0x2b, 0x00, /* \.+..e......l.+. */
    0xe6, 0x65, 0x19, 0x00, 0x00, 0x00, 0x00, 0x00, 0x80, 0x09, 0x2b, 0x00, 0x68, 0x66, 0x19, 0x00, /* .e........+.hf.. */
    0x00, 0x00, 0x00, 0x00, 0x84, 0x09, 0x2b, 0x00, 0xa8, 0x66, 0x19, 0x00, 0x00, 0x00, 0x00, 0x00, /* ......+..f...... */
    0x88, 0x09, 0x2b, 0x00, 0xe8, 0x66, 0x19, 0x00, 0x00, 0x00, 0x00, 0x00, 0x8c, 0x09, 0x2b, 0x00, /* ..+..f........+. */
    0x7a, 0x67, 0x19, 0x00, 0x00, 0x00, 0x00, 0x00, 0x94, 0x09, 0x2b, 0x00, 0xf6, 0x67, 0x19, 0x00, /* zg........+..g.. */
    0x00, 0x00, 0x00, 0x00, 0x9c, 0x09, 0x2b, 0x00, 0x72, 0x68, 0x19, 0x00, 0x00, 0x00, 0x00, 0x00, /* ......+.rh...... */
    0x7c, 0xd2, 0x21, 0x00, 0xac, 0x68, 0x19, 0x00, 0x00, 0x00, 0x00, 0x00, 0xa4, 0x09, 0x2b, 0x00, /* |.!..h........+. */
    0x4e, 0x69, 0x19, 0x00, 0x00, 0x00, 0x00, 0x00, 0xb0, 0x09, 0x2b, 0x00, 0x98, 0x69, 0x19, 0x00, /* Ni........+..i.. */
    0x00, 0x00, 0x00, 0x00, 0x90, 0xa7, 0x21, 0x00, 0x02, 0xaf, 0x19, 0x00, 0x00, 0x00, 0x00, 0x00, /* ......!......... */
    0xc0, 0x09, 0x2b, 0x00, 0xe2, 0x69, 0x19, 0x00, 0x00, 0x00, 0x00, 0x00, 0xd0, 0x09, 0x2b, 0x00, /* ..+..i........+. */
    0x2a, 0x6a, 0x19, 0x00, 0x00, 0x00, 0x00, 0x00, 0xd8, 0x09, 0x2b, 0x00, 0xa8, 0x6a, 0x19, 0x00, /* *j........+..j.. */
    0x00, 0x00, 0x00, 0x00, 0xe4, 0x09, 0x2b, 0x00, 0x1a, 0x97, 0x19, 0x00, 0x00, 0x00, 0x00, 0x00, /* ......+......... */
    0xf4, 0x09, 0x2b, 0x00, 0x06, 0x6b, 0x19, 0x00, 0x00, 0x00, 0x00, 0x00, 0x04, 0x0a, 0x2b, 0x00, /* ..+..k........+. */
    0x40, 0x6b, 0x19, 0x00, 0x00, 0x00, 0x00, 0x00, 0x10, 0x0a, 0x2b, 0x00, 0x8a, 0x6b, 0x19, 0x00, /* @k........+..k.. */
    0x00, 0x00, 0x00, 0x00, 0x20, 0x0a, 0x2b, 0x00, 0xd4, 0x6b, 0x19, 0x00, 0x00, 0x00, 0x00, 0x00, /* .... .+..k...... */
    0x30, 0x0a, 0x2b, 0x00, 0x1e, 0x6c, 0x19, 0x00, 0x00, 0x00, 0x00, 0x00, 0x3c, 0x0a, 0x2b, 0x00, /* 0.+..l......<.+. */
    0x62, 0x6c, 0x19, 0x00, 0x00, 0x00, 0x00, 0x00, 0x48, 0x0a, 0x2b, 0x00, 0x0c, 0x6d, 0x19, 0x00, /* bl......H.+..m.. */
    0x00, 0x00, 0x00, 0x00, 0x50, 0x0a, 0x2b, 0x00, 0x76, 0x6d, 0x19, 0x00, 0x00, 0x00, 0x00, 0x00, /* ....P.+.vm...... */
    0x58, 0x0a, 0x2b, 0x00, 0x98, 0x6e, 0x19, 0x00, 0x00, 0x00, 0x00, 0x00, 0x64, 0x0a, 0x2b, 0x00, /* X.+..n......d.+. */
    0xf2, 0xa0, 0x19, 0x00, 0x00, 0x00, 0x00, 0x00, 0x70, 0x0a, 0x2b, 0x00, 0xdc, 0x6e, 0x19, 0x00, /* ........p.+..n.. */
    0x00, 0x00, 0x00, 0x00, 0x7c, 0x0a, 0x2b, 0x00, 0xac, 0xa1, 0x19, 0x00, 0x00, 0x00, 0x00, 0x00, /* ....|.+......... */
    0x88, 0x0a, 0x2b, 0x00, 0xb4, 0xa2, 0x19, 0x00, 0x00, 0x00, 0x00, 0x00, 0x94, 0x0a, 0x2b, 0x00, /* ..+...........+. */
    0x5c, 0x6f, 0x19, 0x00, 0x00, 0x00, 0x00, 0x00, 0xa4, 0x0a, 0x2b, 0x00, 0x90, 0x6f, 0x19, 0x00, /* \o........+..o.. */
    0x00, 0x00, 0x00, 0x00, 0xb8, 0x0a, 0x2b, 0x00, 0xc4, 0x6f, 0x19, 0x00, 0x00, 0x00, 0x00, 0x00, /* ......+..o...... */
    0xc8, 0x0a, 0x2b, 0x00, 0x80, 0x70, 0x19, 0x00, 0x00, 0x00, 0x00, 0x00, 0xd8, 0x0a, 0x2b, 0x00, /* ..+..p........+. */
    0xd6, 0x70, 0x19, 0x00, 0x00, 0x00, 0x00, 0x00, 0xe8, 0x0a, 0x2b, 0x00, 0x14, 0x71, 0x19, 0x00, /* .p........+..q.. */
    0x00, 0x00, 0x00, 0x00, 0xf8, 0x0a, 0x2b, 0x00, 0x7c, 0x74, 0x19, 0x00, 0x00, 0x00, 0x00, 0x00, /* ......+.|t...... */
    0xec, 0xa4, 0x21, 0x00, 0x92, 0xd7, 0x19, 0x00, 0x00, 0x00, 0x00, 0x00, 0x00, 0x0b, 0x2b, 0x00, /* ..!...........+. */
    0xd2, 0x74, 0x19, 0x00, 0x00, 0x00, 0x00, 0x00, 0x0c, 0x0b, 0x2b, 0x00, 0x6a, 0xa3, 0x19, 0x00, /* .t........+.j... */
    0x00, 0x00, 0x00, 0x00, 0x1c, 0x0b, 0x2b, 0x00, 0x2a, 0x78, 0x19, 0x00, 0x00, 0x00, 0x00, 0x00, /* ......+.*x...... */
    0x28, 0x0b, 0x2b, 0x00, 0xda, 0x78, 0x19, 0x00, 0x00, 0x00, 0x00, 0x00, 0x34, 0x0b, 0x2b, 0x00, /* (.+..x......4.+. */
    0x62, 0x97, 0x19, 0x00, 0x00, 0x00, 0x00, 0x00, 0x4c, 0x0b, 0x2b, 0x00, 0x1a, 0x71, 0x19, 0x00, /* b.......L.+..q.. */
    0x00, 0x00, 0x00, 0x00, 0x5c, 0x0b, 0x2b, 0x00, 0xca, 0x71, 0x19, 0x00, 0x00, 0x00, 0x00, 0x00, /* ....\.+..q...... */
    0x78, 0x0b, 0x2b, 0x00, 0x0a, 0x7f, 0x19, 0x00, 0x00, 0x00, 0x00, 0x00, 0x84, 0x0b, 0x2b, 0x00, /* x.+...........+. */
    0x36, 0x7f, 0x19, 0x00, 0x00, 0x00, 0x00, 0x00, 0x90, 0x0b, 0x2b, 0x00, 0xca, 0x7f, 0x19, 0x00, /* 6.........+..... */
    0x00, 0x00, 0x00, 0x00, 0x9c, 0x0b, 0x2b, 0x00, 0x66, 0x25, 0x1b, 0x00, 0x00, 0x00, 0x00, 0x00, /* ......+.f%...... */
    0xa8, 0x0b, 0x2b, 0x00, 0xc2, 0x26, 0x1b, 0x00, 0x00, 0x00, 0x00, 0x00, 0xbc, 0x0b, 0x2b, 0x00, /* ..+..&........+. */
    0x54, 0x28, 0x1b, 0x00, 0x00, 0x00, 0x00, 0x00, 0xcc, 0x0b, 0x2b, 0x00, 0xe0, 0x16, 0x08, 0x00, /* T(........+..... */
    0x00, 0x00, 0x00, 0x00, 0xdc, 0x0b, 0x2b, 0x00, 0xa8, 0x79, 0x19, 0x00, 0x00, 0x00, 0x00, 0x00, /* ......+..y...... */
    0xe8, 0x0b, 0x2b, 0x00, 0x02, 0x7a, 0x19, 0x00, 0x00, 0x00, 0x00, 0x00, 0xf8, 0x0b, 0x2b, 0x00, /* ..+..z........+. */
    0x36, 0x7a, 0x19, 0x00, 0x00, 0x00, 0x00, 0x00, 0x0c, 0x0c, 0x2b, 0x00, 0xd0, 0x7a, 0x19, 0x00, /* 6z........+..z.. */
    0x00, 0x00, 0x00, 0x00, 0x1c, 0x0c, 0x2b, 0x00, 0xb4, 0xab, 0x19, 0x00, 0x00, 0x00, 0x00, 0x00, /* ......+......... */
    0x2c, 0x0c, 0x2b, 0x00, 0x30, 0xab, 0x19, 0x00, 0x00, 0x00, 0x00, 0x00, 0x40, 0x0c, 0x2b, 0x00, /* ,.+.0.......@.+. */
    0xd0, 0x7b, 0x19, 0x00, 0x00, 0x00, 0x00, 0x00, 0x50, 0x0c, 0x2b, 0x00, 0x56, 0x7c, 0x19, 0x00, /* .{......P.+.V|.. */
    0x00, 0x00, 0x00, 0x00, 0x60, 0x0c, 0x2b, 0x00, 0x22, 0x7d, 0x19, 0x00, 0x00, 0x00, 0x00, 0x00, /* ....`.+."}...... */
    0x74, 0x0c, 0x2b, 0x00, 0x76, 0x7d, 0x19, 0x00, 0x00, 0x00, 0x00, 0x00, 0x88, 0x0c, 0x2b, 0x00, /* t.+.v}........+. */
    0x4a, 0x7e, 0x19, 0x00, 0x00, 0x00, 0x00, 0x00, 0x9c, 0x0c, 0x2b, 0x00, 0xdc, 0x5b, 0x19, 0x00, /* J~........+..[.. */
    0x00, 0x00, 0x00, 0x00, 0xac, 0x0c, 0x2b, 0x00, 0xb6, 0x5c, 0x19, 0x00, 0x00, 0x00, 0x00, 0x00, /* ......+..\...... */
    0xb8, 0x0c, 0x2b, 0x00, 0x58, 0x5d, 0x19, 0x00, 0x00, 0x00, 0x00, 0x00, 0xc8, 0x0c, 0x2b, 0x00, /* ..+.X]........+. */
    0x6c, 0x5d, 0x19, 0x00, 0x00, 0x00, 0x00, 0x00, 0xd4, 0x0c, 0x2b, 0x00, 0x18, 0x99, 0x19, 0x00, /* l]........+..... */
    0x00, 0x00, 0x00, 0x00, 0xec, 0x0c, 0x2b, 0x00, 0x4c, 0x5e, 0x19, 0x00, 0x00, 0x00, 0x00, 0x00, /* ......+.L^...... */
    0xfc, 0x0c, 0x2b, 0x00, 0x68, 0x5e, 0x19, 0x00, 0x00, 0x00, 0x00, 0x00, 0x0c, 0x0d, 0x2b, 0x00, /* ..+.h^........+. */
    0xea, 0x5f, 0x19, 0x00, 0x00, 0x00, 0x00, 0x00, 0x20, 0x0d, 0x2b, 0x00, 0x4e, 0x61, 0x19, 0x00, /* ._...... .+.Na.. */
    0x00, 0x00, 0x00, 0x00, 0xbc, 0x74, 0x2a, 0x00, 0xca, 0x80, 0x19, 0x00, 0x00, 0x00, 0x00, 0x00, /* .....t*......... */
    0x34, 0x0d, 0x2b, 0x00, 0x14, 0x82, 0x19, 0x00, 0x00, 0x00, 0x00, 0x00, 0x40, 0x0d, 0x2b, 0x00, /* 4.+.........@.+. */
    0x82, 0x82, 0x19, 0x00, 0x00, 0x00, 0x00, 0x00, 0x50, 0x0d, 0x2b, 0x00, 0x16, 0xaa, 0x19, 0x00, /* ........P.+..... */
    0x00, 0x00, 0x00, 0x00, 0x64, 0x0d, 0x2b, 0x00, 0xd6, 0x8c, 0x19, 0x00, 0x00, 0x00, 0x00, 0x00, /* ....d.+......... */
    0x70, 0x0d, 0x2b, 0x00, 0x9c, 0x82, 0x19, 0x00, 0x00, 0x00, 0x00, 0x00, 0x80, 0x0d, 0x2b, 0x00, /* p.+...........+. */
    0x9e, 0x85, 0x19, 0x00, 0x00, 0x00, 0x00, 0x00, 0x8c, 0x0d, 0x2b, 0x00, 0xec, 0x82, 0x19, 0x00, /* ..........+..... */
    0x00, 0x00, 0x00, 0x00, 0x98, 0x0d, 0x2b, 0x00, 0x0e, 0xae, 0x19, 0x00, 0x00, 0x00, 0x00, 0x00, /* ......+......... */
    0xa8, 0x0d, 0x2b, 0x00, 0x18, 0x8d, 0x19, 0x00, 0x00, 0x00, 0x00, 0x00, 0xb4, 0x0d, 0x2b, 0x00, /* ..+...........+. */
    0x1e, 0x8d, 0x19, 0x00, 0x00, 0x00, 0x00, 0x00, 0xc8, 0x0d, 0x2b, 0x00, 0x24, 0x8d, 0x19, 0x00, /* ..........+.$... */
    0x00, 0x00, 0x00, 0x00, 0xd4, 0x0d, 0x2b, 0x00, 0x32, 0x83, 0x19, 0x00, 0x00, 0x00, 0x00, 0x00, /* ......+.2....... */
    0xe4, 0x0d, 0x2b, 0x00, 0xe0, 0x83, 0x19, 0x00, 0x00, 0x00, 0x00, 0x00, 0xf0, 0x0d, 0x2b, 0x00, /* ..+...........+. */
    0x74, 0x84, 0x19, 0x00, 0x00, 0x00, 0x00, 0x00, 0x00, 0x0e, 0x2b, 0x00, 0xde, 0x84, 0x19, 0x00, /* t.........+..... */
    0x00, 0x00, 0x00, 0x00, 0x10, 0x0e, 0x2b, 0x00, 0x0a, 0x86, 0x19, 0x00, 0x00, 0x00, 0x00, 0x00, /* ......+......... */
    0x1c, 0x0e, 0x2b, 0x00, 0x42, 0x88, 0x19, 0x00, 0x00, 0x00, 0x00, 0x00, 0x28, 0x0e, 0x2b, 0x00, /* ..+.B.......(.+. */
    0x14, 0x89, 0x19, 0x00, 0x00, 0x00, 0x00, 0x00, 0x34, 0x0e, 0x2b, 0x00, 0x46, 0x8a, 0x19, 0x00, /* ........4.+.F... */
    0x00, 0x00, 0x00, 0x00, 0x3c, 0x0e, 0x2b, 0x00, 0x90, 0x8b, 0x19, 0x00, 0x00, 0x00, 0x00, 0x00, /* ....<.+......... */
    0x90, 0xc7, 0x2a, 0x00, 0x1e, 0x85, 0x19, 0x00, 0x00, 0x00, 0x00, 0x00, 0x44, 0x0e, 0x2b, 0x00, /* ..*.........D.+. */
    0x5e, 0x85, 0x19, 0x00, 0x00, 0x00, 0x00, 0x00, 0x08, 0xc8, 0x2a, 0x00, 0x42, 0x81, 0x19, 0x00, /* ^.........*.B... */
    0x00, 0x00, 0x00, 0x00, 0x48, 0x0e, 0x2b, 0x00, 0xf2, 0x8c, 0x19, 0x00, 0x00, 0x00, 0x00, 0x00, /* ....H.+......... */
    0x58, 0x0e, 0x2b, 0x00, 0xf8, 0x8c, 0x19, 0x00, 0x00, 0x00, 0x00, 0x00, 0x6c, 0x0e, 0x2b, 0x00, /* X.+.........l.+. */
    0xfe, 0x8c, 0x19, 0x00, 0x00, 0x00, 0x00, 0x00, 0x7c, 0x0e, 0x2b, 0x00, 0x78, 0x58, 0x19, 0x00, /* ........|.+.xX.. */
    0x00, 0x00, 0x00, 0x00, 0x88, 0x0e, 0x2b, 0x00, 0x04, 0x8d, 0x19, 0x00, 0x00, 0x00, 0x00, 0x00 /* ......+......... */
};

/* 0x003138c0 - 736 bytes */
const unsigned char methods_003138c0[736] = {
    0x98, 0x0e, 0x2b, 0x00, 0x00, 0xb6, 0x19, 0x00, 0x00, 0x00, 0x00, 0x00, 0xa0, 0x0e, 0x2b, 0x00, /* ..+...........+. */
    0x24, 0xb7, 0x19, 0x00, 0x00, 0x00, 0x00, 0x00, 0xa8, 0x0e, 0x2b, 0x00, 0x6c, 0xb8, 0x19, 0x00, /* $.........+.l... */
    0x00, 0x00, 0x00, 0x00, 0xb4, 0x0e, 0x2b, 0x00, 0xb8, 0xb8, 0x19, 0x00, 0x00, 0x00, 0x00, 0x00, /* ......+......... */
    0xc4, 0x0e, 0x2b, 0x00, 0x14, 0xb9, 0x19, 0x00, 0x00, 0x00, 0x00, 0x00, 0xd8, 0x0e, 0x2b, 0x00, /* ..+...........+. */
    0xa0, 0xb9, 0x19, 0x00, 0x00, 0x00, 0x00, 0x00, 0xec, 0x0e, 0x2b, 0x00, 0x24, 0xba, 0x19, 0x00, /* ..........+.$... */
    0x00, 0x00, 0x00, 0x00, 0x08, 0x0f, 0x2b, 0x00, 0xba, 0xcd, 0x19, 0x00, 0x00, 0x00, 0x00, 0x00, /* ......+......... */
    0x18, 0x0f, 0x2b, 0x00, 0xfe, 0x53, 0x19, 0x00, 0x00, 0x00, 0x00, 0x00, 0x24, 0x0f, 0x2b, 0x00, /* ..+..S......$.+. */
    0x0e, 0x54, 0x19, 0x00, 0x00, 0x00, 0x00, 0x00, 0x30, 0x0f, 0x2b, 0x00, 0x2e, 0x54, 0x19, 0x00, /* .T......0.+..T.. */
    0x00, 0x00, 0x00, 0x00, 0x44, 0x0f, 0x2b, 0x00, 0x1e, 0x54, 0x19, 0x00, 0x00, 0x00, 0x00, 0x00, /* ....D.+..T...... */
    0x54, 0x0f, 0x2b, 0x00, 0x3e, 0x54, 0x19, 0x00, 0x00, 0x00, 0x00, 0x00, 0x60, 0x0f, 0x2b, 0x00, /* T.+.>T......`.+. */
    0xae, 0xba, 0x19, 0x00, 0x00, 0x00, 0x00, 0x00, 0x68, 0x0f, 0x2b, 0x00, 0x30, 0xbd, 0x19, 0x00, /* ........h.+.0... */
    0x00, 0x00, 0x00, 0x00, 0x70, 0x0f, 0x2b, 0x00, 0x7c, 0xbd, 0x19, 0x00, 0x00, 0x00, 0x00, 0x00, /* ....p.+.|....... */
    0x80, 0x0f, 0x2b, 0x00, 0x1e, 0xbe, 0x19, 0x00, 0x00, 0x00, 0x00, 0x00, 0x8c, 0x0f, 0x2b, 0x00, /* ..+...........+. */
    0xa8, 0xbe, 0x19, 0x00, 0x00, 0x00, 0x00, 0x00, 0x94, 0x0f, 0x2b, 0x00, 0x18, 0xbf, 0x19, 0x00, /* ..........+..... */
    0x00, 0x00, 0x00, 0x00, 0x9c, 0x0f, 0x2b, 0x00, 0xb6, 0xbf, 0x19, 0x00, 0x00, 0x00, 0x00, 0x00, /* ......+......... */
    0xb0, 0x0f, 0x2b, 0x00, 0x3a, 0xc0, 0x19, 0x00, 0x00, 0x00, 0x00, 0x00, 0xbc, 0x0f, 0x2b, 0x00, /* ..+.:.........+. */
    0x8c, 0xc1, 0x19, 0x00, 0x00, 0x00, 0x00, 0x00, 0xc8, 0x0f, 0x2b, 0x00, 0x0e, 0xc2, 0x19, 0x00, /* ..........+..... */
    0x00, 0x00, 0x00, 0x00, 0xdc, 0x0f, 0x2b, 0x00, 0x90, 0xc2, 0x19, 0x00, 0x00, 0x00, 0x00, 0x00, /* ......+......... */
    0xec, 0x0f, 0x2b, 0x00, 0xfa, 0xc2, 0x19, 0x00, 0x00, 0x00, 0x00, 0x00, 0xfc, 0x0f, 0x2b, 0x00, /* ..+...........+. */
    0xa4, 0x58, 0x19, 0x00, 0x00, 0x00, 0x00, 0x00, 0x08, 0x10, 0x2b, 0x00, 0xaa, 0x58, 0x19, 0x00, /* .X........+..X.. */
    0x00, 0x00, 0x00, 0x00, 0x18, 0x10, 0x2b, 0x00, 0xb0, 0x58, 0x19, 0x00, 0x00, 0x00, 0x00, 0x00, /* ......+..X...... */
    0x24, 0x10, 0x2b, 0x00, 0x78, 0xc3, 0x19, 0x00, 0x00, 0x00, 0x00, 0x00, 0x2c, 0x10, 0x2b, 0x00, /* $.+.x.......,.+. */
    0x12, 0xc4, 0x19, 0x00, 0x00, 0x00, 0x00, 0x00, 0x38, 0x10, 0x2b, 0x00, 0x7c, 0xc4, 0x19, 0x00, /* ........8.+.|... */
    0x00, 0x00, 0x00, 0x00, 0x48, 0x10, 0x2b, 0x00, 0x06, 0xc5, 0x19, 0x00, 0x00, 0x00, 0x00, 0x00, /* ....H.+......... */
    0xd4, 0xbd, 0x2a, 0x00, 0x42, 0xb2, 0x19, 0x00, 0x00, 0x00, 0x00, 0x00, 0xdc, 0xbd, 0x2a, 0x00, /* ..*.B.........*. */
    0xbc, 0xb2, 0x19, 0x00, 0x00, 0x00, 0x00, 0x00, 0x58, 0x10, 0x2b, 0x00, 0x36, 0xb3, 0x19, 0x00, /* ........X.+.6... */
    0x00, 0x00, 0x00, 0x00, 0x68, 0x10, 0x2b, 0x00, 0x22, 0xc6, 0x19, 0x00, 0x00, 0x00, 0x00, 0x00, /* ....h.+."....... */
    0x74, 0x10, 0x2b, 0x00, 0x90, 0xc6, 0x19, 0x00, 0x00, 0x00, 0x00, 0x00, 0x84, 0x10, 0x2b, 0x00, /* t.+...........+. */
    0x14, 0xc8, 0x19, 0x00, 0x00, 0x00, 0x00, 0x00, 0xa8, 0x82, 0x21, 0x00, 0x04, 0xcc, 0x19, 0x00, /* ..........!..... */
    0x00, 0x00, 0x00, 0x00, 0x94, 0x10, 0x2b, 0x00, 0xa8, 0xcb, 0x19, 0x00, 0x00, 0x00, 0x00, 0x00, /* ......+......... */
    0xa4, 0x10, 0x2b, 0x00, 0xae, 0xca, 0x19, 0x00, 0x00, 0x00, 0x00, 0x00, 0xb0, 0x10, 0x2b, 0x00, /* ..+...........+. */
    0x14, 0xce, 0x19, 0x00, 0x00, 0x00, 0x00, 0x00, 0xc4, 0x10, 0x2b, 0x00, 0xde, 0xce, 0x19, 0x00, /* ..........+..... */
    0x00, 0x00, 0x00, 0x00, 0xd0, 0x10, 0x2b, 0x00, 0x66, 0xcf, 0x19, 0x00, 0x00, 0x00, 0x00, 0x00, /* ......+.f....... */
    0xdc, 0x10, 0x2b, 0x00, 0xf0, 0xcf, 0x19, 0x00, 0x00, 0x00, 0x00, 0x00, 0xe8, 0x10, 0x2b, 0x00, /* ..+...........+. */
    0x78, 0xd0, 0x19, 0x00, 0x00, 0x00, 0x00, 0x00, 0xf8, 0x10, 0x2b, 0x00, 0x02, 0xd1, 0x19, 0x00, /* x.........+..... */
    0x00, 0x00, 0x00, 0x00, 0x08, 0x11, 0x2b, 0x00, 0xcc, 0xb3, 0x19, 0x00, 0x00, 0x00, 0x00, 0x00, /* ......+......... */
    0x24, 0x11, 0x2b, 0x00, 0x36, 0xb4, 0x19, 0x00, 0x00, 0x00, 0x00, 0x00, 0x40, 0x11, 0x2b, 0x00, /* $.+.6.......@.+. */
    0xa0, 0xb4, 0x19, 0x00, 0x00, 0x00, 0x00, 0x00, 0x54, 0x11, 0x2b, 0x00, 0xf2, 0xb4, 0x19, 0x00, /* ........T.+..... */
    0x00, 0x00, 0x00, 0x00, 0x6c, 0x11, 0x2b, 0x00, 0x44, 0xb5, 0x19, 0x00, 0x00, 0x00, 0x00, 0x00, /* ....l.+.D....... */
    0x7c, 0x11, 0x2b, 0x00, 0xa2, 0xb5, 0x19, 0x00, 0x00, 0x00, 0x00, 0x00, 0x90, 0x11, 0x2b, 0x00, /* |.+...........+. */
    0x52, 0xd1, 0x19, 0x00, 0x00, 0x00, 0x00, 0x00, 0xa0, 0x11, 0x2b, 0x00, 0x92, 0xd3, 0x19, 0x00, /* R.........+..... */
    0x00, 0x00, 0x00, 0x00, 0xb0, 0x11, 0x2b, 0x00, 0x56, 0xd4, 0x19, 0x00, 0x00, 0x00, 0x00, 0x00, /* ......+.V....... */
    0xc4, 0x11, 0x2b, 0x00, 0x96, 0xd5, 0x19, 0x00, 0x00, 0x00, 0x00, 0x00, 0xd8, 0x11, 0x2b, 0x00, /* ..+...........+. */
    0xa4, 0xd6, 0x19, 0x00, 0x00, 0x00, 0x00, 0x00, 0xf0, 0x11, 0x2b, 0x00, 0x2a, 0x8d, 0x19, 0x00, /* ..........+.*... */
    0x00, 0x00, 0x00, 0x00, 0x00, 0x00, 0x00, 0x00, 0x00, 0x00, 0x00, 0x00, 0x00, 0x00, 0x00, 0x00, /* ................ */
    0x00, 0x00, 0x00, 0x00, 0x00, 0x00, 0x00, 0x00, 0x00, 0x00, 0x00, 0x00, 0x00, 0x00, 0x00, 0x00 /* ................ */
};

/* 0x00313ba0 - 192 bytes */
const unsigned char spawns[192] = {
    0x84, 0x32, 0x2b, 0x00, 0xa8, 0x9a, 0x1b, 0x00, 0x90, 0x32, 0x2b, 0x00, 0xb2, 0x9a, 0x1b, 0x00, /* .2+......2+..... */
    0xa0, 0x32, 0x2b, 0x00, 0xa8, 0x9a, 0x1b, 0x00, 0xac, 0x32, 0x2b, 0x00, 0xca, 0x54, 0x1b, 0x00, /* .2+......2+..T.. */
    0xc0, 0x32, 0x2b, 0x00, 0x90, 0x55, 0x1b, 0x00, 0xd0, 0x32, 0x2b, 0x00, 0x06, 0x58, 0x1b, 0x00, /* .2+..U...2+..X.. */
    0xe0, 0x32, 0x2b, 0x00, 0x84, 0x53, 0x1b, 0x00, 0xf0, 0x32, 0x2b, 0x00, 0x8a, 0x59, 0x1b, 0x00, /* .2+..S...2+..Y.. */
    0x40, 0x9e, 0x21, 0x00, 0xd0, 0x9a, 0x1b, 0x00, 0x14, 0xc2, 0x21, 0x00, 0xda, 0x9a, 0x1b, 0x00, /* @.!.......!..... */
    0x00, 0x33, 0x2b, 0x00, 0xc4, 0xab, 0x1b, 0x00, 0x0c, 0x33, 0x2b, 0x00, 0xc4, 0xab, 0x1b, 0x00, /* .3+......3+..... */
    0x18, 0x33, 0x2b, 0x00, 0xe6, 0x9a, 0x1b, 0x00, 0x20, 0x33, 0x2b, 0x00, 0x54, 0x84, 0x1b, 0x00, /* .3+..... 3+.T... */
    0x2c, 0x33, 0x2b, 0x00, 0x60, 0x84, 0x1b, 0x00, 0x40, 0x33, 0x2b, 0x00, 0xfe, 0x53, 0x1b, 0x00, /* ,3+.`...@3+..S.. */
    0x50, 0x33, 0x2b, 0x00, 0x50, 0x53, 0x1b, 0x00, 0x60, 0x33, 0x2b, 0x00, 0x9e, 0x66, 0x1b, 0x00, /* P3+.PS..`3+..f.. */
    0x74, 0x33, 0x2b, 0x00, 0x66, 0x66, 0x1b, 0x00, 0x84, 0x33, 0x2b, 0x00, 0x20, 0x66, 0x1b, 0x00, /* t3+.ff...3+. f.. */
    0x94, 0x33, 0x2b, 0x00, 0x2e, 0x45, 0x1b, 0x00, 0x00, 0x00, 0x00, 0x00, 0x00, 0x00, 0x00, 0x00, /* .3+..E.......... */
    0x00, 0x00, 0x00, 0x00, 0x00, 0x00, 0x00, 0x00, 0x00, 0x00, 0x00, 0x00, 0x00, 0x00, 0x00, 0x00 /* ................ */
};

/* 0x00313c60 - 32 bytes */
const unsigned char range_00313c60[32] = {
    0x00, 0x00, 0x20, 0x42, 0x00, 0x00, 0x20, 0x42, 0x00, 0x00, 0x50, 0x42, 0x00, 0x00, 0x00, 0x00, /* .. B.. B..PB.... */
    0x00, 0x00, 0x00, 0x00, 0x00, 0x00, 0x00, 0x00, 0x00, 0x00, 0x00, 0x00, 0x00, 0x00, 0x00, 0x00 /* ................ */
};

/* 0x00313c80 - 32 bytes */
const unsigned char gc_orders[32] = {
    0x64, 0x35, 0x2b, 0x00, 0x80, 0x35, 0x2b, 0x00, 0x9c, 0x35, 0x2b, 0x00, 0xb0, 0x35, 0x2b, 0x00, /* d5+..5+..5+..5+. */
    0xc0, 0x35, 0x2b, 0x00, 0xd8, 0x35, 0x2b, 0x00, 0xf0, 0x35, 0x2b, 0x00, 0x00, 0x00, 0x00, 0x00 /* .5+..5+..5+..... */
};

/* 0x00313ca0 - 800 bytes */
const unsigned char itemParseKeywords[800] = {
    0xb4, 0x94, 0x21, 0x00, 0x58, 0x77, 0x1a, 0x00, 0x00, 0x00, 0x00, 0x00, 0x30, 0xce, 0x2a, 0x00, /* ..!.Xw......0.*. */
    0xe4, 0x77, 0x1a, 0x00, 0x00, 0x00, 0x00, 0x00, 0xb8, 0x3c, 0x2b, 0x00, 0x1c, 0x6d, 0x1a, 0x00, /* .w.......<+..m.. */
    0x00, 0x00, 0x00, 0x00, 0xc4, 0x3c, 0x2b, 0x00, 0xa2, 0x65, 0x1a, 0x00, 0x00, 0x00, 0x00, 0x00, /* .....<+..e...... */
    0xd4, 0x3c, 0x2b, 0x00, 0x26, 0x78, 0x1a, 0x00, 0x00, 0x00, 0x00, 0x00, 0xdc, 0x3c, 0x2b, 0x00, /* .<+.&x.......<+. */
    0x66, 0x7f, 0x1a, 0x00, 0x00, 0x00, 0x00, 0x00, 0x70, 0xa5, 0x21, 0x00, 0x14, 0x9a, 0x1a, 0x00, /* f.......p.!..... */
    0x00, 0x00, 0x00, 0x00, 0xe4, 0x3c, 0x2b, 0x00, 0x8a, 0x9b, 0x1a, 0x00, 0x00, 0x00, 0x00, 0x00, /* .....<+......... */
    0xec, 0x3c, 0x2b, 0x00, 0x8c, 0x6b, 0x1a, 0x00, 0x00, 0x00, 0x00, 0x00, 0xf8, 0x3c, 0x2b, 0x00, /* .<+..k.......<+. */
    0xc4, 0x65, 0x1a, 0x00, 0x00, 0x00, 0x00, 0x00, 0x08, 0x3d, 0x2b, 0x00, 0x04, 0x66, 0x1a, 0x00, /* .e.......=+..f.. */
    0x00, 0x00, 0x00, 0x00, 0x18, 0x3d, 0x2b, 0x00, 0xb4, 0x6b, 0x1a, 0x00, 0x00, 0x00, 0x00, 0x00, /* .....=+..k...... */
    0x20, 0x3d, 0x2b, 0x00, 0xdc, 0x6b, 0x1a, 0x00, 0x00, 0x00, 0x00, 0x00, 0x2c, 0x3d, 0x2b, 0x00, /*  =+..k......,=+. */
    0x44, 0x66, 0x1a, 0x00, 0x00, 0x00, 0x00, 0x00, 0x5c, 0xeb, 0x21, 0x00, 0x38, 0x9c, 0x1a, 0x00, /* Df......\.!.8... */
    0x00, 0x00, 0x00, 0x00, 0x40, 0x3d, 0x2b, 0x00, 0xe2, 0x87, 0x1a, 0x00, 0x00, 0x00, 0x00, 0x00, /* ....@=+......... */
    0x50, 0x3d, 0x2b, 0x00, 0xa8, 0x88, 0x1a, 0x00, 0x00, 0x00, 0x00, 0x00, 0x60, 0x3d, 0x2b, 0x00, /* P=+.........`=+. */
    0x6e, 0x89, 0x1a, 0x00, 0x00, 0x00, 0x00, 0x00, 0x68, 0x3d, 0x2b, 0x00, 0x0e, 0x9d, 0x1a, 0x00, /* n.......h=+..... */
    0x00, 0x00, 0x00, 0x00, 0x74, 0x3d, 0x2b, 0x00, 0xd8, 0x9d, 0x1a, 0x00, 0x00, 0x00, 0x00, 0x00, /* ....t=+......... */
    0x7c, 0x3d, 0x2b, 0x00, 0x4e, 0xa0, 0x1a, 0x00, 0x00, 0x00, 0x00, 0x00, 0x84, 0x3d, 0x2b, 0x00, /* |=+.N........=+. */
    0x38, 0x8a, 0x1a, 0x00, 0x00, 0x00, 0x00, 0x00, 0x90, 0x3d, 0x2b, 0x00, 0xfc, 0xa0, 0x1a, 0x00, /* 8........=+..... */
    0x00, 0x00, 0x00, 0x00, 0x98, 0x3d, 0x2b, 0x00, 0x48, 0xa2, 0x1a, 0x00, 0x00, 0x00, 0x00, 0x00, /* .....=+.H....... */
    0xa4, 0x3d, 0x2b, 0x00, 0x1a, 0xa3, 0x1a, 0x00, 0x00, 0x00, 0x00, 0x00, 0xac, 0x3d, 0x2b, 0x00, /* .=+..........=+. */
    0xc8, 0xa3, 0x1a, 0x00, 0x00, 0x00, 0x00, 0x00, 0xb8, 0x3d, 0x2b, 0x00, 0x02, 0x8b, 0x1a, 0x00, /* .........=+..... */
    0x00, 0x00, 0x00, 0x00, 0xc4, 0x3d, 0x2b, 0x00, 0xcc, 0x8b, 0x1a, 0x00, 0x00, 0x00, 0x00, 0x00, /* .....=+......... */
    0xd0, 0x3d, 0x2b, 0x00, 0x96, 0x8c, 0x1a, 0x00, 0x00, 0x00, 0x00, 0x00, 0xdc, 0x3d, 0x2b, 0x00, /* .=+..........=+. */
    0x76, 0xa4, 0x1a, 0x00, 0x00, 0x00, 0x00, 0x00, 0xe8, 0x3d, 0x2b, 0x00, 0x24, 0xa5, 0x1a, 0x00, /* v........=+.$... */
    0x00, 0x00, 0x00, 0x00, 0x20, 0xc2, 0x2a, 0x00, 0x60, 0x8d, 0x1a, 0x00, 0x00, 0x00, 0x00, 0x00, /* .... .*.`....... */
    0x2c, 0xc2, 0x2a, 0x00, 0x26, 0x8e, 0x1a, 0x00, 0x00, 0x00, 0x00, 0x00, 0x38, 0xc2, 0x2a, 0x00, /* ,.*.&.......8.*. */
    0x02, 0x8f, 0x1a, 0x00, 0x00, 0x00, 0x00, 0x00, 0xf4, 0x3d, 0x2b, 0x00, 0x90, 0x7a, 0x1a, 0x00, /* .........=+..z.. */
    0x00, 0x00, 0x00, 0x00, 0x04, 0x3e, 0x2b, 0x00, 0x68, 0x78, 0x1a, 0x00, 0x00, 0x00, 0x00, 0x00, /* .....>+.hx...... */
    0x10, 0x3e, 0x2b, 0x00, 0xc4, 0x66, 0x1a, 0x00, 0x00, 0x00, 0x00, 0x00, 0x18, 0x3e, 0x2b, 0x00, /* .>+..f.......>+. */
    0xec, 0x66, 0x1a, 0x00, 0x00, 0x00, 0x00, 0x00, 0x24, 0x3e, 0x2b, 0x00, 0x14, 0x67, 0x1a, 0x00, /* .f......$>+..g.. */
    0x00, 0x00, 0x00, 0x00, 0x30, 0x3e, 0x2b, 0x00, 0x3c, 0x67, 0x1a, 0x00, 0x00, 0x00, 0x00, 0x00, /* ....0>+.<g...... */
    0x3c, 0x3e, 0x2b, 0x00, 0x64, 0x67, 0x1a, 0x00, 0x00, 0x00, 0x00, 0x00, 0x4c, 0x3e, 0x2b, 0x00, /* <>+.dg......L>+. */
    0x8c, 0x67, 0x1a, 0x00, 0x00, 0x00, 0x00, 0x00, 0x5c, 0x3e, 0x2b, 0x00, 0xb4, 0x67, 0x1a, 0x00, /* .g......\>+..g.. */
    0x00, 0x00, 0x00, 0x00, 0x14, 0xe0, 0x2a, 0x00, 0xdc, 0x67, 0x1a, 0x00, 0x00, 0x00, 0x00, 0x00, /* ......*..g...... */
    0x64, 0x3e, 0x2b, 0x00, 0xc8, 0x8f, 0x1a, 0x00, 0x00, 0x00, 0x00, 0x00, 0x6c, 0x3e, 0x2b, 0x00, /* d>+.........l>+. */
    0x72, 0x79, 0x1a, 0x00, 0x00, 0x00, 0x00, 0x00, 0x74, 0x3e, 0x2b, 0x00, 0xd2, 0xa5, 0x1a, 0x00, /* ry......t>+..... */
    0x00, 0x00, 0x00, 0x00, 0x80, 0x3e, 0x2b, 0x00, 0x04, 0x68, 0x1a, 0x00, 0x00, 0x00, 0x00, 0x00, /* .....>+..h...... */
    0x94, 0x3e, 0x2b, 0x00, 0x98, 0xa6, 0x1a, 0x00, 0x00, 0x00, 0x00, 0x00, 0xa4, 0x3e, 0x2b, 0x00, /* .>+..........>+. */
    0x9a, 0x77, 0x1a, 0x00, 0x00, 0x00, 0x00, 0x00, 0xb0, 0x3e, 0x2b, 0x00, 0x92, 0x90, 0x1a, 0x00, /* .w.......>+..... */
    0x00, 0x00, 0x00, 0x00, 0xbc, 0x3e, 0x2b, 0x00, 0x48, 0x68, 0x1a, 0x00, 0x00, 0x00, 0x00, 0x00, /* .....>+.Hh...... */
    0xc8, 0x3e, 0x2b, 0x00, 0xa0, 0x92, 0x1a, 0x00, 0x00, 0x00, 0x00, 0x00, 0xd8, 0x3e, 0x2b, 0x00, /* .>+..........>+. */
    0x0a, 0x7a, 0x1a, 0x00, 0x00, 0x00, 0x00, 0x00, 0xe8, 0x3e, 0x2b, 0x00, 0x5e, 0xa7, 0x1a, 0x00, /* .z.......>+.^... */
    0x00, 0x00, 0x00, 0x00, 0xf8, 0x3e, 0x2b, 0x00, 0x7e, 0x69, 0x1a, 0x00, 0x00, 0x00, 0x00, 0x00, /* .....>+.~i...... */
    0x04, 0x3f, 0x2b, 0x00, 0x30, 0x79, 0x1a, 0x00, 0x00, 0x00, 0x00, 0x00, 0x10, 0x3f, 0x2b, 0x00, /* .?+.0y.......?+. */
    0xb4, 0x69, 0x1a, 0x00, 0x00, 0x00, 0x00, 0x00, 0x1c, 0x3f, 0x2b, 0x00, 0xea, 0x69, 0x1a, 0x00, /* .i.......?+..i.. */
    0x00, 0x00, 0x00, 0x00, 0x28, 0x3f, 0x2b, 0x00, 0x20, 0x6a, 0x1a, 0x00, 0x00, 0x00, 0x00, 0x00, /* ....(?+. j...... */
    0x34, 0x3f, 0x2b, 0x00, 0x56, 0x6a, 0x1a, 0x00, 0x00, 0x00, 0x00, 0x00, 0xa4, 0x90, 0x2a, 0x00, /* 4?+.Vj........*. */
    0xee, 0x78, 0x1a, 0x00, 0x00, 0x00, 0x00, 0x00, 0x40, 0x3f, 0x2b, 0x00, 0x6c, 0x66, 0x1a, 0x00, /* .x......@?+.lf.. */
    0x00, 0x00, 0x00, 0x00, 0x4c, 0x3f, 0x2b, 0x00, 0x90, 0x6c, 0x1a, 0x00, 0x00, 0x00, 0x00, 0x00, /* ....L?+..l...... */
    0x54, 0x3f, 0x2b, 0x00, 0x16, 0xa8, 0x1a, 0x00, 0x00, 0x00, 0x00, 0x00, 0x00, 0x00, 0x00, 0x00, /* T?+............. */
    0x00, 0x00, 0x00, 0x00, 0x00, 0x00, 0x00, 0x00, 0x00, 0x00, 0x00, 0x00, 0x00, 0x00, 0x00, 0x00 /* ................ */
};

/* 0x00313fc0 - 416 bytes */
const unsigned char menuParseKeywords[416] = {
    0xb4, 0x94, 0x21, 0x00, 0x4e, 0x76, 0x1a, 0x00, 0x00, 0x00, 0x00, 0x00, 0x60, 0x3f, 0x2b, 0x00, /* ..!.Nv......`?+. */
    0x46, 0x94, 0x1a, 0x00, 0x00, 0x00, 0x00, 0x00, 0xdc, 0x3c, 0x2b, 0x00, 0x9e, 0x7f, 0x1a, 0x00, /* F........<+..... */
    0x00, 0x00, 0x00, 0x00, 0xe4, 0x3c, 0x2b, 0x00, 0xf4, 0x94, 0x1a, 0x00, 0x00, 0x00, 0x00, 0x00, /* .....<+......... */
    0x90, 0x3d, 0x2b, 0x00, 0xa2, 0x95, 0x1a, 0x00, 0x00, 0x00, 0x00, 0x00, 0x6c, 0x3f, 0x2b, 0x00, /* .=+.........l?+. */
    0xbc, 0x63, 0x1a, 0x00, 0x00, 0x00, 0x00, 0x00, 0x74, 0x3f, 0x2b, 0x00, 0xe4, 0x63, 0x1a, 0x00, /* .c......t?+..c.. */
    0x00, 0x00, 0x00, 0x00, 0x7c, 0x3f, 0x2b, 0x00, 0x0c, 0x64, 0x1a, 0x00, 0x00, 0x00, 0x00, 0x00, /* ....|?+..d...... */
    0x7c, 0x3d, 0x2b, 0x00, 0x6e, 0x96, 0x1a, 0x00, 0x00, 0x00, 0x00, 0x00, 0x84, 0x3f, 0x2b, 0x00, /* |=+.n........?+. */
    0xd6, 0x7f, 0x1a, 0x00, 0x00, 0x00, 0x00, 0x00, 0x20, 0xc2, 0x2a, 0x00, 0xa0, 0x80, 0x1a, 0x00, /* ........ .*..... */
    0x00, 0x00, 0x00, 0x00, 0x2c, 0xc2, 0x2a, 0x00, 0x66, 0x81, 0x1a, 0x00, 0x00, 0x00, 0x00, 0x00, /* ....,.*.f....... */
    0x38, 0xc2, 0x2a, 0x00, 0x42, 0x82, 0x1a, 0x00, 0x00, 0x00, 0x00, 0x00, 0x90, 0x3f, 0x2b, 0x00, /* 8.*.B........?+. */
    0x08, 0x83, 0x1a, 0x00, 0x00, 0x00, 0x00, 0x00, 0x9c, 0x3f, 0x2b, 0x00, 0xce, 0x83, 0x1a, 0x00, /* .........?+..... */
    0x00, 0x00, 0x00, 0x00, 0xf4, 0x3d, 0x2b, 0x00, 0x58, 0x7b, 0x1a, 0x00, 0x00, 0x00, 0x00, 0x00, /* .....=+.X{...... */
    0x04, 0x3e, 0x2b, 0x00, 0x90, 0x76, 0x1a, 0x00, 0x00, 0x00, 0x00, 0x00, 0x98, 0x3d, 0x2b, 0x00, /* .>+..v.......=+. */
    0xd4, 0x97, 0x1a, 0x00, 0x00, 0x00, 0x00, 0x00, 0xe8, 0x3e, 0x2b, 0x00, 0x1c, 0x97, 0x1a, 0x00, /* .........>+..... */
    0x00, 0x00, 0x00, 0x00, 0xac, 0x3f, 0x2b, 0x00, 0x3c, 0x6b, 0x1a, 0x00, 0x00, 0x00, 0x00, 0x00, /* .....?+.<k...... */
    0xc0, 0x3f, 0x2b, 0x00, 0x34, 0x64, 0x1a, 0x00, 0x00, 0x00, 0x00, 0x00, 0xcc, 0x3f, 0x2b, 0x00, /* .?+.4d.......?+. */
    0xd8, 0x72, 0x1a, 0x00, 0x00, 0x00, 0x00, 0x00, 0xa4, 0x90, 0x2a, 0x00, 0x16, 0x77, 0x1a, 0x00, /* .r........*..w.. */
    0x00, 0x00, 0x00, 0x00, 0xd4, 0x3f, 0x2b, 0x00, 0x14, 0x6b, 0x1a, 0x00, 0x00, 0x00, 0x00, 0x00, /* .....?+..k...... */
    0xdc, 0x3f, 0x2b, 0x00, 0x94, 0x84, 0x1a, 0x00, 0x00, 0x00, 0x00, 0x00, 0xe8, 0x3f, 0x2b, 0x00, /* .?+..........?+. */
    0x82, 0x98, 0x1a, 0x00, 0x00, 0x00, 0x00, 0x00, 0xf4, 0x3f, 0x2b, 0x00, 0x5e, 0x85, 0x1a, 0x00, /* .........?+.^... */
    0x00, 0x00, 0x00, 0x00, 0x00, 0x40, 0x2b, 0x00, 0x28, 0x86, 0x1a, 0x00, 0x00, 0x00, 0x00, 0x00, /* .....@+.(....... */
    0x4c, 0x3f, 0x2b, 0x00, 0x04, 0x6c, 0x1a, 0x00, 0x00, 0x00, 0x00, 0x00, 0x54, 0x3f, 0x2b, 0x00, /* L?+..l......T?+. */
    0x30, 0x99, 0x1a, 0x00, 0x00, 0x00, 0x00, 0x00, 0x10, 0x40, 0x2b, 0x00, 0xf2, 0x86, 0x1a, 0x00, /* 0........@+..... */
    0x00, 0x00, 0x00, 0x00, 0x1c, 0x40, 0x2b, 0x00, 0x64, 0x6b, 0x1a, 0x00, 0x00, 0x00, 0x00, 0x00, /* .....@+.dk...... */
    0x00, 0x00, 0x00, 0x00, 0x00, 0x00, 0x00, 0x00, 0x00, 0x00, 0x00, 0x00, 0x00, 0x00, 0x00, 0x00, /* ................ */
    0x00, 0x00, 0x00, 0x00, 0x00, 0x00, 0x00, 0x00, 0x00, 0x00, 0x00, 0x00, 0x00, 0x00, 0x00, 0x00 /* ................ */
};

/* 0x00314160 - 800 bytes */
const unsigned char entityHandlers[800] = {
    0x00, 0x00, 0x00, 0x00, 0x00, 0x00, 0x00, 0x00, 0x00, 0x00, 0x00, 0x00, 0x00, 0x00, 0x00, 0x00, /* ................ */
    0x00, 0x00, 0x00, 0x00, 0x00, 0x00, 0x00, 0x00, 0x00, 0x00, 0x00, 0x00, 0x00, 0x00, 0x00, 0x00, /* ................ */
    0x00, 0x00, 0x00, 0x00, 0x00, 0x00, 0x00, 0x00, 0x00, 0x00, 0x00, 0x00, 0x00, 0x00, 0x00, 0x00, /* ................ */
    0x00, 0x00, 0x00, 0x00, 0x0a, 0x5a, 0x1b, 0x00, 0x00, 0x00, 0x00, 0x00, 0x00, 0x00, 0x00, 0x00, /* .....Z.......... */
    0x00, 0x00, 0x00, 0x00, 0x00, 0x00, 0x00, 0x00, 0x00, 0x00, 0x00, 0x00, 0x00, 0x00, 0x00, 0x00, /* ................ */
    0x00, 0x00, 0x00, 0x00, 0x00, 0x00, 0x00, 0x00, 0x00, 0x00, 0x00, 0x00, 0x00, 0x00, 0x00, 0x00, /* ................ */
    0x34, 0x53, 0x1b, 0x00, 0x00, 0x00, 0x00, 0x00, 0x00, 0x00, 0x00, 0x00, 0x00, 0x00, 0x00, 0x00, /* 4S.............. */
    0x00, 0x00, 0x00, 0x00, 0x00, 0x00, 0x00, 0x00, 0x00, 0x00, 0x00, 0x00, 0x00, 0x00, 0x00, 0x00, /* ................ */
    0x00, 0x00, 0x00, 0x00, 0xb8, 0x5a, 0x1b, 0x00, 0x34, 0x53, 0x1b, 0x00, 0x00, 0x00, 0x00, 0x00, /* .....Z..4S...... */
    0x00, 0x00, 0x00, 0x00, 0x00, 0x00, 0x00, 0x00, 0x00, 0x00, 0x00, 0x00, 0x00, 0x00, 0x00, 0x00, /* ................ */
    0x00, 0x00, 0x00, 0x00, 0x00, 0x00, 0x00, 0x00, 0x00, 0x00, 0x00, 0x00, 0x00, 0x00, 0x00, 0x00, /* ................ */
    0x32, 0x61, 0x1b, 0x00, 0xf0, 0x60, 0x1b, 0x00, 0xae, 0x60, 0x1b, 0x00, 0x00, 0x00, 0x00, 0x00, /* 2a...`...`...... */
    0x00, 0x00, 0x00, 0x00, 0x00, 0x00, 0x00, 0x00, 0x00, 0x00, 0x00, 0x00, 0xe0, 0x6e, 0x1b, 0x00, /* .............n.. */
    0x00, 0x00, 0x00, 0x00, 0x00, 0x00, 0x00, 0x00, 0x00, 0x00, 0x00, 0x00, 0x00, 0x00, 0x00, 0x00, /* ................ */
    0x00, 0x00, 0x00, 0x00, 0x00, 0x00, 0x00, 0x00, 0x00, 0x00, 0x00, 0x00, 0x00, 0x00, 0x00, 0x00, /* ................ */
    0x00, 0x00, 0x00, 0x00, 0xe0, 0x6e, 0x1b, 0x00, 0x00, 0x00, 0x00, 0x00, 0x00, 0x00, 0x00, 0x00, /* .....n.......... */
    0x00, 0x00, 0x00, 0x00, 0x00, 0x00, 0x00, 0x00, 0x00, 0x00, 0x00, 0x00, 0x00, 0x00, 0x00, 0x00, /* ................ */
    0x00, 0x00, 0x00, 0x00, 0x00, 0x00, 0x00, 0x00, 0x2c, 0x6f, 0x1c, 0x00, 0x00, 0x00, 0x00, 0x00, /* ........,o...... */
    0x00, 0x00, 0x00, 0x00, 0x00, 0x00, 0x00, 0x00, 0x00, 0x00, 0x00, 0x00, 0x00, 0x00, 0x00, 0x00, /* ................ */
    0x00, 0x00, 0x00, 0x00, 0x00, 0x00, 0x00, 0x00, 0x03, 0x00, 0x00, 0x00, 0x04, 0x00, 0x00, 0x00, /* ................ */
    0x2c, 0x6f, 0x1c, 0x00, 0x00, 0x00, 0x00, 0x00, 0x00, 0x00, 0x00, 0x00, 0x00, 0x00, 0x00, 0x00, /* ,o.............. */
    0x00, 0x00, 0x00, 0x00, 0x00, 0x00, 0x00, 0x00, 0x00, 0x00, 0x00, 0x00, 0x00, 0x00, 0x00, 0x00, /* ................ */
    0x05, 0x00, 0x00, 0x00, 0x06, 0x00, 0x00, 0x00, 0x00, 0x00, 0x00, 0x00, 0x00, 0x00, 0x00, 0x00, /* ................ */
    0x00, 0x00, 0x00, 0x00, 0x00, 0x00, 0x00, 0x00, 0x00, 0x00, 0x00, 0x00, 0x00, 0x00, 0x00, 0x00, /* ................ */
    0xa4, 0x28, 0x1c, 0x00, 0xda, 0x05, 0x1a, 0x00, 0x00, 0x00, 0x00, 0x00, 0x00, 0x00, 0x00, 0x00, /* .(.............. */
    0x00, 0x00, 0x00, 0x00, 0x00, 0x00, 0x00, 0x00, 0x00, 0x00, 0x00, 0x00, 0x00, 0x00, 0x00, 0x00, /* ................ */
    0x00, 0x00, 0x00, 0x00, 0x00, 0x00, 0x00, 0x00, 0xa4, 0x28, 0x1c, 0x00, 0x00, 0x00, 0x00, 0x00, /* .........(...... */
    0x00, 0x00, 0x00, 0x00, 0x00, 0x00, 0x00, 0x00, 0x00, 0x00, 0x00, 0x00, 0x00, 0x00, 0x00, 0x00, /* ................ */
    0x00, 0x00, 0x00, 0x00, 0x00, 0x00, 0x00, 0x00, 0x00, 0x00, 0x00, 0x00, 0x00, 0x00, 0x00, 0x00, /* ................ */
    0x00, 0x00, 0x00, 0x00, 0xda, 0x05, 0x1a, 0x00, 0x00, 0x00, 0x00, 0x00, 0x00, 0x00, 0x00, 0x00, /* ................ */
    0xfc, 0xf2, 0x1b, 0x00, 0x00, 0x00, 0x00, 0x00, 0x00, 0x00, 0x00, 0x00, 0x00, 0x00, 0x00, 0x00, /* ................ */
    0x00, 0x00, 0x00, 0x00, 0x00, 0x00, 0x00, 0x00, 0x00, 0x00, 0x00, 0x00, 0x00, 0x00, 0x00, 0x00, /* ................ */
    0x00, 0x00, 0x00, 0x00, 0x00, 0x00, 0x00, 0x00, 0x1a, 0xa0, 0x1b, 0x00, 0x00, 0x00, 0x00, 0x00, /* ................ */
    0x00, 0x00, 0x00, 0x00, 0x00, 0x00, 0x00, 0x00, 0xde, 0xa3, 0x1b, 0x00, 0x00, 0x00, 0x00, 0x00, /* ................ */
    0x00, 0x00, 0x00, 0x00, 0x20, 0x9d, 0x1b, 0x00, 0x00, 0x00, 0x00, 0x00, 0x00, 0x00, 0x00, 0x00, /* .... ........... */
    0x0a, 0x9b, 0x1b, 0x00, 0x00, 0x00, 0x00, 0x00, 0x00, 0x00, 0x00, 0x00, 0x00, 0x00, 0x00, 0x00, /* ................ */
    0xde, 0xa3, 0x1b, 0x00, 0x00, 0x00, 0x00, 0x00, 0x00, 0x00, 0x00, 0x00, 0x20, 0x9d, 0x1b, 0x00, /* ............ ... */
    0x00, 0x00, 0x00, 0x00, 0x00, 0x00, 0x00, 0x00, 0x18, 0xd7, 0x1a, 0x00, 0x00, 0x00, 0x00, 0x00, /* ................ */
    0x00, 0x00, 0x00, 0x00, 0x74, 0x07, 0x1b, 0x00, 0x00, 0x00, 0x00, 0x00, 0x00, 0x00, 0x00, 0x00, /* ....t........... */
    0x00, 0x00, 0x00, 0x00, 0x00, 0x00, 0x00, 0x00, 0x00, 0x00, 0x00, 0x00, 0x00, 0x00, 0x00, 0x00, /* ................ */
    0xa6, 0xdb, 0x1a, 0x00, 0x00, 0x00, 0x00, 0x00, 0x00, 0x00, 0x00, 0x00, 0x74, 0x07, 0x1b, 0x00, /* ............t... */
    0x00, 0x00, 0x00, 0x00, 0x00, 0x00, 0x00, 0x00, 0x00, 0x00, 0x00, 0x00, 0x00, 0x00, 0x00, 0x00, /* ................ */
    0x00, 0x00, 0x00, 0x00, 0x00, 0x00, 0x00, 0x00, 0x00, 0x00, 0x00, 0x00, 0x00, 0x00, 0x00, 0x00, /* ................ */
    0x00, 0x00, 0x00, 0x00, 0x74, 0x07, 0x1b, 0x00, 0x00, 0x00, 0x00, 0x00, 0x00, 0x00, 0x00, 0x00, /* ....t........... */
    0x00, 0x00, 0x00, 0x00, 0x00, 0x00, 0x00, 0x00, 0x00, 0x00, 0x00, 0x00, 0x00, 0x00, 0x00, 0x00, /* ................ */
    0x00, 0x00, 0x00, 0x00, 0x00, 0x00, 0x00, 0x00, 0x00, 0x00, 0x00, 0x00, 0x00, 0x00, 0x00, 0x00, /* ................ */
    0x6e, 0x82, 0x1b, 0x00, 0x00, 0x00, 0x00, 0x00, 0x00, 0x00, 0x00, 0x00, 0x00, 0x00, 0x00, 0x00, /* n............... */
    0x00, 0x00, 0x00, 0x00, 0x00, 0x00, 0x00, 0x00, 0x2e, 0x45, 0x1b, 0x00, 0x00, 0x00, 0x00, 0x00, /* .........E...... */
    0x00, 0x00, 0x00, 0x00, 0x00, 0x00, 0x00, 0x00, 0x00, 0x00, 0x00, 0x00, 0x00, 0x00, 0x00, 0x00, /* ................ */
    0x00, 0x00, 0x00, 0x00, 0x00, 0x00, 0x00, 0x00, 0x00, 0x00, 0x00, 0x00, 0x00, 0x00, 0x00, 0x00 /* ................ */
};

/* 0x00314480 - 32 bytes */
const unsigned char g_he_vertalign[32] = {
    0xd8, 0x4c, 0x2b, 0x00, 0xe0, 0x4c, 0x2b, 0x00, 0xe4, 0x4c, 0x2b, 0x00, 0xec, 0x4c, 0x2b, 0x00, /* .L+..L+..L+..L+. */
    0x60, 0x3f, 0x2b, 0x00, 0xf4, 0x4c, 0x2b, 0x00, 0xfc, 0x4c, 0x2b, 0x00, 0x08, 0x4d, 0x2b, 0x00 /* `?+..L+..L+..M+. */
};

/* 0x003144a0 - 32 bytes */
const unsigned char g_he_horzalign[32] = {
    0x18, 0x4d, 0x2b, 0x00, 0x04, 0x79, 0x22, 0x00, 0x20, 0x4d, 0x2b, 0x00, 0x28, 0x4d, 0x2b, 0x00, /* .M+..y". M+.(M+. */
    0x60, 0x3f, 0x2b, 0x00, 0xf4, 0x4c, 0x2b, 0x00, 0x30, 0x4d, 0x2b, 0x00, 0x08, 0x4d, 0x2b, 0x00 /* `?+..L+.0M+..M+. */
};

/* 0x003144c0 - 12 bytes */
const unsigned char g_he_aligny[12] = { 0xe0, 0x4c, 0x2b, 0x00, 0xe4, 0x4c, 0x2b, 0x00, 0xec, 0x4c, 0x2b, 0x00 };

/* 0x003144cc - 12 bytes */
const unsigned char g_he_alignx[12] = { 0x04, 0x79, 0x22, 0x00, 0x20, 0x4d, 0x2b, 0x00, 0x28, 0x4d, 0x2b, 0x00 };

/* 0x003144d8 - 40 bytes */
const unsigned char g_he_font[40] = {
    0x84, 0x02, 0x22, 0x00, 0x3c, 0x4d, 0x2b, 0x00, 0x48, 0x4d, 0x2b, 0x00, 0x00, 0x00, 0x00, 0x00, /* ..".<M+.HM+..... */
    0x00, 0x00, 0x00, 0x00, 0x00, 0x00, 0x00, 0x00, 0x00, 0x00, 0x00, 0x00, 0x00, 0x00, 0x00, 0x00, /* ................ */
    0x00, 0x00, 0x00, 0x00, 0x00, 0x00, 0x00, 0x00 /* ........ */
};

/* 0x00314500 - 32 bytes */
const unsigned char offhandStrings[32] = {
    0xb8, 0x57, 0x21, 0x00, 0xbc, 0x51, 0x2b, 0x00, 0xd0, 0x51, 0x2b, 0x00, 0x00, 0x00, 0x00, 0x00, /* .W!..Q+..Q+..... */
    0x00, 0x00, 0x00, 0x00, 0x00, 0x00, 0x00, 0x00, 0x00, 0x00, 0x00, 0x00, 0x00, 0x00, 0x00, 0x00 /* ................ */
};

/* 0x00314520 - 32 bytes */
const unsigned char hintStrings[32] = {
    0xb8, 0x57, 0x21, 0x00, 0x6c, 0x57, 0x2b, 0x00, 0x78, 0x57, 0x2b, 0x00, 0x88, 0x57, 0x2b, 0x00, /* .W!.lW+.xW+..W+. */
    0x94, 0x57, 0x2b, 0x00, 0x00, 0x00, 0x00, 0x00, 0x00, 0x00, 0x00, 0x00, 0x00, 0x00, 0x00, 0x00 /* .W+............. */
};

/* 0x00314540 - 12 bytes */
const unsigned char actorLocationalMaxs[12] = { 0x00, 0x00, 0x80, 0x42, 0x00, 0x00, 0x80, 0x42, 0x00, 0x00, 0x90, 0x42 };

/* 0x0031454c - 20 bytes */
const unsigned char actorLocationalMins[20] = {
    0x00, 0x00, 0x80, 0xc2, 0x00, 0x00, 0x80, 0xc2, 0x00, 0x00, 0x00, 0xc2, 0x00, 0x00, 0x00, 0x00, /* ................ */
    0x00, 0x00, 0x00, 0x00 /* .... */
};

/* 0x00314560 - 60 bytes */
const unsigned char modNames[60] = {
    0xe0, 0x64, 0x2b, 0x00, 0xec, 0x64, 0x2b, 0x00, 0x00, 0x65, 0x2b, 0x00, 0x14, 0x65, 0x2b, 0x00, /* .d+..d+..e+..e+. */
    0x20, 0x65, 0x2b, 0x00, 0x34, 0x65, 0x2b, 0x00, 0x44, 0x65, 0x2b, 0x00, 0x5c, 0x65, 0x2b, 0x00, /*  e+.4e+.De+.\e+. */
    0x68, 0x65, 0x2b, 0x00, 0x78, 0x65, 0x2b, 0x00, 0x84, 0x65, 0x2b, 0x00, 0x94, 0x65, 0x2b, 0x00, /* he+.xe+..e+..e+. */
    0xa0, 0x65, 0x2b, 0x00, 0xac, 0x65, 0x2b, 0x00, 0xc0, 0x65, 0x2b, 0x00 /* .e+..e+..e+. */
};

/* 0x0031459c - 19 bytes */
const unsigned char riflePriorityMap[19] = {
    0x01, 0x09, 0x09, 0x09, 0x08, 0x07, 0x06, 0x06, 0x06, 0x06, 0x05, 0x05, 0x04, 0x04, 0x04, 0x04, /* ................ */
    0x03, 0x03, 0x00 /* ... */
};

/* 0x003145af - 49 bytes */
const unsigned char bulletPriorityMap[49] = {
    0x01, 0x03, 0x03, 0x03, 0x03, 0x03, 0x03, 0x03, 0x03, 0x03, 0x03, 0x03, 0x03, 0x03, 0x03, 0x03, /* ................ */
    0x03, 0x03, 0x00, 0x00, 0x00, 0x00, 0x00, 0x00, 0x00, 0x00, 0x00, 0x00, 0x00, 0x00, 0x00, 0x00, /* ................ */
    0x00, 0x00, 0x00, 0x00, 0x00, 0x00, 0x00, 0x00, 0x00, 0x00, 0x00, 0x00, 0x00, 0x00, 0x00, 0x00, /* ................ */
    0x00 /* . */
};

/* 0x003145e0 - 96 bytes */
const unsigned char g_HitLocNames[96] = {
    0x98, 0x82, 0x21, 0x00, 0xd0, 0x65, 0x2b, 0x00, 0xd8, 0x65, 0x2b, 0x00, 0xe0, 0x65, 0x2b, 0x00, /* ..!..e+..e+..e+. */
    0xe8, 0x65, 0x2b, 0x00, 0xf4, 0x65, 0x2b, 0x00, 0x00, 0x66, 0x2b, 0x00, 0x10, 0x66, 0x2b, 0x00, /* .e+..e+..f+..f+. */
    0x20, 0x66, 0x2b, 0x00, 0x30, 0x66, 0x2b, 0x00, 0x40, 0x66, 0x2b, 0x00, 0x4c, 0x66, 0x2b, 0x00, /*  f+.0f+.@f+.Lf+. */
    0x58, 0x66, 0x2b, 0x00, 0x68, 0x66, 0x2b, 0x00, 0x78, 0x66, 0x2b, 0x00, 0x88, 0x66, 0x2b, 0x00, /* Xf+.hf+.xf+..f+. */
    0x98, 0x66, 0x2b, 0x00, 0xa4, 0x66, 0x2b, 0x00, 0xb0, 0x66, 0x2b, 0x00, 0x00, 0x00, 0x00, 0x00, /* .f+..f+..f+..... */
    0x00, 0x00, 0x00, 0x00, 0x00, 0x00, 0x00, 0x00, 0x00, 0x00, 0x00, 0x00, 0x00, 0x00, 0x00, 0x00 /* ................ */
};

/* 0x00314640 - 32 bytes */
const unsigned char lastLeadTeam[32] = {
    0x02, 0x00, 0x00, 0x00, 0x00, 0x00, 0x00, 0x00, 0x00, 0x00, 0x00, 0x00, 0x00, 0x00, 0x00, 0x00, /* ................ */
    0x00, 0x00, 0x00, 0x00, 0x00, 0x00, 0x00, 0x00, 0x00, 0x00, 0x00, 0x00, 0x00, 0x00, 0x00, 0x00 /* ................ */
};

/* 0x00314660 - 12 bytes */
const unsigned char maxs[12] = { 0x00, 0x00, 0x80, 0x40, 0x00, 0x00, 0x80, 0x40, 0x00, 0x00, 0x80, 0x40 };

/* 0x0031466c - 20 bytes */
const unsigned char mins[20] = {
    0x00, 0x00, 0x80, 0xc0, 0x00, 0x00, 0x80, 0xc0, 0x00, 0x00, 0x80, 0xc0, 0x00, 0x00, 0x00, 0x00, /* ................ */
    0x00, 0x00, 0x00, 0x00 /* .... */
};

/* 0x00314680 - 1024 bytes */
const unsigned char svc_strings[1024] = {
    0xcc, 0x75, 0x2b, 0x00, 0xd4, 0x75, 0x2b, 0x00, 0xe4, 0x75, 0x2b, 0x00, 0xf8, 0x75, 0x2b, 0x00, /* .u+..u+..u+..u+. */
    0x08, 0x76, 0x2b, 0x00, 0x1c, 0x76, 0x2b, 0x00, 0x2c, 0x76, 0x2b, 0x00, 0x3c, 0x76, 0x2b, 0x00, /* .v+..v+.,v+.<v+. */
    0x00, 0x00, 0x00, 0x00, 0x00, 0x00, 0x00, 0x00, 0x00, 0x00, 0x00, 0x00, 0x00, 0x00, 0x00, 0x00, /* ................ */
    0x00, 0x00, 0x00, 0x00, 0x00, 0x00, 0x00, 0x00, 0x00, 0x00, 0x00, 0x00, 0x00, 0x00, 0x00, 0x00, /* ................ */
    0x00, 0x00, 0x00, 0x00, 0x00, 0x00, 0x00, 0x00, 0x00, 0x00, 0x00, 0x00, 0x00, 0x00, 0x00, 0x00, /* ................ */
    0x00, 0x00, 0x00, 0x00, 0x00, 0x00, 0x00, 0x00, 0x00, 0x00, 0x00, 0x00, 0x00, 0x00, 0x00, 0x00, /* ................ */
    0x00, 0x00, 0x00, 0x00, 0x00, 0x00, 0x00, 0x00, 0x00, 0x00, 0x00, 0x00, 0x00, 0x00, 0x00, 0x00, /* ................ */
    0x00, 0x00, 0x00, 0x00, 0x00, 0x00, 0x00, 0x00, 0x00, 0x00, 0x00, 0x00, 0x00, 0x00, 0x00, 0x00, /* ................ */
    0x00, 0x00, 0x00, 0x00, 0x00, 0x00, 0x00, 0x00, 0x00, 0x00, 0x00, 0x00, 0x00, 0x00, 0x00, 0x00, /* ................ */
    0x00, 0x00, 0x00, 0x00, 0x00, 0x00, 0x00, 0x00, 0x00, 0x00, 0x00, 0x00, 0x00, 0x00, 0x00, 0x00, /* ................ */
    0x00, 0x00, 0x00, 0x00, 0x00, 0x00, 0x00, 0x00, 0x00, 0x00, 0x00, 0x00, 0x00, 0x00, 0x00, 0x00, /* ................ */
    0x00, 0x00, 0x00, 0x00, 0x00, 0x00, 0x00, 0x00, 0x00, 0x00, 0x00, 0x00, 0x00, 0x00, 0x00, 0x00, /* ................ */
    0x00, 0x00, 0x00, 0x00, 0x00, 0x00, 0x00, 0x00, 0x00, 0x00, 0x00, 0x00, 0x00, 0x00, 0x00, 0x00, /* ................ */
    0x00, 0x00, 0x00, 0x00, 0x00, 0x00, 0x00, 0x00, 0x00, 0x00, 0x00, 0x00, 0x00, 0x00, 0x00, 0x00, /* ................ */
    0x00, 0x00, 0x00, 0x00, 0x00, 0x00, 0x00, 0x00, 0x00, 0x00, 0x00, 0x00, 0x00, 0x00, 0x00, 0x00, /* ................ */
    0x00, 0x00, 0x00, 0x00, 0x00, 0x00, 0x00, 0x00, 0x00, 0x00, 0x00, 0x00, 0x00, 0x00, 0x00, 0x00, /* ................ */
    0x00, 0x00, 0x00, 0x00, 0x00, 0x00, 0x00, 0x00, 0x00, 0x00, 0x00, 0x00, 0x00, 0x00, 0x00, 0x00, /* ................ */
    0x00, 0x00, 0x00, 0x00, 0x00, 0x00, 0x00, 0x00, 0x00, 0x00, 0x00, 0x00, 0x00, 0x00, 0x00, 0x00, /* ................ */
    0x00, 0x00, 0x00, 0x00, 0x00, 0x00, 0x00, 0x00, 0x00, 0x00, 0x00, 0x00, 0x00, 0x00, 0x00, 0x00, /* ................ */
    0x00, 0x00, 0x00, 0x00, 0x00, 0x00, 0x00, 0x00, 0x00, 0x00, 0x00, 0x00, 0x00, 0x00, 0x00, 0x00, /* ................ */
    0x00, 0x00, 0x00, 0x00, 0x00, 0x00, 0x00, 0x00, 0x00, 0x00, 0x00, 0x00, 0x00, 0x00, 0x00, 0x00, /* ................ */
    0x00, 0x00, 0x00, 0x00, 0x00, 0x00, 0x00, 0x00, 0x00, 0x00, 0x00, 0x00, 0x00, 0x00, 0x00, 0x00, /* ................ */
    0x00, 0x00, 0x00, 0x00, 0x00, 0x00, 0x00, 0x00, 0x00, 0x00, 0x00, 0x00, 0x00, 0x00, 0x00, 0x00, /* ................ */
    0x00, 0x00, 0x00, 0x00, 0x00, 0x00, 0x00, 0x00, 0x00, 0x00, 0x00, 0x00, 0x00, 0x00, 0x00, 0x00, /* ................ */
    0x00, 0x00, 0x00, 0x00, 0x00, 0x00, 0x00, 0x00, 0x00, 0x00, 0x00, 0x00, 0x00, 0x00, 0x00, 0x00, /* ................ */
    0x00, 0x00, 0x00, 0x00, 0x00, 0x00, 0x00, 0x00, 0x00, 0x00, 0x00, 0x00, 0x00, 0x00, 0x00, 0x00, /* ................ */
    0x00, 0x00, 0x00, 0x00, 0x00, 0x00, 0x00, 0x00, 0x00, 0x00, 0x00, 0x00, 0x00, 0x00, 0x00, 0x00, /* ................ */
    0x00, 0x00, 0x00, 0x00, 0x00, 0x00, 0x00, 0x00, 0x00, 0x00, 0x00, 0x00, 0x00, 0x00, 0x00, 0x00, /* ................ */
    0x00, 0x00, 0x00, 0x00, 0x00, 0x00, 0x00, 0x00, 0x00, 0x00, 0x00, 0x00, 0x00, 0x00, 0x00, 0x00, /* ................ */
    0x00, 0x00, 0x00, 0x00, 0x00, 0x00, 0x00, 0x00, 0x00, 0x00, 0x00, 0x00, 0x00, 0x00, 0x00, 0x00, /* ................ */
    0x00, 0x00, 0x00, 0x00, 0x00, 0x00, 0x00, 0x00, 0x00, 0x00, 0x00, 0x00, 0x00, 0x00, 0x00, 0x00, /* ................ */
    0x00, 0x00, 0x00, 0x00, 0x00, 0x00, 0x00, 0x00, 0x00, 0x00, 0x00, 0x00, 0x00, 0x00, 0x00, 0x00, /* ................ */
    0x00, 0x00, 0x00, 0x00, 0x00, 0x00, 0x00, 0x00, 0x00, 0x00, 0x00, 0x00, 0x00, 0x00, 0x00, 0x00, /* ................ */
    0x00, 0x00, 0x00, 0x00, 0x00, 0x00, 0x00, 0x00, 0x00, 0x00, 0x00, 0x00, 0x00, 0x00, 0x00, 0x00, /* ................ */
    0x00, 0x00, 0x00, 0x00, 0x00, 0x00, 0x00, 0x00, 0x00, 0x00, 0x00, 0x00, 0x00, 0x00, 0x00, 0x00, /* ................ */
    0x00, 0x00, 0x00, 0x00, 0x00, 0x00, 0x00, 0x00, 0x00, 0x00, 0x00, 0x00, 0x00, 0x00, 0x00, 0x00, /* ................ */
    0x00, 0x00, 0x00, 0x00, 0x00, 0x00, 0x00, 0x00, 0x00, 0x00, 0x00, 0x00, 0x00, 0x00, 0x00, 0x00, /* ................ */
    0x00, 0x00, 0x00, 0x00, 0x00, 0x00, 0x00, 0x00, 0x00, 0x00, 0x00, 0x00, 0x00, 0x00, 0x00, 0x00, /* ................ */
    0x00, 0x00, 0x00, 0x00, 0x00, 0x00, 0x00, 0x00, 0x00, 0x00, 0x00, 0x00, 0x00, 0x00, 0x00, 0x00, /* ................ */
    0x00, 0x00, 0x00, 0x00, 0x00, 0x00, 0x00, 0x00, 0x00, 0x00, 0x00, 0x00, 0x00, 0x00, 0x00, 0x00, /* ................ */
    0x00, 0x00, 0x00, 0x00, 0x00, 0x00, 0x00, 0x00, 0x00, 0x00, 0x00, 0x00, 0x00, 0x00, 0x00, 0x00, /* ................ */
    0x00, 0x00, 0x00, 0x00, 0x00, 0x00, 0x00, 0x00, 0x00, 0x00, 0x00, 0x00, 0x00, 0x00, 0x00, 0x00, /* ................ */
    0x00, 0x00, 0x00, 0x00, 0x00, 0x00, 0x00, 0x00, 0x00, 0x00, 0x00, 0x00, 0x00, 0x00, 0x00, 0x00, /* ................ */
    0x00, 0x00, 0x00, 0x00, 0x00, 0x00, 0x00, 0x00, 0x00, 0x00, 0x00, 0x00, 0x00, 0x00, 0x00, 0x00, /* ................ */
    0x00, 0x00, 0x00, 0x00, 0x00, 0x00, 0x00, 0x00, 0x00, 0x00, 0x00, 0x00, 0x00, 0x00, 0x00, 0x00, /* ................ */
    0x00, 0x00, 0x00, 0x00, 0x00, 0x00, 0x00, 0x00, 0x00, 0x00, 0x00, 0x00, 0x00, 0x00, 0x00, 0x00, /* ................ */
    0x00, 0x00, 0x00, 0x00, 0x00, 0x00, 0x00, 0x00, 0x00, 0x00, 0x00, 0x00, 0x00, 0x00, 0x00, 0x00, /* ................ */
    0x00, 0x00, 0x00, 0x00, 0x00, 0x00, 0x00, 0x00, 0x00, 0x00, 0x00, 0x00, 0x00, 0x00, 0x00, 0x00, /* ................ */
    0x00, 0x00, 0x00, 0x00, 0x00, 0x00, 0x00, 0x00, 0x00, 0x00, 0x00, 0x00, 0x00, 0x00, 0x00, 0x00, /* ................ */
    0x00, 0x00, 0x00, 0x00, 0x00, 0x00, 0x00, 0x00, 0x00, 0x00, 0x00, 0x00, 0x00, 0x00, 0x00, 0x00, /* ................ */
    0x00, 0x00, 0x00, 0x00, 0x00, 0x00, 0x00, 0x00, 0x00, 0x00, 0x00, 0x00, 0x00, 0x00, 0x00, 0x00, /* ................ */
    0x00, 0x00, 0x00, 0x00, 0x00, 0x00, 0x00, 0x00, 0x00, 0x00, 0x00, 0x00, 0x00, 0x00, 0x00, 0x00, /* ................ */
    0x00, 0x00, 0x00, 0x00, 0x00, 0x00, 0x00, 0x00, 0x00, 0x00, 0x00, 0x00, 0x00, 0x00, 0x00, 0x00, /* ................ */
    0x00, 0x00, 0x00, 0x00, 0x00, 0x00, 0x00, 0x00, 0x00, 0x00, 0x00, 0x00, 0x00, 0x00, 0x00, 0x00, /* ................ */
    0x00, 0x00, 0x00, 0x00, 0x00, 0x00, 0x00, 0x00, 0x00, 0x00, 0x00, 0x00, 0x00, 0x00, 0x00, 0x00, /* ................ */
    0x00, 0x00, 0x00, 0x00, 0x00, 0x00, 0x00, 0x00, 0x00, 0x00, 0x00, 0x00, 0x00, 0x00, 0x00, 0x00, /* ................ */
    0x00, 0x00, 0x00, 0x00, 0x00, 0x00, 0x00, 0x00, 0x00, 0x00, 0x00, 0x00, 0x00, 0x00, 0x00, 0x00, /* ................ */
    0x00, 0x00, 0x00, 0x00, 0x00, 0x00, 0x00, 0x00, 0x00, 0x00, 0x00, 0x00, 0x00, 0x00, 0x00, 0x00, /* ................ */
    0x00, 0x00, 0x00, 0x00, 0x00, 0x00, 0x00, 0x00, 0x00, 0x00, 0x00, 0x00, 0x00, 0x00, 0x00, 0x00, /* ................ */
    0x00, 0x00, 0x00, 0x00, 0x00, 0x00, 0x00, 0x00, 0x00, 0x00, 0x00, 0x00, 0x00, 0x00, 0x00, 0x00, /* ................ */
    0x00, 0x00, 0x00, 0x00, 0x00, 0x00, 0x00, 0x00, 0x00, 0x00, 0x00, 0x00, 0x00, 0x00, 0x00, 0x00, /* ................ */
    0x00, 0x00, 0x00, 0x00, 0x00, 0x00, 0x00, 0x00, 0x00, 0x00, 0x00, 0x00, 0x00, 0x00, 0x00, 0x00, /* ................ */
    0x00, 0x00, 0x00, 0x00, 0x00, 0x00, 0x00, 0x00, 0x00, 0x00, 0x00, 0x00, 0x00, 0x00, 0x00, 0x00, /* ................ */
    0x00, 0x00, 0x00, 0x00, 0x00, 0x00, 0x00, 0x00, 0x00, 0x00, 0x00, 0x00, 0x00, 0x00, 0x00, 0x00 /* ................ */
};

/* 0x00314a80 - 128 bytes */
const unsigned char cg_shock_dvar_names[128] = {
    0xbc, 0x85, 0x2a, 0x00, 0xd8, 0x85, 0x2a, 0x00, 0xf8, 0x85, 0x2a, 0x00, 0x10, 0x86, 0x2a, 0x00, /* ..*...*...*...*. */
    0x28, 0x86, 0x2a, 0x00, 0x38, 0x86, 0x2a, 0x00, 0x54, 0x86, 0x2a, 0x00, 0x70, 0x86, 0x2a, 0x00, /* (.*.8.*.T.*.p.*. */
    0x8c, 0x86, 0x2a, 0x00, 0xa8, 0x86, 0x2a, 0x00, 0xc0, 0x86, 0x2a, 0x00, 0xd8, 0x86, 0x2a, 0x00, /* ..*...*...*...*. */
    0xf0, 0x86, 0x2a, 0x00, 0x0c, 0x87, 0x2a, 0x00, 0x24, 0x87, 0x2a, 0x00, 0x3c, 0x87, 0x2a, 0x00, /* ..*...*.$.*.<.*. */
    0x54, 0x87, 0x2a, 0x00, 0x6c, 0x87, 0x2a, 0x00, 0x84, 0x87, 0x2a, 0x00, 0x9c, 0x87, 0x2a, 0x00, /* T.*.l.*...*...*. */
    0xb4, 0x87, 0x2a, 0x00, 0xcc, 0x87, 0x2a, 0x00, 0xe4, 0x87, 0x2a, 0x00, 0x00, 0x88, 0x2a, 0x00, /* ..*...*...*...*. */
    0x1c, 0x88, 0x2a, 0x00, 0x2c, 0x88, 0x2a, 0x00, 0x4c, 0x88, 0x2a, 0x00, 0x68, 0x88, 0x2a, 0x00, /* ..*.,.*.L.*.h.*. */
    0x88, 0x88, 0x2a, 0x00, 0x00, 0x00, 0x00, 0x00, 0x00, 0x00, 0x00, 0x00, 0x00, 0x00, 0x00, 0x00 /* ..*............. */
};

/* 0x00314b00 - 32 bytes */
const unsigned char s_barrelTags[32] = {
    0x0c, 0xb1, 0x95, 0x01, 0x0e, 0xb1, 0x95, 0x01, 0x10, 0xb1, 0x95, 0x01, 0x12, 0xb1, 0x95, 0x01, /* ................ */
    0x00, 0x00, 0x00, 0x00, 0x00, 0x00, 0x00, 0x00, 0x00, 0x00, 0x00, 0x00, 0x00, 0x00, 0x00, 0x00 /* ................ */
};

/* 0x00314b20 - 4 bytes */
const unsigned char cg_activeLocalEntities[4] = { 0x20, 0xb9, 0x95, 0x01 };

/* 0x00314b24 - 28 bytes */
const unsigned char cg_localEntities[28] = {
    0x80, 0xad, 0xfe, 0x00, 0x00, 0x00, 0x00, 0x00, 0x00, 0x00, 0x00, 0x00, 0x00, 0x00, 0x00, 0x00, /* ................ */
    0x00, 0x00, 0x00, 0x00, 0x00, 0x00, 0x00, 0x00, 0x00, 0x00, 0x00, 0x00 /* ............ */
};

/* 0x00314b40 - 36 bytes */
const unsigned char accuracyDirName[36] = {
    0x50, 0x87, 0x2b, 0x00, 0x58, 0x87, 0x2b, 0x00, 0x00, 0x00, 0x00, 0x00, 0x00, 0x00, 0x00, 0x00, /* P.+.X.+......... */
    0x00, 0x00, 0x00, 0x00, 0x00, 0x00, 0x00, 0x00, 0x00, 0x00, 0x00, 0x00, 0x00, 0x00, 0x00, 0x00, /* ................ */
    0x00, 0x00, 0x00, 0x00 /* .... */
};

/* 0x00314b64 - 8 bytes */
const unsigned char sampleCount[8] = { 0x00, 0x00, 0x00, 0x00, 0x00, 0x00, 0x00, 0x00 };

/* 0x00314b6c - 4 bytes */
const unsigned char g_voice_initialized[4] = { 0x00, 0x00, 0x00, 0x00 };

/* 0x00314b70 - 20 bytes */
const unsigned char voice_current_scaler[20] = {
    0x00, 0x00, 0x80, 0x3f, 0x00, 0x00, 0x00, 0x00, 0x00, 0x00, 0x00, 0x00, 0x00, 0x00, 0x00, 0x00, /* ...?............ */
    0x00, 0x00, 0x00, 0x00 /* .... */
};

/* 0x00314b84 - 4 bytes */
const unsigned char samples_in_partial_audio_buffer[4] = { 0x00, 0x00, 0x00, 0x00 };

/* 0x00314b88 - 24 bytes */
const unsigned char enc_buffer_pos[24] = {
    0x00, 0x00, 0x00, 0x00, 0x00, 0x00, 0x00, 0x00, 0x00, 0x00, 0x00, 0x00, 0x00, 0x00, 0x00, 0x00, /* ................ */
    0x00, 0x00, 0x00, 0x00, 0x00, 0x00, 0x00, 0x00 /* ........ */
};

/* 0x00314ba0 - 4 bytes */
const unsigned char g_current_decode_bandwidth_setting[4] = { 0x00, 0x00, 0x00, 0x00 };

/* 0x00314ba4 - 28 bytes */
const unsigned char g_decoder[28] = {
    0x00, 0x00, 0x00, 0x00, 0x00, 0x00, 0x00, 0x00, 0x00, 0x00, 0x00, 0x00, 0x00, 0x00, 0x00, 0x00, /* ................ */
    0x00, 0x00, 0x00, 0x00, 0x00, 0x00, 0x00, 0x00, 0x00, 0x00, 0x00, 0x00 /* ............ */
};

/* 0x00314bc0 - 4 bytes */
const unsigned char g_speex_initialized[4] = { 0x00, 0x00, 0x00, 0x00 };

/* 0x00314bc4 - 4 bytes */
const unsigned char g_frame_size[4] = { 0x00, 0x00, 0x00, 0x00 };

/* 0x00314bc8 - 4 bytes */
const unsigned char g_current_bandwidth_setting[4] = { 0x00, 0x00, 0x00, 0x00 };

/* 0x00314bcc - 4 bytes */
const unsigned char g_encoder_samplerate[4] = { 0x00, 0x20, 0x00, 0x00 };

/* 0x00314bd0 - 16 bytes */
const unsigned char g_encoder_quality[16] = { 0x01, 0x00, 0x00, 0x00, 0x00, 0x00, 0x00, 0x00, 0x00, 0x00, 0x00, 0x00, 0x00, 0x00, 0x00, 0x00 };

/* 0x00314be0 - 1 bytes */
const unsigned char g_currently_recording[1] = { 0x00 };

/* 0x00314be1 - 3 bytes */
const unsigned char g_recording_initialized[3] = { 0x00, 0x00, 0x00 };

/* 0x00314be4 - 4 bytes */
const unsigned char g_sound_channels[4] = { 0x01, 0x00, 0x00, 0x00 };

/* 0x00314be8 - 4 bytes */
const unsigned char g_sound_recordVolume[4] = { 0xff, 0x00, 0x00, 0x00 };

/* 0x00314bec - 20 bytes */
const unsigned char g_sound_recordFrequency[20] = {
    0x00, 0x20, 0x00, 0x00, 0x00, 0x00, 0x00, 0x00, 0x00, 0x00, 0x00, 0x00, 0x00, 0x00, 0x00, 0x00, /* . .............. */
    0x00, 0x00, 0x00, 0x00 /* .... */
};

/* 0x00314c00 - 96 bytes */
const unsigned char inflate_mask[96] = {
    0x00, 0x00, 0x00, 0x00, 0x01, 0x00, 0x00, 0x00, 0x03, 0x00, 0x00, 0x00, 0x07, 0x00, 0x00, 0x00, /* ................ */
    0x0f, 0x00, 0x00, 0x00, 0x1f, 0x00, 0x00, 0x00, 0x3f, 0x00, 0x00, 0x00, 0x7f, 0x00, 0x00, 0x00, /* ........?....... */
    0xff, 0x00, 0x00, 0x00, 0xff, 0x01, 0x00, 0x00, 0xff, 0x03, 0x00, 0x00, 0xff, 0x07, 0x00, 0x00, /* ................ */
    0xff, 0x0f, 0x00, 0x00, 0xff, 0x1f, 0x00, 0x00, 0xff, 0x3f, 0x00, 0x00, 0xff, 0x7f, 0x00, 0x00, /* .........?...... */
    0xff, 0xff, 0x00, 0x00, 0x00, 0x00, 0x00, 0x00, 0x00, 0x00, 0x00, 0x00, 0x00, 0x00, 0x00, 0x00, /* ................ */
    0x00, 0x00, 0x00, 0x00, 0x00, 0x00, 0x00, 0x00, 0x00, 0x00, 0x00, 0x00, 0x00, 0x00, 0x00, 0x00 /* ................ */
};

/* 0x00314c60 - 256 bytes */
const unsigned char fixed_td[256] = {
    0x50, 0x05, 0x00, 0x00, 0x01, 0x00, 0x00, 0x00, 0x57, 0x05, 0x00, 0x00, 0x01, 0x01, 0x00, 0x00, /* P.......W....... */
    0x53, 0x05, 0x00, 0x00, 0x11, 0x00, 0x00, 0x00, 0x5b, 0x05, 0x00, 0x00, 0x01, 0x10, 0x00, 0x00, /* S.......[....... */
    0x51, 0x05, 0x00, 0x00, 0x05, 0x00, 0x00, 0x00, 0x59, 0x05, 0x00, 0x00, 0x01, 0x04, 0x00, 0x00, /* Q.......Y....... */
    0x55, 0x05, 0x00, 0x00, 0x41, 0x00, 0x00, 0x00, 0x5d, 0x05, 0x00, 0x00, 0x01, 0x40, 0x00, 0x00, /* U...A...]....@.. */
    0x50, 0x05, 0x00, 0x00, 0x03, 0x00, 0x00, 0x00, 0x58, 0x05, 0x00, 0x00, 0x01, 0x02, 0x00, 0x00, /* P.......X....... */
    0x54, 0x05, 0x00, 0x00, 0x21, 0x00, 0x00, 0x00, 0x5c, 0x05, 0x00, 0x00, 0x01, 0x20, 0x00, 0x00, /* T...!...\.... .. */
    0x52, 0x05, 0x00, 0x00, 0x09, 0x00, 0x00, 0x00, 0x5a, 0x05, 0x00, 0x00, 0x01, 0x08, 0x00, 0x00, /* R.......Z....... */
    0x56, 0x05, 0x00, 0x00, 0x81, 0x00, 0x00, 0x00, 0xc0, 0x05, 0x00, 0x00, 0x01, 0x60, 0x00, 0x00, /* V............`.. */
    0x50, 0x05, 0x00, 0x00, 0x02, 0x00, 0x00, 0x00, 0x57, 0x05, 0x00, 0x00, 0x81, 0x01, 0x00, 0x00, /* P.......W....... */
    0x53, 0x05, 0x00, 0x00, 0x19, 0x00, 0x00, 0x00, 0x5b, 0x05, 0x00, 0x00, 0x01, 0x18, 0x00, 0x00, /* S.......[....... */
    0x51, 0x05, 0x00, 0x00, 0x07, 0x00, 0x00, 0x00, 0x59, 0x05, 0x00, 0x00, 0x01, 0x06, 0x00, 0x00, /* Q.......Y....... */
    0x55, 0x05, 0x00, 0x00, 0x61, 0x00, 0x00, 0x00, 0x5d, 0x05, 0x00, 0x00, 0x01, 0x60, 0x00, 0x00, /* U...a...]....`.. */
    0x50, 0x05, 0x00, 0x00, 0x04, 0x00, 0x00, 0x00, 0x58, 0x05, 0x00, 0x00, 0x01, 0x03, 0x00, 0x00, /* P.......X....... */
    0x54, 0x05, 0x00, 0x00, 0x31, 0x00, 0x00, 0x00, 0x5c, 0x05, 0x00, 0x00, 0x01, 0x30, 0x00, 0x00, /* T...1...\....0.. */
    0x52, 0x05, 0x00, 0x00, 0x0d, 0x00, 0x00, 0x00, 0x5a, 0x05, 0x00, 0x00, 0x01, 0x0c, 0x00, 0x00, /* R.......Z....... */
    0x56, 0x05, 0x00, 0x00, 0xc1, 0x00, 0x00, 0x00, 0xc0, 0x05, 0x00, 0x00, 0x01, 0x60, 0x00, 0x00 /* V............`.. */
};

/* 0x00314d60 - 4096 bytes */
const unsigned char fixed_tl[4096] = {
    0x60, 0x07, 0x00, 0x00, 0x00, 0x01, 0x00, 0x00, 0x00, 0x08, 0x00, 0x00, 0x50, 0x00, 0x00, 0x00, /* `...........P... */
    0x00, 0x08, 0x00, 0x00, 0x10, 0x00, 0x00, 0x00, 0x54, 0x08, 0x00, 0x00, 0x73, 0x00, 0x00, 0x00, /* ........T...s... */
    0x52, 0x07, 0x00, 0x00, 0x1f, 0x00, 0x00, 0x00, 0x00, 0x08, 0x00, 0x00, 0x70, 0x00, 0x00, 0x00, /* R...........p... */
    0x00, 0x08, 0x00, 0x00, 0x30, 0x00, 0x00, 0x00, 0x00, 0x09, 0x00, 0x00, 0xc0, 0x00, 0x00, 0x00, /* ....0........... */
    0x50, 0x07, 0x00, 0x00, 0x0a, 0x00, 0x00, 0x00, 0x00, 0x08, 0x00, 0x00, 0x60, 0x00, 0x00, 0x00, /* P...........`... */
    0x00, 0x08, 0x00, 0x00, 0x20, 0x00, 0x00, 0x00, 0x00, 0x09, 0x00, 0x00, 0xa0, 0x00, 0x00, 0x00, /* .... ........... */
    0x00, 0x08, 0x00, 0x00, 0x00, 0x00, 0x00, 0x00, 0x00, 0x08, 0x00, 0x00, 0x80, 0x00, 0x00, 0x00, /* ................ */
    0x00, 0x08, 0x00, 0x00, 0x40, 0x00, 0x00, 0x00, 0x00, 0x09, 0x00, 0x00, 0xe0, 0x00, 0x00, 0x00, /* ....@........... */
    0x50, 0x07, 0x00, 0x00, 0x06, 0x00, 0x00, 0x00, 0x00, 0x08, 0x00, 0x00, 0x58, 0x00, 0x00, 0x00, /* P...........X... */
    0x00, 0x08, 0x00, 0x00, 0x18, 0x00, 0x00, 0x00, 0x00, 0x09, 0x00, 0x00, 0x90, 0x00, 0x00, 0x00, /* ................ */
    0x53, 0x07, 0x00, 0x00, 0x3b, 0x00, 0x00, 0x00, 0x00, 0x08, 0x00, 0x00, 0x78, 0x00, 0x00, 0x00, /* S...;.......x... */
    0x00, 0x08, 0x00, 0x00, 0x38, 0x00, 0x00, 0x00, 0x00, 0x09, 0x00, 0x00, 0xd0, 0x00, 0x00, 0x00, /* ....8........... */
    0x51, 0x07, 0x00, 0x00, 0x11, 0x00, 0x00, 0x00, 0x00, 0x08, 0x00, 0x00, 0x68, 0x00, 0x00, 0x00, /* Q...........h... */
    0x00, 0x08, 0x00, 0x00, 0x28, 0x00, 0x00, 0x00, 0x00, 0x09, 0x00, 0x00, 0xb0, 0x00, 0x00, 0x00, /* ....(........... */
    0x00, 0x08, 0x00, 0x00, 0x08, 0x00, 0x00, 0x00, 0x00, 0x08, 0x00, 0x00, 0x88, 0x00, 0x00, 0x00, /* ................ */
    0x00, 0x08, 0x00, 0x00, 0x48, 0x00, 0x00, 0x00, 0x00, 0x09, 0x00, 0x00, 0xf0, 0x00, 0x00, 0x00, /* ....H........... */
    0x50, 0x07, 0x00, 0x00, 0x04, 0x00, 0x00, 0x00, 0x00, 0x08, 0x00, 0x00, 0x54, 0x00, 0x00, 0x00, /* P...........T... */
    0x00, 0x08, 0x00, 0x00, 0x14, 0x00, 0x00, 0x00, 0x55, 0x08, 0x00, 0x00, 0xe3, 0x00, 0x00, 0x00, /* ........U....... */
    0x53, 0x07, 0x00, 0x00, 0x2b, 0x00, 0x00, 0x00, 0x00, 0x08, 0x00, 0x00, 0x74, 0x00, 0x00, 0x00, /* S...+.......t... */
    0x00, 0x08, 0x00, 0x00, 0x34, 0x00, 0x00, 0x00, 0x00, 0x09, 0x00, 0x00, 0xc8, 0x00, 0x00, 0x00, /* ....4........... */
    0x51, 0x07, 0x00, 0x00, 0x0d, 0x00, 0x00, 0x00, 0x00, 0x08, 0x00, 0x00, 0x64, 0x00, 0x00, 0x00, /* Q...........d... */
    0x00, 0x08, 0x00, 0x00, 0x24, 0x00, 0x00, 0x00, 0x00, 0x09, 0x00, 0x00, 0xa8, 0x00, 0x00, 0x00, /* ....$........... */
    0x00, 0x08, 0x00, 0x00, 0x04, 0x00, 0x00, 0x00, 0x00, 0x08, 0x00, 0x00, 0x84, 0x00, 0x00, 0x00, /* ................ */
    0x00, 0x08, 0x00, 0x00, 0x44, 0x00, 0x00, 0x00, 0x00, 0x09, 0x00, 0x00, 0xe8, 0x00, 0x00, 0x00, /* ....D........... */
    0x50, 0x07, 0x00, 0x00, 0x08, 0x00, 0x00, 0x00, 0x00, 0x08, 0x00, 0x00, 0x5c, 0x00, 0x00, 0x00, /* P...........\... */
    0x00, 0x08, 0x00, 0x00, 0x1c, 0x00, 0x00, 0x00, 0x00, 0x09, 0x00, 0x00, 0x98, 0x00, 0x00, 0x00, /* ................ */
    0x54, 0x07, 0x00, 0x00, 0x53, 0x00, 0x00, 0x00, 0x00, 0x08, 0x00, 0x00, 0x7c, 0x00, 0x00, 0x00, /* T...S.......|... */
    0x00, 0x08, 0x00, 0x00, 0x3c, 0x00, 0x00, 0x00, 0x00, 0x09, 0x00, 0x00, 0xd8, 0x00, 0x00, 0x00, /* ....<........... */
    0x52, 0x07, 0x00, 0x00, 0x17, 0x00, 0x00, 0x00, 0x00, 0x08, 0x00, 0x00, 0x6c, 0x00, 0x00, 0x00, /* R...........l... */
    0x00, 0x08, 0x00, 0x00, 0x2c, 0x00, 0x00, 0x00, 0x00, 0x09, 0x00, 0x00, 0xb8, 0x00, 0x00, 0x00, /* ....,........... */
    0x00, 0x08, 0x00, 0x00, 0x0c, 0x00, 0x00, 0x00, 0x00, 0x08, 0x00, 0x00, 0x8c, 0x00, 0x00, 0x00, /* ................ */
    0x00, 0x08, 0x00, 0x00, 0x4c, 0x00, 0x00, 0x00, 0x00, 0x09, 0x00, 0x00, 0xf8, 0x00, 0x00, 0x00, /* ....L........... */
    0x50, 0x07, 0x00, 0x00, 0x03, 0x00, 0x00, 0x00, 0x00, 0x08, 0x00, 0x00, 0x52, 0x00, 0x00, 0x00, /* P...........R... */
    0x00, 0x08, 0x00, 0x00, 0x12, 0x00, 0x00, 0x00, 0x55, 0x08, 0x00, 0x00, 0xa3, 0x00, 0x00, 0x00, /* ........U....... */
    0x53, 0x07, 0x00, 0x00, 0x23, 0x00, 0x00, 0x00, 0x00, 0x08, 0x00, 0x00, 0x72, 0x00, 0x00, 0x00, /* S...#.......r... */
    0x00, 0x08, 0x00, 0x00, 0x32, 0x00, 0x00, 0x00, 0x00, 0x09, 0x00, 0x00, 0xc4, 0x00, 0x00, 0x00, /* ....2........... */
    0x51, 0x07, 0x00, 0x00, 0x0b, 0x00, 0x00, 0x00, 0x00, 0x08, 0x00, 0x00, 0x62, 0x00, 0x00, 0x00, /* Q...........b... */
    0x00, 0x08, 0x00, 0x00, 0x22, 0x00, 0x00, 0x00, 0x00, 0x09, 0x00, 0x00, 0xa4, 0x00, 0x00, 0x00, /* ...."........... */
    0x00, 0x08, 0x00, 0x00, 0x02, 0x00, 0x00, 0x00, 0x00, 0x08, 0x00, 0x00, 0x82, 0x00, 0x00, 0x00, /* ................ */
    0x00, 0x08, 0x00, 0x00, 0x42, 0x00, 0x00, 0x00, 0x00, 0x09, 0x00, 0x00, 0xe4, 0x00, 0x00, 0x00, /* ....B........... */
    0x50, 0x07, 0x00, 0x00, 0x07, 0x00, 0x00, 0x00, 0x00, 0x08, 0x00, 0x00, 0x5a, 0x00, 0x00, 0x00, /* P...........Z... */
    0x00, 0x08, 0x00, 0x00, 0x1a, 0x00, 0x00, 0x00, 0x00, 0x09, 0x00, 0x00, 0x94, 0x00, 0x00, 0x00, /* ................ */
    0x54, 0x07, 0x00, 0x00, 0x43, 0x00, 0x00, 0x00, 0x00, 0x08, 0x00, 0x00, 0x7a, 0x00, 0x00, 0x00, /* T...C.......z... */
    0x00, 0x08, 0x00, 0x00, 0x3a, 0x00, 0x00, 0x00, 0x00, 0x09, 0x00, 0x00, 0xd4, 0x00, 0x00, 0x00, /* ....:........... */
    0x52, 0x07, 0x00, 0x00, 0x13, 0x00, 0x00, 0x00, 0x00, 0x08, 0x00, 0x00, 0x6a, 0x00, 0x00, 0x00, /* R...........j... */
    0x00, 0x08, 0x00, 0x00, 0x2a, 0x00, 0x00, 0x00, 0x00, 0x09, 0x00, 0x00, 0xb4, 0x00, 0x00, 0x00, /* ....*........... */
    0x00, 0x08, 0x00, 0x00, 0x0a, 0x00, 0x00, 0x00, 0x00, 0x08, 0x00, 0x00, 0x8a, 0x00, 0x00, 0x00, /* ................ */
    0x00, 0x08, 0x00, 0x00, 0x4a, 0x00, 0x00, 0x00, 0x00, 0x09, 0x00, 0x00, 0xf4, 0x00, 0x00, 0x00, /* ....J........... */
    0x50, 0x07, 0x00, 0x00, 0x05, 0x00, 0x00, 0x00, 0x00, 0x08, 0x00, 0x00, 0x56, 0x00, 0x00, 0x00, /* P...........V... */
    0x00, 0x08, 0x00, 0x00, 0x16, 0x00, 0x00, 0x00, 0xc0, 0x08, 0x00, 0x00, 0x00, 0x00, 0x00, 0x00, /* ................ */
    0x53, 0x07, 0x00, 0x00, 0x33, 0x00, 0x00, 0x00, 0x00, 0x08, 0x00, 0x00, 0x76, 0x00, 0x00, 0x00, /* S...3.......v... */
    0x00, 0x08, 0x00, 0x00, 0x36, 0x00, 0x00, 0x00, 0x00, 0x09, 0x00, 0x00, 0xcc, 0x00, 0x00, 0x00, /* ....6........... */
    0x51, 0x07, 0x00, 0x00, 0x0f, 0x00, 0x00, 0x00, 0x00, 0x08, 0x00, 0x00, 0x66, 0x00, 0x00, 0x00, /* Q...........f... */
    0x00, 0x08, 0x00, 0x00, 0x26, 0x00, 0x00, 0x00, 0x00, 0x09, 0x00, 0x00, 0xac, 0x00, 0x00, 0x00, /* ....&........... */
    0x00, 0x08, 0x00, 0x00, 0x06, 0x00, 0x00, 0x00, 0x00, 0x08, 0x00, 0x00, 0x86, 0x00, 0x00, 0x00, /* ................ */
    0x00, 0x08, 0x00, 0x00, 0x46, 0x00, 0x00, 0x00, 0x00, 0x09, 0x00, 0x00, 0xec, 0x00, 0x00, 0x00, /* ....F........... */
    0x50, 0x07, 0x00, 0x00, 0x09, 0x00, 0x00, 0x00, 0x00, 0x08, 0x00, 0x00, 0x5e, 0x00, 0x00, 0x00, /* P...........^... */
    0x00, 0x08, 0x00, 0x00, 0x1e, 0x00, 0x00, 0x00, 0x00, 0x09, 0x00, 0x00, 0x9c, 0x00, 0x00, 0x00, /* ................ */
    0x54, 0x07, 0x00, 0x00, 0x63, 0x00, 0x00, 0x00, 0x00, 0x08, 0x00, 0x00, 0x7e, 0x00, 0x00, 0x00, /* T...c.......~... */
    0x00, 0x08, 0x00, 0x00, 0x3e, 0x00, 0x00, 0x00, 0x00, 0x09, 0x00, 0x00, 0xdc, 0x00, 0x00, 0x00, /* ....>........... */
    0x52, 0x07, 0x00, 0x00, 0x1b, 0x00, 0x00, 0x00, 0x00, 0x08, 0x00, 0x00, 0x6e, 0x00, 0x00, 0x00, /* R...........n... */
    0x00, 0x08, 0x00, 0x00, 0x2e, 0x00, 0x00, 0x00, 0x00, 0x09, 0x00, 0x00, 0xbc, 0x00, 0x00, 0x00, /* ................ */
    0x00, 0x08, 0x00, 0x00, 0x0e, 0x00, 0x00, 0x00, 0x00, 0x08, 0x00, 0x00, 0x8e, 0x00, 0x00, 0x00, /* ................ */
    0x00, 0x08, 0x00, 0x00, 0x4e, 0x00, 0x00, 0x00, 0x00, 0x09, 0x00, 0x00, 0xfc, 0x00, 0x00, 0x00, /* ....N........... */
    0x60, 0x07, 0x00, 0x00, 0x00, 0x01, 0x00, 0x00, 0x00, 0x08, 0x00, 0x00, 0x51, 0x00, 0x00, 0x00, /* `...........Q... */
    0x00, 0x08, 0x00, 0x00, 0x11, 0x00, 0x00, 0x00, 0x55, 0x08, 0x00, 0x00, 0x83, 0x00, 0x00, 0x00, /* ........U....... */
    0x52, 0x07, 0x00, 0x00, 0x1f, 0x00, 0x00, 0x00, 0x00, 0x08, 0x00, 0x00, 0x71, 0x00, 0x00, 0x00, /* R...........q... */
    0x00, 0x08, 0x00, 0x00, 0x31, 0x00, 0x00, 0x00, 0x00, 0x09, 0x00, 0x00, 0xc2, 0x00, 0x00, 0x00, /* ....1........... */
    0x50, 0x07, 0x00, 0x00, 0x0a, 0x00, 0x00, 0x00, 0x00, 0x08, 0x00, 0x00, 0x61, 0x00, 0x00, 0x00, /* P...........a... */
    0x00, 0x08, 0x00, 0x00, 0x21, 0x00, 0x00, 0x00, 0x00, 0x09, 0x00, 0x00, 0xa2, 0x00, 0x00, 0x00, /* ....!........... */
    0x00, 0x08, 0x00, 0x00, 0x01, 0x00, 0x00, 0x00, 0x00, 0x08, 0x00, 0x00, 0x81, 0x00, 0x00, 0x00, /* ................ */
    0x00, 0x08, 0x00, 0x00, 0x41, 0x00, 0x00, 0x00, 0x00, 0x09, 0x00, 0x00, 0xe2, 0x00, 0x00, 0x00, /* ....A........... */
    0x50, 0x07, 0x00, 0x00, 0x06, 0x00, 0x00, 0x00, 0x00, 0x08, 0x00, 0x00, 0x59, 0x00, 0x00, 0x00, /* P...........Y... */
    0x00, 0x08, 0x00, 0x00, 0x19, 0x00, 0x00, 0x00, 0x00, 0x09, 0x00, 0x00, 0x92, 0x00, 0x00, 0x00, /* ................ */
    0x53, 0x07, 0x00, 0x00, 0x3b, 0x00, 0x00, 0x00, 0x00, 0x08, 0x00, 0x00, 0x79, 0x00, 0x00, 0x00, /* S...;.......y... */
    0x00, 0x08, 0x00, 0x00, 0x39, 0x00, 0x00, 0x00, 0x00, 0x09, 0x00, 0x00, 0xd2, 0x00, 0x00, 0x00, /* ....9........... */
    0x51, 0x07, 0x00, 0x00, 0x11, 0x00, 0x00, 0x00, 0x00, 0x08, 0x00, 0x00, 0x69, 0x00, 0x00, 0x00, /* Q...........i... */
    0x00, 0x08, 0x00, 0x00, 0x29, 0x00, 0x00, 0x00, 0x00, 0x09, 0x00, 0x00, 0xb2, 0x00, 0x00, 0x00, /* ....)........... */
    0x00, 0x08, 0x00, 0x00, 0x09, 0x00, 0x00, 0x00, 0x00, 0x08, 0x00, 0x00, 0x89, 0x00, 0x00, 0x00, /* ................ */
    0x00, 0x08, 0x00, 0x00, 0x49, 0x00, 0x00, 0x00, 0x00, 0x09, 0x00, 0x00, 0xf2, 0x00, 0x00, 0x00, /* ....I........... */
    0x50, 0x07, 0x00, 0x00, 0x04, 0x00, 0x00, 0x00, 0x00, 0x08, 0x00, 0x00, 0x55, 0x00, 0x00, 0x00, /* P...........U... */
    0x00, 0x08, 0x00, 0x00, 0x15, 0x00, 0x00, 0x00, 0x50, 0x08, 0x00, 0x00, 0x02, 0x01, 0x00, 0x00, /* ........P....... */
    0x53, 0x07, 0x00, 0x00, 0x2b, 0x00, 0x00, 0x00, 0x00, 0x08, 0x00, 0x00, 0x75, 0x00, 0x00, 0x00, /* S...+.......u... */
    0x00, 0x08, 0x00, 0x00, 0x35, 0x00, 0x00, 0x00, 0x00, 0x09, 0x00, 0x00, 0xca, 0x00, 0x00, 0x00, /* ....5........... */
    0x51, 0x07, 0x00, 0x00, 0x0d, 0x00, 0x00, 0x00, 0x00, 0x08, 0x00, 0x00, 0x65, 0x00, 0x00, 0x00, /* Q...........e... */
    0x00, 0x08, 0x00, 0x00, 0x25, 0x00, 0x00, 0x00, 0x00, 0x09, 0x00, 0x00, 0xaa, 0x00, 0x00, 0x00, /* ....%........... */
    0x00, 0x08, 0x00, 0x00, 0x05, 0x00, 0x00, 0x00, 0x00, 0x08, 0x00, 0x00, 0x85, 0x00, 0x00, 0x00, /* ................ */
    0x00, 0x08, 0x00, 0x00, 0x45, 0x00, 0x00, 0x00, 0x00, 0x09, 0x00, 0x00, 0xea, 0x00, 0x00, 0x00, /* ....E........... */
    0x50, 0x07, 0x00, 0x00, 0x08, 0x00, 0x00, 0x00, 0x00, 0x08, 0x00, 0x00, 0x5d, 0x00, 0x00, 0x00, /* P...........]... */
    0x00, 0x08, 0x00, 0x00, 0x1d, 0x00, 0x00, 0x00, 0x00, 0x09, 0x00, 0x00, 0x9a, 0x00, 0x00, 0x00, /* ................ */
    0x54, 0x07, 0x00, 0x00, 0x53, 0x00, 0x00, 0x00, 0x00, 0x08, 0x00, 0x00, 0x7d, 0x00, 0x00, 0x00, /* T...S.......}... */
    0x00, 0x08, 0x00, 0x00, 0x3d, 0x00, 0x00, 0x00, 0x00, 0x09, 0x00, 0x00, 0xda, 0x00, 0x00, 0x00, /* ....=........... */
    0x52, 0x07, 0x00, 0x00, 0x17, 0x00, 0x00, 0x00, 0x00, 0x08, 0x00, 0x00, 0x6d, 0x00, 0x00, 0x00, /* R...........m... */
    0x00, 0x08, 0x00, 0x00, 0x2d, 0x00, 0x00, 0x00, 0x00, 0x09, 0x00, 0x00, 0xba, 0x00, 0x00, 0x00, /* ....-........... */
    0x00, 0x08, 0x00, 0x00, 0x0d, 0x00, 0x00, 0x00, 0x00, 0x08, 0x00, 0x00, 0x8d, 0x00, 0x00, 0x00, /* ................ */
    0x00, 0x08, 0x00, 0x00, 0x4d, 0x00, 0x00, 0x00, 0x00, 0x09, 0x00, 0x00, 0xfa, 0x00, 0x00, 0x00, /* ....M........... */
    0x50, 0x07, 0x00, 0x00, 0x03, 0x00, 0x00, 0x00, 0x00, 0x08, 0x00, 0x00, 0x53, 0x00, 0x00, 0x00, /* P...........S... */
    0x00, 0x08, 0x00, 0x00, 0x13, 0x00, 0x00, 0x00, 0x55, 0x08, 0x00, 0x00, 0xc3, 0x00, 0x00, 0x00, /* ........U....... */
    0x53, 0x07, 0x00, 0x00, 0x23, 0x00, 0x00, 0x00, 0x00, 0x08, 0x00, 0x00, 0x73, 0x00, 0x00, 0x00, /* S...#.......s... */
    0x00, 0x08, 0x00, 0x00, 0x33, 0x00, 0x00, 0x00, 0x00, 0x09, 0x00, 0x00, 0xc6, 0x00, 0x00, 0x00, /* ....3........... */
    0x51, 0x07, 0x00, 0x00, 0x0b, 0x00, 0x00, 0x00, 0x00, 0x08, 0x00, 0x00, 0x63, 0x00, 0x00, 0x00, /* Q...........c... */
    0x00, 0x08, 0x00, 0x00, 0x23, 0x00, 0x00, 0x00, 0x00, 0x09, 0x00, 0x00, 0xa6, 0x00, 0x00, 0x00, /* ....#........... */
    0x00, 0x08, 0x00, 0x00, 0x03, 0x00, 0x00, 0x00, 0x00, 0x08, 0x00, 0x00, 0x83, 0x00, 0x00, 0x00, /* ................ */
    0x00, 0x08, 0x00, 0x00, 0x43, 0x00, 0x00, 0x00, 0x00, 0x09, 0x00, 0x00, 0xe6, 0x00, 0x00, 0x00, /* ....C........... */
    0x50, 0x07, 0x00, 0x00, 0x07, 0x00, 0x00, 0x00, 0x00, 0x08, 0x00, 0x00, 0x5b, 0x00, 0x00, 0x00, /* P...........[... */
    0x00, 0x08, 0x00, 0x00, 0x1b, 0x00, 0x00, 0x00, 0x00, 0x09, 0x00, 0x00, 0x96, 0x00, 0x00, 0x00, /* ................ */
    0x54, 0x07, 0x00, 0x00, 0x43, 0x00, 0x00, 0x00, 0x00, 0x08, 0x00, 0x00, 0x7b, 0x00, 0x00, 0x00, /* T...C.......{... */
    0x00, 0x08, 0x00, 0x00, 0x3b, 0x00, 0x00, 0x00, 0x00, 0x09, 0x00, 0x00, 0xd6, 0x00, 0x00, 0x00, /* ....;........... */
    0x52, 0x07, 0x00, 0x00, 0x13, 0x00, 0x00, 0x00, 0x00, 0x08, 0x00, 0x00, 0x6b, 0x00, 0x00, 0x00, /* R...........k... */
    0x00, 0x08, 0x00, 0x00, 0x2b, 0x00, 0x00, 0x00, 0x00, 0x09, 0x00, 0x00, 0xb6, 0x00, 0x00, 0x00, /* ....+........... */
    0x00, 0x08, 0x00, 0x00, 0x0b, 0x00, 0x00, 0x00, 0x00, 0x08, 0x00, 0x00, 0x8b, 0x00, 0x00, 0x00, /* ................ */
    0x00, 0x08, 0x00, 0x00, 0x4b, 0x00, 0x00, 0x00, 0x00, 0x09, 0x00, 0x00, 0xf6, 0x00, 0x00, 0x00, /* ....K........... */
    0x50, 0x07, 0x00, 0x00, 0x05, 0x00, 0x00, 0x00, 0x00, 0x08, 0x00, 0x00, 0x57, 0x00, 0x00, 0x00, /* P...........W... */
    0x00, 0x08, 0x00, 0x00, 0x17, 0x00, 0x00, 0x00, 0xc0, 0x08, 0x00, 0x00, 0x00, 0x00, 0x00, 0x00, /* ................ */
    0x53, 0x07, 0x00, 0x00, 0x33, 0x00, 0x00, 0x00, 0x00, 0x08, 0x00, 0x00, 0x77, 0x00, 0x00, 0x00, /* S...3.......w... */
    0x00, 0x08, 0x00, 0x00, 0x37, 0x00, 0x00, 0x00, 0x00, 0x09, 0x00, 0x00, 0xce, 0x00, 0x00, 0x00, /* ....7........... */
    0x51, 0x07, 0x00, 0x00, 0x0f, 0x00, 0x00, 0x00, 0x00, 0x08, 0x00, 0x00, 0x67, 0x00, 0x00, 0x00, /* Q...........g... */
    0x00, 0x08, 0x00, 0x00, 0x27, 0x00, 0x00, 0x00, 0x00, 0x09, 0x00, 0x00, 0xae, 0x00, 0x00, 0x00, /* ....'........... */
    0x00, 0x08, 0x00, 0x00, 0x07, 0x00, 0x00, 0x00, 0x00, 0x08, 0x00, 0x00, 0x87, 0x00, 0x00, 0x00, /* ................ */
    0x00, 0x08, 0x00, 0x00, 0x47, 0x00, 0x00, 0x00, 0x00, 0x09, 0x00, 0x00, 0xee, 0x00, 0x00, 0x00, /* ....G........... */
    0x50, 0x07, 0x00, 0x00, 0x09, 0x00, 0x00, 0x00, 0x00, 0x08, 0x00, 0x00, 0x5f, 0x00, 0x00, 0x00, /* P..........._... */
    0x00, 0x08, 0x00, 0x00, 0x1f, 0x00, 0x00, 0x00, 0x00, 0x09, 0x00, 0x00, 0x9e, 0x00, 0x00, 0x00, /* ................ */
    0x54, 0x07, 0x00, 0x00, 0x63, 0x00, 0x00, 0x00, 0x00, 0x08, 0x00, 0x00, 0x7f, 0x00, 0x00, 0x00, /* T...c........... */
    0x00, 0x08, 0x00, 0x00, 0x3f, 0x00, 0x00, 0x00, 0x00, 0x09, 0x00, 0x00, 0xde, 0x00, 0x00, 0x00, /* ....?........... */
    0x52, 0x07, 0x00, 0x00, 0x1b, 0x00, 0x00, 0x00, 0x00, 0x08, 0x00, 0x00, 0x6f, 0x00, 0x00, 0x00, /* R...........o... */
    0x00, 0x08, 0x00, 0x00, 0x2f, 0x00, 0x00, 0x00, 0x00, 0x09, 0x00, 0x00, 0xbe, 0x00, 0x00, 0x00, /* ..../........... */
    0x00, 0x08, 0x00, 0x00, 0x0f, 0x00, 0x00, 0x00, 0x00, 0x08, 0x00, 0x00, 0x8f, 0x00, 0x00, 0x00, /* ................ */
    0x00, 0x08, 0x00, 0x00, 0x4f, 0x00, 0x00, 0x00, 0x00, 0x09, 0x00, 0x00, 0xfe, 0x00, 0x00, 0x00, /* ....O........... */
    0x60, 0x07, 0x00, 0x00, 0x00, 0x01, 0x00, 0x00, 0x00, 0x08, 0x00, 0x00, 0x50, 0x00, 0x00, 0x00, /* `...........P... */
    0x00, 0x08, 0x00, 0x00, 0x10, 0x00, 0x00, 0x00, 0x54, 0x08, 0x00, 0x00, 0x73, 0x00, 0x00, 0x00, /* ........T...s... */
    0x52, 0x07, 0x00, 0x00, 0x1f, 0x00, 0x00, 0x00, 0x00, 0x08, 0x00, 0x00, 0x70, 0x00, 0x00, 0x00, /* R...........p... */
    0x00, 0x08, 0x00, 0x00, 0x30, 0x00, 0x00, 0x00, 0x00, 0x09, 0x00, 0x00, 0xc1, 0x00, 0x00, 0x00, /* ....0........... */
    0x50, 0x07, 0x00, 0x00, 0x0a, 0x00, 0x00, 0x00, 0x00, 0x08, 0x00, 0x00, 0x60, 0x00, 0x00, 0x00, /* P...........`... */
    0x00, 0x08, 0x00, 0x00, 0x20, 0x00, 0x00, 0x00, 0x00, 0x09, 0x00, 0x00, 0xa1, 0x00, 0x00, 0x00, /* .... ........... */
    0x00, 0x08, 0x00, 0x00, 0x00, 0x00, 0x00, 0x00, 0x00, 0x08, 0x00, 0x00, 0x80, 0x00, 0x00, 0x00, /* ................ */
    0x00, 0x08, 0x00, 0x00, 0x40, 0x00, 0x00, 0x00, 0x00, 0x09, 0x00, 0x00, 0xe1, 0x00, 0x00, 0x00, /* ....@........... */
    0x50, 0x07, 0x00, 0x00, 0x06, 0x00, 0x00, 0x00, 0x00, 0x08, 0x00, 0x00, 0x58, 0x00, 0x00, 0x00, /* P...........X... */
    0x00, 0x08, 0x00, 0x00, 0x18, 0x00, 0x00, 0x00, 0x00, 0x09, 0x00, 0x00, 0x91, 0x00, 0x00, 0x00, /* ................ */
    0x53, 0x07, 0x00, 0x00, 0x3b, 0x00, 0x00, 0x00, 0x00, 0x08, 0x00, 0x00, 0x78, 0x00, 0x00, 0x00, /* S...;.......x... */
    0x00, 0x08, 0x00, 0x00, 0x38, 0x00, 0x00, 0x00, 0x00, 0x09, 0x00, 0x00, 0xd1, 0x00, 0x00, 0x00, /* ....8........... */
    0x51, 0x07, 0x00, 0x00, 0x11, 0x00, 0x00, 0x00, 0x00, 0x08, 0x00, 0x00, 0x68, 0x00, 0x00, 0x00, /* Q...........h... */
    0x00, 0x08, 0x00, 0x00, 0x28, 0x00, 0x00, 0x00, 0x00, 0x09, 0x00, 0x00, 0xb1, 0x00, 0x00, 0x00, /* ....(........... */
    0x00, 0x08, 0x00, 0x00, 0x08, 0x00, 0x00, 0x00, 0x00, 0x08, 0x00, 0x00, 0x88, 0x00, 0x00, 0x00, /* ................ */
    0x00, 0x08, 0x00, 0x00, 0x48, 0x00, 0x00, 0x00, 0x00, 0x09, 0x00, 0x00, 0xf1, 0x00, 0x00, 0x00, /* ....H........... */
    0x50, 0x07, 0x00, 0x00, 0x04, 0x00, 0x00, 0x00, 0x00, 0x08, 0x00, 0x00, 0x54, 0x00, 0x00, 0x00, /* P...........T... */
    0x00, 0x08, 0x00, 0x00, 0x14, 0x00, 0x00, 0x00, 0x55, 0x08, 0x00, 0x00, 0xe3, 0x00, 0x00, 0x00, /* ........U....... */
    0x53, 0x07, 0x00, 0x00, 0x2b, 0x00, 0x00, 0x00, 0x00, 0x08, 0x00, 0x00, 0x74, 0x00, 0x00, 0x00, /* S...+.......t... */
    0x00, 0x08, 0x00, 0x00, 0x34, 0x00, 0x00, 0x00, 0x00, 0x09, 0x00, 0x00, 0xc9, 0x00, 0x00, 0x00, /* ....4........... */
    0x51, 0x07, 0x00, 0x00, 0x0d, 0x00, 0x00, 0x00, 0x00, 0x08, 0x00, 0x00, 0x64, 0x00, 0x00, 0x00, /* Q...........d... */
    0x00, 0x08, 0x00, 0x00, 0x24, 0x00, 0x00, 0x00, 0x00, 0x09, 0x00, 0x00, 0xa9, 0x00, 0x00, 0x00, /* ....$........... */
    0x00, 0x08, 0x00, 0x00, 0x04, 0x00, 0x00, 0x00, 0x00, 0x08, 0x00, 0x00, 0x84, 0x00, 0x00, 0x00, /* ................ */
    0x00, 0x08, 0x00, 0x00, 0x44, 0x00, 0x00, 0x00, 0x00, 0x09, 0x00, 0x00, 0xe9, 0x00, 0x00, 0x00, /* ....D........... */
    0x50, 0x07, 0x00, 0x00, 0x08, 0x00, 0x00, 0x00, 0x00, 0x08, 0x00, 0x00, 0x5c, 0x00, 0x00, 0x00, /* P...........\... */
    0x00, 0x08, 0x00, 0x00, 0x1c, 0x00, 0x00, 0x00, 0x00, 0x09, 0x00, 0x00, 0x99, 0x00, 0x00, 0x00, /* ................ */
    0x54, 0x07, 0x00, 0x00, 0x53, 0x00, 0x00, 0x00, 0x00, 0x08, 0x00, 0x00, 0x7c, 0x00, 0x00, 0x00, /* T...S.......|... */
    0x00, 0x08, 0x00, 0x00, 0x3c, 0x00, 0x00, 0x00, 0x00, 0x09, 0x00, 0x00, 0xd9, 0x00, 0x00, 0x00, /* ....<........... */
    0x52, 0x07, 0x00, 0x00, 0x17, 0x00, 0x00, 0x00, 0x00, 0x08, 0x00, 0x00, 0x6c, 0x00, 0x00, 0x00, /* R...........l... */
    0x00, 0x08, 0x00, 0x00, 0x2c, 0x00, 0x00, 0x00, 0x00, 0x09, 0x00, 0x00, 0xb9, 0x00, 0x00, 0x00, /* ....,........... */
    0x00, 0x08, 0x00, 0x00, 0x0c, 0x00, 0x00, 0x00, 0x00, 0x08, 0x00, 0x00, 0x8c, 0x00, 0x00, 0x00, /* ................ */
    0x00, 0x08, 0x00, 0x00, 0x4c, 0x00, 0x00, 0x00, 0x00, 0x09, 0x00, 0x00, 0xf9, 0x00, 0x00, 0x00, /* ....L........... */
    0x50, 0x07, 0x00, 0x00, 0x03, 0x00, 0x00, 0x00, 0x00, 0x08, 0x00, 0x00, 0x52, 0x00, 0x00, 0x00, /* P...........R... */
    0x00, 0x08, 0x00, 0x00, 0x12, 0x00, 0x00, 0x00, 0x55, 0x08, 0x00, 0x00, 0xa3, 0x00, 0x00, 0x00, /* ........U....... */
    0x53, 0x07, 0x00, 0x00, 0x23, 0x00, 0x00, 0x00, 0x00, 0x08, 0x00, 0x00, 0x72, 0x00, 0x00, 0x00, /* S...#.......r... */
    0x00, 0x08, 0x00, 0x00, 0x32, 0x00, 0x00, 0x00, 0x00, 0x09, 0x00, 0x00, 0xc5, 0x00, 0x00, 0x00, /* ....2........... */
    0x51, 0x07, 0x00, 0x00, 0x0b, 0x00, 0x00, 0x00, 0x00, 0x08, 0x00, 0x00, 0x62, 0x00, 0x00, 0x00, /* Q...........b... */
    0x00, 0x08, 0x00, 0x00, 0x22, 0x00, 0x00, 0x00, 0x00, 0x09, 0x00, 0x00, 0xa5, 0x00, 0x00, 0x00, /* ...."........... */
    0x00, 0x08, 0x00, 0x00, 0x02, 0x00, 0x00, 0x00, 0x00, 0x08, 0x00, 0x00, 0x82, 0x00, 0x00, 0x00, /* ................ */
    0x00, 0x08, 0x00, 0x00, 0x42, 0x00, 0x00, 0x00, 0x00, 0x09, 0x00, 0x00, 0xe5, 0x00, 0x00, 0x00, /* ....B........... */
    0x50, 0x07, 0x00, 0x00, 0x07, 0x00, 0x00, 0x00, 0x00, 0x08, 0x00, 0x00, 0x5a, 0x00, 0x00, 0x00, /* P...........Z... */
    0x00, 0x08, 0x00, 0x00, 0x1a, 0x00, 0x00, 0x00, 0x00, 0x09, 0x00, 0x00, 0x95, 0x00, 0x00, 0x00, /* ................ */
    0x54, 0x07, 0x00, 0x00, 0x43, 0x00, 0x00, 0x00, 0x00, 0x08, 0x00, 0x00, 0x7a, 0x00, 0x00, 0x00, /* T...C.......z... */
    0x00, 0x08, 0x00, 0x00, 0x3a, 0x00, 0x00, 0x00, 0x00, 0x09, 0x00, 0x00, 0xd5, 0x00, 0x00, 0x00, /* ....:........... */
    0x52, 0x07, 0x00, 0x00, 0x13, 0x00, 0x00, 0x00, 0x00, 0x08, 0x00, 0x00, 0x6a, 0x00, 0x00, 0x00, /* R...........j... */
    0x00, 0x08, 0x00, 0x00, 0x2a, 0x00, 0x00, 0x00, 0x00, 0x09, 0x00, 0x00, 0xb5, 0x00, 0x00, 0x00, /* ....*........... */
    0x00, 0x08, 0x00, 0x00, 0x0a, 0x00, 0x00, 0x00, 0x00, 0x08, 0x00, 0x00, 0x8a, 0x00, 0x00, 0x00, /* ................ */
    0x00, 0x08, 0x00, 0x00, 0x4a, 0x00, 0x00, 0x00, 0x00, 0x09, 0x00, 0x00, 0xf5, 0x00, 0x00, 0x00, /* ....J........... */
    0x50, 0x07, 0x00, 0x00, 0x05, 0x00, 0x00, 0x00, 0x00, 0x08, 0x00, 0x00, 0x56, 0x00, 0x00, 0x00, /* P...........V... */
    0x00, 0x08, 0x00, 0x00, 0x16, 0x00, 0x00, 0x00, 0xc0, 0x08, 0x00, 0x00, 0x00, 0x00, 0x00, 0x00, /* ................ */
    0x53, 0x07, 0x00, 0x00, 0x33, 0x00, 0x00, 0x00, 0x00, 0x08, 0x00, 0x00, 0x76, 0x00, 0x00, 0x00, /* S...3.......v... */
    0x00, 0x08, 0x00, 0x00, 0x36, 0x00, 0x00, 0x00, 0x00, 0x09, 0x00, 0x00, 0xcd, 0x00, 0x00, 0x00, /* ....6........... */
    0x51, 0x07, 0x00, 0x00, 0x0f, 0x00, 0x00, 0x00, 0x00, 0x08, 0x00, 0x00, 0x66, 0x00, 0x00, 0x00, /* Q...........f... */
    0x00, 0x08, 0x00, 0x00, 0x26, 0x00, 0x00, 0x00, 0x00, 0x09, 0x00, 0x00, 0xad, 0x00, 0x00, 0x00, /* ....&........... */
    0x00, 0x08, 0x00, 0x00, 0x06, 0x00, 0x00, 0x00, 0x00, 0x08, 0x00, 0x00, 0x86, 0x00, 0x00, 0x00, /* ................ */
    0x00, 0x08, 0x00, 0x00, 0x46, 0x00, 0x00, 0x00, 0x00, 0x09, 0x00, 0x00, 0xed, 0x00, 0x00, 0x00, /* ....F........... */
    0x50, 0x07, 0x00, 0x00, 0x09, 0x00, 0x00, 0x00, 0x00, 0x08, 0x00, 0x00, 0x5e, 0x00, 0x00, 0x00, /* P...........^... */
    0x00, 0x08, 0x00, 0x00, 0x1e, 0x00, 0x00, 0x00, 0x00, 0x09, 0x00, 0x00, 0x9d, 0x00, 0x00, 0x00, /* ................ */
    0x54, 0x07, 0x00, 0x00, 0x63, 0x00, 0x00, 0x00, 0x00, 0x08, 0x00, 0x00, 0x7e, 0x00, 0x00, 0x00, /* T...c.......~... */
    0x00, 0x08, 0x00, 0x00, 0x3e, 0x00, 0x00, 0x00, 0x00, 0x09, 0x00, 0x00, 0xdd, 0x00, 0x00, 0x00, /* ....>........... */
    0x52, 0x07, 0x00, 0x00, 0x1b, 0x00, 0x00, 0x00, 0x00, 0x08, 0x00, 0x00, 0x6e, 0x00, 0x00, 0x00, /* R...........n... */
    0x00, 0x08, 0x00, 0x00, 0x2e, 0x00, 0x00, 0x00, 0x00, 0x09, 0x00, 0x00, 0xbd, 0x00, 0x00, 0x00, /* ................ */
    0x00, 0x08, 0x00, 0x00, 0x0e, 0x00, 0x00, 0x00, 0x00, 0x08, 0x00, 0x00, 0x8e, 0x00, 0x00, 0x00, /* ................ */
    0x00, 0x08, 0x00, 0x00, 0x4e, 0x00, 0x00, 0x00, 0x00, 0x09, 0x00, 0x00, 0xfd, 0x00, 0x00, 0x00, /* ....N........... */
    0x60, 0x07, 0x00, 0x00, 0x00, 0x01, 0x00, 0x00, 0x00, 0x08, 0x00, 0x00, 0x51, 0x00, 0x00, 0x00, /* `...........Q... */
    0x00, 0x08, 0x00, 0x00, 0x11, 0x00, 0x00, 0x00, 0x55, 0x08, 0x00, 0x00, 0x83, 0x00, 0x00, 0x00, /* ........U....... */
    0x52, 0x07, 0x00, 0x00, 0x1f, 0x00, 0x00, 0x00, 0x00, 0x08, 0x00, 0x00, 0x71, 0x00, 0x00, 0x00, /* R...........q... */
    0x00, 0x08, 0x00, 0x00, 0x31, 0x00, 0x00, 0x00, 0x00, 0x09, 0x00, 0x00, 0xc3, 0x00, 0x00, 0x00, /* ....1........... */
    0x50, 0x07, 0x00, 0x00, 0x0a, 0x00, 0x00, 0x00, 0x00, 0x08, 0x00, 0x00, 0x61, 0x00, 0x00, 0x00, /* P...........a... */
    0x00, 0x08, 0x00, 0x00, 0x21, 0x00, 0x00, 0x00, 0x00, 0x09, 0x00, 0x00, 0xa3, 0x00, 0x00, 0x00, /* ....!........... */
    0x00, 0x08, 0x00, 0x00, 0x01, 0x00, 0x00, 0x00, 0x00, 0x08, 0x00, 0x00, 0x81, 0x00, 0x00, 0x00, /* ................ */
    0x00, 0x08, 0x00, 0x00, 0x41, 0x00, 0x00, 0x00, 0x00, 0x09, 0x00, 0x00, 0xe3, 0x00, 0x00, 0x00, /* ....A........... */
    0x50, 0x07, 0x00, 0x00, 0x06, 0x00, 0x00, 0x00, 0x00, 0x08, 0x00, 0x00, 0x59, 0x00, 0x00, 0x00, /* P...........Y... */
    0x00, 0x08, 0x00, 0x00, 0x19, 0x00, 0x00, 0x00, 0x00, 0x09, 0x00, 0x00, 0x93, 0x00, 0x00, 0x00, /* ................ */
    0x53, 0x07, 0x00, 0x00, 0x3b, 0x00, 0x00, 0x00, 0x00, 0x08, 0x00, 0x00, 0x79, 0x00, 0x00, 0x00, /* S...;.......y... */
    0x00, 0x08, 0x00, 0x00, 0x39, 0x00, 0x00, 0x00, 0x00, 0x09, 0x00, 0x00, 0xd3, 0x00, 0x00, 0x00, /* ....9........... */
    0x51, 0x07, 0x00, 0x00, 0x11, 0x00, 0x00, 0x00, 0x00, 0x08, 0x00, 0x00, 0x69, 0x00, 0x00, 0x00, /* Q...........i... */
    0x00, 0x08, 0x00, 0x00, 0x29, 0x00, 0x00, 0x00, 0x00, 0x09, 0x00, 0x00, 0xb3, 0x00, 0x00, 0x00, /* ....)........... */
    0x00, 0x08, 0x00, 0x00, 0x09, 0x00, 0x00, 0x00, 0x00, 0x08, 0x00, 0x00, 0x89, 0x00, 0x00, 0x00, /* ................ */
    0x00, 0x08, 0x00, 0x00, 0x49, 0x00, 0x00, 0x00, 0x00, 0x09, 0x00, 0x00, 0xf3, 0x00, 0x00, 0x00, /* ....I........... */
    0x50, 0x07, 0x00, 0x00, 0x04, 0x00, 0x00, 0x00, 0x00, 0x08, 0x00, 0x00, 0x55, 0x00, 0x00, 0x00, /* P...........U... */
    0x00, 0x08, 0x00, 0x00, 0x15, 0x00, 0x00, 0x00, 0x50, 0x08, 0x00, 0x00, 0x02, 0x01, 0x00, 0x00, /* ........P....... */
    0x53, 0x07, 0x00, 0x00, 0x2b, 0x00, 0x00, 0x00, 0x00, 0x08, 0x00, 0x00, 0x75, 0x00, 0x00, 0x00, /* S...+.......u... */
    0x00, 0x08, 0x00, 0x00, 0x35, 0x00, 0x00, 0x00, 0x00, 0x09, 0x00, 0x00, 0xcb, 0x00, 0x00, 0x00, /* ....5........... */
    0x51, 0x07, 0x00, 0x00, 0x0d, 0x00, 0x00, 0x00, 0x00, 0x08, 0x00, 0x00, 0x65, 0x00, 0x00, 0x00, /* Q...........e... */
    0x00, 0x08, 0x00, 0x00, 0x25, 0x00, 0x00, 0x00, 0x00, 0x09, 0x00, 0x00, 0xab, 0x00, 0x00, 0x00, /* ....%........... */
    0x00, 0x08, 0x00, 0x00, 0x05, 0x00, 0x00, 0x00, 0x00, 0x08, 0x00, 0x00, 0x85, 0x00, 0x00, 0x00, /* ................ */
    0x00, 0x08, 0x00, 0x00, 0x45, 0x00, 0x00, 0x00, 0x00, 0x09, 0x00, 0x00, 0xeb, 0x00, 0x00, 0x00, /* ....E........... */
    0x50, 0x07, 0x00, 0x00, 0x08, 0x00, 0x00, 0x00, 0x00, 0x08, 0x00, 0x00, 0x5d, 0x00, 0x00, 0x00, /* P...........]... */
    0x00, 0x08, 0x00, 0x00, 0x1d, 0x00, 0x00, 0x00, 0x00, 0x09, 0x00, 0x00, 0x9b, 0x00, 0x00, 0x00, /* ................ */
    0x54, 0x07, 0x00, 0x00, 0x53, 0x00, 0x00, 0x00, 0x00, 0x08, 0x00, 0x00, 0x7d, 0x00, 0x00, 0x00, /* T...S.......}... */
    0x00, 0x08, 0x00, 0x00, 0x3d, 0x00, 0x00, 0x00, 0x00, 0x09, 0x00, 0x00, 0xdb, 0x00, 0x00, 0x00, /* ....=........... */
    0x52, 0x07, 0x00, 0x00, 0x17, 0x00, 0x00, 0x00, 0x00, 0x08, 0x00, 0x00, 0x6d, 0x00, 0x00, 0x00, /* R...........m... */
    0x00, 0x08, 0x00, 0x00, 0x2d, 0x00, 0x00, 0x00, 0x00, 0x09, 0x00, 0x00, 0xbb, 0x00, 0x00, 0x00, /* ....-........... */
    0x00, 0x08, 0x00, 0x00, 0x0d, 0x00, 0x00, 0x00, 0x00, 0x08, 0x00, 0x00, 0x8d, 0x00, 0x00, 0x00, /* ................ */
    0x00, 0x08, 0x00, 0x00, 0x4d, 0x00, 0x00, 0x00, 0x00, 0x09, 0x00, 0x00, 0xfb, 0x00, 0x00, 0x00, /* ....M........... */
    0x50, 0x07, 0x00, 0x00, 0x03, 0x00, 0x00, 0x00, 0x00, 0x08, 0x00, 0x00, 0x53, 0x00, 0x00, 0x00, /* P...........S... */
    0x00, 0x08, 0x00, 0x00, 0x13, 0x00, 0x00, 0x00, 0x55, 0x08, 0x00, 0x00, 0xc3, 0x00, 0x00, 0x00, /* ........U....... */
    0x53, 0x07, 0x00, 0x00, 0x23, 0x00, 0x00, 0x00, 0x00, 0x08, 0x00, 0x00, 0x73, 0x00, 0x00, 0x00, /* S...#.......s... */
    0x00, 0x08, 0x00, 0x00, 0x33, 0x00, 0x00, 0x00, 0x00, 0x09, 0x00, 0x00, 0xc7, 0x00, 0x00, 0x00, /* ....3........... */
    0x51, 0x07, 0x00, 0x00, 0x0b, 0x00, 0x00, 0x00, 0x00, 0x08, 0x00, 0x00, 0x63, 0x00, 0x00, 0x00, /* Q...........c... */
    0x00, 0x08, 0x00, 0x00, 0x23, 0x00, 0x00, 0x00, 0x00, 0x09, 0x00, 0x00, 0xa7, 0x00, 0x00, 0x00, /* ....#........... */
    0x00, 0x08, 0x00, 0x00, 0x03, 0x00, 0x00, 0x00, 0x00, 0x08, 0x00, 0x00, 0x83, 0x00, 0x00, 0x00, /* ................ */
    0x00, 0x08, 0x00, 0x00, 0x43, 0x00, 0x00, 0x00, 0x00, 0x09, 0x00, 0x00, 0xe7, 0x00, 0x00, 0x00, /* ....C........... */
    0x50, 0x07, 0x00, 0x00, 0x07, 0x00, 0x00, 0x00, 0x00, 0x08, 0x00, 0x00, 0x5b, 0x00, 0x00, 0x00, /* P...........[... */
    0x00, 0x08, 0x00, 0x00, 0x1b, 0x00, 0x00, 0x00, 0x00, 0x09, 0x00, 0x00, 0x97, 0x00, 0x00, 0x00, /* ................ */
    0x54, 0x07, 0x00, 0x00, 0x43, 0x00, 0x00, 0x00, 0x00, 0x08, 0x00, 0x00, 0x7b, 0x00, 0x00, 0x00, /* T...C.......{... */
    0x00, 0x08, 0x00, 0x00, 0x3b, 0x00, 0x00, 0x00, 0x00, 0x09, 0x00, 0x00, 0xd7, 0x00, 0x00, 0x00, /* ....;........... */
    0x52, 0x07, 0x00, 0x00, 0x13, 0x00, 0x00, 0x00, 0x00, 0x08, 0x00, 0x00, 0x6b, 0x00, 0x00, 0x00, /* R...........k... */
    0x00, 0x08, 0x00, 0x00, 0x2b, 0x00, 0x00, 0x00, 0x00, 0x09, 0x00, 0x00, 0xb7, 0x00, 0x00, 0x00, /* ....+........... */
    0x00, 0x08, 0x00, 0x00, 0x0b, 0x00, 0x00, 0x00, 0x00, 0x08, 0x00, 0x00, 0x8b, 0x00, 0x00, 0x00, /* ................ */
    0x00, 0x08, 0x00, 0x00, 0x4b, 0x00, 0x00, 0x00, 0x00, 0x09, 0x00, 0x00, 0xf7, 0x00, 0x00, 0x00, /* ....K........... */
    0x50, 0x07, 0x00, 0x00, 0x05, 0x00, 0x00, 0x00, 0x00, 0x08, 0x00, 0x00, 0x57, 0x00, 0x00, 0x00, /* P...........W... */
    0x00, 0x08, 0x00, 0x00, 0x17, 0x00, 0x00, 0x00, 0xc0, 0x08, 0x00, 0x00, 0x00, 0x00, 0x00, 0x00, /* ................ */
    0x53, 0x07, 0x00, 0x00, 0x33, 0x00, 0x00, 0x00, 0x00, 0x08, 0x00, 0x00, 0x77, 0x00, 0x00, 0x00, /* S...3.......w... */
    0x00, 0x08, 0x00, 0x00, 0x37, 0x00, 0x00, 0x00, 0x00, 0x09, 0x00, 0x00, 0xcf, 0x00, 0x00, 0x00, /* ....7........... */
    0x51, 0x07, 0x00, 0x00, 0x0f, 0x00, 0x00, 0x00, 0x00, 0x08, 0x00, 0x00, 0x67, 0x00, 0x00, 0x00, /* Q...........g... */
    0x00, 0x08, 0x00, 0x00, 0x27, 0x00, 0x00, 0x00, 0x00, 0x09, 0x00, 0x00, 0xaf, 0x00, 0x00, 0x00, /* ....'........... */
    0x00, 0x08, 0x00, 0x00, 0x07, 0x00, 0x00, 0x00, 0x00, 0x08, 0x00, 0x00, 0x87, 0x00, 0x00, 0x00, /* ................ */
    0x00, 0x08, 0x00, 0x00, 0x47, 0x00, 0x00, 0x00, 0x00, 0x09, 0x00, 0x00, 0xef, 0x00, 0x00, 0x00, /* ....G........... */
    0x50, 0x07, 0x00, 0x00, 0x09, 0x00, 0x00, 0x00, 0x00, 0x08, 0x00, 0x00, 0x5f, 0x00, 0x00, 0x00, /* P..........._... */
    0x00, 0x08, 0x00, 0x00, 0x1f, 0x00, 0x00, 0x00, 0x00, 0x09, 0x00, 0x00, 0x9f, 0x00, 0x00, 0x00, /* ................ */
    0x54, 0x07, 0x00, 0x00, 0x63, 0x00, 0x00, 0x00, 0x00, 0x08, 0x00, 0x00, 0x7f, 0x00, 0x00, 0x00, /* T...c........... */
    0x00, 0x08, 0x00, 0x00, 0x3f, 0x00, 0x00, 0x00, 0x00, 0x09, 0x00, 0x00, 0xdf, 0x00, 0x00, 0x00, /* ....?........... */
    0x52, 0x07, 0x00, 0x00, 0x1b, 0x00, 0x00, 0x00, 0x00, 0x08, 0x00, 0x00, 0x6f, 0x00, 0x00, 0x00, /* R...........o... */
    0x00, 0x08, 0x00, 0x00, 0x2f, 0x00, 0x00, 0x00, 0x00, 0x09, 0x00, 0x00, 0xbf, 0x00, 0x00, 0x00, /* ..../........... */
    0x00, 0x08, 0x00, 0x00, 0x0f, 0x00, 0x00, 0x00, 0x00, 0x08, 0x00, 0x00, 0x8f, 0x00, 0x00, 0x00, /* ................ */
    0x00, 0x08, 0x00, 0x00, 0x4f, 0x00, 0x00, 0x00, 0x00, 0x09, 0x00, 0x00, 0xff, 0x00, 0x00, 0x00 /* ....O........... */
};

/* 0x00315d60 - 4 bytes */
const unsigned char fixed_bd[4] = { 0x05, 0x00, 0x00, 0x00 };

/* 0x00315d64 - 4 bytes */
const unsigned char fixed_bl[4] = { 0x09, 0x00, 0x00, 0x00 };

