/* Read-only data from __TEXT.__const */
#include "common_types.h"

/* 0x002edb00 - 0x00307620 (105248 bytes) */
/* 0x002edf6c */
const unsigned char GaussianBlurWeights_146791[2164] __asm__("GaussianBlurWeights.146791") = {
    0x00, 0x00, 0xc0, 0x3f, 0x00, 0x00, 0x90, 0x3f, 0x00, 0x00, 0x90, 0x3f, 0x00, 0x00, 0x90, 0x3f, /* ...?...?...?...? */
    0x00, 0x00, 0x90, 0x3f, 0x5a, 0x5b, 0x01, 0x00, 0xdc, 0x5c, 0x01, 0x00, 0x29, 0x5d, 0x01, 0x00, /* ...?Z[...\..)].. */
    0x65, 0x5d, 0x01, 0x00, 0x4b, 0x5d, 0x01, 0x00, 0x43, 0x5f, 0x01, 0x00, 0x3d, 0x5f, 0x01, 0x00, /* e]..K]..C_..=_.. */
    0x98, 0x5f, 0x01, 0x00, 0x44, 0x60, 0x01, 0x00, 0xb6, 0x5f, 0x01, 0x00, 0xb6, 0x5f, 0x01, 0x00, /* ._..D`..._..._.. */
    0xb6, 0x5f, 0x01, 0x00, 0xb6, 0x5f, 0x01, 0x00, 0x43, 0x5f, 0x01, 0x00, 0x43, 0x5f, 0x01, 0x00, /* ._..._..C_..C_.. */
    0xb6, 0x5f, 0x01, 0x00, 0x43, 0x5f, 0x01, 0x00, 0xb6, 0x5f, 0x01, 0x00, 0xdd, 0x5f, 0x01, 0x00, /* ._..C_..._..._.. */
    0xb6, 0x5f, 0x01, 0x00, 0x43, 0x5f, 0x01, 0x00, 0xb6, 0x5f, 0x01, 0x00, 0x43, 0x5f, 0x01, 0x00, /* ._..C_..._..C_.. */
    0xb6, 0x5f, 0x01, 0x00, 0x43, 0x5f, 0x01, 0x00, 0x43, 0x5f, 0x01, 0x00, 0x43, 0x5f, 0x01, 0x00, /* ._..C_..C_..C_.. */
    0x43, 0x5f, 0x01, 0x00, 0x43, 0x5f, 0x01, 0x00, 0xb6, 0x5f, 0x01, 0x00, 0x09, 0x60, 0x01, 0x00, /* C_..C_..._...`.. */
    0x09, 0x60, 0x01, 0x00, 0x5b, 0x5f, 0x01, 0x00, 0x5a, 0x60, 0x01, 0x00, 0x67, 0x60, 0x01, 0x00, /* .`..[_..Z`..g`.. */
    0x9a, 0x60, 0x01, 0x00, 0xa8, 0x60, 0x01, 0x00, 0xa8, 0x60, 0x01, 0x00, 0x5b, 0x5f, 0x01, 0x00, /* .`...`...`..[_.. */
    0xa8, 0x60, 0x01, 0x00, 0x5b, 0x5f, 0x01, 0x00, 0x5b, 0x5f, 0x01, 0x00, 0x5b, 0x5f, 0x01, 0x00, /* .`..[_..[_..[_.. */
    0x5b, 0x5f, 0x01, 0x00, 0xa8, 0x60, 0x01, 0x00, 0x5b, 0x5f, 0x01, 0x00, 0x5b, 0x5f, 0x01, 0x00, /* [_...`..[_..[_.. */
    0x5b, 0x5f, 0x01, 0x00, 0x5b, 0x5f, 0x01, 0x00, 0x5b, 0x5f, 0x01, 0x00, 0x5b, 0x5f, 0x01, 0x00, /* [_..[_..[_..[_.. */
    0x5b, 0x5f, 0x01, 0x00, 0x5b, 0x5f, 0x01, 0x00, 0x5b, 0x5f, 0x01, 0x00, 0x5b, 0x5f, 0x01, 0x00, /* [_..[_..[_..[_.. */
    0x5b, 0x5f, 0x01, 0x00, 0x75, 0x60, 0x01, 0x00, 0x7d, 0x5f, 0x01, 0x00, 0xc4, 0x60, 0x01, 0x00, /* [_..u`..}_...`.. */
    0xcf, 0x60, 0x01, 0x00, 0xdd, 0x60, 0x01, 0x00, 0xeb, 0x60, 0x01, 0x00, 0xeb, 0x60, 0x01, 0x00, /* .`...`...`...`.. */
    0x7d, 0x5f, 0x01, 0x00, 0xeb, 0x60, 0x01, 0x00, 0x7d, 0x5f, 0x01, 0x00, 0x7d, 0x5f, 0x01, 0x00, /* }_...`..}_..}_.. */
    0x7d, 0x5f, 0x01, 0x00, 0x7d, 0x5f, 0x01, 0x00, 0xeb, 0x60, 0x01, 0x00, 0x7d, 0x5f, 0x01, 0x00, /* }_..}_...`..}_.. */
    0x7d, 0x5f, 0x01, 0x00, 0x7d, 0x5f, 0x01, 0x00, 0x7d, 0x5f, 0x01, 0x00, 0x7d, 0x5f, 0x01, 0x00, /* }_..}_..}_..}_.. */
    0x7d, 0x5f, 0x01, 0x00, 0x7d, 0x5f, 0x01, 0x00, 0x7d, 0x5f, 0x01, 0x00, 0x7d, 0x5f, 0x01, 0x00, /* }_..}_..}_..}_.. */
    0x7d, 0x5f, 0x01, 0x00, 0x7d, 0x5f, 0x01, 0x00, 0x03, 0x61, 0x01, 0x00, 0x6e, 0x64, 0x01, 0x00, /* }_..}_...a..nd.. */
    0xc7, 0x64, 0x01, 0x00, 0xcc, 0x64, 0x01, 0x00, 0xd1, 0x64, 0x01, 0x00, 0xd6, 0x64, 0x01, 0x00, /* .d...d...d...d.. */
    0xdb, 0x64, 0x01, 0x00, 0xe0, 0x64, 0x01, 0x00, 0xe5, 0x64, 0x01, 0x00, 0xea, 0x64, 0x01, 0x00, /* .d...d...d...d.. */
    0x6e, 0x64, 0x01, 0x00, 0x01, 0x65, 0x01, 0x00, 0x64, 0x65, 0x01, 0x00, 0x77, 0x65, 0x01, 0x00, /* nd...e..de..we.. */
    0x17, 0x66, 0x01, 0x00, 0x0a, 0x66, 0x01, 0x00, 0xfd, 0x65, 0x01, 0x00, 0xf0, 0x65, 0x01, 0x00, /* .f...f...e...e.. */
    0xe3, 0x65, 0x01, 0x00, 0xd9, 0x65, 0x01, 0x00, 0xa4, 0x65, 0x01, 0x00, 0x64, 0x65, 0x01, 0x00, /* .e...e...e..de.. */
    0x81, 0x65, 0x01, 0x00, 0x3a, 0x66, 0x01, 0x00, 0x92, 0x66, 0x01, 0x00, 0x9a, 0x66, 0x01, 0x00, /* .e..:f...f...f.. */
    0xa2, 0x66, 0x01, 0x00, 0xaa, 0x66, 0x01, 0x00, 0xb2, 0x66, 0x01, 0x00, 0xba, 0x66, 0x01, 0x00, /* .f...f...f...f.. */
    0x3a, 0x66, 0x01, 0x00, 0x3a, 0x66, 0x01, 0x00, 0x3a, 0x66, 0x01, 0x00, 0x3a, 0x66, 0x01, 0x00, /* :f..:f..:f..:f.. */
    0xc5, 0x66, 0x01, 0x00, 0x3a, 0x66, 0x01, 0x00, 0x3a, 0x66, 0x01, 0x00, 0x3a, 0x66, 0x01, 0x00, /* .f..:f..:f..:f.. */
    0x3a, 0x66, 0x01, 0x00, 0x3a, 0x66, 0x01, 0x00, 0x3a, 0x66, 0x01, 0x00, 0x3a, 0x66, 0x01, 0x00, /* :f..:f..:f..:f.. */
    0x3a, 0x66, 0x01, 0x00, 0x3a, 0x66, 0x01, 0x00, 0x3a, 0x66, 0x01, 0x00, 0x3a, 0x66, 0x01, 0x00, /* :f..:f..:f..:f.. */
    0x3a, 0x66, 0x01, 0x00, 0xd7, 0x66, 0x01, 0x00, 0x3a, 0x66, 0x01, 0x00, 0xe9, 0x66, 0x01, 0x00, /* :f...f..:f...f.. */
    0xf4, 0x66, 0x01, 0x00, 0x26, 0x67, 0x01, 0x00, 0x34, 0x67, 0x01, 0x00, 0x88, 0x67, 0x01, 0x00, /* .f..&g..4g...g.. */
    0x7c, 0x67, 0x01, 0x00, 0x70, 0x67, 0x01, 0x00, 0x64, 0x67, 0x01, 0x00, 0x58, 0x67, 0x01, 0x00, /* |g..pg..dg..Xg.. */
    0x26, 0x67, 0x01, 0x00, 0x26, 0x67, 0x01, 0x00, 0x26, 0x67, 0x01, 0x00, 0x26, 0x67, 0x01, 0x00, /* &g..&g..&g..&g.. */
    0x4c, 0x67, 0x01, 0x00, 0x26, 0x67, 0x01, 0x00, 0x26, 0x67, 0x01, 0x00, 0x26, 0x67, 0x01, 0x00, /* Lg..&g..&g..&g.. */
    0x26, 0x67, 0x01, 0x00, 0x26, 0x67, 0x01, 0x00, 0x26, 0x67, 0x01, 0x00, 0x26, 0x67, 0x01, 0x00, /* &g..&g..&g..&g.. */
    0x26, 0x67, 0x01, 0x00, 0x26, 0x67, 0x01, 0x00, 0x26, 0x67, 0x01, 0x00, 0x26, 0x67, 0x01, 0x00, /* &g..&g..&g..&g.. */
    0x26, 0x67, 0x01, 0x00, 0x40, 0x67, 0x01, 0x00, 0x94, 0x68, 0x01, 0x00, 0xc5, 0x68, 0x01, 0x00, /* &g..@g...h...h.. */
    0x96, 0x6a, 0x01, 0x00, 0x8a, 0x68, 0x01, 0x00, 0x8a, 0x68, 0x01, 0x00, 0x8a, 0x68, 0x01, 0x00, /* .j...h...h...h.. */
    0x8a, 0x68, 0x01, 0x00, 0xf9, 0x69, 0x01, 0x00, 0x77, 0x6f, 0x01, 0x00, 0x8a, 0x68, 0x01, 0x00, /* .h...i..wo...h.. */
    0x8a, 0x68, 0x01, 0x00, 0x8a, 0x68, 0x01, 0x00, 0xae, 0x69, 0x01, 0x00, 0xd1, 0x6a, 0x01, 0x00, /* .h...h...i...j.. */
    0x8a, 0x68, 0x01, 0x00, 0x2f, 0x6a, 0x01, 0x00, 0x70, 0x6a, 0x01, 0x00, 0x05, 0x69, 0x01, 0x00, /* .h../j..pj...i.. */
    0x29, 0x6d, 0x01, 0x00, 0x4f, 0x69, 0x01, 0x00, 0x76, 0x69, 0x01, 0x00, 0xc8, 0x69, 0x01, 0x00, /* )m..Oi..vi...i.. */
    0x8a, 0x68, 0x01, 0x00, 0x8a, 0x68, 0x01, 0x00, 0x8a, 0x68, 0x01, 0x00, 0x8a, 0x68, 0x01, 0x00, /* .h...h...h...h.. */
    0x8a, 0x68, 0x01, 0x00, 0x03, 0x70, 0x01, 0x00, 0x8a, 0x68, 0x01, 0x00, 0xa8, 0x6f, 0x01, 0x00, /* .h...p...h...o.. */
    0xd2, 0x70, 0x01, 0x00, 0xeb, 0x6a, 0x01, 0x00, 0x8a, 0x68, 0x01, 0x00, 0x8a, 0x68, 0x01, 0x00, /* .p...j...h...h.. */
    0x8a, 0x68, 0x01, 0x00, 0x8a, 0x68, 0x01, 0x00, 0x8a, 0x68, 0x01, 0x00, 0x8a, 0x68, 0x01, 0x00, /* .h...h...h...h.. */
    0x8a, 0x68, 0x01, 0x00, 0x8a, 0x68, 0x01, 0x00, 0x8a, 0x68, 0x01, 0x00, 0x8a, 0x68, 0x01, 0x00, /* .h...h...h...h.. */
    0x8a, 0x68, 0x01, 0x00, 0x8a, 0x68, 0x01, 0x00, 0x8a, 0x68, 0x01, 0x00, 0x03, 0x6b, 0x01, 0x00, /* .h...h...h...k.. */
    0x29, 0x71, 0x01, 0x00, 0x58, 0x71, 0x01, 0x00, 0xde, 0x6f, 0x01, 0x00, 0xfd, 0x71, 0x01, 0x00, /* )q..Xq...o...q.. */
    0x87, 0x71, 0x01, 0x00, 0xc2, 0x71, 0x01, 0x00, 0x49, 0x6b, 0x01, 0x00, 0xb8, 0x67, 0x01, 0x00, /* .q...q..Ik...g.. */
    0x8a, 0x68, 0x01, 0x00, 0x8a, 0x68, 0x01, 0x00, 0x8a, 0x68, 0x01, 0x00, 0x8a, 0x68, 0x01, 0x00, /* .h...h...h...h.. */
    0x8a, 0x68, 0x01, 0x00, 0x8a, 0x68, 0x01, 0x00, 0x8a, 0x68, 0x01, 0x00, 0x8a, 0x68, 0x01, 0x00, /* .h...h...h...h.. */
    0x8a, 0x68, 0x01, 0x00, 0x8a, 0x68, 0x01, 0x00, 0x8a, 0x68, 0x01, 0x00, 0x8a, 0x68, 0x01, 0x00, /* .h...h...h...h.. */
    0x8a, 0x68, 0x01, 0x00, 0x8a, 0x68, 0x01, 0x00, 0x8a, 0x68, 0x01, 0x00, 0x8a, 0x68, 0x01, 0x00, /* .h...h...h...h.. */
    0x8a, 0x68, 0x01, 0x00, 0x8a, 0x68, 0x01, 0x00, 0x8a, 0x68, 0x01, 0x00, 0x8a, 0x68, 0x01, 0x00, /* .h...h...h...h.. */
    0x8a, 0x68, 0x01, 0x00, 0x8a, 0x68, 0x01, 0x00, 0x8a, 0x68, 0x01, 0x00, 0x8a, 0x68, 0x01, 0x00, /* .h...h...h...h.. */
    0x8a, 0x68, 0x01, 0x00, 0x8a, 0x68, 0x01, 0x00, 0x8a, 0x68, 0x01, 0x00, 0x8a, 0x68, 0x01, 0x00, /* .h...h...h...h.. */
    0x8a, 0x68, 0x01, 0x00, 0x8a, 0x68, 0x01, 0x00, 0x8a, 0x68, 0x01, 0x00, 0x8a, 0x68, 0x01, 0x00, /* .h...h...h...h.. */
    0x8a, 0x68, 0x01, 0x00, 0x8a, 0x68, 0x01, 0x00, 0x8a, 0x68, 0x01, 0x00, 0x8a, 0x68, 0x01, 0x00, /* .h...h...h...h.. */
    0x8a, 0x68, 0x01, 0x00, 0x8a, 0x68, 0x01, 0x00, 0x8a, 0x68, 0x01, 0x00, 0x8a, 0x68, 0x01, 0x00, /* .h...h...h...h.. */
    0x8a, 0x68, 0x01, 0x00, 0x8a, 0x68, 0x01, 0x00, 0x8a, 0x68, 0x01, 0x00, 0x8a, 0x68, 0x01, 0x00, /* .h...h...h...h.. */
    0x8a, 0x68, 0x01, 0x00, 0x8a, 0x68, 0x01, 0x00, 0x8a, 0x68, 0x01, 0x00, 0x8a, 0x68, 0x01, 0x00, /* .h...h...h...h.. */
    0x8a, 0x68, 0x01, 0x00, 0x8a, 0x68, 0x01, 0x00, 0x8a, 0x68, 0x01, 0x00, 0x8a, 0x68, 0x01, 0x00, /* .h...h...h...h.. */
    0x8a, 0x68, 0x01, 0x00, 0x8a, 0x68, 0x01, 0x00, 0x8a, 0x68, 0x01, 0x00, 0x8a, 0x68, 0x01, 0x00, /* .h...h...h...h.. */
    0x8a, 0x68, 0x01, 0x00, 0x8a, 0x68, 0x01, 0x00, 0x8a, 0x68, 0x01, 0x00, 0x8a, 0x68, 0x01, 0x00, /* .h...h...h...h.. */
    0x8a, 0x68, 0x01, 0x00, 0x8a, 0x68, 0x01, 0x00, 0x8a, 0x68, 0x01, 0x00, 0x8a, 0x68, 0x01, 0x00, /* .h...h...h...h.. */
    0x8a, 0x68, 0x01, 0x00, 0x8a, 0x68, 0x01, 0x00, 0x8a, 0x68, 0x01, 0x00, 0xda, 0x6c, 0x01, 0x00, /* .h...h...h...l.. */
    0xda, 0x6c, 0x01, 0x00, 0xda, 0x6c, 0x01, 0x00, 0xda, 0x6c, 0x01, 0x00, 0xda, 0x6c, 0x01, 0x00, /* .l...l...l...l.. */
    0xda, 0x6c, 0x01, 0x00, 0xda, 0x6c, 0x01, 0x00, 0xda, 0x6c, 0x01, 0x00, 0x8a, 0x68, 0x01, 0x00, /* .l...l...l...h.. */
    0xe6, 0x6c, 0x01, 0x00, 0x8a, 0x68, 0x01, 0x00, 0x7b, 0x6b, 0x01, 0x00, 0x7c, 0x6c, 0x01, 0x00, /* .l...h..{k..|l.. */
    0xb0, 0x6c, 0x01, 0x00, 0x8a, 0x68, 0x01, 0x00, 0xbe, 0x6c, 0x01, 0x00, 0x8a, 0x68, 0x01, 0x00, /* .l...h...l...h.. */
    0x4f, 0x6d, 0x01, 0x00, 0x8a, 0x68, 0x01, 0x00, 0x95, 0x72, 0x01, 0x00, 0x8a, 0x68, 0x01, 0x00, /* Om...h...r...h.. */
    0x8a, 0x68, 0x01, 0x00, 0x8a, 0x68, 0x01, 0x00, 0x8a, 0x68, 0x01, 0x00, 0x8a, 0x68, 0x01, 0x00, /* .h...h...h...h.. */
    0x8a, 0x68, 0x01, 0x00, 0x8a, 0x68, 0x01, 0x00, 0x23, 0x72, 0x01, 0x00, 0xe2, 0x72, 0x01, 0x00, /* .h...h..#r...r.. */
    0x8a, 0x68, 0x01, 0x00, 0x08, 0x71, 0x01, 0x00, 0x74, 0x72, 0x01, 0x00, 0x3b, 0x72, 0x01, 0x00, /* .h...q..tr..;r.. */
    0x8a, 0x68, 0x01, 0x00, 0x8a, 0x68, 0x01, 0x00, 0x8a, 0x68, 0x01, 0x00, 0x8a, 0x68, 0x01, 0x00, /* .h...h...h...h.. */
    0x8a, 0x68, 0x01, 0x00, 0x5c, 0x72, 0x01, 0x00, 0x8a, 0x68, 0x01, 0x00, 0x9c, 0x6d, 0x01, 0x00, /* .h..\r...h...m.. */
    0x8a, 0x68, 0x01, 0x00, 0x8a, 0x68, 0x01, 0x00, 0xe4, 0x6d, 0x01, 0x00, 0x8a, 0x68, 0x01, 0x00, /* .h...h...m...h.. */
    0x8a, 0x68, 0x01, 0x00, 0x8a, 0x68, 0x01, 0x00, 0x81, 0x6e, 0x01, 0x00, 0x8a, 0x68, 0x01, 0x00, /* .h...h...n...h.. */
    0x8a, 0x68, 0x01, 0x00, 0x8a, 0x68, 0x01, 0x00, 0x8a, 0x68, 0x01, 0x00, 0x8a, 0x68, 0x01, 0x00, /* .h...h...h...h.. */
    0x8a, 0x68, 0x01, 0x00, 0x8a, 0x68, 0x01, 0x00, 0x8a, 0x68, 0x01, 0x00, 0x8a, 0x68, 0x01, 0x00, /* .h...h...h...h.. */
    0x8a, 0x68, 0x01, 0x00, 0x8a, 0x68, 0x01, 0x00, 0x8a, 0x68, 0x01, 0x00, 0x8a, 0x68, 0x01, 0x00, /* .h...h...h...h.. */
    0x8a, 0x68, 0x01, 0x00, 0x8a, 0x68, 0x01, 0x00, 0x8a, 0x68, 0x01, 0x00, 0x8a, 0x68, 0x01, 0x00, /* .h...h...h...h.. */
    0x8a, 0x68, 0x01, 0x00, 0x8a, 0x68, 0x01, 0x00, 0x17, 0x6f, 0x01, 0x00, 0x8a, 0x68, 0x01, 0x00, /* .h...h...o...h.. */
    0x8a, 0x68, 0x01, 0x00, 0x8a, 0x68, 0x01, 0x00, 0x8a, 0x68, 0x01, 0x00, 0x8a, 0x68, 0x01, 0x00, /* .h...h...h...h.. */
    0x8a, 0x68, 0x01, 0x00, 0x8a, 0x68, 0x01, 0x00, 0x8a, 0x68, 0x01, 0x00, 0x8a, 0x68, 0x01, 0x00, /* .h...h...h...h.. */
    0x8a, 0x68, 0x01, 0x00, 0x46, 0x6e, 0x01, 0x00, 0x67, 0x6e, 0x01, 0x00, 0xe1, 0x6e, 0x01, 0x00, /* .h..Fn..gn...n.. */
    0xfb, 0x6e, 0x01, 0x00, 0x8a, 0x68, 0x01, 0x00, 0x35, 0x79, 0x01, 0x00, 0xab, 0x76, 0x01, 0x00, /* .n...h..5y...v.. */
    0x8a, 0x68, 0x01, 0x00, 0x8a, 0x68, 0x01, 0x00, 0xba, 0x76, 0x01, 0x00, 0xc9, 0x76, 0x01, 0x00, /* .h...h...v...v.. */
    0xd8, 0x76, 0x01, 0x00, 0xe7, 0x76, 0x01, 0x00, 0xf6, 0x76, 0x01, 0x00, 0x05, 0x77, 0x01, 0x00, /* .v...v...v...w.. */
    0x14, 0x77, 0x01, 0x00, 0x65, 0x74, 0x01, 0x00, 0x2b, 0x79, 0x01, 0x00, 0x06, 0x76, 0x01, 0x00, /* .w..et..+y...v.. */
    0x10, 0x76, 0x01, 0x00, 0x1a, 0x76, 0x01, 0x00, 0x24, 0x76, 0x01, 0x00, 0xf2, 0x75, 0x01, 0x00, /* .v...v..$v...u.. */
    0xfc, 0x75, 0x01, 0x00, 0xe8, 0x75, 0x01, 0x00, 0x8a, 0x68, 0x01, 0x00, 0x8c, 0x77, 0x01, 0x00, /* .u...u...h...w.. */
    0x9b, 0x77, 0x01, 0x00, 0xb9, 0x77, 0x01, 0x00, 0xc8, 0x77, 0x01, 0x00, 0xd7, 0x77, 0x01, 0x00, /* .w...w...w...w.. */
    0xe6, 0x77, 0x01, 0x00, 0xf5, 0x77, 0x01, 0x00, 0x04, 0x78, 0x01, 0x00, 0x13, 0x78, 0x01, 0x00, /* .w...w...x...x.. */
    0x8a, 0x68, 0x01, 0x00, 0x22, 0x78, 0x01, 0x00, 0x56, 0x73, 0x01, 0x00, 0xaa, 0x77, 0x01, 0x00, /* .h.."x..Vs...w.. */
    0xd1, 0x78, 0x01, 0x00, 0xe0, 0x78, 0x01, 0x00, 0xef, 0x78, 0x01, 0x00, 0xfe, 0x78, 0x01, 0x00, /* .x...x...x...x.. */
    0x0d, 0x79, 0x01, 0x00, 0x1c, 0x79, 0x01, 0x00, 0x4c, 0x73, 0x01, 0x00, 0x8a, 0x68, 0x01, 0x00, /* .y...y..Ls...h.. */
    0x4c, 0x76, 0x01, 0x00, 0xbc, 0x79, 0x01, 0x00, 0x8a, 0x68, 0x01, 0x00, 0x8a, 0x68, 0x01, 0x00, /* Lv...y...h...h.. */
    0xcb, 0x79, 0x01, 0x00, 0xda, 0x79, 0x01, 0x00, 0xe9, 0x79, 0x01, 0x00, 0xf8, 0x79, 0x01, 0x00, /* .y...y...y...y.. */
    0x07, 0x7a, 0x01, 0x00, 0x16, 0x7a, 0x01, 0x00, 0x25, 0x7a, 0x01, 0x00, 0x8a, 0x68, 0x01, 0x00, /* .z...z..%z...h.. */
    0x44, 0x79, 0x01, 0x00, 0x53, 0x79, 0x01, 0x00, 0x62, 0x79, 0x01, 0x00, 0x8a, 0x68, 0x01, 0x00, /* Dy..Sy..by...h.. */
    0x71, 0x79, 0x01, 0x00, 0x80, 0x79, 0x01, 0x00, 0x8f, 0x79, 0x01, 0x00, 0x9e, 0x79, 0x01, 0x00, /* qy...y...y...y.. */
    0xad, 0x79, 0x01, 0x00, 0x2e, 0x76, 0x01, 0x00, 0x3d, 0x76, 0x01, 0x00, 0x1e, 0x74, 0x01, 0x00, /* .y...v..=v...t.. */
    0x83, 0x76, 0x01, 0x00, 0x1e, 0x74, 0x01, 0x00, 0x8d, 0x76, 0x01, 0x00, 0x97, 0x76, 0x01, 0x00, /* .v...t...v...v.. */
    0xa1, 0x76, 0x01, 0x00, 0x6f, 0x76, 0x01, 0x00, 0x79, 0x76, 0x01, 0x00, 0x8e, 0x75, 0x01, 0x00, /* .v..ov..yv...u.. */
    0xa4, 0x73, 0x01, 0x00, 0xee, 0x74, 0x01, 0x00, 0xa4, 0x73, 0x01, 0x00, 0xf8, 0x74, 0x01, 0x00, /* .s...t...s...t.. */
    0x02, 0x75, 0x01, 0x00, 0x0c, 0x75, 0x01, 0x00, 0x9e, 0x74, 0x01, 0x00, 0xa8, 0x74, 0x01, 0x00, /* .u...u...t...t.. */
    0x31, 0x78, 0x01, 0x00, 0xe1, 0x73, 0x01, 0x00, 0xa9, 0x78, 0x01, 0x00, 0xe1, 0x73, 0x01, 0x00, /* 1x...s...x...s.. */
    0xb3, 0x78, 0x01, 0x00, 0xbd, 0x78, 0x01, 0x00, 0xc7, 0x78, 0x01, 0x00, 0x95, 0x78, 0x01, 0x00, /* .x...x...x...x.. */
    0x9f, 0x78, 0x01, 0x00, 0x8b, 0x78, 0x01, 0x00, 0x7d, 0x73, 0x01, 0x00, 0x23, 0x77, 0x01, 0x00, /* .x...x..}s..#w.. */
    0x50, 0x77, 0x01, 0x00, 0x5f, 0x77, 0x01, 0x00, 0x6e, 0x77, 0x01, 0x00, 0x7d, 0x77, 0x01, 0x00, /* Pw.._w..nw..}w.. */
    0x32, 0x77, 0x01, 0x00, 0x41, 0x77, 0x01, 0x00, 0x73, 0x73, 0x01, 0x00, 0xbc, 0x73, 0x01, 0x00, /* 2w..Aw..ss...s.. */
    0x3b, 0x78, 0x01, 0x00, 0xbc, 0x73, 0x01, 0x00, 0x45, 0x78, 0x01, 0x00, 0x4f, 0x78, 0x01, 0x00, /* ;x...s..Ex..Ox.. */
    0x59, 0x78, 0x01, 0x00, 0x63, 0x78, 0x01, 0x00, 0x6d, 0x78, 0x01, 0x00, 0x77, 0x78, 0x01, 0x00, /* Yx..cx..mx..wx.. */
    0xca, 0x73, 0x01, 0x00, 0x81, 0x78, 0x01, 0x00, 0xca, 0x73, 0x01, 0x00, 0xb2, 0x74, 0x01, 0x00, /* .s...x...s...t.. */
    0xbc, 0x74, 0x01, 0x00, 0xc6, 0x74, 0x01, 0x00, 0xd0, 0x74, 0x01, 0x00, 0xda, 0x74, 0x01, 0x00, /* .t...t...t...t.. */
    0xe4, 0x74, 0x01, 0x00, 0xef, 0x73, 0x01, 0x00, 0x3e, 0x75, 0x01, 0x00, 0xef, 0x73, 0x01, 0x00, /* .t...s..>u...s.. */
    0x5b, 0x76, 0x01, 0x00, 0x65, 0x76, 0x01, 0x00, 0x16, 0x75, 0x01, 0x00, 0x20, 0x75, 0x01, 0x00, /* [v..ev...u.. u.. */
    0x2a, 0x75, 0x01, 0x00, 0x34, 0x75, 0x01, 0x00, 0x07, 0x74, 0x01, 0x00, 0x48, 0x75, 0x01, 0x00, /* *u..4u...t..Hu.. */
    0x07, 0x74, 0x01, 0x00, 0x52, 0x75, 0x01, 0x00, 0x5c, 0x75, 0x01, 0x00, 0x66, 0x75, 0x01, 0x00, /* .t..Ru..\u..fu.. */
    0x70, 0x75, 0x01, 0x00, 0x7a, 0x75, 0x01, 0x00, 0x84, 0x75, 0x01, 0x00, 0x36, 0x74, 0x01, 0x00, /* pu..zu...u..6t.. */
    0x98, 0x75, 0x01, 0x00, 0x36, 0x74, 0x01, 0x00, 0xa2, 0x75, 0x01, 0x00, 0xac, 0x75, 0x01, 0x00, /* .u..6t...u...u.. */
    0xb6, 0x75, 0x01, 0x00, 0xc0, 0x75, 0x01, 0x00, 0xca, 0x75, 0x01, 0x00, 0xd4, 0x75, 0x01, 0x00, /* .u...u...u...u.. */
    0x4e, 0x74, 0x01, 0x00, 0xde, 0x75, 0x01, 0x00, 0x4e, 0x74, 0x01, 0x00, 0x74, 0x74, 0x01, 0x00, /* Nt...u..Nt..tt.. */
    0x7b, 0x74, 0x01, 0x00, 0x82, 0x74, 0x01, 0x00, 0x89, 0x74, 0x01, 0x00, 0x90, 0x74, 0x01, 0x00, /* {t...t...t...t.. */
    0x97, 0x74, 0x01, 0x00, 0x36, 0x83, 0x01, 0x00, 0xa0, 0x85, 0x01, 0x00, 0xe6, 0x85, 0x01, 0x00, /* .t..6........... */
    0xc8, 0x85, 0x01, 0x00, 0xbe, 0x85, 0x01, 0x00, 0xb4, 0x85, 0x01, 0x00, 0xaa, 0x85, 0x01, 0x00, /* ................ */
    0xdc, 0x85, 0x01, 0x00, 0xd2, 0x85, 0x01, 0x00, 0xcf, 0xb0, 0x01, 0x00, 0x9d, 0xa7, 0x01, 0x00, /* ................ */
    0x50, 0xa7, 0x01, 0x00, 0x50, 0xa7, 0x01, 0x00, 0x50, 0xa7, 0x01, 0x00, 0xd9, 0xb0, 0x01, 0x00, /* P...P...P....... */
    0x50, 0xa7, 0x01, 0x00, 0xd9, 0xb0, 0x01, 0x00, 0x50, 0xa7, 0x01, 0x00, 0x50, 0xa7, 0x01, 0x00, /* P.......P...P... */
    0xcf, 0xb0, 0x01, 0x00 /* .... */
};

/* 0x002ee7e0 */
const unsigned char __ZZN15CDirect3DDeviceC4Ej11_D3DDEVTYPEP16OpaqueContextRefP23_D3DPRESENT_PARAMETERS_E5C_232[4320] __asm__("__ZZN15CDirect3DDeviceC4Ej11_D3DDEVTYPEP16OpaqueContextRefP23_D3DPRESENT_PARAMETERS_E5C.232") = {
    0x00, 0x00, 0x00, 0x00, 0x00, 0x00, 0x00, 0x00, 0x00, 0x00, 0x00, 0x00, 0x00, 0x00, 0x00, 0x00, /* ................ */
    0x00, 0x00, 0x00, 0x00, 0x00, 0x00, 0x00, 0x00, 0x00, 0x00, 0x00, 0x00, 0x00, 0x00, 0x00, 0x00, /* ................ */
    0x00, 0x00, 0x00, 0x00, 0x00, 0x00, 0x00, 0x00, 0x00, 0x00, 0x00, 0x00, 0x00, 0x00, 0x00, 0x00, /* ................ */
    0x00, 0x00, 0x00, 0x00, 0x00, 0x00, 0x00, 0x00, 0x00, 0x00, 0x00, 0x00, 0x00, 0x00, 0x00, 0x00, /* ................ */
    0x00, 0x00, 0x00, 0x00, 0x00, 0x00, 0x00, 0x00, 0x00, 0x00, 0x00, 0x00, 0x00, 0x00, 0x00, 0x00, /* ................ */
    0x00, 0x00, 0x00, 0x00, 0x00, 0x00, 0x00, 0x00, 0x00, 0x00, 0x00, 0x00, 0x00, 0x00, 0x00, 0x00, /* ................ */
    0x00, 0x00, 0x00, 0x00, 0x00, 0x00, 0x00, 0x00, 0x00, 0x00, 0x00, 0x00, 0x00, 0x00, 0x00, 0x00, /* ................ */
    0x00, 0x00, 0x00, 0x00, 0x00, 0x00, 0x00, 0x00, 0x00, 0x00, 0x00, 0x00, 0x00, 0x00, 0x00, 0x00, /* ................ */
    0x00, 0x00, 0x00, 0x00, 0x00, 0x00, 0x00, 0x00, 0x00, 0x00, 0x00, 0x00, 0x00, 0x00, 0x00, 0x00, /* ................ */
    0x00, 0x00, 0x00, 0x00, 0x00, 0x00, 0x00, 0x00, 0x00, 0x00, 0x00, 0x00, 0x00, 0x00, 0x00, 0x00, /* ................ */
    0x00, 0x00, 0x00, 0x00, 0x00, 0x00, 0x00, 0x00, 0x00, 0x00, 0x00, 0x00, 0x00, 0x00, 0x00, 0x00, /* ................ */
    0x00, 0x00, 0x00, 0x00, 0x00, 0x00, 0x00, 0x00, 0x00, 0x00, 0x00, 0x00, 0x00, 0x00, 0x00, 0x00, /* ................ */
    0x00, 0x00, 0x00, 0x00, 0x00, 0x00, 0x00, 0x00, 0x00, 0x00, 0x00, 0x00, 0x00, 0x00, 0x00, 0x00, /* ................ */
    0x00, 0x00, 0x00, 0x00, 0x00, 0x00, 0x00, 0x00, 0x00, 0x00, 0x00, 0x00, 0x00, 0x00, 0x00, 0x00, /* ................ */
    0x00, 0x00, 0x00, 0x00, 0x00, 0x00, 0x00, 0x00, 0x00, 0x00, 0x00, 0x00, 0x00, 0x00, 0x00, 0x00, /* ................ */
    0x00, 0x00, 0x00, 0x00, 0x00, 0x00, 0x00, 0x00, 0x00, 0x00, 0x00, 0x00, 0x00, 0x00, 0x00, 0x00, /* ................ */
    0x00, 0x00, 0x00, 0x00, 0x00, 0x00, 0x00, 0x00, 0x00, 0x00, 0x00, 0x00, 0x00, 0x00, 0x00, 0x00, /* ................ */
    0x00, 0x00, 0x00, 0x00, 0x00, 0x00, 0x00, 0x00, 0x00, 0x00, 0x00, 0x00, 0x00, 0x00, 0x00, 0x00, /* ................ */
    0x00, 0x00, 0x00, 0x00, 0x00, 0x00, 0x00, 0x00, 0x00, 0x00, 0x00, 0x00, 0x00, 0x00, 0x00, 0x00, /* ................ */
    0x00, 0x00, 0x00, 0x00, 0x00, 0x00, 0x00, 0x00, 0x00, 0x00, 0x00, 0x00, 0x00, 0x00, 0x00, 0x00, /* ................ */
    0x00, 0x00, 0x00, 0x00, 0x00, 0x00, 0x00, 0x00, 0x00, 0x00, 0x00, 0x00, 0x00, 0x00, 0x00, 0x00, /* ................ */
    0x00, 0x00, 0x00, 0x00, 0x00, 0x00, 0x00, 0x00, 0x00, 0x00, 0x00, 0x00, 0x00, 0x00, 0x00, 0x00, /* ................ */
    0x00, 0x00, 0x00, 0x00, 0x00, 0x00, 0x00, 0x00, 0x00, 0x00, 0x00, 0x00, 0x00, 0x00, 0x00, 0x00, /* ................ */
    0x00, 0x00, 0x00, 0x00, 0x00, 0x00, 0x00, 0x00, 0x00, 0x00, 0x00, 0x00, 0x00, 0x00, 0x00, 0x00, /* ................ */
    0x00, 0x00, 0x00, 0x00, 0x00, 0x00, 0x00, 0x00, 0x00, 0x00, 0x00, 0x00, 0x00, 0x00, 0x00, 0x00, /* ................ */
    0x00, 0x00, 0x00, 0x00, 0x00, 0x00, 0x00, 0x00, 0x00, 0x00, 0x00, 0x00, 0x00, 0x00, 0x00, 0x00, /* ................ */
    0x00, 0x00, 0x00, 0x00, 0x00, 0x00, 0x00, 0x00, 0x00, 0x00, 0x00, 0x00, 0x00, 0x00, 0x00, 0x00, /* ................ */
    0x00, 0x00, 0x00, 0x00, 0x00, 0x00, 0x00, 0x00, 0x00, 0x00, 0x00, 0x00, 0x00, 0x00, 0x00, 0x00, /* ................ */
    0x00, 0x00, 0x00, 0x00, 0x00, 0x00, 0x00, 0x00, 0x00, 0x00, 0x00, 0x00, 0x00, 0x00, 0x00, 0x00, /* ................ */
    0x00, 0x00, 0x00, 0x00, 0x00, 0x00, 0x00, 0x00, 0x00, 0x00, 0x00, 0x00, 0x00, 0x00, 0x00, 0x00, /* ................ */
    0x00, 0x00, 0x00, 0x00, 0x00, 0x00, 0x00, 0x00, 0x00, 0x00, 0x00, 0x00, 0x00, 0x00, 0x00, 0x00, /* ................ */
    0x00, 0x00, 0x00, 0x00, 0x00, 0x00, 0x00, 0x00, 0x00, 0x00, 0x00, 0x00, 0x00, 0x00, 0x00, 0x00, /* ................ */
    0x00, 0x00, 0x00, 0x00, 0x00, 0x00, 0x00, 0x00, 0x00, 0x00, 0x00, 0x00, 0x00, 0x00, 0x00, 0x00, /* ................ */
    0x00, 0x00, 0x00, 0x00, 0x00, 0x00, 0x00, 0x00, 0x00, 0x00, 0x00, 0x00, 0x00, 0x00, 0x00, 0x00, /* ................ */
    0x00, 0x00, 0x00, 0x00, 0x00, 0x00, 0x00, 0x00, 0x00, 0x00, 0x00, 0x00, 0x00, 0x00, 0x00, 0x00, /* ................ */
    0x00, 0x00, 0x00, 0x00, 0x00, 0x00, 0x00, 0x00, 0x00, 0x00, 0x00, 0x00, 0x00, 0x00, 0x00, 0x00, /* ................ */
    0x00, 0x00, 0x00, 0x00, 0x00, 0x00, 0x00, 0x00, 0x00, 0x00, 0x00, 0x00, 0x00, 0x00, 0x00, 0x00, /* ................ */
    0x00, 0x00, 0x00, 0x00, 0x00, 0x00, 0x00, 0x00, 0x00, 0x00, 0x00, 0x00, 0x00, 0x00, 0x00, 0x00, /* ................ */
    0x00, 0x00, 0x00, 0x00, 0x00, 0x00, 0x00, 0x00, 0x00, 0x00, 0x00, 0x00, 0x00, 0x00, 0x00, 0x00, /* ................ */
    0x00, 0x00, 0x00, 0x00, 0x00, 0x00, 0x00, 0x00, 0x00, 0x00, 0x00, 0x00, 0x00, 0x00, 0x00, 0x00, /* ................ */
    0x00, 0x00, 0x00, 0x00, 0x00, 0x00, 0x00, 0x00, 0x00, 0x00, 0x00, 0x00, 0x00, 0x00, 0x00, 0x00, /* ................ */
    0x00, 0x00, 0x00, 0x00, 0x00, 0x00, 0x00, 0x00, 0x00, 0x00, 0x00, 0x00, 0x00, 0x00, 0x00, 0x00, /* ................ */
    0x00, 0x00, 0x00, 0x00, 0x00, 0x00, 0x00, 0x00, 0x00, 0x00, 0x00, 0x00, 0x00, 0x00, 0x00, 0x00, /* ................ */
    0x00, 0x00, 0x00, 0x00, 0x00, 0x00, 0x00, 0x00, 0x00, 0x00, 0x00, 0x00, 0x00, 0x00, 0x00, 0x00, /* ................ */
    0x00, 0x00, 0x00, 0x00, 0x00, 0x00, 0x00, 0x00, 0x00, 0x00, 0x00, 0x00, 0x00, 0x00, 0x00, 0x00, /* ................ */
    0x00, 0x00, 0x00, 0x00, 0x00, 0x00, 0x00, 0x00, 0x00, 0x00, 0x00, 0x00, 0x00, 0x00, 0x00, 0x00, /* ................ */
    0x00, 0x00, 0x00, 0x00, 0x00, 0x00, 0x00, 0x00, 0x00, 0x00, 0x00, 0x00, 0x00, 0x00, 0x00, 0x00, /* ................ */
    0x00, 0x00, 0x00, 0x00, 0x00, 0x00, 0x00, 0x00, 0x00, 0x00, 0x00, 0x00, 0x00, 0x00, 0x00, 0x00, /* ................ */
    0x00, 0x00, 0x00, 0x00, 0x00, 0x00, 0x00, 0x00, 0x00, 0x00, 0x00, 0x00, 0x00, 0x00, 0x00, 0x00, /* ................ */
    0x00, 0x00, 0x00, 0x00, 0x00, 0x00, 0x00, 0x00, 0x00, 0x00, 0x00, 0x00, 0x00, 0x00, 0x00, 0x00, /* ................ */
    0x00, 0x00, 0x00, 0x00, 0x00, 0x00, 0x00, 0x00, 0x00, 0x00, 0x00, 0x00, 0x00, 0x00, 0x00, 0x00, /* ................ */
    0x00, 0x00, 0x00, 0x00, 0x00, 0x00, 0x00, 0x00, 0x00, 0x00, 0x00, 0x00, 0x00, 0x00, 0x00, 0x00, /* ................ */
    0x00, 0x00, 0x00, 0x00, 0x00, 0x00, 0x00, 0x00, 0x00, 0x00, 0x00, 0x00, 0x00, 0x00, 0x00, 0x00, /* ................ */
    0x00, 0x00, 0x00, 0x00, 0x00, 0x00, 0x00, 0x00, 0x00, 0x00, 0x00, 0x00, 0x00, 0x00, 0x00, 0x00, /* ................ */
    0x00, 0x00, 0x00, 0x00, 0x00, 0x00, 0x00, 0x00, 0x00, 0x00, 0x00, 0x00, 0x00, 0x00, 0x00, 0x00, /* ................ */
    0x00, 0x00, 0x00, 0x00, 0x00, 0x00, 0x00, 0x00, 0x00, 0x00, 0x00, 0x00, 0x00, 0x00, 0x00, 0x00, /* ................ */
    0x00, 0x00, 0x00, 0x00, 0x00, 0x00, 0x00, 0x00, 0x00, 0x00, 0x00, 0x00, 0x00, 0x00, 0x00, 0x00, /* ................ */
    0x00, 0x00, 0x00, 0x00, 0x00, 0x00, 0x00, 0x00, 0x00, 0x00, 0x00, 0x00, 0x00, 0x00, 0x00, 0x00, /* ................ */
    0x00, 0x00, 0x00, 0x00, 0x00, 0x00, 0x00, 0x00, 0x00, 0x00, 0x00, 0x00, 0x00, 0x00, 0x00, 0x00, /* ................ */
    0x00, 0x00, 0x00, 0x00, 0x00, 0x00, 0x00, 0x00, 0x00, 0x00, 0x00, 0x00, 0x00, 0x00, 0x00, 0x00, /* ................ */
    0x00, 0x00, 0x00, 0x00, 0x00, 0x00, 0x00, 0x00, 0x00, 0x00, 0x00, 0x00, 0x00, 0x00, 0x00, 0x00, /* ................ */
    0x00, 0x00, 0x00, 0x00, 0x00, 0x00, 0x00, 0x00, 0x00, 0x00, 0x00, 0x00, 0x00, 0x00, 0x00, 0x00, /* ................ */
    0x00, 0x00, 0x00, 0x00, 0x00, 0x00, 0x00, 0x00, 0x00, 0x00, 0x00, 0x00, 0x00, 0x00, 0x00, 0x00, /* ................ */
    0x00, 0x00, 0x00, 0x00, 0x00, 0x00, 0x00, 0x00, 0x00, 0x00, 0x00, 0x00, 0x00, 0x00, 0x00, 0x00, /* ................ */
    0x00, 0x00, 0x00, 0x00, 0x00, 0x00, 0x00, 0x00, 0x00, 0x00, 0x00, 0x00, 0x00, 0x00, 0x00, 0x00, /* ................ */
    0x00, 0x00, 0x00, 0x00, 0x00, 0x00, 0x00, 0x00, 0x00, 0x00, 0x00, 0x00, 0x00, 0x00, 0x00, 0x00, /* ................ */
    0x00, 0x00, 0x00, 0x00, 0x00, 0x00, 0x00, 0x00, 0x00, 0x00, 0x00, 0x00, 0x00, 0x00, 0x00, 0x00, /* ................ */
    0x00, 0x00, 0x00, 0x00, 0x00, 0x00, 0x00, 0x00, 0x00, 0x00, 0x00, 0x00, 0x00, 0x00, 0x00, 0x00, /* ................ */
    0x00, 0x00, 0x00, 0x00, 0x00, 0x00, 0x00, 0x00, 0x00, 0x00, 0x00, 0x00, 0x00, 0x00, 0x00, 0x00, /* ................ */
    0x00, 0x00, 0x00, 0x00, 0x00, 0x00, 0x00, 0x00, 0x00, 0x00, 0x00, 0x00, 0x00, 0x00, 0x00, 0x00, /* ................ */
    0x00, 0x00, 0x00, 0x00, 0x00, 0x00, 0x00, 0x00, 0x00, 0x00, 0x00, 0x00, 0x00, 0x00, 0x00, 0x00, /* ................ */
    0x00, 0x00, 0x00, 0x00, 0x00, 0x00, 0x00, 0x00, 0x00, 0x00, 0x00, 0x00, 0x00, 0x00, 0x00, 0x00, /* ................ */
    0x00, 0x00, 0x00, 0x00, 0x00, 0x00, 0x00, 0x00, 0x00, 0x00, 0x00, 0x00, 0x00, 0x00, 0x00, 0x00, /* ................ */
    0x00, 0x00, 0x00, 0x00, 0x00, 0x00, 0x00, 0x00, 0x00, 0x00, 0x00, 0x00, 0x00, 0x00, 0x00, 0x00, /* ................ */
    0x00, 0x00, 0x00, 0x00, 0x00, 0x00, 0x00, 0x00, 0x00, 0x00, 0x00, 0x00, 0x00, 0x00, 0x00, 0x00, /* ................ */
    0x00, 0x00, 0x00, 0x00, 0x00, 0x00, 0x00, 0x00, 0x00, 0x00, 0x00, 0x00, 0x00, 0x00, 0x00, 0x00, /* ................ */
    0x00, 0x00, 0x00, 0x00, 0x00, 0x00, 0x00, 0x00, 0x00, 0x00, 0x00, 0x00, 0x00, 0x00, 0x00, 0x00, /* ................ */
    0x00, 0x00, 0x00, 0x00, 0x00, 0x00, 0x00, 0x00, 0x00, 0x00, 0x00, 0x00, 0x00, 0x00, 0x00, 0x00, /* ................ */
    0x00, 0x00, 0x00, 0x00, 0x00, 0x00, 0x00, 0x00, 0x00, 0x00, 0x00, 0x00, 0x00, 0x00, 0x00, 0x00, /* ................ */
    0x00, 0x00, 0x00, 0x00, 0x00, 0x00, 0x00, 0x00, 0x00, 0x00, 0x00, 0x00, 0x00, 0x00, 0x00, 0x00, /* ................ */
    0x00, 0x00, 0x00, 0x00, 0x00, 0x00, 0x00, 0x00, 0x00, 0x00, 0x00, 0x00, 0x00, 0x00, 0x00, 0x00, /* ................ */
    0x00, 0x00, 0x00, 0x00, 0x00, 0x00, 0x00, 0x00, 0x00, 0x00, 0x00, 0x00, 0x00, 0x00, 0x00, 0x00, /* ................ */
    0x00, 0x00, 0x00, 0x00, 0x00, 0x00, 0x00, 0x00, 0x00, 0x00, 0x00, 0x00, 0x00, 0x00, 0x00, 0x00, /* ................ */
    0x00, 0x00, 0x00, 0x00, 0x00, 0x00, 0x00, 0x00, 0x00, 0x00, 0x00, 0x00, 0x00, 0x00, 0x00, 0x00, /* ................ */
    0x00, 0x00, 0x00, 0x00, 0x00, 0x00, 0x00, 0x00, 0x00, 0x00, 0x00, 0x00, 0x00, 0x00, 0x00, 0x00, /* ................ */
    0x00, 0x00, 0x00, 0x00, 0x00, 0x00, 0x00, 0x00, 0x00, 0x00, 0x00, 0x00, 0x00, 0x00, 0x00, 0x00, /* ................ */
    0x00, 0x00, 0x00, 0x00, 0x00, 0x00, 0x00, 0x00, 0x00, 0x00, 0x00, 0x00, 0x00, 0x00, 0x00, 0x00, /* ................ */
    0x00, 0x00, 0x00, 0x00, 0x00, 0x00, 0x00, 0x00, 0x00, 0x00, 0x00, 0x00, 0x00, 0x00, 0x00, 0x00, /* ................ */
    0x00, 0x00, 0x00, 0x00, 0x00, 0x00, 0x00, 0x00, 0x00, 0x00, 0x00, 0x00, 0x00, 0x00, 0x00, 0x00, /* ................ */
    0x00, 0x00, 0x00, 0x00, 0x00, 0x00, 0x00, 0x00, 0x00, 0x00, 0x00, 0x00, 0x00, 0x00, 0x00, 0x00, /* ................ */
    0x00, 0x00, 0x00, 0x00, 0x00, 0x00, 0x00, 0x00, 0x00, 0x00, 0x00, 0x00, 0x00, 0x00, 0x00, 0x00, /* ................ */
    0x00, 0x00, 0x00, 0x00, 0x00, 0x00, 0x00, 0x00, 0x00, 0x00, 0x00, 0x00, 0x00, 0x00, 0x00, 0x00, /* ................ */
    0x00, 0x00, 0x00, 0x00, 0x00, 0x00, 0x00, 0x00, 0x00, 0x00, 0x00, 0x00, 0x00, 0x00, 0x00, 0x00, /* ................ */
    0x00, 0x00, 0x00, 0x00, 0x00, 0x00, 0x00, 0x00, 0x00, 0x00, 0x00, 0x00, 0x00, 0x00, 0x00, 0x00, /* ................ */
    0x00, 0x00, 0x00, 0x00, 0x00, 0x00, 0x00, 0x00, 0x00, 0x00, 0x00, 0x00, 0x00, 0x00, 0x00, 0x00, /* ................ */
    0x00, 0x00, 0x00, 0x00, 0x00, 0x00, 0x00, 0x00, 0x00, 0x00, 0x00, 0x00, 0x00, 0x00, 0x00, 0x00, /* ................ */
    0x00, 0x00, 0x00, 0x00, 0x00, 0x00, 0x00, 0x00, 0x00, 0x00, 0x00, 0x00, 0x00, 0x00, 0x00, 0x00, /* ................ */
    0x00, 0x00, 0x00, 0x00, 0x00, 0x00, 0x00, 0x00, 0x00, 0x00, 0x00, 0x00, 0x00, 0x00, 0x00, 0x00, /* ................ */
    0x00, 0x00, 0x00, 0x00, 0x00, 0x00, 0x00, 0x00, 0x00, 0x00, 0x00, 0x00, 0x00, 0x00, 0x00, 0x00, /* ................ */
    0x00, 0x00, 0x00, 0x00, 0x00, 0x00, 0x00, 0x00, 0x00, 0x00, 0x00, 0x00, 0x00, 0x00, 0x00, 0x00, /* ................ */
    0x00, 0x00, 0x00, 0x00, 0x00, 0x00, 0x00, 0x00, 0x00, 0x00, 0x00, 0x00, 0x00, 0x00, 0x00, 0x00, /* ................ */
    0x00, 0x00, 0x00, 0x00, 0x00, 0x00, 0x00, 0x00, 0x00, 0x00, 0x00, 0x00, 0x00, 0x00, 0x00, 0x00, /* ................ */
    0x00, 0x00, 0x00, 0x00, 0x00, 0x00, 0x00, 0x00, 0x00, 0x00, 0x00, 0x00, 0x00, 0x00, 0x00, 0x00, /* ................ */
    0x00, 0x00, 0x00, 0x00, 0x00, 0x00, 0x00, 0x00, 0x00, 0x00, 0x00, 0x00, 0x00, 0x00, 0x00, 0x00, /* ................ */
    0x00, 0x00, 0x00, 0x00, 0x00, 0x00, 0x00, 0x00, 0x00, 0x00, 0x00, 0x00, 0x00, 0x00, 0x00, 0x00, /* ................ */
    0x00, 0x00, 0x00, 0x00, 0x00, 0x00, 0x00, 0x00, 0x00, 0x00, 0x00, 0x00, 0x00, 0x00, 0x00, 0x00, /* ................ */
    0x00, 0x00, 0x00, 0x00, 0x00, 0x00, 0x00, 0x00, 0x00, 0x00, 0x00, 0x00, 0x00, 0x00, 0x00, 0x00, /* ................ */
    0x00, 0x00, 0x00, 0x00, 0x00, 0x00, 0x00, 0x00, 0x00, 0x00, 0x00, 0x00, 0x00, 0x00, 0x00, 0x00, /* ................ */
    0x00, 0x00, 0x00, 0x00, 0x00, 0x00, 0x00, 0x00, 0x00, 0x00, 0x00, 0x00, 0x00, 0x00, 0x00, 0x00, /* ................ */
    0x00, 0x00, 0x00, 0x00, 0x00, 0x00, 0x00, 0x00, 0x00, 0x00, 0x00, 0x00, 0x00, 0x00, 0x00, 0x00, /* ................ */
    0x00, 0x00, 0x00, 0x00, 0x00, 0x00, 0x00, 0x00, 0x00, 0x00, 0x00, 0x00, 0x00, 0x00, 0x00, 0x00, /* ................ */
    0x00, 0x00, 0x00, 0x00, 0x00, 0x00, 0x00, 0x00, 0x00, 0x00, 0x00, 0x00, 0x00, 0x00, 0x00, 0x00, /* ................ */
    0x00, 0x00, 0x00, 0x00, 0x00, 0x00, 0x00, 0x00, 0x00, 0x00, 0x00, 0x00, 0x00, 0x00, 0x00, 0x00, /* ................ */
    0x00, 0x00, 0x00, 0x00, 0x00, 0x00, 0x00, 0x00, 0x00, 0x00, 0x00, 0x00, 0x00, 0x00, 0x00, 0x00, /* ................ */
    0x00, 0x00, 0x00, 0x00, 0x00, 0x00, 0x00, 0x00, 0x00, 0x00, 0x00, 0x00, 0x00, 0x00, 0x00, 0x00, /* ................ */
    0x00, 0x00, 0x00, 0x00, 0x00, 0x00, 0x00, 0x00, 0x00, 0x00, 0x00, 0x00, 0x00, 0x00, 0x00, 0x00, /* ................ */
    0x00, 0x00, 0x00, 0x00, 0x00, 0x00, 0x00, 0x00, 0x00, 0x00, 0x00, 0x00, 0x00, 0x00, 0x00, 0x00, /* ................ */
    0x00, 0x00, 0x00, 0x00, 0x00, 0x00, 0x00, 0x00, 0x00, 0x00, 0x00, 0x00, 0x00, 0x00, 0x00, 0x00, /* ................ */
    0x00, 0x00, 0x00, 0x00, 0x00, 0x00, 0x00, 0x00, 0x00, 0x00, 0x00, 0x00, 0x00, 0x00, 0x00, 0x00, /* ................ */
    0x00, 0x00, 0x00, 0x00, 0x00, 0x00, 0x00, 0x00, 0x00, 0x00, 0x00, 0x00, 0x00, 0x00, 0x00, 0x00, /* ................ */
    0x00, 0x00, 0x00, 0x00, 0x00, 0x00, 0x00, 0x00, 0x00, 0x00, 0x00, 0x00, 0x00, 0x00, 0x00, 0x00, /* ................ */
    0x00, 0x00, 0x00, 0x00, 0x00, 0x00, 0x00, 0x00, 0x00, 0x00, 0x00, 0x00, 0x00, 0x00, 0x00, 0x00, /* ................ */
    0x00, 0x00, 0x00, 0x00, 0x00, 0x00, 0x00, 0x00, 0x00, 0x00, 0x00, 0x00, 0x00, 0x00, 0x00, 0x00, /* ................ */
    0x00, 0x00, 0x00, 0x00, 0x00, 0x00, 0x00, 0x00, 0x00, 0x00, 0x00, 0x00, 0x00, 0x00, 0x00, 0x00, /* ................ */
    0x00, 0x00, 0x00, 0x00, 0x00, 0x00, 0x00, 0x00, 0x00, 0x00, 0x00, 0x00, 0x00, 0x00, 0x00, 0x00, /* ................ */
    0x00, 0x00, 0x00, 0x00, 0x00, 0x00, 0x00, 0x00, 0x00, 0x00, 0x00, 0x00, 0x00, 0x00, 0x00, 0x00, /* ................ */
    0x00, 0x00, 0x00, 0x00, 0x00, 0x00, 0x00, 0x00, 0x00, 0x00, 0x00, 0x00, 0x00, 0x00, 0x00, 0x00, /* ................ */
    0x00, 0x00, 0x00, 0x00, 0x00, 0x00, 0x00, 0x00, 0x00, 0x00, 0x00, 0x00, 0x00, 0x00, 0x00, 0x00, /* ................ */
    0x00, 0x00, 0x00, 0x00, 0x00, 0x00, 0x00, 0x00, 0x00, 0x00, 0x00, 0x00, 0x00, 0x00, 0x00, 0x00, /* ................ */
    0x00, 0x00, 0x00, 0x00, 0x00, 0x00, 0x00, 0x00, 0x00, 0x00, 0x00, 0x00, 0x00, 0x00, 0x00, 0x00, /* ................ */
    0x00, 0x00, 0x00, 0x00, 0x00, 0x00, 0x00, 0x00, 0x00, 0x00, 0x00, 0x00, 0x00, 0x00, 0x00, 0x00, /* ................ */
    0x00, 0x00, 0x00, 0x00, 0x00, 0x00, 0x00, 0x00, 0x00, 0x00, 0x00, 0x00, 0x00, 0x00, 0x00, 0x00, /* ................ */
    0x00, 0x00, 0x00, 0x00, 0x00, 0x00, 0x00, 0x00, 0x00, 0x00, 0x00, 0x00, 0x00, 0x00, 0x00, 0x00, /* ................ */
    0x00, 0x00, 0x00, 0x00, 0x00, 0x00, 0x00, 0x00, 0x00, 0x00, 0x00, 0x00, 0x00, 0x00, 0x00, 0x00, /* ................ */
    0x00, 0x00, 0x00, 0x00, 0x00, 0x00, 0x00, 0x00, 0x00, 0x00, 0x00, 0x00, 0x00, 0x00, 0x00, 0x00, /* ................ */
    0x00, 0x00, 0x00, 0x00, 0x00, 0x00, 0x00, 0x00, 0x00, 0x00, 0x00, 0x00, 0x00, 0x00, 0x00, 0x00, /* ................ */
    0x00, 0x00, 0x00, 0x00, 0x00, 0x00, 0x00, 0x00, 0x00, 0x00, 0x00, 0x00, 0x00, 0x00, 0x00, 0x00, /* ................ */
    0x00, 0x00, 0x00, 0x00, 0x00, 0x00, 0x00, 0x00, 0x00, 0x00, 0x00, 0x00, 0x00, 0x00, 0x00, 0x00, /* ................ */
    0x00, 0x00, 0x00, 0x00, 0x00, 0x00, 0x00, 0x00, 0x00, 0x00, 0x00, 0x00, 0x00, 0x00, 0x00, 0x00, /* ................ */
    0x00, 0x00, 0x00, 0x00, 0x00, 0x00, 0x00, 0x00, 0x00, 0x00, 0x00, 0x00, 0x00, 0x00, 0x00, 0x00, /* ................ */
    0x00, 0x00, 0x00, 0x00, 0x00, 0x00, 0x00, 0x00, 0x00, 0x00, 0x00, 0x00, 0x00, 0x00, 0x00, 0x00, /* ................ */
    0x00, 0x00, 0x00, 0x00, 0x00, 0x00, 0x00, 0x00, 0x00, 0x00, 0x00, 0x00, 0x00, 0x00, 0x00, 0x00, /* ................ */
    0x00, 0x00, 0x00, 0x00, 0x00, 0x00, 0x00, 0x00, 0x00, 0x00, 0x00, 0x00, 0x00, 0x00, 0x00, 0x00, /* ................ */
    0x00, 0x00, 0x00, 0x00, 0x00, 0x00, 0x00, 0x00, 0x00, 0x00, 0x00, 0x00, 0x00, 0x00, 0x00, 0x00, /* ................ */
    0x00, 0x00, 0x00, 0x00, 0x00, 0x00, 0x00, 0x00, 0x00, 0x00, 0x00, 0x00, 0x00, 0x00, 0x00, 0x00, /* ................ */
    0x00, 0x00, 0x00, 0x00, 0x00, 0x00, 0x00, 0x00, 0x00, 0x00, 0x00, 0x00, 0x00, 0x00, 0x00, 0x00, /* ................ */
    0x00, 0x00, 0x00, 0x00, 0x00, 0x00, 0x00, 0x00, 0x00, 0x00, 0x00, 0x00, 0x00, 0x00, 0x00, 0x00, /* ................ */
    0x00, 0x00, 0x00, 0x00, 0x00, 0x00, 0x00, 0x00, 0x00, 0x00, 0x00, 0x00, 0x00, 0x00, 0x00, 0x00, /* ................ */
    0x00, 0x00, 0x00, 0x00, 0x00, 0x00, 0x00, 0x00, 0x00, 0x00, 0x00, 0x00, 0x00, 0x00, 0x00, 0x00, /* ................ */
    0x00, 0x00, 0x00, 0x00, 0x00, 0x00, 0x00, 0x00, 0x00, 0x00, 0x00, 0x00, 0x00, 0x00, 0x00, 0x00, /* ................ */
    0x00, 0x00, 0x00, 0x00, 0x00, 0x00, 0x00, 0x00, 0x00, 0x00, 0x00, 0x00, 0x00, 0x00, 0x00, 0x00, /* ................ */
    0x00, 0x00, 0x00, 0x00, 0x00, 0x00, 0x00, 0x00, 0x00, 0x00, 0x00, 0x00, 0x00, 0x00, 0x00, 0x00, /* ................ */
    0x00, 0x00, 0x00, 0x00, 0x00, 0x00, 0x00, 0x00, 0x00, 0x00, 0x00, 0x00, 0x00, 0x00, 0x00, 0x00, /* ................ */
    0x00, 0x00, 0x00, 0x00, 0x00, 0x00, 0x00, 0x00, 0x00, 0x00, 0x00, 0x00, 0x00, 0x00, 0x00, 0x00, /* ................ */
    0x00, 0x00, 0x00, 0x00, 0x00, 0x00, 0x00, 0x00, 0x00, 0x00, 0x00, 0x00, 0x00, 0x00, 0x00, 0x00, /* ................ */
    0x00, 0x00, 0x00, 0x00, 0x00, 0x00, 0x00, 0x00, 0x00, 0x00, 0x00, 0x00, 0x00, 0x00, 0x00, 0x00, /* ................ */
    0x00, 0x00, 0x00, 0x00, 0x00, 0x00, 0x00, 0x00, 0x00, 0x00, 0x00, 0x00, 0x00, 0x00, 0x00, 0x00, /* ................ */
    0x00, 0x00, 0x00, 0x00, 0x00, 0x00, 0x00, 0x00, 0x00, 0x00, 0x00, 0x00, 0x00, 0x00, 0x00, 0x00, /* ................ */
    0x00, 0x00, 0x00, 0x00, 0x00, 0x00, 0x00, 0x00, 0x00, 0x00, 0x00, 0x00, 0x00, 0x00, 0x00, 0x00, /* ................ */
    0x00, 0x00, 0x00, 0x00, 0x00, 0x00, 0x00, 0x00, 0x00, 0x00, 0x00, 0x00, 0x00, 0x00, 0x00, 0x00, /* ................ */
    0x00, 0x00, 0x00, 0x00, 0x00, 0x00, 0x00, 0x00, 0x00, 0x00, 0x00, 0x00, 0x00, 0x00, 0x00, 0x00, /* ................ */
    0x00, 0x00, 0x00, 0x00, 0x00, 0x00, 0x00, 0x00, 0x00, 0x00, 0x00, 0x00, 0x00, 0x00, 0x00, 0x00, /* ................ */
    0x00, 0x00, 0x00, 0x00, 0x00, 0x00, 0x00, 0x00, 0x00, 0x00, 0x00, 0x00, 0x00, 0x00, 0x00, 0x00, /* ................ */
    0x00, 0x00, 0x00, 0x00, 0x00, 0x00, 0x00, 0x00, 0x00, 0x00, 0x00, 0x00, 0x00, 0x00, 0x00, 0x00, /* ................ */
    0x00, 0x00, 0x00, 0x00, 0x00, 0x00, 0x00, 0x00, 0x00, 0x00, 0x00, 0x00, 0x00, 0x00, 0x00, 0x00, /* ................ */
    0x00, 0x00, 0x00, 0x00, 0x00, 0x00, 0x00, 0x00, 0x00, 0x00, 0x00, 0x00, 0x00, 0x00, 0x00, 0x00, /* ................ */
    0x00, 0x00, 0x00, 0x00, 0x00, 0x00, 0x00, 0x00, 0x00, 0x00, 0x00, 0x00, 0x00, 0x00, 0x00, 0x00, /* ................ */
    0x00, 0x00, 0x00, 0x00, 0x00, 0x00, 0x00, 0x00, 0x00, 0x00, 0x00, 0x00, 0x00, 0x00, 0x00, 0x00, /* ................ */
    0x00, 0x00, 0x00, 0x00, 0x00, 0x00, 0x00, 0x00, 0x00, 0x00, 0x00, 0x00, 0x00, 0x00, 0x00, 0x00, /* ................ */
    0x00, 0x00, 0x00, 0x00, 0x00, 0x00, 0x00, 0x00, 0x00, 0x00, 0x00, 0x00, 0x00, 0x00, 0x00, 0x00, /* ................ */
    0x00, 0x00, 0x00, 0x00, 0x00, 0x00, 0x00, 0x00, 0x00, 0x00, 0x00, 0x00, 0x00, 0x00, 0x00, 0x00, /* ................ */
    0x00, 0x00, 0x00, 0x00, 0x00, 0x00, 0x00, 0x00, 0x00, 0x00, 0x00, 0x00, 0x00, 0x00, 0x00, 0x00, /* ................ */
    0x00, 0x00, 0x00, 0x00, 0x00, 0x00, 0x00, 0x00, 0x00, 0x00, 0x00, 0x00, 0x00, 0x00, 0x00, 0x00, /* ................ */
    0x00, 0x00, 0x00, 0x00, 0x00, 0x00, 0x00, 0x00, 0x00, 0x00, 0x00, 0x00, 0x00, 0x00, 0x00, 0x00, /* ................ */
    0x00, 0x00, 0x00, 0x00, 0x00, 0x00, 0x00, 0x00, 0x00, 0x00, 0x00, 0x00, 0x00, 0x00, 0x00, 0x00, /* ................ */
    0x00, 0x00, 0x00, 0x00, 0x00, 0x00, 0x00, 0x00, 0x00, 0x00, 0x00, 0x00, 0x00, 0x00, 0x00, 0x00, /* ................ */
    0x00, 0x00, 0x00, 0x00, 0x00, 0x00, 0x00, 0x00, 0x00, 0x00, 0x00, 0x00, 0x00, 0x00, 0x00, 0x00, /* ................ */
    0x00, 0x00, 0x00, 0x00, 0x00, 0x00, 0x00, 0x00, 0x00, 0x00, 0x00, 0x00, 0x00, 0x00, 0x00, 0x00, /* ................ */
    0x00, 0x00, 0x00, 0x00, 0x00, 0x00, 0x00, 0x00, 0x00, 0x00, 0x00, 0x00, 0x00, 0x00, 0x00, 0x00, /* ................ */
    0x00, 0x00, 0x00, 0x00, 0x00, 0x00, 0x00, 0x00, 0x00, 0x00, 0x00, 0x00, 0x00, 0x00, 0x00, 0x00, /* ................ */
    0x00, 0x00, 0x00, 0x00, 0x00, 0x00, 0x00, 0x00, 0x00, 0x00, 0x00, 0x00, 0x00, 0x00, 0x00, 0x00, /* ................ */
    0x00, 0x00, 0x00, 0x00, 0x00, 0x00, 0x00, 0x00, 0x00, 0x00, 0x00, 0x00, 0x00, 0x00, 0x00, 0x00, /* ................ */
    0x00, 0x00, 0x00, 0x00, 0x00, 0x00, 0x00, 0x00, 0x00, 0x00, 0x00, 0x00, 0x00, 0x00, 0x00, 0x00, /* ................ */
    0x00, 0x00, 0x00, 0x00, 0x00, 0x00, 0x00, 0x00, 0x00, 0x00, 0x00, 0x00, 0x00, 0x00, 0x00, 0x00, /* ................ */
    0x00, 0x00, 0x00, 0x00, 0x00, 0x00, 0x00, 0x00, 0x00, 0x00, 0x00, 0x00, 0x00, 0x00, 0x00, 0x00, /* ................ */
    0x00, 0x00, 0x00, 0x00, 0x00, 0x00, 0x00, 0x00, 0x00, 0x00, 0x00, 0x00, 0x00, 0x00, 0x00, 0x00, /* ................ */
    0x00, 0x00, 0x00, 0x00, 0x00, 0x00, 0x00, 0x00, 0x00, 0x00, 0x00, 0x00, 0x00, 0x00, 0x00, 0x00, /* ................ */
    0x00, 0x00, 0x00, 0x00, 0x00, 0x00, 0x00, 0x00, 0x00, 0x00, 0x00, 0x00, 0x00, 0x00, 0x00, 0x00, /* ................ */
    0x00, 0x00, 0x00, 0x00, 0x00, 0x00, 0x00, 0x00, 0x00, 0x00, 0x00, 0x00, 0x00, 0x00, 0x00, 0x00, /* ................ */
    0x00, 0x00, 0x00, 0x00, 0x00, 0x00, 0x00, 0x00, 0x00, 0x00, 0x00, 0x00, 0x00, 0x00, 0x00, 0x00, /* ................ */
    0x00, 0x00, 0x00, 0x00, 0x00, 0x00, 0x00, 0x00, 0x00, 0x00, 0x00, 0x00, 0x00, 0x00, 0x00, 0x00, /* ................ */
    0x00, 0x00, 0x00, 0x00, 0x00, 0x00, 0x00, 0x00, 0x00, 0x00, 0x00, 0x00, 0x00, 0x00, 0x00, 0x00, /* ................ */
    0x00, 0x00, 0x00, 0x00, 0x00, 0x00, 0x00, 0x00, 0x00, 0x00, 0x00, 0x00, 0x00, 0x00, 0x00, 0x00, /* ................ */
    0x00, 0x00, 0x00, 0x00, 0x00, 0x00, 0x00, 0x00, 0x00, 0x00, 0x00, 0x00, 0x00, 0x00, 0x00, 0x00, /* ................ */
    0x00, 0x00, 0x00, 0x00, 0x00, 0x00, 0x00, 0x00, 0x00, 0x00, 0x00, 0x00, 0x00, 0x00, 0x00, 0x00, /* ................ */
    0x00, 0x00, 0x00, 0x00, 0x00, 0x00, 0x00, 0x00, 0x00, 0x00, 0x00, 0x00, 0x00, 0x00, 0x00, 0x00, /* ................ */
    0x00, 0x00, 0x00, 0x00, 0x00, 0x00, 0x00, 0x00, 0x00, 0x00, 0x00, 0x00, 0x00, 0x00, 0x00, 0x00, /* ................ */
    0x00, 0x00, 0x00, 0x00, 0x00, 0x00, 0x00, 0x00, 0x00, 0x00, 0x00, 0x00, 0x00, 0x00, 0x00, 0x00, /* ................ */
    0x00, 0x00, 0x00, 0x00, 0x00, 0x00, 0x00, 0x00, 0x00, 0x00, 0x00, 0x00, 0x00, 0x00, 0x00, 0x00, /* ................ */
    0x00, 0x00, 0x00, 0x00, 0x00, 0x00, 0x00, 0x00, 0x00, 0x00, 0x00, 0x00, 0x00, 0x00, 0x00, 0x00, /* ................ */
    0x00, 0x00, 0x00, 0x00, 0x00, 0x00, 0x00, 0x00, 0x00, 0x00, 0x00, 0x00, 0x00, 0x00, 0x00, 0x00, /* ................ */
    0x00, 0x00, 0x00, 0x00, 0x00, 0x00, 0x00, 0x00, 0x00, 0x00, 0x00, 0x00, 0x00, 0x00, 0x00, 0x00, /* ................ */
    0x00, 0x00, 0x00, 0x00, 0x00, 0x00, 0x00, 0x00, 0x00, 0x00, 0x00, 0x00, 0x00, 0x00, 0x00, 0x00, /* ................ */
    0x00, 0x00, 0x00, 0x00, 0x00, 0x00, 0x00, 0x00, 0x00, 0x00, 0x00, 0x00, 0x00, 0x00, 0x00, 0x00, /* ................ */
    0x00, 0x00, 0x00, 0x00, 0x00, 0x00, 0x00, 0x00, 0x00, 0x00, 0x00, 0x00, 0x00, 0x00, 0x00, 0x00, /* ................ */
    0x00, 0x00, 0x00, 0x00, 0x00, 0x00, 0x00, 0x00, 0x00, 0x00, 0x00, 0x00, 0x00, 0x00, 0x00, 0x00, /* ................ */
    0x00, 0x00, 0x00, 0x00, 0x00, 0x00, 0x00, 0x00, 0x00, 0x00, 0x00, 0x00, 0x00, 0x00, 0x00, 0x00, /* ................ */
    0x00, 0x00, 0x00, 0x00, 0x00, 0x00, 0x00, 0x00, 0x00, 0x00, 0x00, 0x00, 0x00, 0x00, 0x00, 0x00, /* ................ */
    0x00, 0x00, 0x00, 0x00, 0x00, 0x00, 0x00, 0x00, 0x00, 0x00, 0x00, 0x00, 0x00, 0x00, 0x00, 0x00, /* ................ */
    0x00, 0x00, 0x00, 0x00, 0x00, 0x00, 0x00, 0x00, 0x00, 0x00, 0x00, 0x00, 0x00, 0x00, 0x00, 0x00, /* ................ */
    0x00, 0x00, 0x00, 0x00, 0x00, 0x00, 0x00, 0x00, 0x00, 0x00, 0x00, 0x00, 0x00, 0x00, 0x00, 0x00, /* ................ */
    0x00, 0x00, 0x00, 0x00, 0x00, 0x00, 0x00, 0x00, 0x00, 0x00, 0x00, 0x00, 0x00, 0x00, 0x00, 0x00, /* ................ */
    0x00, 0x00, 0x00, 0x00, 0x00, 0x00, 0x00, 0x00, 0x00, 0x00, 0x00, 0x00, 0x00, 0x00, 0x00, 0x00, /* ................ */
    0x00, 0x00, 0x00, 0x00, 0x00, 0x00, 0x00, 0x00, 0x00, 0x00, 0x00, 0x00, 0x00, 0x00, 0x00, 0x00, /* ................ */
    0x00, 0x00, 0x00, 0x00, 0x00, 0x00, 0x00, 0x00, 0x00, 0x00, 0x00, 0x00, 0x00, 0x00, 0x00, 0x00, /* ................ */
    0x00, 0x00, 0x00, 0x00, 0x00, 0x00, 0x00, 0x00, 0x00, 0x00, 0x00, 0x00, 0x00, 0x00, 0x00, 0x00, /* ................ */
    0x00, 0x00, 0x00, 0x00, 0x00, 0x00, 0x00, 0x00, 0x00, 0x00, 0x00, 0x00, 0x00, 0x00, 0x00, 0x00, /* ................ */
    0x00, 0x00, 0x00, 0x00, 0x00, 0x00, 0x00, 0x00, 0x00, 0x00, 0x00, 0x00, 0x00, 0x00, 0x00, 0x00, /* ................ */
    0x00, 0x00, 0x00, 0x00, 0x00, 0x00, 0x00, 0x00, 0x00, 0x00, 0x00, 0x00, 0x00, 0x00, 0x00, 0x00, /* ................ */
    0x00, 0x00, 0x00, 0x00, 0x00, 0x00, 0x00, 0x00, 0x00, 0x00, 0x00, 0x00, 0x00, 0x00, 0x00, 0x00, /* ................ */
    0x00, 0x00, 0x00, 0x00, 0x00, 0x00, 0x00, 0x00, 0x00, 0x00, 0x00, 0x00, 0x00, 0x00, 0x00, 0x00, /* ................ */
    0x00, 0x00, 0x00, 0x00, 0x00, 0x00, 0x00, 0x00, 0x00, 0x00, 0x00, 0x00, 0x00, 0x00, 0x00, 0x00, /* ................ */
    0x00, 0x00, 0x00, 0x00, 0x00, 0x00, 0x00, 0x00, 0x00, 0x00, 0x00, 0x00, 0x00, 0x00, 0x00, 0x00, /* ................ */
    0x00, 0x00, 0x00, 0x00, 0x00, 0x00, 0x00, 0x00, 0x00, 0x00, 0x00, 0x00, 0x00, 0x00, 0x00, 0x00, /* ................ */
    0x00, 0x00, 0x00, 0x00, 0x00, 0x00, 0x00, 0x00, 0x00, 0x00, 0x00, 0x00, 0x00, 0x00, 0x00, 0x00, /* ................ */
    0x00, 0x00, 0x00, 0x00, 0x00, 0x00, 0x00, 0x00, 0x00, 0x00, 0x00, 0x00, 0x00, 0x00, 0x00, 0x00, /* ................ */
    0x00, 0x00, 0x00, 0x00, 0x00, 0x00, 0x00, 0x00, 0x00, 0x00, 0x00, 0x00, 0x00, 0x00, 0x00, 0x00, /* ................ */
    0x00, 0x00, 0x00, 0x00, 0x00, 0x00, 0x00, 0x00, 0x00, 0x00, 0x00, 0x00, 0x00, 0x00, 0x00, 0x00, /* ................ */
    0x00, 0x00, 0x00, 0x00, 0x00, 0x00, 0x00, 0x00, 0x00, 0x00, 0x00, 0x00, 0x00, 0x00, 0x00, 0x00, /* ................ */
    0x00, 0x00, 0x00, 0x00, 0x00, 0x00, 0x00, 0x00, 0x00, 0x00, 0x00, 0x00, 0x00, 0x00, 0x00, 0x00, /* ................ */
    0x00, 0x00, 0x00, 0x00, 0x00, 0x00, 0x00, 0x00, 0x00, 0x00, 0x00, 0x00, 0x00, 0x00, 0x00, 0x00, /* ................ */
    0x00, 0x00, 0x00, 0x00, 0x00, 0x00, 0x00, 0x00, 0x00, 0x00, 0x00, 0x00, 0x00, 0x00, 0x00, 0x00, /* ................ */
    0x00, 0x00, 0x00, 0x00, 0x00, 0x00, 0x00, 0x00, 0x00, 0x00, 0x00, 0x00, 0x00, 0x00, 0x00, 0x00, /* ................ */
    0x00, 0x00, 0x00, 0x00, 0x00, 0x00, 0x00, 0x00, 0x00, 0x00, 0x00, 0x00, 0x00, 0x00, 0x00, 0x00, /* ................ */
    0x00, 0x00, 0x00, 0x00, 0x00, 0x00, 0x00, 0x00, 0x00, 0x00, 0x00, 0x00, 0x00, 0x00, 0x00, 0x00, /* ................ */
    0x00, 0x00, 0x00, 0x00, 0x00, 0x00, 0x00, 0x00, 0x00, 0x00, 0x00, 0x00, 0x00, 0x00, 0x00, 0x00, /* ................ */
    0x00, 0x00, 0x00, 0x00, 0x00, 0x00, 0x00, 0x00, 0x00, 0x00, 0x00, 0x00, 0x00, 0x00, 0x00, 0x00, /* ................ */
    0x00, 0x00, 0x00, 0x00, 0x00, 0x00, 0x00, 0x00, 0x00, 0x00, 0x00, 0x00, 0x00, 0x00, 0x00, 0x00, /* ................ */
    0x00, 0x00, 0x00, 0x00, 0x00, 0x00, 0x00, 0x00, 0x00, 0x00, 0x00, 0x00, 0x00, 0x00, 0x00, 0x00, /* ................ */
    0x00, 0x00, 0x00, 0x00, 0x00, 0x00, 0x00, 0x00, 0x00, 0x00, 0x00, 0x00, 0x00, 0x00, 0x00, 0x00, /* ................ */
    0x00, 0x00, 0x00, 0x00, 0x00, 0x00, 0x00, 0x00, 0x00, 0x00, 0x00, 0x00, 0x00, 0x00, 0x00, 0x00, /* ................ */
    0x00, 0x00, 0x00, 0x00, 0x00, 0x00, 0x00, 0x00, 0x00, 0x00, 0x00, 0x00, 0x00, 0x00, 0x00, 0x00, /* ................ */
    0x00, 0x00, 0x00, 0x00, 0x00, 0x00, 0x00, 0x00, 0x00, 0x00, 0x00, 0x00, 0x00, 0x00, 0x00, 0x00, /* ................ */
    0x00, 0x00, 0x00, 0x00, 0x00, 0x00, 0x00, 0x00, 0x00, 0x00, 0x00, 0x00, 0x00, 0x00, 0x00, 0x00, /* ................ */
    0x00, 0x00, 0x00, 0x00, 0x00, 0x00, 0x00, 0x00, 0x00, 0x00, 0x00, 0x00, 0x00, 0x00, 0x00, 0x00, /* ................ */
    0x00, 0x00, 0x00, 0x00, 0x00, 0x00, 0x00, 0x00, 0x00, 0x00, 0x00, 0x00, 0x00, 0x00, 0x00, 0x00, /* ................ */
    0x00, 0x00, 0x00, 0x00, 0x00, 0x00, 0x00, 0x00, 0x00, 0x00, 0x00, 0x00, 0x00, 0x00, 0x00, 0x00, /* ................ */
    0x00, 0x00, 0x00, 0x00, 0x00, 0x00, 0x00, 0x00, 0x00, 0x00, 0x00, 0x00, 0x00, 0x00, 0x00, 0x00, /* ................ */
    0x00, 0x00, 0x00, 0x00, 0x00, 0x00, 0x00, 0x00, 0x00, 0x00, 0x00, 0x00, 0x00, 0x00, 0x00, 0x00, /* ................ */
    0x00, 0x00, 0x00, 0x00, 0x00, 0x00, 0x00, 0x00, 0x00, 0x00, 0x00, 0x00, 0x00, 0x00, 0x00, 0x00, /* ................ */
    0x00, 0x00, 0x00, 0x00, 0x00, 0x00, 0x00, 0x00, 0x00, 0x00, 0x00, 0x00, 0x00, 0x00, 0x00, 0x00, /* ................ */
    0x00, 0x00, 0x00, 0x00, 0x00, 0x00, 0x00, 0x00, 0x00, 0x00, 0x00, 0x00, 0x00, 0x00, 0x00, 0x00, /* ................ */
    0x00, 0x00, 0x00, 0x00, 0x00, 0x00, 0x00, 0x00, 0x00, 0x00, 0x00, 0x00, 0x00, 0x00, 0x00, 0x00, /* ................ */
    0x00, 0x00, 0x00, 0x00, 0x00, 0x00, 0x00, 0x00, 0x00, 0x00, 0x00, 0x00, 0x00, 0x00, 0x00, 0x00, /* ................ */
    0x00, 0x00, 0x00, 0x00, 0x00, 0x00, 0x00, 0x00, 0x00, 0x00, 0x00, 0x00, 0x00, 0x00, 0x00, 0x00, /* ................ */
    0x00, 0x00, 0x00, 0x00, 0x00, 0x00, 0x00, 0x00, 0x00, 0x00, 0x00, 0x00, 0x00, 0x00, 0x00, 0x00, /* ................ */
    0x77, 0x00, 0x02, 0x00, 0xea, 0x00, 0x02, 0x00, 0xf4, 0x00, 0x02, 0x00, 0x01, 0x01, 0x02, 0x00, /* w............... */
    0x0e, 0x01, 0x02, 0x00, 0x1b, 0x01, 0x02, 0x00, 0x28, 0x01, 0x02, 0x00, 0x35, 0x01, 0x02, 0x00, /* ........(...5... */
    0x94, 0x00, 0x02, 0x00, 0x42, 0x01, 0x02, 0x00, 0x4c, 0x01, 0x02, 0x00, 0x53, 0x01, 0x02, 0x00, /* ....B...L...S... */
    0x5d, 0x01, 0x02, 0x00, 0x67, 0x01, 0x02, 0x00, 0x73, 0x01, 0x02, 0x00, 0x8f, 0x00, 0x02, 0x00, /* ]...g...s....... */
    0x8f, 0x00, 0x02, 0x00, 0x94, 0x00, 0x02, 0x00, 0x7d, 0x01, 0x02, 0x00, 0x00, 0x00, 0x00, 0x00, /* ........}....... */
    0x00, 0x00, 0x00, 0x00, 0x00, 0x00, 0x00, 0x00, 0x00, 0x00, 0x00, 0x00, 0x00, 0x00, 0x00, 0x00, /* ................ */
    0x00, 0x00, 0x00, 0x80, 0x00, 0x00, 0x00, 0x00, 0x00, 0x00, 0x00, 0x00, 0x00, 0x00, 0x00, 0x00, /* ................ */
    0x00, 0x00, 0x00, 0x80, 0x00, 0x00, 0x00, 0x00, 0x00, 0x00, 0x00, 0x00, 0x00, 0x00, 0x00, 0x00, /* ................ */
    0x00, 0x00, 0x00, 0x80, 0x00, 0x00, 0x00, 0x00, 0x00, 0x00, 0x00, 0x00, 0x00, 0x00, 0x00, 0x00, /* ................ */
    0x00, 0x00, 0x00, 0x80, 0x00, 0x00, 0x00, 0x00, 0x00, 0x00, 0x00, 0x00, 0x00, 0x00, 0x00, 0x00, /* ................ */
    0xff, 0xff, 0xff, 0x7f, 0x00, 0x00, 0x00, 0x00, 0x00, 0x00, 0x00, 0x00, 0x00, 0x00, 0x00, 0x00, /* ................ */
    0x00, 0x00, 0x00, 0x00, 0x00, 0x00, 0x00, 0x00, 0x00, 0x00, 0x00, 0x00, 0x00, 0x00, 0x00, 0x00, /* ................ */
    0x00, 0x00, 0x00, 0x80, 0x00, 0x00, 0x00, 0x00, 0x00, 0x00, 0x00, 0x00, 0x00, 0x00, 0x00, 0x00, /* ................ */
    0x00, 0x00, 0x00, 0x00, 0x00, 0x00, 0x00, 0x00, 0x00, 0x00, 0x00, 0x00, 0x00, 0x00, 0x00, 0x00 /* ................ */
};

/* 0x002ef8c0 */
const unsigned char __ZZN14CMacGameEngine20InstallEventHandlersEvE5C_135[128] __asm__("__ZZN14CMacGameEngine20InstallEventHandlersEvE5C.135") = {
    0x73, 0x75, 0x6f, 0x6d, 0x01, 0x00, 0x00, 0x00, 0x73, 0x75, 0x6f, 0x6d, 0x02, 0x00, 0x00, 0x00, /* suom....suom.... */
    0x73, 0x75, 0x6f, 0x6d, 0x05, 0x00, 0x00, 0x00, 0x73, 0x75, 0x6f, 0x6d, 0x06, 0x00, 0x00, 0x00, /* suom....suom.... */
    0x73, 0x75, 0x6f, 0x6d, 0x0a, 0x00, 0x00, 0x00, 0x62, 0x79, 0x65, 0x6b, 0x01, 0x00, 0x00, 0x00, /* suom....byek.... */
    0x62, 0x79, 0x65, 0x6b, 0x02, 0x00, 0x00, 0x00, 0x62, 0x79, 0x65, 0x6b, 0x03, 0x00, 0x00, 0x00, /* byek....byek.... */
    0x62, 0x79, 0x65, 0x6b, 0x04, 0x00, 0x00, 0x00, 0x74, 0x78, 0x65, 0x74, 0x02, 0x00, 0x00, 0x00, /* byek....txet.... */
    0x73, 0x64, 0x6d, 0x63, 0x01, 0x00, 0x00, 0x00, 0x76, 0x69, 0x72, 0x50, 0x76, 0x69, 0x72, 0x50, /* sdmc....virPvirP */
    0x76, 0x69, 0x72, 0x50, 0x64, 0x72, 0x68, 0x54, 0x00, 0x00, 0x00, 0x00, 0x00, 0x00, 0x00, 0x00, /* virPdrhT........ */
    0x00, 0x00, 0x00, 0x00, 0x00, 0x00, 0x00, 0x00, 0x00, 0x00, 0x00, 0x00, 0x00, 0x00, 0x00, 0x00 /* ................ */
};

/* 0x002ef940 */
const unsigned char __ZZN14CMacGameEngine20InstallEventHandlersEvE5C_133[160] __asm__("__ZZN14CMacGameEngine20InstallEventHandlersEvE5C.133") = {
    0x73, 0x75, 0x6f, 0x6d, 0x05, 0x00, 0x00, 0x00, 0x73, 0x75, 0x6f, 0x6d, 0x06, 0x00, 0x00, 0x00, /* suom....suom.... */
    0x73, 0x75, 0x6f, 0x6d, 0x0a, 0x00, 0x00, 0x00, 0x6c, 0x70, 0x70, 0x61, 0x01, 0x00, 0x00, 0x00, /* suom....lppa.... */
    0x6c, 0x70, 0x70, 0x61, 0x02, 0x00, 0x00, 0x00, 0x6c, 0x70, 0x70, 0x61, 0x6b, 0x00, 0x00, 0x00, /* lppa....lppak... */
    0x6c, 0x70, 0x70, 0x61, 0x6c, 0x00, 0x00, 0x00, 0x75, 0x6e, 0x65, 0x6d, 0x01, 0x00, 0x00, 0x00, /* lppal...unem.... */
    0x75, 0x6e, 0x65, 0x6d, 0x02, 0x00, 0x00, 0x00, 0x73, 0x64, 0x6d, 0x63, 0x01, 0x00, 0x00, 0x00, /* unem....sdmc.... */
    0x73, 0x64, 0x6d, 0x63, 0x02, 0x00, 0x00, 0x00, 0x76, 0x69, 0x72, 0x50, 0x76, 0x69, 0x72, 0x50, /* sdmc....virPvirP */
    0x76, 0x69, 0x72, 0x50, 0x64, 0x72, 0x68, 0x54, 0x76, 0x6f, 0x02, 0x00, 0xec, 0x71, 0x02, 0x00, /* virPdrhTvo...q.. */
    0x2b, 0x73, 0x02, 0x00, 0x76, 0x6f, 0x02, 0x00, 0x76, 0x6f, 0x02, 0x00, 0xd2, 0x73, 0x02, 0x00, /* +s..vo..vo...s.. */
    0xd2, 0x73, 0x02, 0x00, 0x76, 0x6f, 0x02, 0x00, 0x76, 0x6f, 0x02, 0x00, 0x76, 0x6f, 0x02, 0x00, /* .s..vo..vo..vo.. */
    0xa9, 0x74, 0x02, 0x00, 0x00, 0x00, 0x00, 0x00, 0x00, 0x00, 0x00, 0x00, 0x00, 0x00, 0x00, 0x00 /* .t.............. */
};

/* 0x002ef9e0 */
const unsigned char colorLtGrey[16] = { 0x00, 0x00, 0x40, 0x3f, 0x00, 0x00, 0x40, 0x3f, 0x00, 0x00, 0x40, 0x3f, 0x00, 0x00, 0x80, 0x3f };

/* 0x002ef9f0 */
const unsigned char colorWhite[32] = {
    0x00, 0x00, 0x80, 0x3f, 0x00, 0x00, 0x80, 0x3f, 0x00, 0x00, 0x80, 0x3f, 0x00, 0x00, 0x80, 0x3f, /* ...?...?...?...? */
    0x00, 0x00, 0x00, 0x00, 0x00, 0x00, 0x00, 0x00, 0x00, 0x00, 0x00, 0x00, 0x00, 0x00, 0x00, 0x00 /* ................ */
};

/* 0x002efa10 */
const unsigned char colorMdCyan[16] = { 0x00, 0x00, 0x00, 0x00, 0x00, 0x00, 0x00, 0x3f, 0x00, 0x00, 0x00, 0x3f, 0x00, 0x00, 0x80, 0x3f };

/* 0x002efa20 */
const unsigned char colorLtCyan[16] = { 0x00, 0x00, 0x00, 0x00, 0x00, 0x00, 0x40, 0x3f, 0x00, 0x00, 0x40, 0x3f, 0x00, 0x00, 0x80, 0x3f };

/* 0x002efa30 */
const unsigned char colorCyan[16] = { 0x00, 0x00, 0x00, 0x00, 0x00, 0x00, 0x80, 0x3f, 0x00, 0x00, 0x80, 0x3f, 0x00, 0x00, 0x80, 0x3f };

/* 0x002efa40 */
const unsigned char colorMagenta[32] = {
    0x00, 0x00, 0x80, 0x3f, 0x00, 0x00, 0x00, 0x00, 0x00, 0x00, 0x80, 0x3f, 0x00, 0x00, 0x80, 0x3f, /* ...?.......?...? */
    0x00, 0x00, 0x00, 0x00, 0x00, 0x00, 0x00, 0x00, 0x00, 0x00, 0x00, 0x00, 0x00, 0x00, 0x00, 0x00 /* ................ */
};

/* 0x002efa60 */
const unsigned char colorLtYellow[16] = { 0x00, 0x00, 0x40, 0x3f, 0x00, 0x00, 0x40, 0x3f, 0x00, 0x00, 0x00, 0x00, 0x00, 0x00, 0x80, 0x3f };

/* 0x002efa70 */
const unsigned char colorYellow[32] = {
    0x00, 0x00, 0x80, 0x3f, 0x00, 0x00, 0x80, 0x3f, 0x00, 0x00, 0x00, 0x00, 0x00, 0x00, 0x80, 0x3f, /* ...?...?.......? */
    0x00, 0x00, 0x00, 0x00, 0x00, 0x00, 0x00, 0x00, 0x00, 0x00, 0x00, 0x00, 0x00, 0x00, 0x00, 0x00 /* ................ */
};

/* 0x002efa90 */
const unsigned char colorBlue[32] = {
    0x00, 0x00, 0x00, 0x00, 0x00, 0x00, 0x00, 0x00, 0x00, 0x00, 0x80, 0x3f, 0x00, 0x00, 0x80, 0x3f, /* ...........?...? */
    0x00, 0x00, 0x00, 0x00, 0x00, 0x00, 0x00, 0x00, 0x00, 0x00, 0x00, 0x00, 0x00, 0x00, 0x00, 0x00 /* ................ */
};

/* 0x002efab0 */
const unsigned char colorGreen[16] = { 0x00, 0x00, 0x00, 0x00, 0x00, 0x00, 0x80, 0x3f, 0x00, 0x00, 0x00, 0x00, 0x00, 0x00, 0x80, 0x3f };

/* 0x002efac0 */
const unsigned char colorRed[16] = { 0x00, 0x00, 0x80, 0x3f, 0x00, 0x00, 0x00, 0x00, 0x00, 0x00, 0x00, 0x00, 0x00, 0x00, 0x80, 0x3f };

/* 0x002efad0 */
const unsigned char colorBlack[80] = {
    0x00, 0x00, 0x00, 0x00, 0x00, 0x00, 0x00, 0x00, 0x00, 0x00, 0x00, 0x00, 0x00, 0x00, 0x80, 0x3f, /* ...............? */
    0xff, 0xff, 0xff, 0x7f, 0x00, 0x00, 0x00, 0x00, 0x00, 0x00, 0x00, 0x00, 0x00, 0x00, 0x00, 0x00, /* ................ */
    0xff, 0xff, 0xff, 0x7f, 0x00, 0x00, 0x00, 0x00, 0x00, 0x00, 0x00, 0x00, 0x00, 0x00, 0x00, 0x00, /* ................ */
    0x59, 0xa2, 0x02, 0x00, 0x2e, 0xa3, 0x02, 0x00, 0x0b, 0xa3, 0x02, 0x00, 0xe5, 0xa2, 0x02, 0x00, /* Y............... */
    0xd0, 0xa2, 0x02, 0x00, 0xb3, 0xa2, 0x02, 0x00, 0x94, 0xa2, 0x02, 0x00, 0x6b, 0xa2, 0x02, 0x00 /* ............k... */
};

/* 0x002efb20 */
const unsigned char identityMatrix44[80] = {
    0x00, 0x00, 0x80, 0x3f, 0x00, 0x00, 0x00, 0x00, 0x00, 0x00, 0x00, 0x00, 0x00, 0x00, 0x00, 0x00, /* ...?............ */
    0x00, 0x00, 0x00, 0x00, 0x00, 0x00, 0x80, 0x3f, 0x00, 0x00, 0x00, 0x00, 0x00, 0x00, 0x00, 0x00, /* .......?........ */
    0x00, 0x00, 0x00, 0x00, 0x00, 0x00, 0x00, 0x00, 0x00, 0x00, 0x80, 0x3f, 0x00, 0x00, 0x00, 0x00, /* ...........?.... */
    0x00, 0x00, 0x00, 0x00, 0x00, 0x00, 0x00, 0x00, 0x00, 0x00, 0x00, 0x00, 0x00, 0x00, 0x80, 0x3f, /* ...............? */
    0x00, 0x00, 0x00, 0x00, 0x00, 0x00, 0x00, 0x00, 0x00, 0x00, 0x00, 0x00, 0x00, 0x00, 0x00, 0x00 /* ................ */
};

/* 0x002efb70 */
const unsigned char vec3_origin[12] = { 0x00, 0x00, 0x00, 0x00, 0x00, 0x00, 0x00, 0x00, 0x00, 0x00, 0x00, 0x00 };

/* 0x002efb7c */
const unsigned char vec2_origin[644] = {
    0x00, 0x00, 0x00, 0x00, 0x00, 0x00, 0x00, 0x00, 0x00, 0x00, 0x00, 0x00, 0x00, 0x00, 0x00, 0x00, /* ................ */
    0x00, 0x00, 0x00, 0x00, 0x00, 0x00, 0x00, 0x80, 0x00, 0x00, 0x00, 0x00, 0x00, 0x00, 0x00, 0x00, /* ................ */
    0x00, 0x00, 0x00, 0x00, 0x00, 0x00, 0x00, 0x80, 0x00, 0x00, 0x00, 0x00, 0x00, 0x00, 0x00, 0x00, /* ................ */
    0x00, 0x00, 0x00, 0x00, 0x00, 0x00, 0x00, 0x80, 0x00, 0x00, 0x00, 0x00, 0x00, 0x00, 0x00, 0x00, /* ................ */
    0x00, 0x00, 0x00, 0x00, 0xff, 0xff, 0xff, 0xff, 0xff, 0xff, 0xff, 0x7f, 0x00, 0x00, 0x00, 0x00, /* ................ */
    0x00, 0x00, 0x00, 0x00, 0x00, 0x00, 0x00, 0x80, 0x00, 0x00, 0x00, 0x00, 0x00, 0x00, 0x00, 0x00, /* ................ */
    0x00, 0x00, 0x00, 0x00, 0x1e, 0xc8, 0x02, 0x00, 0x13, 0xca, 0x02, 0x00, 0xcb, 0xc9, 0x02, 0x00, /* ................ */
    0x83, 0xc9, 0x02, 0x00, 0x3b, 0xc9, 0x02, 0x00, 0xf3, 0xc8, 0x02, 0x00, 0xab, 0xc8, 0x02, 0x00, /* ....;........... */
    0x63, 0xc8, 0x02, 0x00, 0x00, 0x00, 0x00, 0x80, 0x00, 0x00, 0x00, 0x00, 0x00, 0x00, 0x00, 0x00, /* c............... */
    0x00, 0x00, 0x00, 0x00, 0xff, 0xff, 0xff, 0x7f, 0x00, 0x00, 0x00, 0x00, 0x00, 0x00, 0x00, 0x00, /* ................ */
    0x00, 0x00, 0x00, 0x00, 0xff, 0xff, 0xff, 0x7f, 0x00, 0x00, 0x00, 0x00, 0x00, 0x00, 0x00, 0x00, /* ................ */
    0x00, 0x00, 0x00, 0x00, 0xff, 0xff, 0xff, 0x7f, 0x00, 0x00, 0x00, 0x00, 0x00, 0x00, 0x00, 0x00, /* ................ */
    0x00, 0x00, 0x00, 0x00, 0x00, 0x00, 0x00, 0x80, 0x00, 0x00, 0x00, 0x00, 0x00, 0x00, 0x00, 0x00, /* ................ */
    0x00, 0x00, 0x00, 0x00, 0xff, 0xff, 0xff, 0x7f, 0x00, 0x00, 0x00, 0x00, 0x00, 0x00, 0x00, 0x00, /* ................ */
    0x00, 0x00, 0x00, 0x00, 0xff, 0xff, 0xff, 0x7f, 0x00, 0x00, 0x00, 0x00, 0x00, 0x00, 0x00, 0x00, /* ................ */
    0x00, 0x00, 0x00, 0x00, 0x00, 0x00, 0x00, 0x80, 0x00, 0x00, 0x00, 0x00, 0x00, 0x00, 0x00, 0x00, /* ................ */
    0x00, 0x00, 0x00, 0x00, 0xff, 0xff, 0xff, 0x7f, 0x00, 0x00, 0x00, 0x00, 0x00, 0x00, 0x00, 0x00, /* ................ */
    0x00, 0x00, 0x00, 0x00, 0xff, 0xff, 0xff, 0x7f, 0x00, 0x00, 0x00, 0x00, 0x00, 0x00, 0x00, 0x00, /* ................ */
    0x00, 0x00, 0x00, 0x00, 0x00, 0x00, 0x00, 0x80, 0x00, 0x00, 0x00, 0x00, 0x00, 0x00, 0x00, 0x00, /* ................ */
    0x00, 0x00, 0x00, 0x00, 0xff, 0xff, 0xff, 0x7f, 0x00, 0x00, 0x00, 0x00, 0x00, 0x00, 0x00, 0x00, /* ................ */
    0x00, 0x00, 0x00, 0x00, 0xff, 0xff, 0xff, 0x7f, 0x00, 0x00, 0x00, 0x00, 0x00, 0x00, 0x00, 0x00, /* ................ */
    0x00, 0x00, 0x00, 0x00, 0x00, 0x00, 0x00, 0x80, 0x00, 0x00, 0x00, 0x00, 0x00, 0x00, 0x00, 0x00, /* ................ */
    0x00, 0x00, 0x00, 0x00, 0x00, 0x00, 0x00, 0x80, 0x00, 0x00, 0x00, 0x00, 0x00, 0x00, 0x00, 0x00, /* ................ */
    0x00, 0x00, 0x00, 0x00, 0x00, 0x00, 0x00, 0x80, 0x00, 0x00, 0x00, 0x00, 0x00, 0x00, 0x00, 0x00, /* ................ */
    0x00, 0x00, 0x00, 0x00, 0x00, 0x00, 0x00, 0x80, 0x00, 0x00, 0x00, 0x00, 0x00, 0x00, 0x00, 0x00, /* ................ */
    0x00, 0x00, 0x00, 0x00, 0x00, 0x00, 0x00, 0x80, 0x00, 0x00, 0x00, 0x00, 0x00, 0x00, 0x00, 0x00, /* ................ */
    0x00, 0x00, 0x00, 0x00, 0x00, 0x00, 0x00, 0x80, 0x00, 0x00, 0x00, 0x00, 0x00, 0x00, 0x00, 0x00, /* ................ */
    0x00, 0x00, 0x00, 0x00, 0x00, 0x00, 0x00, 0x80, 0x00, 0x00, 0x00, 0x00, 0x00, 0x00, 0x00, 0x00, /* ................ */
    0x00, 0x00, 0x00, 0x00, 0x00, 0x00, 0x00, 0x80, 0x00, 0x00, 0x00, 0x00, 0x00, 0x00, 0x00, 0x00, /* ................ */
    0x00, 0x00, 0x00, 0x00, 0x00, 0x00, 0x00, 0x80, 0x00, 0x00, 0x00, 0x00, 0x00, 0x00, 0x00, 0x00, /* ................ */
    0x00, 0x00, 0x00, 0x00, 0x00, 0x00, 0x00, 0x80, 0x00, 0x00, 0x00, 0x00, 0x00, 0x00, 0x00, 0x00, /* ................ */
    0x00, 0x00, 0x00, 0x00, 0x00, 0x00, 0x00, 0x00, 0x00, 0x00, 0x00, 0x00, 0x00, 0x00, 0x00, 0x00, /* ................ */
    0x00, 0x00, 0x00, 0x00, 0xd7, 0x07, 0x03, 0x00, 0x91, 0x08, 0x03, 0x00, 0x26, 0x09, 0x03, 0x00, /* ............&... */
    0x7a, 0x07, 0x03, 0x00, 0x33, 0x09, 0x03, 0x00, 0x6c, 0x09, 0x03, 0x00, 0x7b, 0x0b, 0x03, 0x00, /* z...3...l...{... */
    0x86, 0x0b, 0x03, 0x00, 0xa2, 0x0b, 0x03, 0x00, 0xf9, 0x0a, 0x03, 0x00, 0xdd, 0x0a, 0x03, 0x00, /* ................ */
    0x6a, 0x0b, 0x03, 0x00, 0x00, 0x00, 0x00, 0x00, 0x00, 0x00, 0x00, 0x00, 0x00, 0x00, 0x00, 0x00, /* j............... */
    0x00, 0x00, 0x00, 0x00, 0xff, 0xff, 0xff, 0x7f, 0x00, 0x00, 0x00, 0x00, 0x00, 0x00, 0x00, 0x00, /* ................ */
    0x00, 0x00, 0x00, 0x00, 0xff, 0xff, 0xff, 0x7f, 0x00, 0x00, 0x00, 0x00, 0x00, 0x00, 0x00, 0x00, /* ................ */
    0x00, 0x00, 0x00, 0x00, 0xff, 0xff, 0xff, 0x7f, 0x00, 0x00, 0x00, 0x00, 0x00, 0x00, 0x00, 0x00, /* ................ */
    0x00, 0x00, 0x00, 0x00, 0x00, 0x00, 0x00, 0x00, 0x00, 0x00, 0x00, 0x00, 0x00, 0x00, 0x00, 0x00, /* ................ */
    0x00, 0x00, 0x00, 0x00 /* .... */
};

/* 0x002efe00 */
const unsigned char __ZZN16CStringEdPackage9ParseLineEPKchE5C_208[1120] __asm__("__ZZN16CStringEdPackage9ParseLineEPKchE5C.208") = {
    0x00, 0x00, 0x00, 0x00, 0x00, 0x00, 0x00, 0x00, 0x00, 0x00, 0x00, 0x00, 0x00, 0x00, 0x00, 0x00, /* ................ */
    0x00, 0x00, 0x00, 0x00, 0x00, 0x00, 0x00, 0x00, 0x00, 0x00, 0x00, 0x00, 0x00, 0x00, 0x00, 0x00, /* ................ */
    0x00, 0x00, 0x00, 0x00, 0x00, 0x00, 0x00, 0x00, 0x00, 0x00, 0x00, 0x00, 0x00, 0x00, 0x00, 0x00, /* ................ */
    0x00, 0x00, 0x00, 0x00, 0x00, 0x00, 0x00, 0x00, 0x00, 0x00, 0x00, 0x00, 0x00, 0x00, 0x00, 0x00, /* ................ */
    0x00, 0x00, 0x00, 0x00, 0x00, 0x00, 0x00, 0x00, 0x00, 0x00, 0x00, 0x00, 0x00, 0x00, 0x00, 0x00, /* ................ */
    0x00, 0x00, 0x00, 0x00, 0x00, 0x00, 0x00, 0x00, 0x00, 0x00, 0x00, 0x00, 0x00, 0x00, 0x00, 0x00, /* ................ */
    0x00, 0x00, 0x00, 0x00, 0x00, 0x00, 0x00, 0x00, 0x00, 0x00, 0x00, 0x00, 0x00, 0x00, 0x00, 0x00, /* ................ */
    0x00, 0x00, 0x00, 0x00, 0x00, 0x00, 0x00, 0x00, 0x00, 0x00, 0x00, 0x00, 0x00, 0x00, 0x00, 0x00, /* ................ */
    0x00, 0x00, 0x00, 0x00, 0x00, 0x00, 0x00, 0x00, 0x00, 0x00, 0x00, 0x00, 0x00, 0x00, 0x00, 0x00, /* ................ */
    0x00, 0x00, 0x00, 0x00, 0x00, 0x00, 0x00, 0x00, 0x00, 0x00, 0x00, 0x00, 0x00, 0x00, 0x00, 0x00, /* ................ */
    0x00, 0x00, 0x00, 0x00, 0x00, 0x00, 0x00, 0x00, 0x00, 0x00, 0x00, 0x00, 0x00, 0x00, 0x00, 0x00, /* ................ */
    0x00, 0x00, 0x00, 0x00, 0x00, 0x00, 0x00, 0x00, 0x00, 0x00, 0x00, 0x00, 0x00, 0x00, 0x00, 0x00, /* ................ */
    0x00, 0x00, 0x00, 0x00, 0x00, 0x00, 0x00, 0x00, 0x00, 0x00, 0x00, 0x00, 0x00, 0x00, 0x00, 0x00, /* ................ */
    0x00, 0x00, 0x00, 0x00, 0x00, 0x00, 0x00, 0x00, 0x00, 0x00, 0x00, 0x00, 0x00, 0x00, 0x00, 0x00, /* ................ */
    0x00, 0x00, 0x00, 0x00, 0x00, 0x00, 0x00, 0x00, 0x00, 0x00, 0x00, 0x00, 0x00, 0x00, 0x00, 0x00, /* ................ */
    0x00, 0x00, 0x00, 0x00, 0x00, 0x00, 0x00, 0x00, 0x00, 0x00, 0x00, 0x00, 0x00, 0x00, 0x00, 0x00, /* ................ */
    0x00, 0x00, 0x00, 0x00, 0x00, 0x00, 0x00, 0x00, 0x00, 0x00, 0x00, 0x00, 0x00, 0x00, 0x00, 0x00, /* ................ */
    0x00, 0x00, 0x00, 0x00, 0x00, 0x00, 0x00, 0x00, 0x00, 0x00, 0x00, 0x00, 0x00, 0x00, 0x00, 0x00, /* ................ */
    0x00, 0x00, 0x00, 0x00, 0x00, 0x00, 0x00, 0x00, 0x00, 0x00, 0x00, 0x00, 0x00, 0x00, 0x00, 0x00, /* ................ */
    0x00, 0x00, 0x00, 0x00, 0x00, 0x00, 0x00, 0x00, 0x00, 0x00, 0x00, 0x00, 0x00, 0x00, 0x00, 0x00, /* ................ */
    0x00, 0x00, 0x00, 0x00, 0x00, 0x00, 0x00, 0x00, 0x00, 0x00, 0x00, 0x00, 0x00, 0x00, 0x00, 0x00, /* ................ */
    0x00, 0x00, 0x00, 0x00, 0x00, 0x00, 0x00, 0x00, 0x00, 0x00, 0x00, 0x00, 0x00, 0x00, 0x00, 0x00, /* ................ */
    0x00, 0x00, 0x00, 0x00, 0x00, 0x00, 0x00, 0x00, 0x00, 0x00, 0x00, 0x00, 0x00, 0x00, 0x00, 0x00, /* ................ */
    0x00, 0x00, 0x00, 0x00, 0x00, 0x00, 0x00, 0x00, 0x00, 0x00, 0x00, 0x00, 0x00, 0x00, 0x00, 0x00, /* ................ */
    0x00, 0x00, 0x00, 0x00, 0x00, 0x00, 0x00, 0x00, 0x00, 0x00, 0x00, 0x00, 0x00, 0x00, 0x00, 0x00, /* ................ */
    0x00, 0x00, 0x00, 0x00, 0x00, 0x00, 0x00, 0x00, 0x00, 0x00, 0x00, 0x00, 0x00, 0x00, 0x00, 0x00, /* ................ */
    0x00, 0x00, 0x00, 0x00, 0x00, 0x00, 0x00, 0x00, 0x00, 0x00, 0x00, 0x00, 0x00, 0x00, 0x00, 0x00, /* ................ */
    0x00, 0x00, 0x00, 0x00, 0x00, 0x00, 0x00, 0x00, 0x00, 0x00, 0x00, 0x00, 0x00, 0x00, 0x00, 0x00, /* ................ */
    0x00, 0x00, 0x00, 0x00, 0x00, 0x00, 0x00, 0x00, 0x00, 0x00, 0x00, 0x00, 0x00, 0x00, 0x00, 0x00, /* ................ */
    0x00, 0x00, 0x00, 0x00, 0x00, 0x00, 0x00, 0x00, 0x00, 0x00, 0x00, 0x00, 0x00, 0x00, 0x00, 0x00, /* ................ */
    0x00, 0x00, 0x00, 0x00, 0x00, 0x00, 0x00, 0x00, 0x00, 0x00, 0x00, 0x00, 0x00, 0x00, 0x00, 0x00, /* ................ */
    0x00, 0x00, 0x00, 0x00, 0x00, 0x00, 0x00, 0x00, 0x00, 0x00, 0x00, 0x00, 0x00, 0x00, 0x00, 0x00, /* ................ */
    0x00, 0x00, 0x00, 0x00, 0x00, 0x00, 0x00, 0x00, 0x00, 0x00, 0x00, 0x00, 0x00, 0x00, 0x00, 0x00, /* ................ */
    0x00, 0x00, 0x00, 0x00, 0x00, 0x00, 0x00, 0x00, 0x00, 0x00, 0x00, 0x00, 0x00, 0x00, 0x00, 0x00, /* ................ */
    0x00, 0x00, 0x00, 0x00, 0x00, 0x00, 0x00, 0x00, 0x00, 0x00, 0x00, 0x00, 0x00, 0x00, 0x00, 0x00, /* ................ */
    0x00, 0x00, 0x00, 0x00, 0x00, 0x00, 0x00, 0x00, 0x00, 0x00, 0x00, 0x00, 0x00, 0x00, 0x00, 0x00, /* ................ */
    0x00, 0x00, 0x00, 0x00, 0x00, 0x00, 0x00, 0x00, 0x00, 0x00, 0x00, 0x00, 0x00, 0x00, 0x00, 0x00, /* ................ */
    0x00, 0x00, 0x00, 0x00, 0x00, 0x00, 0x00, 0x00, 0x00, 0x00, 0x00, 0x00, 0x00, 0x00, 0x00, 0x00, /* ................ */
    0x00, 0x00, 0x00, 0x00, 0x00, 0x00, 0x00, 0x00, 0x00, 0x00, 0x00, 0x00, 0x00, 0x00, 0x00, 0x00, /* ................ */
    0x00, 0x00, 0x00, 0x00, 0x00, 0x00, 0x00, 0x00, 0x00, 0x00, 0x00, 0x00, 0x00, 0x00, 0x00, 0x00, /* ................ */
    0x00, 0x00, 0x00, 0x00, 0x00, 0x00, 0x00, 0x00, 0x00, 0x00, 0x00, 0x00, 0x00, 0x00, 0x00, 0x00, /* ................ */
    0x00, 0x00, 0x00, 0x00, 0x00, 0x00, 0x00, 0x00, 0x00, 0x00, 0x00, 0x00, 0x00, 0x00, 0x00, 0x00, /* ................ */
    0x00, 0x00, 0x00, 0x00, 0x00, 0x00, 0x00, 0x00, 0x00, 0x00, 0x00, 0x00, 0x00, 0x00, 0x00, 0x00, /* ................ */
    0x00, 0x00, 0x00, 0x00, 0x00, 0x00, 0x00, 0x00, 0x00, 0x00, 0x00, 0x00, 0x00, 0x00, 0x00, 0x00, /* ................ */
    0x00, 0x00, 0x00, 0x00, 0x00, 0x00, 0x00, 0x00, 0x00, 0x00, 0x00, 0x00, 0x00, 0x00, 0x00, 0x00, /* ................ */
    0x00, 0x00, 0x00, 0x00, 0x00, 0x00, 0x00, 0x00, 0x00, 0x00, 0x00, 0x00, 0x00, 0x00, 0x00, 0x00, /* ................ */
    0x00, 0x00, 0x00, 0x00, 0x00, 0x00, 0x00, 0x00, 0x00, 0x00, 0x00, 0x00, 0x00, 0x00, 0x00, 0x00, /* ................ */
    0x00, 0x00, 0x00, 0x00, 0x00, 0x00, 0x00, 0x00, 0x00, 0x00, 0x00, 0x00, 0x00, 0x00, 0x00, 0x00, /* ................ */
    0x00, 0x00, 0x00, 0x00, 0x00, 0x00, 0x00, 0x00, 0x00, 0x00, 0x00, 0x00, 0x00, 0x00, 0x00, 0x00, /* ................ */
    0x00, 0x00, 0x00, 0x00, 0x00, 0x00, 0x00, 0x00, 0x00, 0x00, 0x00, 0x00, 0x00, 0x00, 0x00, 0x00, /* ................ */
    0x00, 0x00, 0x00, 0x00, 0x00, 0x00, 0x00, 0x00, 0x00, 0x00, 0x00, 0x00, 0x00, 0x00, 0x00, 0x00, /* ................ */
    0x00, 0x00, 0x00, 0x00, 0x00, 0x00, 0x00, 0x00, 0x00, 0x00, 0x00, 0x00, 0x00, 0x00, 0x00, 0x00, /* ................ */
    0x00, 0x00, 0x00, 0x00, 0x00, 0x00, 0x00, 0x00, 0x00, 0x00, 0x00, 0x00, 0x00, 0x00, 0x00, 0x00, /* ................ */
    0x00, 0x00, 0x00, 0x00, 0x00, 0x00, 0x00, 0x00, 0x00, 0x00, 0x00, 0x00, 0x00, 0x00, 0x00, 0x00, /* ................ */
    0x00, 0x00, 0x00, 0x00, 0x00, 0x00, 0x00, 0x00, 0x00, 0x00, 0x00, 0x00, 0x00, 0x00, 0x00, 0x00, /* ................ */
    0x00, 0x00, 0x00, 0x00, 0x00, 0x00, 0x00, 0x00, 0x00, 0x00, 0x00, 0x00, 0x00, 0x00, 0x00, 0x00, /* ................ */
    0x00, 0x00, 0x00, 0x00, 0x00, 0x00, 0x00, 0x00, 0x00, 0x00, 0x00, 0x00, 0x00, 0x00, 0x00, 0x00, /* ................ */
    0x00, 0x00, 0x00, 0x00, 0x00, 0x00, 0x00, 0x00, 0x00, 0x00, 0x00, 0x00, 0x00, 0x00, 0x00, 0x00, /* ................ */
    0x00, 0x00, 0x00, 0x00, 0x00, 0x00, 0x00, 0x00, 0x00, 0x00, 0x00, 0x00, 0x00, 0x00, 0x00, 0x00, /* ................ */
    0x00, 0x00, 0x00, 0x00, 0x00, 0x00, 0x00, 0x00, 0x00, 0x00, 0x00, 0x00, 0x00, 0x00, 0x00, 0x00, /* ................ */
    0x00, 0x00, 0x00, 0x00, 0x00, 0x00, 0x00, 0x00, 0x00, 0x00, 0x00, 0x00, 0x00, 0x00, 0x00, 0x00, /* ................ */
    0x00, 0x00, 0x00, 0x00, 0x00, 0x00, 0x00, 0x00, 0x00, 0x00, 0x00, 0x00, 0x00, 0x00, 0x00, 0x00, /* ................ */
    0x00, 0x00, 0x00, 0x00, 0x00, 0x00, 0x00, 0x00, 0x00, 0x00, 0x00, 0x00, 0x00, 0x00, 0x00, 0x00, /* ................ */
    0x00, 0x00, 0x00, 0x00, 0x00, 0x00, 0x00, 0x00, 0x00, 0x00, 0x00, 0x00, 0x00, 0x00, 0x00, 0x00, /* ................ */
    0x00, 0x00, 0x00, 0x80, 0x00, 0x00, 0x00, 0x00, 0x00, 0x00, 0x00, 0x00, 0x00, 0x00, 0x00, 0x00, /* ................ */
    0x00, 0x00, 0x00, 0x80, 0x00, 0x00, 0x00, 0x00, 0x00, 0x00, 0x00, 0x00, 0x00, 0x00, 0x00, 0x00, /* ................ */
    0x24, 0x04, 0x05, 0x00, 0x4e, 0x04, 0x05, 0x00, 0xea, 0x04, 0x05, 0x00, 0xea, 0x04, 0x05, 0x00, /* $...N........... */
    0xea, 0x04, 0x05, 0x00, 0xa1, 0x04, 0x05, 0x00, 0xd6, 0x04, 0x05, 0x00, 0xea, 0x04, 0x05, 0x00, /* ................ */
    0xea, 0x04, 0x05, 0x00, 0x00, 0x00, 0x00, 0x00, 0x00, 0x00, 0x00, 0x00, 0x00, 0x00, 0x00, 0x00, /* ................ */
    0x00, 0x00, 0x00, 0x00, 0x00, 0x00, 0x00, 0x00, 0x00, 0x00, 0x00, 0x00, 0x00, 0x00, 0x00, 0x00 /* ................ */
};

/* 0x002f0260 */
const unsigned char dvarDigitStrings[416] = {
    0x30, 0x00, 0x31, 0x00, 0x32, 0x00, 0x33, 0x00, 0x34, 0x00, 0x35, 0x00, 0x36, 0x00, 0x37, 0x00, /* 0.1.2.3.4.5.6.7. */
    0x38, 0x00, 0x39, 0x00, 0x38, 0x14, 0x05, 0x00, 0x82, 0x15, 0x05, 0x00, 0x5b, 0x15, 0x05, 0x00, /* 8.9.8.......[... */
    0x29, 0x15, 0x05, 0x00, 0xec, 0x14, 0x05, 0x00, 0xd6, 0x14, 0x05, 0x00, 0x24, 0x14, 0x05, 0x00, /* )...........$... */
    0xc0, 0x14, 0x05, 0x00, 0x4b, 0x14, 0x05, 0x00, 0x8d, 0x16, 0x05, 0x00, 0x0d, 0x16, 0x05, 0x00, /* ....K........... */
    0xb8, 0x16, 0x05, 0x00, 0x60, 0x16, 0x05, 0x00, 0x23, 0x16, 0x05, 0x00, 0xff, 0x15, 0x05, 0x00, /* ....`...#....... */
    0xff, 0x15, 0x05, 0x00, 0x9c, 0x16, 0x05, 0x00, 0xff, 0x15, 0x05, 0x00, 0x5e, 0x1a, 0x05, 0x00, /* ............^... */
    0x23, 0x1c, 0x05, 0x00, 0xcc, 0x1b, 0x05, 0x00, 0x67, 0x1b, 0x05, 0x00, 0xf9, 0x1a, 0x05, 0x00, /* #.......g....... */
    0xe6, 0x1a, 0x05, 0x00, 0x8c, 0x1a, 0x05, 0x00, 0x84, 0x1a, 0x05, 0x00, 0x74, 0x1a, 0x05, 0x00, /* ............t... */
    0x94, 0x27, 0x05, 0x00, 0x89, 0x28, 0x05, 0x00, 0x4c, 0x28, 0x05, 0x00, 0xfa, 0x27, 0x05, 0x00, /* .'...(..L(...'.. */
    0xac, 0x27, 0x05, 0x00, 0x78, 0x27, 0x05, 0x00, 0x9f, 0x27, 0x05, 0x00, 0x26, 0x29, 0x05, 0x00, /* .'..x'...'..&).. */
    0x38, 0x2b, 0x05, 0x00, 0xd5, 0x2a, 0x05, 0x00, 0x72, 0x2a, 0x05, 0x00, 0x0f, 0x2a, 0x05, 0x00, /* 8+...*..r*...*.. */
    0xd6, 0x29, 0x05, 0x00, 0x68, 0x29, 0x05, 0x00, 0x52, 0x29, 0x05, 0x00, 0x3c, 0x29, 0x05, 0x00, /* .)..h)..R)..<).. */
    0x59, 0x37, 0x05, 0x00, 0x21, 0x37, 0x05, 0x00, 0x7c, 0x37, 0x05, 0x00, 0xb3, 0x36, 0x05, 0x00, /* Y7..!7..|7...6.. */
    0xea, 0x36, 0x05, 0x00, 0x46, 0x37, 0x05, 0x00, 0x65, 0x37, 0x05, 0x00, 0x0e, 0x3a, 0x05, 0x00, /* .6..F7..e7...:.. */
    0x0e, 0x39, 0x05, 0x00, 0xb4, 0x39, 0x05, 0x00, 0x06, 0x3b, 0x05, 0x00, 0x75, 0x3b, 0x05, 0x00, /* .9...9...;..u;.. */
    0x58, 0x3b, 0x05, 0x00, 0xe2, 0x3a, 0x05, 0x00, 0x0e, 0x3a, 0x05, 0x00, 0x0e, 0x3a, 0x05, 0x00, /* X;...:...:...:.. */
    0x00, 0x00, 0x00, 0x80, 0x00, 0x00, 0x00, 0x00, 0x00, 0x00, 0x00, 0x00, 0x00, 0x00, 0x00, 0x00, /* ................ */
    0x00, 0x00, 0x00, 0x80, 0x00, 0x00, 0x00, 0x00, 0x00, 0x00, 0x00, 0x00, 0x00, 0x00, 0x00, 0x00, /* ................ */
    0x00, 0x00, 0x00, 0x80, 0x00, 0x00, 0x00, 0x00, 0x00, 0x00, 0x00, 0x00, 0x00, 0x00, 0x00, 0x00, /* ................ */
    0x00, 0x00, 0x00, 0x00, 0x00, 0x00, 0x00, 0x00, 0x00, 0x00, 0x00, 0x00, 0x00, 0x00, 0x00, 0x00, /* ................ */
    0xff, 0xff, 0xff, 0x7f, 0x00, 0x00, 0x00, 0x00, 0x00, 0x00, 0x00, 0x00, 0x00, 0x00, 0x00, 0x00, /* ................ */
    0xff, 0xff, 0xff, 0x7f, 0x00, 0x00, 0x00, 0x00, 0x00, 0x00, 0x00, 0x00, 0x00, 0x00, 0x00, 0x00, /* ................ */
    0xa8, 0xd2, 0x05, 0x00, 0xeb, 0xd2, 0x05, 0x00, 0xb8, 0xd3, 0x05, 0x00, 0x12, 0xd4, 0x05, 0x00, /* ................ */
    0x49, 0xd4, 0x05, 0x00, 0x80, 0xd4, 0x05, 0x00, 0xa8, 0xd2, 0x05, 0x00, 0xb7, 0xd4, 0x05, 0x00, /* I............... */
    0xa8, 0xd2, 0x05, 0x00, 0xee, 0xd4, 0x05, 0x00, 0xa8, 0xd2, 0x05, 0x00, 0x25, 0xd5, 0x05, 0x00, /* ............%... */
    0x66, 0xd5, 0x05, 0x00, 0x00, 0x00, 0x00, 0x00, 0x00, 0x00, 0x00, 0x00, 0x00, 0x00, 0x00, 0x00 /* f............... */
};

/* 0x002f0400 */
const unsigned char __ZZN17PrimitiveTemplate15ParseGroupFlagsEPKcPiE5C_148[608] __asm__("__ZZN17PrimitiveTemplate15ParseGroupFlagsEPKcPiE5C.148") = {
    0x00, 0x00, 0x00, 0x00, 0x00, 0x00, 0x00, 0x00, 0x00, 0x00, 0x00, 0x00, 0x00, 0x00, 0x00, 0x00, /* ................ */
    0x00, 0x00, 0x00, 0x00, 0x00, 0x00, 0x00, 0x00, 0x00, 0x00, 0x00, 0x00, 0x00, 0x00, 0x00, 0x00, /* ................ */
    0x00, 0x00, 0x00, 0x00, 0x00, 0x00, 0x00, 0x00, 0x00, 0x00, 0x00, 0x00, 0x00, 0x00, 0x00, 0x00, /* ................ */
    0x00, 0x00, 0x00, 0x00, 0x00, 0x00, 0x00, 0x00, 0x00, 0x00, 0x00, 0x00, 0x00, 0x00, 0x00, 0x00, /* ................ */
    0x00, 0x00, 0x00, 0x00, 0x00, 0x00, 0x00, 0x00, 0x00, 0x00, 0x00, 0x00, 0x00, 0x00, 0x00, 0x00, /* ................ */
    0x00, 0x00, 0x00, 0x00, 0x00, 0x00, 0x00, 0x00, 0x00, 0x00, 0x00, 0x00, 0x00, 0x00, 0x00, 0x00, /* ................ */
    0x30, 0x00, 0x00, 0x00, 0x00, 0x00, 0x00, 0x00, 0x00, 0x00, 0x00, 0x00, 0x00, 0x00, 0x00, 0x00, /* 0............... */
    0x00, 0x00, 0x00, 0x00, 0x00, 0x00, 0x00, 0x00, 0x00, 0x00, 0x00, 0x00, 0x00, 0x00, 0x00, 0x00, /* ................ */
    0x69, 0x18, 0x06, 0x00, 0x8a, 0x18, 0x06, 0x00, 0x47, 0x1a, 0x06, 0x00, 0x1e, 0x1a, 0x06, 0x00, /* i.......G....... */
    0xf5, 0x19, 0x06, 0x00, 0xcc, 0x19, 0x06, 0x00, 0xa3, 0x19, 0x06, 0x00, 0x7a, 0x19, 0x06, 0x00, /* ............z... */
    0x51, 0x19, 0x06, 0x00, 0x28, 0x19, 0x06, 0x00, 0xff, 0x18, 0x06, 0x00, 0xd6, 0x18, 0x06, 0x00, /* Q...(........... */
    0xb0, 0x18, 0x06, 0x00, 0x00, 0x00, 0x00, 0x00, 0x00, 0x00, 0x00, 0x00, 0x00, 0x00, 0x00, 0x00, /* ................ */
    0xff, 0xff, 0xff, 0x7f, 0x00, 0x00, 0x00, 0x00, 0x00, 0x00, 0x00, 0x00, 0x00, 0x00, 0x00, 0x00, /* ................ */
    0xff, 0xff, 0xff, 0x7f, 0x00, 0x00, 0x00, 0x00, 0x00, 0x00, 0x00, 0x00, 0x00, 0x00, 0x00, 0x00, /* ................ */
    0x00, 0x00, 0x00, 0x80, 0x00, 0x00, 0x00, 0x00, 0x00, 0x00, 0x00, 0x00, 0x00, 0x00, 0x00, 0x00, /* ................ */
    0xff, 0xff, 0xff, 0x7f, 0x00, 0x00, 0x00, 0x00, 0x00, 0x00, 0x00, 0x00, 0x00, 0x00, 0x00, 0x00, /* ................ */
    0xff, 0xff, 0xff, 0x7f, 0x00, 0x00, 0x00, 0x00, 0x00, 0x00, 0x00, 0x00, 0x00, 0x00, 0x00, 0x00, /* ................ */
    0x00, 0x00, 0x00, 0x80, 0x00, 0x00, 0x00, 0x00, 0x00, 0x00, 0x00, 0x00, 0x00, 0x00, 0x00, 0x00, /* ................ */
    0x00, 0x00, 0x00, 0x80, 0x00, 0x00, 0x00, 0x00, 0x00, 0x00, 0x00, 0x00, 0x00, 0x00, 0x00, 0x00, /* ................ */
    0xff, 0xff, 0xff, 0x7f, 0x00, 0x00, 0x00, 0x00, 0x00, 0x00, 0x00, 0x00, 0x00, 0x00, 0x00, 0x00, /* ................ */
    0x00, 0x00, 0x00, 0x80, 0x00, 0x00, 0x00, 0x00, 0x00, 0x00, 0x00, 0x00, 0x00, 0x00, 0x00, 0x00, /* ................ */
    0x00, 0x00, 0x00, 0x80, 0x00, 0x00, 0x00, 0x00, 0x00, 0x00, 0x00, 0x00, 0x00, 0x00, 0x00, 0x00, /* ................ */
    0x00, 0x00, 0x00, 0x80, 0x00, 0x00, 0x00, 0x00, 0x00, 0x00, 0x00, 0x00, 0x00, 0x00, 0x00, 0x00, /* ................ */
    0xff, 0xff, 0xff, 0x7f, 0x00, 0x00, 0x00, 0x00, 0x00, 0x00, 0x00, 0x00, 0x00, 0x00, 0x00, 0x00, /* ................ */
    0xff, 0xff, 0xff, 0x7f, 0x00, 0x00, 0x00, 0x00, 0x00, 0x00, 0x00, 0x00, 0x00, 0x00, 0x00, 0x00, /* ................ */
    0x00, 0x00, 0x00, 0x80, 0x00, 0x00, 0x00, 0x00, 0x00, 0x00, 0x00, 0x00, 0x00, 0x00, 0x00, 0x00, /* ................ */
    0xff, 0xff, 0xff, 0x7f, 0x00, 0x00, 0x00, 0x00, 0x00, 0x00, 0x00, 0x00, 0x00, 0x00, 0x00, 0x00, /* ................ */
    0x00, 0x00, 0x00, 0x80, 0x00, 0x00, 0x00, 0x00, 0x00, 0x00, 0x00, 0x00, 0x00, 0x00, 0x00, 0x00, /* ................ */
    0x00, 0x00, 0x00, 0x80, 0x00, 0x00, 0x00, 0x00, 0x00, 0x00, 0x00, 0x00, 0x00, 0x00, 0x00, 0x00, /* ................ */
    0x00, 0x00, 0x00, 0x80, 0x00, 0x00, 0x00, 0x00, 0x00, 0x00, 0x00, 0x00, 0x00, 0x00, 0x00, 0x00, /* ................ */
    0xff, 0xff, 0xff, 0x7f, 0x00, 0x00, 0x00, 0x00, 0x00, 0x00, 0x00, 0x00, 0x00, 0x00, 0x00, 0x00, /* ................ */
    0x00, 0x00, 0x00, 0x80, 0x00, 0x00, 0x00, 0x00, 0x00, 0x00, 0x00, 0x00, 0x00, 0x00, 0x00, 0x00, /* ................ */
    0xff, 0xff, 0xff, 0x7f, 0x00, 0x00, 0x00, 0x00, 0x00, 0x00, 0x00, 0x00, 0x00, 0x00, 0x00, 0x00, /* ................ */
    0x00, 0x00, 0x00, 0x80, 0x00, 0x00, 0x00, 0x00, 0x00, 0x00, 0x00, 0x00, 0x00, 0x00, 0x00, 0x00, /* ................ */
    0x00, 0x00, 0x00, 0x80, 0x00, 0x00, 0x00, 0x00, 0x00, 0x00, 0x00, 0x00, 0x00, 0x00, 0x00, 0x00, /* ................ */
    0xff, 0xff, 0xff, 0x7f, 0x00, 0x00, 0x00, 0x00, 0x00, 0x00, 0x00, 0x00, 0x00, 0x00, 0x00, 0x00, /* ................ */
    0x00, 0x00, 0x00, 0x80, 0x00, 0x00, 0x00, 0x00, 0x00, 0x00, 0x00, 0x00, 0x00, 0x00, 0x00, 0x00, /* ................ */
    0x00, 0x00, 0x00, 0x00, 0x00, 0x00, 0x00, 0x00, 0x00, 0x00, 0x00, 0x00, 0x00, 0x00, 0x00, 0x00 /* ................ */
};

/* 0x002f0660 */
const unsigned char singleClientEvents[160] = {
    0x8c, 0x00, 0x00, 0x00, 0x8d, 0x00, 0x00, 0x00, 0x8e, 0x00, 0x00, 0x00, 0x8f, 0x00, 0x00, 0x00, /* ................ */
    0xb9, 0x00, 0x00, 0x00, 0xba, 0x00, 0x00, 0x00, 0xff, 0xff, 0xff, 0xff, 0x00, 0x00, 0x00, 0x00, /* ................ */
    0x00, 0x00, 0x00, 0x80, 0x00, 0x00, 0x00, 0x00, 0x00, 0x00, 0x00, 0x00, 0x00, 0x00, 0x00, 0x00, /* ................ */
    0x39, 0xaa, 0x06, 0x00, 0x39, 0xaa, 0x06, 0x00, 0x54, 0xaa, 0x06, 0x00, 0x4a, 0xaa, 0x06, 0x00, /* 9...9...T...J... */
    0xbb, 0xaa, 0x06, 0x00, 0x8a, 0xaa, 0x06, 0x00, 0x0d, 0xaa, 0x06, 0x00, 0x6a, 0xaa, 0x06, 0x00, /* ............j... */
    0x29, 0xaa, 0x06, 0x00, 0x00, 0x00, 0x00, 0x00, 0x00, 0x00, 0x00, 0x00, 0x00, 0x00, 0x00, 0x00, /* )............... */
    0x00, 0x00, 0x00, 0x80, 0x00, 0x00, 0x00, 0x00, 0x00, 0x00, 0x00, 0x00, 0x00, 0x00, 0x00, 0x00, /* ................ */
    0xf9, 0xbb, 0x06, 0x00, 0xf9, 0xbb, 0x06, 0x00, 0x07, 0xba, 0x06, 0x00, 0xab, 0xbc, 0x06, 0x00, /* ................ */
    0x74, 0xbc, 0x06, 0x00, 0x12, 0xbc, 0x06, 0x00, 0xf9, 0xbb, 0x06, 0x00, 0x38, 0xbb, 0x06, 0x00, /* t...........8... */
    0x56, 0xba, 0x06, 0x00, 0x00, 0x00, 0x00, 0x00, 0x00, 0x00, 0x00, 0x00, 0x00, 0x00, 0x00, 0x00 /* V............... */
};

/* 0x002f0700 */
const unsigned char CorrectSolidDeltas[6944] = {
    0x00, 0x00, 0x00, 0x00, 0x00, 0x00, 0x00, 0x00, 0x00, 0x00, 0x80, 0x3f, 0x00, 0x00, 0x80, 0xbf, /* ...........?.... */
    0x00, 0x00, 0x00, 0x00, 0x00, 0x00, 0x80, 0x3f, 0x00, 0x00, 0x00, 0x00, 0x00, 0x00, 0x80, 0xbf, /* .......?........ */
    0x00, 0x00, 0x80, 0x3f, 0x00, 0x00, 0x80, 0x3f, 0x00, 0x00, 0x00, 0x00, 0x00, 0x00, 0x80, 0x3f, /* ...?...?.......? */
    0x00, 0x00, 0x00, 0x00, 0x00, 0x00, 0x80, 0x3f, 0x00, 0x00, 0x80, 0x3f, 0x00, 0x00, 0x80, 0xbf, /* .......?...?.... */
    0x00, 0x00, 0x00, 0x00, 0x00, 0x00, 0x00, 0x00, 0x00, 0x00, 0x00, 0x00, 0x00, 0x00, 0x80, 0xbf, /* ................ */
    0x00, 0x00, 0x00, 0x00, 0x00, 0x00, 0x80, 0x3f, 0x00, 0x00, 0x00, 0x00, 0x00, 0x00, 0x00, 0x00, /* .......?........ */
    0x00, 0x00, 0x00, 0x00, 0x00, 0x00, 0x80, 0x3f, 0x00, 0x00, 0x00, 0x00, 0x00, 0x00, 0x00, 0x00, /* .......?........ */
    0x00, 0x00, 0x00, 0x00, 0x00, 0x00, 0x80, 0xbf, 0x00, 0x00, 0x80, 0xbf, 0x00, 0x00, 0x00, 0x00, /* ................ */
    0x00, 0x00, 0x80, 0xbf, 0x00, 0x00, 0x00, 0x00, 0x00, 0x00, 0x80, 0xbf, 0x00, 0x00, 0x80, 0xbf, /* ................ */
    0x00, 0x00, 0x80, 0x3f, 0x00, 0x00, 0x00, 0x00, 0x00, 0x00, 0x80, 0xbf, 0x00, 0x00, 0x00, 0x00, /* ...?............ */
    0x00, 0x00, 0x80, 0x3f, 0x00, 0x00, 0x80, 0xbf, 0x00, 0x00, 0x80, 0xbf, 0x00, 0x00, 0x80, 0xbf, /* ...?............ */
    0x00, 0x00, 0x80, 0x3f, 0x00, 0x00, 0x80, 0x3f, 0x00, 0x00, 0x80, 0xbf, 0x00, 0x00, 0x80, 0x3f, /* ...?...?.......? */
    0x00, 0x00, 0x80, 0x3f, 0x00, 0x00, 0x80, 0x3f, 0x00, 0x00, 0x80, 0x3f, 0x00, 0x00, 0x80, 0xbf, /* ...?...?...?.... */
    0x00, 0x00, 0x80, 0x3f, 0x00, 0x00, 0x80, 0x3f, 0x00, 0x00, 0x80, 0xbf, 0x00, 0x00, 0x80, 0xbf, /* ...?...?........ */
    0x00, 0x00, 0x00, 0x00, 0x00, 0x00, 0x80, 0x3f, 0x00, 0x00, 0x80, 0xbf, 0x00, 0x00, 0x00, 0x00, /* .......?........ */
    0x00, 0x00, 0x80, 0x3f, 0x00, 0x00, 0x80, 0x3f, 0x00, 0x00, 0x00, 0x00, 0x00, 0x00, 0x80, 0xbf, /* ...?...?........ */
    0x00, 0x00, 0x80, 0x3f, 0x00, 0x00, 0x00, 0x00, 0x00, 0x00, 0x80, 0xbf, 0x00, 0x00, 0x80, 0xbf, /* ...?............ */
    0x00, 0x00, 0x80, 0xbf, 0x00, 0x00, 0x80, 0x3f, 0x00, 0x00, 0x80, 0xbf, 0x00, 0x00, 0x80, 0xbf, /* .......?........ */
    0x00, 0x00, 0x80, 0x3f, 0x00, 0x00, 0x80, 0x3f, 0x00, 0x00, 0x80, 0xbf, 0x00, 0x00, 0x80, 0xbf, /* ...?...?........ */
    0x00, 0x00, 0x80, 0x3f, 0x00, 0x00, 0x80, 0xbf, 0x00, 0x00, 0x00, 0x00, 0x00, 0x00, 0x00, 0x00, /* ...?............ */
    0x00, 0x00, 0x00, 0x80, 0x00, 0x00, 0x00, 0x00, 0x00, 0x00, 0x00, 0x00, 0x00, 0x00, 0x00, 0x00, /* ................ */
    0xff, 0xff, 0xff, 0x7f, 0x00, 0x00, 0x00, 0x00, 0x00, 0x00, 0x00, 0x00, 0x00, 0x00, 0x00, 0x00, /* ................ */
    0xff, 0xff, 0xff, 0x7f, 0x00, 0x00, 0x00, 0x00, 0x00, 0x00, 0x00, 0x00, 0x00, 0x00, 0x00, 0x00, /* ................ */
    0x00, 0x00, 0x00, 0x80, 0x00, 0x00, 0x00, 0x00, 0x00, 0x00, 0x00, 0x00, 0x00, 0x00, 0x00, 0x00, /* ................ */
    0x00, 0x00, 0x00, 0x80, 0x00, 0x00, 0x00, 0x00, 0x00, 0x00, 0x00, 0x00, 0x00, 0x00, 0x00, 0x00, /* ................ */
    0xff, 0xff, 0xff, 0x7f, 0x00, 0x00, 0x00, 0x00, 0x00, 0x00, 0x00, 0x00, 0x00, 0x00, 0x00, 0x00, /* ................ */
    0x00, 0x00, 0x00, 0x80, 0x00, 0x00, 0x00, 0x00, 0x00, 0x00, 0x00, 0x00, 0x00, 0x00, 0x00, 0x00, /* ................ */
    0xff, 0xff, 0xff, 0x7f, 0x00, 0x00, 0x00, 0x00, 0x00, 0x00, 0x00, 0x00, 0x00, 0x00, 0x00, 0x00, /* ................ */
    0xff, 0xff, 0xff, 0x7f, 0x00, 0x00, 0x00, 0x00, 0x00, 0x00, 0x00, 0x00, 0x00, 0x00, 0x00, 0x00, /* ................ */
    0xff, 0xff, 0xff, 0x7f, 0x00, 0x00, 0x00, 0x00, 0x00, 0x00, 0x00, 0x00, 0x00, 0x00, 0x00, 0x00, /* ................ */
    0x00, 0x00, 0x00, 0x80, 0x00, 0x00, 0x00, 0x00, 0x00, 0x00, 0x00, 0x00, 0x00, 0x00, 0x00, 0x00, /* ................ */
    0x00, 0x00, 0x00, 0x80, 0x00, 0x00, 0x00, 0x00, 0x00, 0x00, 0x00, 0x00, 0x00, 0x00, 0x00, 0x00, /* ................ */
    0xff, 0xff, 0xff, 0x7f, 0x00, 0x00, 0x00, 0x00, 0x00, 0x00, 0x00, 0x00, 0x00, 0x00, 0x00, 0x00, /* ................ */
    0xff, 0xff, 0xff, 0x7f, 0x00, 0x00, 0x00, 0x00, 0x00, 0x00, 0x00, 0x00, 0x00, 0x00, 0x00, 0x00, /* ................ */
    0x00, 0x00, 0x00, 0x80, 0x00, 0x00, 0x00, 0x00, 0x00, 0x00, 0x00, 0x00, 0x00, 0x00, 0x00, 0x00, /* ................ */
    0xff, 0xff, 0xff, 0x7f, 0x00, 0x00, 0x00, 0x00, 0x00, 0x00, 0x00, 0x00, 0x00, 0x00, 0x00, 0x00, /* ................ */
    0x00, 0x00, 0x00, 0x80, 0x00, 0x00, 0x00, 0x00, 0x00, 0x00, 0x00, 0x00, 0x00, 0x00, 0x00, 0x00, /* ................ */
    0x34, 0x17, 0x07, 0x00, 0x57, 0x1a, 0x07, 0x00, 0x4d, 0x1b, 0x07, 0x00, 0x3b, 0x1e, 0x07, 0x00, /* 4...W...M...;... */
    0x24, 0x21, 0x07, 0x00, 0x17, 0x1a, 0x07, 0x00, 0x34, 0x17, 0x07, 0x00, 0x57, 0x1a, 0x07, 0x00, /* $!......4...W... */
    0x00, 0x00, 0x00, 0x00, 0x00, 0x00, 0x00, 0x00, 0x00, 0x00, 0x00, 0x00, 0x00, 0x00, 0x00, 0x00, /* ................ */
    0x00, 0x00, 0x00, 0x80, 0x00, 0x00, 0x00, 0x00, 0x00, 0x00, 0x00, 0x00, 0x00, 0x00, 0x00, 0x00, /* ................ */
    0x00, 0x00, 0x00, 0x80, 0x00, 0x00, 0x00, 0x00, 0x00, 0x00, 0x00, 0x00, 0x00, 0x00, 0x00, 0x00, /* ................ */
    0xff, 0xff, 0xff, 0x7f, 0x00, 0x00, 0x00, 0x00, 0x00, 0x00, 0x00, 0x00, 0x00, 0x00, 0x00, 0x00, /* ................ */
    0x00, 0x00, 0x00, 0x00, 0x00, 0x00, 0x00, 0x00, 0x00, 0x00, 0x00, 0x00, 0x00, 0x00, 0x00, 0x00, /* ................ */
    0xff, 0xff, 0xff, 0x7f, 0x00, 0x00, 0x00, 0x00, 0x00, 0x00, 0x00, 0x00, 0x00, 0x00, 0x00, 0x00, /* ................ */
    0xff, 0xff, 0xff, 0x7f, 0x00, 0x00, 0x00, 0x00, 0x00, 0x00, 0x00, 0x00, 0x00, 0x00, 0x00, 0x00, /* ................ */
    0x00, 0x00, 0x00, 0x80, 0x00, 0x00, 0x00, 0x00, 0x00, 0x00, 0x00, 0x00, 0x00, 0x00, 0x00, 0x00, /* ................ */
    0x00, 0x00, 0x00, 0x80, 0x00, 0x00, 0x00, 0x00, 0x00, 0x00, 0x00, 0x00, 0x00, 0x00, 0x00, 0x00, /* ................ */
    0x00, 0x00, 0x00, 0x80, 0x00, 0x00, 0x00, 0x00, 0x00, 0x00, 0x00, 0x00, 0x00, 0x00, 0x00, 0x00, /* ................ */
    0xe9, 0xdb, 0x07, 0x00, 0xa9, 0xdb, 0x07, 0x00, 0xba, 0xdf, 0x07, 0x00, 0xe9, 0xdb, 0x07, 0x00, /* ................ */
    0xe9, 0xdb, 0x07, 0x00, 0x7e, 0xe0, 0x07, 0x00, 0x7e, 0xe0, 0x07, 0x00, 0x2c, 0xe1, 0x07, 0x00, /* ....~...~...,... */
    0x2c, 0xe1, 0x07, 0x00, 0xa9, 0xdb, 0x07, 0x00, 0xab, 0xdd, 0x07, 0x00, 0xf5, 0xdd, 0x07, 0x00, /* ,............... */
    0x25, 0xde, 0x07, 0x00, 0x92, 0xde, 0x07, 0x00, 0x2d, 0xdc, 0x07, 0x00, 0x2a, 0xdd, 0x07, 0x00, /* %.......-...*... */
    0x83, 0xdb, 0x07, 0x00, 0x5e, 0xdd, 0x07, 0x00, 0xcb, 0xde, 0x07, 0x00, 0x57, 0xdf, 0x07, 0x00, /* ....^.......W... */
    0x61, 0xd3, 0x07, 0x00, 0x74, 0xdf, 0x07, 0x00, 0x83, 0xdb, 0x07, 0x00, 0x00, 0x00, 0x00, 0x00, /* a...t........... */
    0x00, 0x00, 0x00, 0x80, 0x00, 0x00, 0x00, 0x00, 0x00, 0x00, 0x00, 0x00, 0x00, 0x00, 0x00, 0x00, /* ................ */
    0x00, 0x00, 0x00, 0x80, 0x00, 0x00, 0x00, 0x00, 0x00, 0x00, 0x00, 0x00, 0x00, 0x00, 0x00, 0x00, /* ................ */
    0x00, 0x00, 0x00, 0x00, 0x00, 0x00, 0x00, 0x00, 0x00, 0x00, 0x00, 0x00, 0x00, 0x00, 0x00, 0x00, /* ................ */
    0x8c, 0x21, 0x08, 0x00, 0x8c, 0x21, 0x08, 0x00, 0x8c, 0x21, 0x08, 0x00, 0x8c, 0x21, 0x08, 0x00, /* .!...!...!...!.. */
    0x87, 0x21, 0x08, 0x00, 0x87, 0x21, 0x08, 0x00, 0x7d, 0x21, 0x08, 0x00, 0x7d, 0x21, 0x08, 0x00, /* .!...!..}!..}!.. */
    0x78, 0x21, 0x08, 0x00, 0x78, 0x21, 0x08, 0x00, 0x7d, 0x21, 0x08, 0x00, 0x7d, 0x21, 0x08, 0x00, /* x!..x!..}!..}!.. */
    0x99, 0x21, 0x08, 0x00, 0x8c, 0x21, 0x08, 0x00, 0x8c, 0x21, 0x08, 0x00, 0x8c, 0x21, 0x08, 0x00, /* .!...!...!...!.. */
    0x8c, 0x21, 0x08, 0x00, 0x8c, 0x21, 0x08, 0x00, 0x8c, 0x21, 0x08, 0x00, 0x78, 0x21, 0x08, 0x00, /* .!...!...!..x!.. */
    0x8c, 0x21, 0x08, 0x00, 0x78, 0x21, 0x08, 0x00, 0x7d, 0x21, 0x08, 0x00, 0x87, 0x21, 0x08, 0x00, /* .!..x!..}!...!.. */
    0x8c, 0x21, 0x08, 0x00, 0x8c, 0x21, 0x08, 0x00, 0x8c, 0x21, 0x08, 0x00, 0x8c, 0x21, 0x08, 0x00, /* .!...!...!...!.. */
    0x8c, 0x21, 0x08, 0x00, 0x8c, 0x21, 0x08, 0x00, 0x87, 0x21, 0x08, 0x00, 0x87, 0x21, 0x08, 0x00, /* .!...!...!...!.. */
    0x8c, 0x21, 0x08, 0x00, 0x8c, 0x21, 0x08, 0x00, 0x87, 0x21, 0x08, 0x00, 0x8c, 0x21, 0x08, 0x00, /* .!...!...!...!.. */
    0x8c, 0x21, 0x08, 0x00, 0x8c, 0x21, 0x08, 0x00, 0x8c, 0x21, 0x08, 0x00, 0x7d, 0x21, 0x08, 0x00, /* .!...!...!..}!.. */
    0x7d, 0x21, 0x08, 0x00, 0x7d, 0x21, 0x08, 0x00, 0x7d, 0x21, 0x08, 0x00, 0x7d, 0x21, 0x08, 0x00, /* }!..}!..}!..}!.. */
    0x7d, 0x21, 0x08, 0x00, 0x7d, 0x21, 0x08, 0x00, 0x7d, 0x21, 0x08, 0x00, 0x7d, 0x21, 0x08, 0x00, /* }!..}!..}!..}!.. */
    0x7d, 0x21, 0x08, 0x00, 0x8c, 0x21, 0x08, 0x00, 0x87, 0x21, 0x08, 0x00, 0x87, 0x21, 0x08, 0x00, /* }!...!...!...!.. */
    0x8c, 0x21, 0x08, 0x00, 0x8c, 0x21, 0x08, 0x00, 0x8c, 0x21, 0x08, 0x00, 0x87, 0x21, 0x08, 0x00, /* .!...!...!...!.. */
    0x7d, 0x21, 0x08, 0x00, 0x8c, 0x21, 0x08, 0x00, 0x7d, 0x21, 0x08, 0x00, 0x7d, 0x21, 0x08, 0x00, /* }!...!..}!..}!.. */
    0x8c, 0x21, 0x08, 0x00, 0x87, 0x21, 0x08, 0x00, 0x7d, 0x21, 0x08, 0x00, 0x7d, 0x21, 0x08, 0x00, /* .!...!..}!..}!.. */
    0x7d, 0x21, 0x08, 0x00, 0x7d, 0x21, 0x08, 0x00, 0x7d, 0x21, 0x08, 0x00, 0x7d, 0x21, 0x08, 0x00, /* }!..}!..}!..}!.. */
    0x82, 0x21, 0x08, 0x00, 0x7d, 0x21, 0x08, 0x00, 0x7d, 0x21, 0x08, 0x00, 0x7d, 0x21, 0x08, 0x00, /* .!..}!..}!..}!.. */
    0x7d, 0x21, 0x08, 0x00, 0x7d, 0x21, 0x08, 0x00, 0x7d, 0x21, 0x08, 0x00, 0x82, 0x21, 0x08, 0x00, /* }!..}!..}!...!.. */
    0x8c, 0x21, 0x08, 0x00, 0x8c, 0x21, 0x08, 0x00, 0x8c, 0x21, 0x08, 0x00, 0x78, 0x21, 0x08, 0x00, /* .!...!...!..x!.. */
    0x78, 0x21, 0x08, 0x00, 0x8c, 0x21, 0x08, 0x00, 0x78, 0x21, 0x08, 0x00, 0x8c, 0x21, 0x08, 0x00, /* x!...!..x!...!.. */
    0x9e, 0x21, 0x08, 0x00, 0x78, 0x21, 0x08, 0x00, 0x9e, 0x21, 0x08, 0x00, 0x78, 0x21, 0x08, 0x00, /* .!..x!...!..x!.. */
    0x8c, 0x21, 0x08, 0x00, 0x8c, 0x21, 0x08, 0x00, 0x87, 0x21, 0x08, 0x00, 0x8c, 0x21, 0x08, 0x00, /* .!...!...!...!.. */
    0x8c, 0x21, 0x08, 0x00, 0x8c, 0x21, 0x08, 0x00, 0x7d, 0x21, 0x08, 0x00, 0x7d, 0x21, 0x08, 0x00, /* .!...!..}!..}!.. */
    0x7d, 0x21, 0x08, 0x00, 0x7d, 0x21, 0x08, 0x00, 0x78, 0x21, 0x08, 0x00, 0x7d, 0x21, 0x08, 0x00, /* }!..}!..x!..}!.. */
    0x8c, 0x21, 0x08, 0x00, 0x8c, 0x21, 0x08, 0x00, 0x8c, 0x21, 0x08, 0x00, 0x8c, 0x21, 0x08, 0x00, /* .!...!...!...!.. */
    0x8c, 0x21, 0x08, 0x00, 0x8c, 0x21, 0x08, 0x00, 0x8c, 0x21, 0x08, 0x00, 0x8c, 0x21, 0x08, 0x00, /* .!...!...!...!.. */
    0x8c, 0x21, 0x08, 0x00, 0x8c, 0x21, 0x08, 0x00, 0x8c, 0x21, 0x08, 0x00, 0x8c, 0x21, 0x08, 0x00, /* .!...!...!...!.. */
    0x8c, 0x21, 0x08, 0x00, 0x8c, 0x21, 0x08, 0x00, 0x8c, 0x21, 0x08, 0x00, 0x8c, 0x21, 0x08, 0x00, /* .!...!...!...!.. */
    0x8c, 0x21, 0x08, 0x00, 0x8c, 0x21, 0x08, 0x00, 0x8c, 0x21, 0x08, 0x00, 0x8c, 0x21, 0x08, 0x00, /* .!...!...!...!.. */
    0x8c, 0x21, 0x08, 0x00, 0x8c, 0x21, 0x08, 0x00, 0x8c, 0x21, 0x08, 0x00, 0x8c, 0x21, 0x08, 0x00, /* .!...!...!...!.. */
    0x78, 0x21, 0x08, 0x00, 0x90, 0x21, 0x08, 0x00, 0x8c, 0x21, 0x08, 0x00, 0x76, 0x21, 0x08, 0x00, /* x!...!...!..v!.. */
    0x76, 0x21, 0x08, 0x00, 0x76, 0x21, 0x08, 0x00, 0x76, 0x21, 0x08, 0x00, 0x76, 0x21, 0x08, 0x00, /* v!..v!..v!..v!.. */
    0x76, 0x21, 0x08, 0x00, 0x87, 0x21, 0x08, 0x00, 0x87, 0x21, 0x08, 0x00, 0xae, 0x23, 0x08, 0x00, /* v!...!...!...#.. */
    0xae, 0x23, 0x08, 0x00, 0xd8, 0x21, 0x08, 0x00, 0xd8, 0x21, 0x08, 0x00, 0xbe, 0x23, 0x08, 0x00, /* .#...!...!...#.. */
    0xbe, 0x23, 0x08, 0x00, 0x1d, 0x22, 0x08, 0x00, 0x1d, 0x22, 0x08, 0x00, 0x07, 0x23, 0x08, 0x00, /* .#..."..."...#.. */
    0x07, 0x23, 0x08, 0x00, 0x1d, 0x22, 0x08, 0x00, 0x1d, 0x22, 0x08, 0x00, 0x86, 0x23, 0x08, 0x00, /* .#..."..."...#.. */
    0xd8, 0x21, 0x08, 0x00, 0xd8, 0x21, 0x08, 0x00, 0xd8, 0x21, 0x08, 0x00, 0xd8, 0x21, 0x08, 0x00, /* .!...!...!...!.. */
    0xd8, 0x21, 0x08, 0x00, 0xd8, 0x21, 0x08, 0x00, 0x07, 0x23, 0x08, 0x00, 0xd8, 0x21, 0x08, 0x00, /* .!...!...#...!.. */
    0x07, 0x23, 0x08, 0x00, 0x1d, 0x22, 0x08, 0x00, 0xbe, 0x23, 0x08, 0x00, 0xd8, 0x21, 0x08, 0x00, /* .#..."...#...!.. */
    0xd8, 0x21, 0x08, 0x00, 0xd8, 0x21, 0x08, 0x00, 0xd8, 0x21, 0x08, 0x00, 0xd8, 0x21, 0x08, 0x00, /* .!...!...!...!.. */
    0xd8, 0x21, 0x08, 0x00, 0xbe, 0x23, 0x08, 0x00, 0xbe, 0x23, 0x08, 0x00, 0xd8, 0x21, 0x08, 0x00, /* .!...#...#...!.. */
    0xd8, 0x21, 0x08, 0x00, 0xbe, 0x23, 0x08, 0x00, 0xd8, 0x21, 0x08, 0x00, 0xd8, 0x21, 0x08, 0x00, /* .!...#...!...!.. */
    0xd8, 0x21, 0x08, 0x00, 0xd8, 0x21, 0x08, 0x00, 0x1d, 0x22, 0x08, 0x00, 0x1d, 0x22, 0x08, 0x00, /* .!...!..."...".. */
    0x1d, 0x22, 0x08, 0x00, 0x1d, 0x22, 0x08, 0x00, 0x1d, 0x22, 0x08, 0x00, 0x1d, 0x22, 0x08, 0x00, /* ."..."..."...".. */
    0x1d, 0x22, 0x08, 0x00, 0x1d, 0x22, 0x08, 0x00, 0x1d, 0x22, 0x08, 0x00, 0x1d, 0x22, 0x08, 0x00, /* ."..."..."...".. */
    0xd8, 0x21, 0x08, 0x00, 0xbe, 0x23, 0x08, 0x00, 0xbe, 0x23, 0x08, 0x00, 0xd8, 0x21, 0x08, 0x00, /* .!...#...#...!.. */
    0xd8, 0x21, 0x08, 0x00, 0xd8, 0x21, 0x08, 0x00, 0xbe, 0x23, 0x08, 0x00, 0x1d, 0x22, 0x08, 0x00, /* .!...!...#...".. */
    0xd8, 0x21, 0x08, 0x00, 0x1d, 0x22, 0x08, 0x00, 0x1d, 0x22, 0x08, 0x00, 0xd8, 0x21, 0x08, 0x00, /* .!..."..."...!.. */
    0xbe, 0x23, 0x08, 0x00, 0x1d, 0x22, 0x08, 0x00, 0x1d, 0x22, 0x08, 0x00, 0x1d, 0x22, 0x08, 0x00, /* .#..."..."...".. */
    0x1d, 0x22, 0x08, 0x00, 0x1d, 0x22, 0x08, 0x00, 0x1d, 0x22, 0x08, 0x00, 0x78, 0x23, 0x08, 0x00, /* ."..."..."..x#.. */
    0x1d, 0x22, 0x08, 0x00, 0x1d, 0x22, 0x08, 0x00, 0x1d, 0x22, 0x08, 0x00, 0x1d, 0x22, 0x08, 0x00, /* ."..."..."...".. */
    0x1d, 0x22, 0x08, 0x00, 0x1d, 0x22, 0x08, 0x00, 0x78, 0x23, 0x08, 0x00, 0xd8, 0x21, 0x08, 0x00, /* ."..."..x#...!.. */
    0xd8, 0x21, 0x08, 0x00, 0xd8, 0x21, 0x08, 0x00, 0x07, 0x23, 0x08, 0x00, 0x07, 0x23, 0x08, 0x00, /* .!...!...#...#.. */
    0xd8, 0x21, 0x08, 0x00, 0x07, 0x23, 0x08, 0x00, 0xd8, 0x21, 0x08, 0x00, 0xa0, 0x23, 0x08, 0x00, /* .!...#...!...#.. */
    0x07, 0x23, 0x08, 0x00, 0xa0, 0x23, 0x08, 0x00, 0x07, 0x23, 0x08, 0x00, 0xd8, 0x21, 0x08, 0x00, /* .#...#...#...!.. */
    0xd8, 0x21, 0x08, 0x00, 0xbe, 0x23, 0x08, 0x00, 0xd8, 0x21, 0x08, 0x00, 0xd8, 0x21, 0x08, 0x00, /* .!...#...!...!.. */
    0xd8, 0x21, 0x08, 0x00, 0x24, 0x23, 0x08, 0x00, 0x79, 0x22, 0x08, 0x00, 0x24, 0x23, 0x08, 0x00, /* .!..$#..y"..$#.. */
    0x79, 0x22, 0x08, 0x00, 0xcd, 0x22, 0x08, 0x00, 0x15, 0x23, 0x08, 0x00, 0xd8, 0x21, 0x08, 0x00, /* y"..."...#...!.. */
    0xd8, 0x21, 0x08, 0x00, 0xd8, 0x21, 0x08, 0x00, 0xd8, 0x21, 0x08, 0x00, 0xd8, 0x21, 0x08, 0x00, /* .!...!...!...!.. */
    0xd8, 0x21, 0x08, 0x00, 0xd8, 0x21, 0x08, 0x00, 0xd8, 0x21, 0x08, 0x00, 0xd8, 0x21, 0x08, 0x00, /* .!...!...!...!.. */
    0xd8, 0x21, 0x08, 0x00, 0xd8, 0x21, 0x08, 0x00, 0xd8, 0x21, 0x08, 0x00, 0xd8, 0x21, 0x08, 0x00, /* .!...!...!...!.. */
    0xd8, 0x21, 0x08, 0x00, 0xd8, 0x21, 0x08, 0x00, 0xd8, 0x21, 0x08, 0x00, 0xd8, 0x21, 0x08, 0x00, /* .!...!...!...!.. */
    0xd8, 0x21, 0x08, 0x00, 0xd8, 0x21, 0x08, 0x00, 0xbe, 0x23, 0x08, 0x00, 0xd8, 0x21, 0x08, 0x00, /* .!...!...#...!.. */
    0xd8, 0x21, 0x08, 0x00, 0xd8, 0x21, 0x08, 0x00, 0xd8, 0x21, 0x08, 0x00, 0xd8, 0x22, 0x08, 0x00, /* .!...!...!...".. */
    0x94, 0x23, 0x08, 0x00, 0xd8, 0x21, 0x08, 0x00, 0xd8, 0x21, 0x08, 0x00, 0xd8, 0x21, 0x08, 0x00, /* .#...!...!...!.. */
    0xa0, 0x23, 0x08, 0x00, 0x1d, 0x22, 0x08, 0x00, 0x1d, 0x22, 0x08, 0x00, 0x1d, 0x22, 0x08, 0x00, /* .#..."..."...".. */
    0xbe, 0x23, 0x08, 0x00, 0xbe, 0x23, 0x08, 0x00, 0x31, 0x22, 0x08, 0x00, 0x31, 0x22, 0x08, 0x00, /* .#...#..1"..1".. */
    0x44, 0x22, 0x08, 0x00, 0x28, 0x22, 0x08, 0x00, 0x68, 0x22, 0x08, 0x00, 0x31, 0x22, 0x08, 0x00, /* D"..("..h"..1".. */
    0x44, 0x22, 0x08, 0x00, 0x28, 0x22, 0x08, 0x00, 0x68, 0x22, 0x08, 0x00, 0x68, 0x56, 0x08, 0x00, /* D"..("..h"..hV.. */
    0xd4, 0x55, 0x08, 0x00, 0x2e, 0x45, 0x08, 0x00, 0x54, 0x55, 0x08, 0x00, 0xba, 0x4f, 0x08, 0x00, /* .U...E..TU...O.. */
    0x85, 0x50, 0x08, 0x00, 0xe1, 0x4f, 0x08, 0x00, 0x0a, 0x50, 0x08, 0x00, 0x35, 0x50, 0x08, 0x00, /* .P...O...P..5P.. */
    0x5d, 0x50, 0x08, 0x00, 0xae, 0x50, 0x08, 0x00, 0xe4, 0x50, 0x08, 0x00, 0xf6, 0x50, 0x08, 0x00, /* ]P...P...P...P.. */
    0x1c, 0x51, 0x08, 0x00, 0x2f, 0x51, 0x08, 0x00, 0x42, 0x51, 0x08, 0x00, 0x77, 0x51, 0x08, 0x00, /* .Q../Q..BQ..wQ.. */
    0xa8, 0x51, 0x08, 0x00, 0xbe, 0x51, 0x08, 0x00, 0xef, 0x51, 0x08, 0x00, 0x04, 0x52, 0x08, 0x00, /* .Q...Q...Q...R.. */
    0x17, 0x52, 0x08, 0x00, 0x2c, 0x52, 0x08, 0x00, 0x64, 0x52, 0x08, 0x00, 0xa7, 0x52, 0x08, 0x00, /* .R..,R..dR...R.. */
    0xbc, 0x52, 0x08, 0x00, 0x41, 0x54, 0x08, 0x00, 0x57, 0x54, 0x08, 0x00, 0x6d, 0x54, 0x08, 0x00, /* .R..AT..WT..mT.. */
    0x83, 0x54, 0x08, 0x00, 0x0c, 0x54, 0x08, 0x00, 0x96, 0x4a, 0x08, 0x00, 0xc3, 0x4a, 0x08, 0x00, /* .T...T...J...J.. */
    0xfb, 0x53, 0x08, 0x00, 0x36, 0x55, 0x08, 0x00, 0xb0, 0x4d, 0x08, 0x00, 0xfd, 0x54, 0x08, 0x00, /* .S..6U...M...T.. */
    0x14, 0x55, 0x08, 0x00, 0x99, 0x54, 0x08, 0x00, 0xbc, 0x54, 0x08, 0x00, 0xf0, 0x54, 0x08, 0x00, /* .U...T...T...T.. */
    0x46, 0x4a, 0x08, 0x00, 0x64, 0x4a, 0x08, 0x00, 0xca, 0x53, 0x08, 0x00, 0x46, 0x45, 0x08, 0x00, /* FJ..dJ...S..FE.. */
    0x96, 0x53, 0x08, 0x00, 0x51, 0x45, 0x08, 0x00, 0x75, 0x55, 0x08, 0x00, 0xea, 0x49, 0x08, 0x00, /* .S..QE..uU...I.. */
    0x1a, 0x4a, 0x08, 0x00, 0x31, 0x53, 0x08, 0x00, 0x58, 0x4b, 0x08, 0x00, 0x63, 0x53, 0x08, 0x00, /* .J..1S..XK..cS.. */
    0x37, 0x4c, 0x08, 0x00, 0x93, 0x4c, 0x08, 0x00, 0xca, 0x49, 0x08, 0x00, 0xd2, 0x52, 0x08, 0x00, /* 7L...L...I...R.. */
    0x20, 0x4c, 0x08, 0x00, 0x12, 0x5d, 0x08, 0x00, 0x2f, 0x5d, 0x08, 0x00, 0x5c, 0x5d, 0x08, 0x00, /*  L...]../]..\].. */
    0x64, 0x5d, 0x08, 0x00, 0x41, 0x43, 0x08, 0x00, 0xc9, 0x5b, 0x08, 0x00, 0xf4, 0x5c, 0x08, 0x00, /* d]..AC...[...\.. */
    0x03, 0x5d, 0x08, 0x00, 0xd8, 0x5b, 0x08, 0x00, 0xe7, 0x5b, 0x08, 0x00, 0x35, 0x43, 0x08, 0x00, /* .]...[...[..5C.. */
    0x69, 0x41, 0x08, 0x00, 0xf6, 0x5b, 0x08, 0x00, 0xc7, 0x5c, 0x08, 0x00, 0xd6, 0x5c, 0x08, 0x00, /* iA...[...\...\.. */
    0xe5, 0x5c, 0x08, 0x00, 0x01, 0x5f, 0x08, 0x00, 0x5d, 0x41, 0x08, 0x00, 0x0d, 0x42, 0x08, 0x00, /* .\..._..]A...B.. */
    0x8d, 0x44, 0x08, 0x00, 0x31, 0x41, 0x08, 0x00, 0x77, 0x45, 0x08, 0x00, 0x87, 0x45, 0x08, 0x00, /* .D..1A..wE...E.. */
    0xe3, 0x45, 0x08, 0x00, 0xbc, 0x46, 0x08, 0x00, 0x10, 0x5f, 0x08, 0x00, 0xfa, 0x47, 0x08, 0x00, /* .E...F..._...G.. */
    0x5d, 0x48, 0x08, 0x00, 0x36, 0x49, 0x08, 0x00, 0x69, 0x5f, 0x08, 0x00, 0xe4, 0x4c, 0x08, 0x00, /* ]H..6I..i_...L.. */
    0xcb, 0x5f, 0x08, 0x00, 0xfd, 0x56, 0x08, 0x00, 0x24, 0x57, 0x08, 0x00, 0x37, 0x57, 0x08, 0x00, /* ._...V..$W..7W.. */
    0x4a, 0x57, 0x08, 0x00, 0x5d, 0x57, 0x08, 0x00, 0x8c, 0x57, 0x08, 0x00, 0xb2, 0x57, 0x08, 0x00, /* JW..]W...W...W.. */
    0xe3, 0x57, 0x08, 0x00, 0x9c, 0x55, 0x08, 0x00, 0xac, 0x55, 0x08, 0x00, 0x78, 0x4d, 0x08, 0x00, /* .W...U...U..xM.. */
    0xf0, 0x4b, 0x08, 0x00, 0x41, 0x4b, 0x08, 0x00, 0x8b, 0x5d, 0x08, 0x00, 0x03, 0x53, 0x08, 0x00, /* .K..AK...]...S.. */
    0x1a, 0x53, 0x08, 0x00, 0x09, 0x58, 0x08, 0x00, 0x20, 0x58, 0x08, 0x00, 0x37, 0x58, 0x08, 0x00, /* .S...X.. X..7X.. */
    0x4e, 0x58, 0x08, 0x00, 0x65, 0x58, 0x08, 0x00, 0x7c, 0x58, 0x08, 0x00, 0x93, 0x58, 0x08, 0x00, /* NX..eX..|X...X.. */
    0xaa, 0x58, 0x08, 0x00, 0xc1, 0x58, 0x08, 0x00, 0xd8, 0x58, 0x08, 0x00, 0xef, 0x58, 0x08, 0x00, /* .X...X...X...X.. */
    0x06, 0x59, 0x08, 0x00, 0x1d, 0x59, 0x08, 0x00, 0x30, 0x59, 0x08, 0x00, 0x30, 0x59, 0x08, 0x00, /* .Y...Y..0Y..0Y.. */
    0x41, 0x5a, 0x08, 0x00, 0xdc, 0x5a, 0x08, 0x00, 0x31, 0x41, 0x08, 0x00, 0xa2, 0x5d, 0x08, 0x00, /* AZ...Z..1A...].. */
    0xc3, 0x5e, 0x08, 0x00, 0xd7, 0x5e, 0x08, 0x00, 0x16, 0x41, 0x08, 0x00, 0xf0, 0x5e, 0x08, 0x00, /* .^...^...A...^.. */
    0xd2, 0x4d, 0x08, 0x00, 0xa9, 0x4e, 0x08, 0x00, 0xc3, 0x4e, 0x08, 0x00, 0xfd, 0x4e, 0x08, 0x00, /* .M...N...N...N.. */
    0x7d, 0x4b, 0x08, 0x00, 0xdd, 0x49, 0x08, 0x00, 0x5a, 0x6d, 0x08, 0x00, 0x5a, 0x6d, 0x08, 0x00, /* }K...I..Zm..Zm.. */
    0x3e, 0x6d, 0x08, 0x00, 0x3e, 0x6d, 0x08, 0x00, 0x3e, 0x6d, 0x08, 0x00, 0xe4, 0x4c, 0x08, 0x00, /* >m..>m..>m...L.. */
    0x16, 0x41, 0x08, 0x00, 0x00, 0x6f, 0x08, 0x00, 0x16, 0x41, 0x08, 0x00, 0x16, 0x41, 0x08, 0x00, /* .A...o...A...A.. */
    0x89, 0x6d, 0x08, 0x00, 0x89, 0x6d, 0x08, 0x00, 0x16, 0x41, 0x08, 0x00, 0x16, 0x41, 0x08, 0x00, /* .m...m...A...A.. */
    0x68, 0x6f, 0x08, 0x00, 0x68, 0x6f, 0x08, 0x00, 0x87, 0x6f, 0x08, 0x00, 0x16, 0x41, 0x08, 0x00, /* ho..ho...o...A.. */
    0x16, 0x41, 0x08, 0x00, 0x16, 0x41, 0x08, 0x00, 0x16, 0x41, 0x08, 0x00, 0x16, 0x41, 0x08, 0x00, /* .A...A...A...A.. */
    0x99, 0x66, 0x08, 0x00, 0x16, 0x41, 0x08, 0x00, 0x16, 0x41, 0x08, 0x00, 0x16, 0x41, 0x08, 0x00, /* .f...A...A...A.. */
    0x92, 0x70, 0x08, 0x00, 0x16, 0x41, 0x08, 0x00, 0xa0, 0x70, 0x08, 0x00, 0x16, 0x41, 0x08, 0x00, /* .p...A...p...A.. */
    0x16, 0x41, 0x08, 0x00, 0xc3, 0x70, 0x08, 0x00, 0xc3, 0x70, 0x08, 0x00, 0xc3, 0x70, 0x08, 0x00, /* .A...p...p...p.. */
    0xc3, 0x70, 0x08, 0x00, 0xc3, 0x70, 0x08, 0x00, 0xc3, 0x70, 0x08, 0x00, 0xc3, 0x70, 0x08, 0x00, /* .p...p...p...p.. */
    0xc3, 0x70, 0x08, 0x00, 0xc3, 0x70, 0x08, 0x00, 0xc3, 0x70, 0x08, 0x00, 0xc3, 0x70, 0x08, 0x00, /* .p...p...p...p.. */
    0xc3, 0x70, 0x08, 0x00, 0xc3, 0x70, 0x08, 0x00, 0xc3, 0x70, 0x08, 0x00, 0xe4, 0x4c, 0x08, 0x00, /* .p...p...p...L.. */
    0x16, 0x41, 0x08, 0x00, 0x16, 0x41, 0x08, 0x00, 0xdd, 0x70, 0x08, 0x00, 0xdd, 0x70, 0x08, 0x00, /* .A...A...p...p.. */
    0xe1, 0x70, 0x08, 0x00, 0xdd, 0x70, 0x08, 0x00, 0xe1, 0x70, 0x08, 0x00, 0x45, 0x71, 0x08, 0x00, /* .p...p...p..Eq.. */
    0x49, 0x71, 0x08, 0x00, 0x45, 0x71, 0x08, 0x00, 0x49, 0x71, 0x08, 0x00, 0x16, 0x41, 0x08, 0x00, /* Iq..Eq..Iq...A.. */
    0x6c, 0x71, 0x08, 0x00, 0xfc, 0x6e, 0x08, 0x00, 0x16, 0x41, 0x08, 0x00, 0x16, 0x41, 0x08, 0x00, /* lq...n...A...A.. */
    0x16, 0x41, 0x08, 0x00, 0xe4, 0x71, 0x08, 0x00, 0xe4, 0x71, 0x08, 0x00, 0xe4, 0x71, 0x08, 0x00, /* .A...q...q...q.. */
    0xe4, 0x71, 0x08, 0x00, 0x16, 0x41, 0x08, 0x00, 0x13, 0x72, 0x08, 0x00, 0x16, 0x41, 0x08, 0x00, /* .q...A...r...A.. */
    0x16, 0x41, 0x08, 0x00, 0x3a, 0x4a, 0x08, 0x00, 0x3a, 0x4a, 0x08, 0x00, 0x3a, 0x4a, 0x08, 0x00, /* .A..:J..:J..:J.. */
    0x3a, 0x4a, 0x08, 0x00, 0x3a, 0x4a, 0x08, 0x00, 0x3a, 0x4a, 0x08, 0x00, 0x3a, 0x4a, 0x08, 0x00, /* :J..:J..:J..:J.. */
    0x3a, 0x4a, 0x08, 0x00, 0x3a, 0x4a, 0x08, 0x00, 0x3a, 0x4a, 0x08, 0x00, 0x3a, 0x4a, 0x08, 0x00, /* :J..:J..:J..:J.. */
    0x3a, 0x4a, 0x08, 0x00, 0x3a, 0x4a, 0x08, 0x00, 0x3a, 0x4a, 0x08, 0x00, 0x3a, 0x4a, 0x08, 0x00, /* :J..:J..:J..:J.. */
    0x3a, 0x4a, 0x08, 0x00, 0x16, 0x41, 0x08, 0x00, 0x90, 0x71, 0x08, 0x00, 0x94, 0x71, 0x08, 0x00, /* :J...A...q...q.. */
    0xb1, 0x71, 0x08, 0x00, 0x94, 0x71, 0x08, 0x00, 0x16, 0x41, 0x08, 0x00, 0xa5, 0x4c, 0x08, 0x00, /* .q...q...A...L.. */
    0x16, 0x41, 0x08, 0x00, 0x16, 0x41, 0x08, 0x00, 0x16, 0x41, 0x08, 0x00, 0x16, 0x41, 0x08, 0x00, /* .A...A...A...A.. */
    0x16, 0x41, 0x08, 0x00, 0x16, 0x41, 0x08, 0x00, 0x16, 0x41, 0x08, 0x00, 0x3e, 0x6d, 0x08, 0x00, /* .A...A...A..>m.. */
    0x10, 0x6d, 0x08, 0x00, 0x10, 0x6d, 0x08, 0x00, 0x10, 0x6d, 0x08, 0x00, 0x10, 0x6d, 0x08, 0x00, /* .m...m...m...m.. */
    0xa8, 0x6a, 0x08, 0x00, 0xa8, 0x6a, 0x08, 0x00, 0xa8, 0x6a, 0x08, 0x00, 0xa8, 0x6a, 0x08, 0x00, /* .j...j...j...j.. */
    0xff, 0x6c, 0x08, 0x00, 0xff, 0x6c, 0x08, 0x00, 0xa8, 0x6a, 0x08, 0x00, 0xa8, 0x6a, 0x08, 0x00, /* .l...l...j...j.. */
    0xa8, 0x6a, 0x08, 0x00, 0xa8, 0x6a, 0x08, 0x00, 0xff, 0x6c, 0x08, 0x00, 0xa8, 0x6a, 0x08, 0x00, /* .j...j...l...j.. */
    0xa8, 0x6a, 0x08, 0x00, 0xa8, 0x6a, 0x08, 0x00, 0xa8, 0x6a, 0x08, 0x00, 0xa8, 0x6a, 0x08, 0x00, /* .j...j...j...j.. */
    0xa8, 0x6a, 0x08, 0x00, 0xa8, 0x6a, 0x08, 0x00, 0xa8, 0x6a, 0x08, 0x00, 0xa8, 0x6a, 0x08, 0x00, /* .j...j...j...j.. */
    0xff, 0x6c, 0x08, 0x00, 0xa8, 0x6a, 0x08, 0x00, 0xff, 0x6c, 0x08, 0x00, 0xa8, 0x6a, 0x08, 0x00, /* .l...j...l...j.. */
    0xa8, 0x6a, 0x08, 0x00, 0xbc, 0x6c, 0x08, 0x00, 0xbc, 0x6c, 0x08, 0x00, 0xbc, 0x6c, 0x08, 0x00, /* .j...l...l...l.. */
    0xbc, 0x6c, 0x08, 0x00, 0xbc, 0x6c, 0x08, 0x00, 0xbc, 0x6c, 0x08, 0x00, 0xbc, 0x6c, 0x08, 0x00, /* .l...l...l...l.. */
    0xdf, 0x6c, 0x08, 0x00, 0xdf, 0x6c, 0x08, 0x00, 0xdf, 0x6c, 0x08, 0x00, 0xdf, 0x6c, 0x08, 0x00, /* .l...l...l...l.. */
    0xdf, 0x6c, 0x08, 0x00, 0xdf, 0x6c, 0x08, 0x00, 0xdf, 0x6c, 0x08, 0x00, 0xa8, 0x6a, 0x08, 0x00, /* .l...l...l...j.. */
    0xa8, 0x6a, 0x08, 0x00, 0xa8, 0x6a, 0x08, 0x00, 0xa8, 0x6a, 0x08, 0x00, 0xa8, 0x6a, 0x08, 0x00, /* .j...j...j...j.. */
    0xa8, 0x6a, 0x08, 0x00, 0xa8, 0x6a, 0x08, 0x00, 0xa8, 0x6a, 0x08, 0x00, 0xa8, 0x6a, 0x08, 0x00, /* .j...j...j...j.. */
    0xa8, 0x6a, 0x08, 0x00, 0xa8, 0x6a, 0x08, 0x00, 0xa8, 0x6a, 0x08, 0x00, 0xa8, 0x6a, 0x08, 0x00, /* .j...j...j...j.. */
    0xa8, 0x6a, 0x08, 0x00, 0xa8, 0x6a, 0x08, 0x00, 0xa8, 0x6a, 0x08, 0x00, 0xa8, 0x6a, 0x08, 0x00, /* .j...j...j...j.. */
    0xa8, 0x6a, 0x08, 0x00, 0xa8, 0x6a, 0x08, 0x00, 0xa8, 0x6a, 0x08, 0x00, 0xa8, 0x6a, 0x08, 0x00, /* .j...j...j...j.. */
    0xa8, 0x6a, 0x08, 0x00, 0xa8, 0x6a, 0x08, 0x00, 0xa8, 0x6a, 0x08, 0x00, 0xff, 0x6c, 0x08, 0x00, /* .j...j...j...l.. */
    0xff, 0x6c, 0x08, 0x00, 0xa8, 0x6a, 0x08, 0x00, 0xa8, 0x6a, 0x08, 0x00, 0xa8, 0x6a, 0x08, 0x00, /* .l...j...j...j.. */
    0xa8, 0x6a, 0x08, 0x00, 0xa8, 0x6a, 0x08, 0x00, 0xa8, 0x6a, 0x08, 0x00, 0xa8, 0x6a, 0x08, 0x00, /* .j...j...j...j.. */
    0xa8, 0x6a, 0x08, 0x00, 0xa8, 0x6a, 0x08, 0x00, 0xa8, 0x6a, 0x08, 0x00, 0xa8, 0x6a, 0x08, 0x00, /* .j...j...j...j.. */
    0xa8, 0x6a, 0x08, 0x00, 0xa8, 0x6a, 0x08, 0x00, 0xa8, 0x6a, 0x08, 0x00, 0xa8, 0x6a, 0x08, 0x00, /* .j...j...j...j.. */
    0xa8, 0x6a, 0x08, 0x00, 0xa8, 0x6a, 0x08, 0x00, 0xa8, 0x6a, 0x08, 0x00, 0xa8, 0x6a, 0x08, 0x00, /* .j...j...j...j.. */
    0xa8, 0x6a, 0x08, 0x00, 0xa8, 0x6a, 0x08, 0x00, 0xa8, 0x6a, 0x08, 0x00, 0xa8, 0x6a, 0x08, 0x00, /* .j...j...j...j.. */
    0xa8, 0x6a, 0x08, 0x00, 0xa8, 0x6a, 0x08, 0x00, 0xa8, 0x6a, 0x08, 0x00, 0xa8, 0x6a, 0x08, 0x00, /* .j...j...j...j.. */
    0xa8, 0x6a, 0x08, 0x00, 0xa8, 0x6a, 0x08, 0x00, 0xa8, 0x6a, 0x08, 0x00, 0x10, 0x6d, 0x08, 0x00, /* .j...j...j...m.. */
    0x82, 0x05, 0x09, 0x00, 0x2c, 0x06, 0x09, 0x00, 0x0f, 0x06, 0x09, 0x00, 0x1e, 0x06, 0x09, 0x00, /* ....,........... */
    0x0f, 0x06, 0x09, 0x00, 0x0f, 0x06, 0x09, 0x00, 0x0f, 0x06, 0x09, 0x00, 0x82, 0x05, 0x09, 0x00, /* ................ */
    0x82, 0x05, 0x09, 0x00, 0x82, 0x05, 0x09, 0x00, 0x82, 0x05, 0x09, 0x00, 0xee, 0x05, 0x09, 0x00, /* ................ */
    0xff, 0xff, 0xff, 0x7f, 0x00, 0x00, 0x00, 0x00, 0x00, 0x00, 0x00, 0x00, 0x00, 0x00, 0x00, 0x00, /* ................ */
    0x93, 0x10, 0x09, 0x00, 0x8d, 0x0f, 0x09, 0x00, 0xa5, 0x10, 0x09, 0x00, 0xa5, 0x10, 0x09, 0x00, /* ................ */
    0x0c, 0x10, 0x09, 0x00, 0x66, 0x10, 0x09, 0x00, 0xf8, 0x0f, 0x09, 0x00, 0xb3, 0x0f, 0x09, 0x00, /* ....f........... */
    0xb3, 0x0f, 0x09, 0x00, 0xf1, 0x0f, 0x09, 0x00, 0xb3, 0x0f, 0x09, 0x00, 0xf1, 0x0f, 0x09, 0x00, /* ................ */
    0xca, 0x14, 0x09, 0x00, 0xee, 0x15, 0x09, 0x00, 0xbe, 0x15, 0x09, 0x00, 0xdd, 0x15, 0x09, 0x00, /* ................ */
    0xfd, 0x14, 0x09, 0x00, 0x15, 0x15, 0x09, 0x00, 0x5f, 0x15, 0x09, 0x00, 0x0d, 0x16, 0x09, 0x00, /* ........_....... */
    0x70, 0x14, 0x09, 0x00, 0xeb, 0x14, 0x09, 0x00, 0x5b, 0x16, 0x09, 0x00, 0xfe, 0x16, 0x09, 0x00, /* p.......[....... */
    0xad, 0x15, 0x09, 0x00, 0xb5, 0x16, 0x09, 0x00, 0x78, 0x16, 0x09, 0x00, 0x89, 0x16, 0x09, 0x00, /* ........x....... */
    0x00, 0x00, 0x00, 0x00, 0x00, 0x00, 0x00, 0x00, 0x00, 0x00, 0x00, 0x00, 0x00, 0x00, 0x00, 0x00, /* ................ */
    0x7a, 0x2c, 0x09, 0x00, 0x93, 0x2c, 0x09, 0x00, 0xac, 0x2c, 0x09, 0x00, 0xc7, 0x2c, 0x09, 0x00, /* z,...,...,...,.. */
    0xe5, 0x2c, 0x09, 0x00, 0x01, 0x2d, 0x09, 0x00, 0x70, 0x2c, 0x09, 0x00, 0x70, 0x2c, 0x09, 0x00, /* .,...-..p,..p,.. */
    0x70, 0x2c, 0x09, 0x00, 0x70, 0x2c, 0x09, 0x00, 0x70, 0x2c, 0x09, 0x00, 0x70, 0x2c, 0x09, 0x00, /* p,..p,..p,..p,.. */
    0x70, 0x2c, 0x09, 0x00, 0x70, 0x2c, 0x09, 0x00, 0x70, 0x2c, 0x09, 0x00, 0x70, 0x2c, 0x09, 0x00, /* p,..p,..p,..p,.. */
    0x70, 0x2c, 0x09, 0x00, 0x70, 0x2c, 0x09, 0x00, 0x70, 0x2c, 0x09, 0x00, 0x70, 0x2c, 0x09, 0x00, /* p,..p,..p,..p,.. */
    0x70, 0x2c, 0x09, 0x00, 0x70, 0x2c, 0x09, 0x00, 0x70, 0x2c, 0x09, 0x00, 0x70, 0x2c, 0x09, 0x00, /* p,..p,..p,..p,.. */
    0x1d, 0x2d, 0x09, 0x00, 0x70, 0x2c, 0x09, 0x00, 0x70, 0x2c, 0x09, 0x00, 0x70, 0x2c, 0x09, 0x00, /* .-..p,..p,..p,.. */
    0x70, 0x2c, 0x09, 0x00, 0x70, 0x2c, 0x09, 0x00, 0x70, 0x2c, 0x09, 0x00, 0x70, 0x2c, 0x09, 0x00, /* p,..p,..p,..p,.. */
    0x70, 0x2c, 0x09, 0x00, 0x70, 0x2c, 0x09, 0x00, 0x70, 0x2c, 0x09, 0x00, 0x70, 0x2c, 0x09, 0x00, /* p,..p,..p,..p,.. */
    0x70, 0x2c, 0x09, 0x00, 0x70, 0x2c, 0x09, 0x00, 0x70, 0x2c, 0x09, 0x00, 0x34, 0x2d, 0x09, 0x00, /* p,..p,..p,..4-.. */
    0x70, 0x2c, 0x09, 0x00, 0x70, 0x2c, 0x09, 0x00, 0x70, 0x2c, 0x09, 0x00, 0x70, 0x2c, 0x09, 0x00, /* p,..p,..p,..p,.. */
    0x70, 0x2c, 0x09, 0x00, 0x70, 0x2c, 0x09, 0x00, 0x70, 0x2c, 0x09, 0x00, 0x70, 0x2c, 0x09, 0x00, /* p,..p,..p,..p,.. */
    0x70, 0x2c, 0x09, 0x00, 0x70, 0x2c, 0x09, 0x00, 0x70, 0x2c, 0x09, 0x00, 0x70, 0x2c, 0x09, 0x00, /* p,..p,..p,..p,.. */
    0x70, 0x2c, 0x09, 0x00, 0x70, 0x2c, 0x09, 0x00, 0x70, 0x2c, 0x09, 0x00, 0x70, 0x2c, 0x09, 0x00, /* p,..p,..p,..p,.. */
    0x70, 0x2c, 0x09, 0x00, 0x70, 0x2c, 0x09, 0x00, 0x70, 0x2c, 0x09, 0x00, 0x70, 0x2c, 0x09, 0x00, /* p,..p,..p,..p,.. */
    0x70, 0x2c, 0x09, 0x00, 0x70, 0x2c, 0x09, 0x00, 0x70, 0x2c, 0x09, 0x00, 0x70, 0x2c, 0x09, 0x00, /* p,..p,..p,..p,.. */
    0x70, 0x2c, 0x09, 0x00, 0x71, 0x2d, 0x09, 0x00, 0x8e, 0x2d, 0x09, 0x00, 0xad, 0x31, 0x09, 0x00, /* p,..q-...-...1.. */
    0xad, 0x31, 0x09, 0x00, 0xb8, 0x31, 0x09, 0x00, 0xad, 0x31, 0x09, 0x00, 0xad, 0x31, 0x09, 0x00, /* .1...1...1...1.. */
    0xad, 0x31, 0x09, 0x00, 0xad, 0x31, 0x09, 0x00, 0xad, 0x31, 0x09, 0x00, 0xad, 0x31, 0x09, 0x00, /* .1...1...1...1.. */
    0xad, 0x31, 0x09, 0x00, 0xad, 0x31, 0x09, 0x00, 0xad, 0x31, 0x09, 0x00, 0xad, 0x31, 0x09, 0x00, /* .1...1...1...1.. */
    0xad, 0x31, 0x09, 0x00, 0xad, 0x31, 0x09, 0x00, 0xad, 0x31, 0x09, 0x00, 0xad, 0x31, 0x09, 0x00, /* .1...1...1...1.. */
    0xad, 0x31, 0x09, 0x00, 0xad, 0x31, 0x09, 0x00, 0xad, 0x31, 0x09, 0x00, 0xad, 0x31, 0x09, 0x00, /* .1...1...1...1.. */
    0xad, 0x31, 0x09, 0x00, 0xad, 0x31, 0x09, 0x00, 0xad, 0x31, 0x09, 0x00, 0xad, 0x31, 0x09, 0x00, /* .1...1...1...1.. */
    0xad, 0x31, 0x09, 0x00, 0xad, 0x31, 0x09, 0x00, 0xe3, 0x31, 0x09, 0x00, 0xe3, 0x31, 0x09, 0x00, /* .1...1...1...1.. */
    0xad, 0x31, 0x09, 0x00, 0xad, 0x31, 0x09, 0x00, 0xad, 0x31, 0x09, 0x00, 0xad, 0x31, 0x09, 0x00, /* .1...1...1...1.. */
    0xad, 0x31, 0x09, 0x00, 0xad, 0x31, 0x09, 0x00, 0xad, 0x31, 0x09, 0x00, 0xad, 0x31, 0x09, 0x00, /* .1...1...1...1.. */
    0xf7, 0x31, 0x09, 0x00, 0x8d, 0x33, 0x09, 0x00, 0x21, 0x36, 0x09, 0x00, 0xf9, 0x37, 0x09, 0x00, /* .1...3..!6...7.. */
    0x27, 0x3a, 0x09, 0x00, 0x27, 0x3a, 0x09, 0x00, 0x7a, 0x3a, 0x09, 0x00, 0xcd, 0x3a, 0x09, 0x00, /* ':..':..z:...:.. */
    0x5b, 0x3b, 0x09, 0x00, 0xad, 0x31, 0x09, 0x00, 0xad, 0x31, 0x09, 0x00, 0xad, 0x31, 0x09, 0x00, /* [;...1...1...1.. */
    0xad, 0x31, 0x09, 0x00, 0xad, 0x31, 0x09, 0x00, 0xad, 0x31, 0x09, 0x00, 0xad, 0x31, 0x09, 0x00, /* .1...1...1...1.. */
    0xad, 0x31, 0x09, 0x00, 0xad, 0x31, 0x09, 0x00, 0xf6, 0x3a, 0x09, 0x00, 0xad, 0x31, 0x09, 0x00, /* .1...1...:...1.. */
    0xad, 0x31, 0x09, 0x00, 0xad, 0x31, 0x09, 0x00, 0xad, 0x31, 0x09, 0x00, 0x34, 0x30, 0x09, 0x00, /* .1...1...1..40.. */
    0xad, 0x31, 0x09, 0x00, 0xad, 0x31, 0x09, 0x00, 0xfc, 0x3c, 0x09, 0x00, 0x5a, 0x3d, 0x09, 0x00, /* .1...1...<..Z=.. */
    0x9b, 0x50, 0x09, 0x00, 0x93, 0x50, 0x09, 0x00, 0x66, 0x51, 0x09, 0x00, 0x2f, 0x50, 0x09, 0x00, /* .P...P..fQ../P.. */
    0x0f, 0x51, 0x09, 0x00, 0xd4, 0x50, 0x09, 0x00, 0xc1, 0x50, 0x09, 0x00, 0xad, 0x52, 0x09, 0x00, /* .Q...P...P...R.. */
    0x5f, 0x52, 0x09, 0x00, 0x5f, 0x52, 0x09, 0x00, 0xa4, 0x53, 0x09, 0x00, 0x5f, 0x52, 0x09, 0x00, /* _R.._R...S.._R.. */
    0x5f, 0x52, 0x09, 0x00, 0x5f, 0x52, 0x09, 0x00, 0x5f, 0x52, 0x09, 0x00, 0x5f, 0x52, 0x09, 0x00, /* _R.._R.._R.._R.. */
    0x5f, 0x52, 0x09, 0x00, 0x81, 0x53, 0x09, 0x00, 0x5f, 0x52, 0x09, 0x00, 0x5f, 0x52, 0x09, 0x00, /* _R...S.._R.._R.. */
    0x5f, 0x52, 0x09, 0x00, 0x5e, 0x53, 0x09, 0x00, 0x5f, 0x52, 0x09, 0x00, 0x5f, 0x52, 0x09, 0x00, /* _R..^S.._R.._R.. */
    0x4d, 0x53, 0x09, 0x00, 0x5f, 0x52, 0x09, 0x00, 0x5f, 0x52, 0x09, 0x00, 0x5f, 0x52, 0x09, 0x00, /* MS.._R.._R.._R.. */
    0x5f, 0x52, 0x09, 0x00, 0x5f, 0x52, 0x09, 0x00, 0x5f, 0x52, 0x09, 0x00, 0x5f, 0x52, 0x09, 0x00, /* _R.._R.._R.._R.. */
    0x31, 0x54, 0x09, 0x00, 0x5f, 0x52, 0x09, 0x00, 0x5f, 0x52, 0x09, 0x00, 0x5f, 0x52, 0x09, 0x00, /* 1T.._R.._R.._R.. */
    0x5f, 0x52, 0x09, 0x00, 0x5f, 0x52, 0x09, 0x00, 0x5f, 0x52, 0x09, 0x00, 0x5f, 0x52, 0x09, 0x00, /* _R.._R.._R.._R.. */
    0x5f, 0x52, 0x09, 0x00, 0x5f, 0x52, 0x09, 0x00, 0x5f, 0x52, 0x09, 0x00, 0x5f, 0x52, 0x09, 0x00, /* _R.._R.._R.._R.. */
    0x5f, 0x52, 0x09, 0x00, 0x5f, 0x52, 0x09, 0x00, 0x5f, 0x52, 0x09, 0x00, 0x5f, 0x52, 0x09, 0x00, /* _R.._R.._R.._R.. */
    0x5f, 0x52, 0x09, 0x00, 0x5f, 0x52, 0x09, 0x00, 0x5f, 0x52, 0x09, 0x00, 0x5f, 0x52, 0x09, 0x00, /* _R.._R.._R.._R.. */
    0x5f, 0x52, 0x09, 0x00, 0x5f, 0x52, 0x09, 0x00, 0x5f, 0x52, 0x09, 0x00, 0xc9, 0x53, 0x09, 0x00, /* _R.._R.._R...S.. */
    0x5f, 0x52, 0x09, 0x00, 0xda, 0x53, 0x09, 0x00, 0x5f, 0x52, 0x09, 0x00, 0x5f, 0x52, 0x09, 0x00, /* _R...S.._R.._R.. */
    0x5f, 0x52, 0x09, 0x00, 0x32, 0x53, 0x09, 0x00, 0x5f, 0x52, 0x09, 0x00, 0x5f, 0x52, 0x09, 0x00, /* _R..2S.._R.._R.. */
    0xfd, 0x52, 0x09, 0x00, 0x5f, 0x52, 0x09, 0x00, 0x5f, 0x52, 0x09, 0x00, 0x5f, 0x52, 0x09, 0x00, /* .R.._R.._R.._R.. */
    0x5f, 0x52, 0x09, 0x00, 0xe5, 0x52, 0x09, 0x00, 0xfc, 0x62, 0x09, 0x00, 0x0c, 0x63, 0x09, 0x00, /* _R...R...b...c.. */
    0x47, 0x63, 0x09, 0x00, 0xea, 0x62, 0x09, 0x00, 0xea, 0x62, 0x09, 0x00, 0xea, 0x62, 0x09, 0x00, /* Gc...b...b...b.. */
    0xea, 0x62, 0x09, 0x00, 0xea, 0x62, 0x09, 0x00, 0xea, 0x62, 0x09, 0x00, 0xea, 0x62, 0x09, 0x00, /* .b...b...b...b.. */
    0xea, 0x62, 0x09, 0x00, 0xea, 0x62, 0x09, 0x00, 0xea, 0x62, 0x09, 0x00, 0xea, 0x62, 0x09, 0x00, /* .b...b...b...b.. */
    0xea, 0x62, 0x09, 0x00, 0x62, 0x63, 0x09, 0x00, 0xea, 0x62, 0x09, 0x00, 0x90, 0x63, 0x09, 0x00, /* .b..bc...b...c.. */
    0xa1, 0x63, 0x09, 0x00, 0xb2, 0x63, 0x09, 0x00, 0xea, 0x62, 0x09, 0x00, 0xea, 0x62, 0x09, 0x00, /* .c...c...b...b.. */
    0xea, 0x62, 0x09, 0x00, 0xea, 0x62, 0x09, 0x00, 0xea, 0x62, 0x09, 0x00, 0xea, 0x62, 0x09, 0x00, /* .b...b...b...b.. */
    0xea, 0x62, 0x09, 0x00, 0xea, 0x62, 0x09, 0x00, 0xea, 0x62, 0x09, 0x00, 0xc3, 0x63, 0x09, 0x00, /* .b...b...b...c.. */
    0xea, 0x62, 0x09, 0x00, 0xea, 0x62, 0x09, 0x00, 0xea, 0x62, 0x09, 0x00, 0xea, 0x62, 0x09, 0x00, /* .b...b...b...b.. */
    0xea, 0x62, 0x09, 0x00, 0x8b, 0x64, 0x09, 0x00, 0xea, 0x62, 0x09, 0x00, 0xea, 0x62, 0x09, 0x00, /* .b...d...b...b.. */
    0xea, 0x62, 0x09, 0x00, 0xea, 0x62, 0x09, 0x00, 0xea, 0x62, 0x09, 0x00, 0xea, 0x62, 0x09, 0x00, /* .b...b...b...b.. */
    0xea, 0x62, 0x09, 0x00, 0xea, 0x62, 0x09, 0x00, 0xea, 0x62, 0x09, 0x00, 0xea, 0x62, 0x09, 0x00, /* .b...b...b...b.. */
    0xea, 0x62, 0x09, 0x00, 0xea, 0x62, 0x09, 0x00, 0xea, 0x62, 0x09, 0x00, 0xd0, 0x64, 0x09, 0x00, /* .b...b...b...d.. */
    0xe4, 0x64, 0x09, 0x00, 0xea, 0x62, 0x09, 0x00, 0xea, 0x62, 0x09, 0x00, 0xea, 0x62, 0x09, 0x00, /* .d...b...b...b.. */
    0xea, 0x62, 0x09, 0x00, 0xea, 0x62, 0x09, 0x00, 0xea, 0x62, 0x09, 0x00, 0x5c, 0x65, 0x09, 0x00, /* .b...b...b..\e.. */
    0x80, 0x67, 0x09, 0x00, 0x76, 0x67, 0x09, 0x00, 0x76, 0x67, 0x09, 0x00, 0x76, 0x67, 0x09, 0x00, /* .g..vg..vg..vg.. */
    0x76, 0x67, 0x09, 0x00, 0x76, 0x67, 0x09, 0x00, 0x76, 0x67, 0x09, 0x00, 0x76, 0x67, 0x09, 0x00, /* vg..vg..vg..vg.. */
    0x76, 0x67, 0x09, 0x00, 0x76, 0x67, 0x09, 0x00, 0x76, 0x67, 0x09, 0x00, 0x76, 0x67, 0x09, 0x00, /* vg..vg..vg..vg.. */
    0x76, 0x67, 0x09, 0x00, 0x76, 0x67, 0x09, 0x00, 0x76, 0x67, 0x09, 0x00, 0x76, 0x67, 0x09, 0x00, /* vg..vg..vg..vg.. */
    0x76, 0x67, 0x09, 0x00, 0x76, 0x67, 0x09, 0x00, 0x76, 0x67, 0x09, 0x00, 0x76, 0x67, 0x09, 0x00, /* vg..vg..vg..vg.. */
    0x76, 0x67, 0x09, 0x00, 0x76, 0x67, 0x09, 0x00, 0x76, 0x67, 0x09, 0x00, 0x76, 0x67, 0x09, 0x00, /* vg..vg..vg..vg.. */
    0x76, 0x67, 0x09, 0x00, 0x76, 0x67, 0x09, 0x00, 0x76, 0x67, 0x09, 0x00, 0x76, 0x67, 0x09, 0x00, /* vg..vg..vg..vg.. */
    0x76, 0x67, 0x09, 0x00, 0x76, 0x67, 0x09, 0x00, 0x76, 0x67, 0x09, 0x00, 0x76, 0x67, 0x09, 0x00, /* vg..vg..vg..vg.. */
    0x76, 0x67, 0x09, 0x00, 0x76, 0x67, 0x09, 0x00, 0x76, 0x67, 0x09, 0x00, 0x76, 0x67, 0x09, 0x00, /* vg..vg..vg..vg.. */
    0x76, 0x67, 0x09, 0x00, 0x76, 0x67, 0x09, 0x00, 0x76, 0x67, 0x09, 0x00, 0x76, 0x67, 0x09, 0x00, /* vg..vg..vg..vg.. */
    0x76, 0x67, 0x09, 0x00, 0x34, 0x69, 0x09, 0x00, 0x6d, 0x68, 0x09, 0x00, 0xcd, 0x67, 0x09, 0x00, /* vg..4i..mh...g.. */
    0x8d, 0x67, 0x09, 0x00, 0x3a, 0x67, 0x09, 0x00, 0x1e, 0x72, 0x09, 0x00, 0x06, 0x72, 0x09, 0x00, /* .g..:g...r...r.. */
    0xbc, 0x72, 0x09, 0x00, 0x06, 0x72, 0x09, 0x00, 0x06, 0x72, 0x09, 0x00, 0x06, 0x72, 0x09, 0x00, /* .r...r...r...r.. */
    0x06, 0x72, 0x09, 0x00, 0x06, 0x72, 0x09, 0x00, 0x06, 0x72, 0x09, 0x00, 0x06, 0x72, 0x09, 0x00, /* .r...r...r...r.. */
    0x06, 0x72, 0x09, 0x00, 0x06, 0x72, 0x09, 0x00, 0x06, 0x72, 0x09, 0x00, 0x06, 0x72, 0x09, 0x00, /* .r...r...r...r.. */
    0x06, 0x72, 0x09, 0x00, 0x96, 0x72, 0x09, 0x00, 0x06, 0x72, 0x09, 0x00, 0x73, 0x72, 0x09, 0x00, /* .r...r...r..sr.. */
    0x06, 0x72, 0x09, 0x00, 0x50, 0x72, 0x09, 0x00, 0x06, 0x72, 0x09, 0x00, 0x06, 0x72, 0x09, 0x00, /* .r..Pr...r...r.. */
    0x06, 0x72, 0x09, 0x00, 0x06, 0x72, 0x09, 0x00, 0x06, 0x72, 0x09, 0x00, 0x06, 0x72, 0x09, 0x00, /* .r...r...r...r.. */
    0x06, 0x72, 0x09, 0x00, 0x06, 0x72, 0x09, 0x00, 0x06, 0x72, 0x09, 0x00, 0xf2, 0x71, 0x09, 0x00, /* .r...r...r...q.. */
    0xbe, 0x79, 0x09, 0x00, 0xbe, 0x79, 0x09, 0x00, 0xc6, 0x79, 0x09, 0x00, 0xbe, 0x79, 0x09, 0x00, /* .y...y...y...y.. */
    0xbe, 0x79, 0x09, 0x00, 0xbe, 0x79, 0x09, 0x00, 0xbe, 0x79, 0x09, 0x00, 0xbe, 0x79, 0x09, 0x00, /* .y...y...y...y.. */
    0xbe, 0x79, 0x09, 0x00, 0xbe, 0x79, 0x09, 0x00, 0xbe, 0x79, 0x09, 0x00, 0xbe, 0x79, 0x09, 0x00, /* .y...y...y...y.. */
    0xbe, 0x79, 0x09, 0x00, 0xbe, 0x79, 0x09, 0x00, 0xbe, 0x79, 0x09, 0x00, 0xbe, 0x79, 0x09, 0x00, /* .y...y...y...y.. */
    0xbe, 0x79, 0x09, 0x00, 0xbe, 0x79, 0x09, 0x00, 0xbe, 0x79, 0x09, 0x00, 0xbe, 0x79, 0x09, 0x00, /* .y...y...y...y.. */
    0xbe, 0x79, 0x09, 0x00, 0xbe, 0x79, 0x09, 0x00, 0xbe, 0x79, 0x09, 0x00, 0xbe, 0x79, 0x09, 0x00, /* .y...y...y...y.. */
    0xbe, 0x79, 0x09, 0x00, 0x2b, 0x7a, 0x09, 0x00, 0xbe, 0x79, 0x09, 0x00, 0x68, 0x7a, 0x09, 0x00, /* .y..+z...y..hz.. */
    0xf7, 0x7b, 0x09, 0x00, 0x49, 0x7b, 0x09, 0x00, 0xbe, 0x79, 0x09, 0x00, 0xbe, 0x79, 0x09, 0x00, /* .{..I{...y...y.. */
    0xbe, 0x79, 0x09, 0x00, 0xbe, 0x79, 0x09, 0x00, 0xbe, 0x79, 0x09, 0x00, 0xbe, 0x79, 0x09, 0x00, /* .y...y...y...y.. */
    0xbe, 0x79, 0x09, 0x00, 0xbe, 0x7b, 0x09, 0x00, 0xc4, 0x7a, 0x09, 0x00, 0x18, 0x7b, 0x09, 0x00, /* .y...{...z...{.. */
    0x29, 0x7c, 0x09, 0x00, 0x75, 0x7c, 0x09, 0x00, 0xda, 0x7c, 0x09, 0x00, 0x30, 0x7d, 0x09, 0x00, /* )|..u|...|..0}.. */
    0xcb, 0x7d, 0x09, 0x00, 0xb1, 0x81, 0x09, 0x00, 0xbe, 0x79, 0x09, 0x00, 0xbe, 0x79, 0x09, 0x00, /* .}.......y...y.. */
    0xbe, 0x79, 0x09, 0x00, 0xbe, 0x79, 0x09, 0x00, 0xbe, 0x79, 0x09, 0x00, 0xbe, 0x79, 0x09, 0x00, /* .y...y...y...y.. */
    0xbe, 0x79, 0x09, 0x00, 0xbe, 0x79, 0x09, 0x00, 0xbe, 0x79, 0x09, 0x00, 0xe1, 0x7e, 0x09, 0x00, /* .y...y...y...~.. */
    0xf1, 0x7f, 0x09, 0x00, 0x45, 0x80, 0x09, 0x00, 0x7b, 0x80, 0x09, 0x00, 0x32, 0x7e, 0x09, 0x00, /* ....E...{...2~.. */
    0xaf, 0x7e, 0x09, 0x00, 0x81, 0x81, 0x09, 0x00, 0x99, 0x81, 0x09, 0x00, 0xef, 0x80, 0x09, 0x00, /* .~.............. */
    0x01, 0x81, 0x09, 0x00, 0xbe, 0x79, 0x09, 0x00, 0xbe, 0x79, 0x09, 0x00, 0xbe, 0x79, 0x09, 0x00, /* .....y...y...y.. */
    0xbe, 0x79, 0x09, 0x00, 0xbe, 0x79, 0x09, 0x00, 0xbe, 0x79, 0x09, 0x00, 0xbe, 0x79, 0x09, 0x00, /* .y...y...y...y.. */
    0xbe, 0x79, 0x09, 0x00, 0xbe, 0x79, 0x09, 0x00, 0xbe, 0x79, 0x09, 0x00, 0xbe, 0x79, 0x09, 0x00, /* .y...y...y...y.. */
    0x13, 0x81, 0x09, 0x00, 0x55, 0x81, 0x09, 0x00, 0x00, 0x00, 0x00, 0x00, 0x00, 0x00, 0x00, 0x00, /* ....U........... */
    0x00, 0x00, 0x00, 0x80, 0x00, 0x00, 0x00, 0x00, 0x00, 0x00, 0x00, 0x00, 0x00, 0x00, 0x00, 0x00, /* ................ */
    0xff, 0xff, 0xff, 0x7f, 0x00, 0x00, 0x00, 0x00, 0x00, 0x00, 0x00, 0x00, 0x00, 0x00, 0x00, 0x00, /* ................ */
    0x00, 0x00, 0x00, 0x80, 0x00, 0x00, 0x00, 0x00, 0x00, 0x00, 0x00, 0x00, 0x00, 0x00, 0x00, 0x00, /* ................ */
    0xff, 0xff, 0xff, 0x7f, 0x00, 0x00, 0x00, 0x00, 0x00, 0x00, 0x00, 0x00, 0x00, 0x00, 0x00, 0x00, /* ................ */
    0x00, 0x00, 0x00, 0x80, 0x00, 0x00, 0x00, 0x00, 0x00, 0x00, 0x00, 0x00, 0x00, 0x00, 0x00, 0x00, /* ................ */
    0xff, 0xff, 0xff, 0x7f, 0x00, 0x00, 0x00, 0x00, 0x00, 0x00, 0x00, 0x00, 0x00, 0x00, 0x00, 0x00, /* ................ */
    0x00, 0x00, 0x00, 0x80, 0x00, 0x00, 0x00, 0x00, 0x00, 0x00, 0x00, 0x00, 0x00, 0x00, 0x00, 0x00, /* ................ */
    0x00, 0x00, 0x00, 0x00, 0x00, 0x00, 0x00, 0x00, 0x00, 0x00, 0x00, 0x00, 0x00, 0x00, 0x00, 0x00, /* ................ */
    0xff, 0xff, 0xff, 0x7f, 0x00, 0x00, 0x00, 0x00, 0x00, 0x00, 0x00, 0x00, 0x00, 0x00, 0x00, 0x00, /* ................ */
    0x00, 0x00, 0x00, 0x00, 0x00, 0x00, 0x00, 0x00, 0x00, 0x00, 0x00, 0x00, 0x00, 0x00, 0x00, 0x00, /* ................ */
    0x00, 0x00, 0x00, 0x80, 0x00, 0x00, 0x00, 0x00, 0x00, 0x00, 0x00, 0x00, 0x00, 0x00, 0x00, 0x00, /* ................ */
    0x00, 0x00, 0x00, 0x80, 0x00, 0x00, 0x00, 0x00, 0x00, 0x00, 0x00, 0x00, 0x00, 0x00, 0x00, 0x00, /* ................ */
    0x00, 0x00, 0x00, 0x80, 0x00, 0x00, 0x00, 0x00, 0x00, 0x00, 0x00, 0x00, 0x00, 0x00, 0x00, 0x00, /* ................ */
    0x00, 0x00, 0x00, 0x80, 0x00, 0x00, 0x00, 0x00, 0x00, 0x00, 0x00, 0x00, 0x00, 0x00, 0x00, 0x00, /* ................ */
    0x00, 0x00, 0x00, 0x80, 0x00, 0x00, 0x00, 0x00, 0x00, 0x00, 0x00, 0x00, 0x00, 0x00, 0x00, 0x00, /* ................ */
    0xff, 0xff, 0xff, 0x7f, 0x00, 0x00, 0x00, 0x00, 0x00, 0x00, 0x00, 0x00, 0x00, 0x00, 0x00, 0x00, /* ................ */
    0x00, 0x00, 0x00, 0x80, 0x00, 0x00, 0x00, 0x00, 0x00, 0x00, 0x00, 0x00, 0x00, 0x00, 0x00, 0x00, /* ................ */
    0xff, 0xff, 0xff, 0x7f, 0x00, 0x00, 0x00, 0x00, 0x00, 0x00, 0x00, 0x00, 0x00, 0x00, 0x00, 0x00, /* ................ */
    0x12, 0x3a, 0x0b, 0x00, 0x68, 0x3a, 0x0b, 0x00, 0xec, 0x39, 0x0b, 0x00, 0xec, 0x39, 0x0b, 0x00, /* .:..h:...9...9.. */
    0xec, 0x39, 0x0b, 0x00, 0xec, 0x39, 0x0b, 0x00, 0xec, 0x39, 0x0b, 0x00, 0xec, 0x39, 0x0b, 0x00, /* .9...9...9...9.. */
    0xec, 0x39, 0x0b, 0x00, 0xec, 0x39, 0x0b, 0x00, 0xec, 0x39, 0x0b, 0x00, 0xec, 0x39, 0x0b, 0x00, /* .9...9...9...9.. */
    0xec, 0x39, 0x0b, 0x00, 0xec, 0x39, 0x0b, 0x00, 0xec, 0x39, 0x0b, 0x00, 0xec, 0x39, 0x0b, 0x00, /* .9...9...9...9.. */
    0x27, 0x3c, 0x0b, 0x00, 0xc3, 0x37, 0x0b, 0x00, 0xaa, 0x38, 0x0b, 0x00, 0xec, 0x39, 0x0b, 0x00, /* '<...7...8...9.. */
    0xec, 0x39, 0x0b, 0x00, 0xec, 0x39, 0x0b, 0x00, 0xec, 0x39, 0x0b, 0x00, 0xec, 0x39, 0x0b, 0x00, /* .9...9...9...9.. */
    0xec, 0x39, 0x0b, 0x00, 0xec, 0x39, 0x0b, 0x00, 0xec, 0x39, 0x0b, 0x00, 0xec, 0x39, 0x0b, 0x00, /* .9...9...9...9.. */
    0xec, 0x39, 0x0b, 0x00, 0xec, 0x39, 0x0b, 0x00, 0xec, 0x39, 0x0b, 0x00, 0x0d, 0x37, 0x0b, 0x00, /* .9...9...9...7.. */
    0x1e, 0x39, 0x0b, 0x00, 0xec, 0x39, 0x0b, 0x00, 0xec, 0x39, 0x0b, 0x00, 0xec, 0x39, 0x0b, 0x00, /* .9...9...9...9.. */
    0xec, 0x39, 0x0b, 0x00, 0xec, 0x39, 0x0b, 0x00, 0xec, 0x39, 0x0b, 0x00, 0xec, 0x39, 0x0b, 0x00, /* .9...9...9...9.. */
    0xec, 0x39, 0x0b, 0x00, 0xec, 0x39, 0x0b, 0x00, 0xec, 0x39, 0x0b, 0x00, 0xec, 0x39, 0x0b, 0x00, /* .9...9...9...9.. */
    0xec, 0x39, 0x0b, 0x00, 0xec, 0x39, 0x0b, 0x00, 0xec, 0x39, 0x0b, 0x00, 0x33, 0x3d, 0x0b, 0x00, /* .9...9...9..3=.. */
    0x76, 0x80, 0x0b, 0x00, 0xf1, 0x7f, 0x0b, 0x00, 0x7f, 0x85, 0x0b, 0x00, 0x48, 0x85, 0x0b, 0x00, /* v...........H... */
    0xe1, 0x84, 0x0b, 0x00, 0x56, 0x84, 0x0b, 0x00, 0xdc, 0x85, 0x0b, 0x00, 0x98, 0x85, 0x0b, 0x00, /* ....V........... */
    0x67, 0x86, 0x0b, 0x00, 0x24, 0x83, 0x0b, 0x00, 0x2d, 0x84, 0x0b, 0x00, 0x04, 0x84, 0x0b, 0x00, /* g...$...-....... */
    0x7a, 0x83, 0x0b, 0x00, 0x4d, 0x83, 0x0b, 0x00, 0xfa, 0x82, 0x0b, 0x00, 0xd1, 0x82, 0x0b, 0x00, /* z...M........... */
    0x61, 0x82, 0x0b, 0x00, 0x30, 0x82, 0x0b, 0x00, 0xa6, 0x81, 0x0b, 0x00, 0x83, 0x81, 0x0b, 0x00, /* a...0........... */
    0x6a, 0x81, 0x0b, 0x00, 0x76, 0x80, 0x0b, 0x00, 0x1f, 0x81, 0x0b, 0x00, 0xb7, 0x80, 0x0b, 0x00, /* j...v........... */
    0x0b, 0xd5, 0x0b, 0x00, 0x91, 0xd7, 0x0b, 0x00, 0xcf, 0xd6, 0x0b, 0x00, 0x30, 0xd7, 0x0b, 0x00, /* ............0... */
    0x6e, 0xd6, 0x0b, 0x00, 0x0d, 0xd6, 0x0b, 0x00, 0xac, 0xd5, 0x0b, 0x00, 0x66, 0xd5, 0x0b, 0x00, /* n...........f... */
    0x87, 0xe1, 0x0b, 0x00, 0x8e, 0xe1, 0x0b, 0x00, 0xcd, 0xe1, 0x0b, 0x00, 0xcd, 0xe1, 0x0b, 0x00, /* ................ */
    0x95, 0xe1, 0x0b, 0x00, 0x95, 0xe1, 0x0b, 0x00, 0x83, 0xe1, 0x0b, 0x00, 0x83, 0xe1, 0x0b, 0x00, /* ................ */
    0x83, 0xe1, 0x0b, 0x00, 0x83, 0xe1, 0x0b, 0x00, 0x83, 0xe1, 0x0b, 0x00, 0x83, 0xe1, 0x0b, 0x00, /* ................ */
    0x83, 0xe1, 0x0b, 0x00, 0x83, 0xe1, 0x0b, 0x00, 0x83, 0xe1, 0x0b, 0x00, 0x83, 0xe1, 0x0b, 0x00, /* ................ */
    0x9c, 0xe1, 0x0b, 0x00, 0x9c, 0xe1, 0x0b, 0x00, 0x83, 0xe1, 0x0b, 0x00, 0x83, 0xe1, 0x0b, 0x00, /* ................ */
    0x83, 0xe1, 0x0b, 0x00, 0xa3, 0xe1, 0x0b, 0x00, 0xa3, 0xe1, 0x0b, 0x00, 0xa3, 0xe1, 0x0b, 0x00, /* ................ */
    0xaa, 0xe1, 0x0b, 0x00, 0xaa, 0xe1, 0x0b, 0x00, 0x83, 0xe1, 0x0b, 0x00, 0xb1, 0xe1, 0x0b, 0x00, /* ................ */
    0xb8, 0xe1, 0x0b, 0x00, 0xbf, 0xe1, 0x0b, 0x00, 0xc6, 0xe1, 0x0b, 0x00, 0xc6, 0xe1, 0x0b, 0x00, /* ................ */
    0xcd, 0xe1, 0x0b, 0x00, 0xcd, 0xe1, 0x0b, 0x00, 0x83, 0xe1, 0x0b, 0x00, 0x83, 0xe1, 0x0b, 0x00, /* ................ */
    0x83, 0xe1, 0x0b, 0x00, 0xd4, 0xe1, 0x0b, 0x00, 0xd4, 0xe1, 0x0b, 0x00, 0x00, 0x00, 0x00, 0x00, /* ................ */
    0x00, 0x00, 0x00, 0x00, 0x00, 0x00, 0x00, 0x80, 0x00, 0x00, 0x00, 0x00, 0x00, 0x00, 0x00, 0x00, /* ................ */
    0xaa, 0xed, 0x0b, 0x00, 0x75, 0xeb, 0x0b, 0x00, 0xd9, 0xec, 0x0b, 0x00, 0xe8, 0xed, 0x0b, 0x00, /* ....u........... */
    0x09, 0xee, 0x0b, 0x00, 0x2a, 0xee, 0x0b, 0x00, 0xba, 0xeb, 0x0b, 0x00, 0xba, 0xeb, 0x0b, 0x00, /* ....*........... */
    0xba, 0xeb, 0x0b, 0x00, 0xba, 0xeb, 0x0b, 0x00, 0xba, 0xeb, 0x0b, 0x00, 0xba, 0xeb, 0x0b, 0x00, /* ................ */
    0xba, 0xeb, 0x0b, 0x00, 0xba, 0xeb, 0x0b, 0x00, 0xba, 0xeb, 0x0b, 0x00, 0xba, 0xeb, 0x0b, 0x00, /* ................ */
    0x47, 0xee, 0x0b, 0x00, 0x52, 0xee, 0x0b, 0x00, 0xba, 0xeb, 0x0b, 0x00, 0xba, 0xeb, 0x0b, 0x00, /* G...R........... */
    0xba, 0xeb, 0x0b, 0x00, 0x5d, 0xee, 0x0b, 0x00, 0x73, 0xee, 0x0b, 0x00, 0xa0, 0xee, 0x0b, 0x00, /* ....]...s....... */
    0xba, 0xee, 0x0b, 0x00, 0xf0, 0xee, 0x0b, 0x00, 0xba, 0xeb, 0x0b, 0x00, 0xd6, 0xee, 0x0b, 0x00, /* ................ */
    0xe3, 0xee, 0x0b, 0x00, 0x5c, 0xed, 0x0b, 0x00, 0x0c, 0xef, 0x0b, 0x00, 0x69, 0xed, 0x0b, 0x00, /* ....\.......i... */
    0x89, 0xed, 0x0b, 0x00, 0x02, 0xed, 0x0b, 0x00, 0xba, 0xeb, 0x0b, 0x00, 0xba, 0xeb, 0x0b, 0x00, /* ................ */
    0xba, 0xeb, 0x0b, 0x00, 0x20, 0xed, 0x0b, 0x00, 0xaf, 0xec, 0x0b, 0x00, 0x43, 0xeb, 0x0b, 0x00, /* .... .......C... */
    0x43, 0xeb, 0x0b, 0x00, 0x43, 0xeb, 0x0b, 0x00, 0x43, 0xeb, 0x0b, 0x00, 0x43, 0xeb, 0x0b, 0x00, /* C...C...C...C... */
    0x43, 0xeb, 0x0b, 0x00, 0x4f, 0xea, 0x0b, 0x00, 0x4f, 0xea, 0x0b, 0x00, 0x4f, 0xea, 0x0b, 0x00, /* C...O...O...O... */
    0x4f, 0xea, 0x0b, 0x00, 0x4f, 0xea, 0x0b, 0x00, 0xcd, 0xea, 0x0b, 0x00, 0xcd, 0xea, 0x0b, 0x00, /* O...O........... */
    0x4f, 0xea, 0x0b, 0x00, 0x4f, 0xea, 0x0b, 0x00, 0x4f, 0xea, 0x0b, 0x00, 0x43, 0xeb, 0x0b, 0x00, /* O...O...O...C... */
    0x43, 0xeb, 0x0b, 0x00, 0x4f, 0xea, 0x0b, 0x00, 0x4f, 0xea, 0x0b, 0x00, 0x4f, 0xea, 0x0b, 0x00, /* C...O...O...O... */
    0x43, 0xeb, 0x0b, 0x00, 0x43, 0xeb, 0x0b, 0x00, 0x43, 0xeb, 0x0b, 0x00, 0x43, 0xeb, 0x0b, 0x00, /* C...C...C...C... */
    0x63, 0xeb, 0x0b, 0x00, 0x4f, 0xea, 0x0b, 0x00, 0x43, 0xeb, 0x0b, 0x00, 0x43, 0xeb, 0x0b, 0x00, /* c...O...C...C... */
    0x43, 0xeb, 0x0b, 0x00, 0x27, 0xeb, 0x0b, 0x00, 0x27, 0xeb, 0x0b, 0x00, 0x43, 0xeb, 0x0b, 0x00, /* C...'...'...C... */
    0x43, 0xeb, 0x0b, 0x00, 0x4f, 0xea, 0x0b, 0x00, 0x4f, 0xea, 0x0b, 0x00, 0x4f, 0xea, 0x0b, 0x00, /* C...O...O...O... */
    0x43, 0xeb, 0x0b, 0x00, 0x43, 0xeb, 0x0b, 0x00, 0x59, 0xec, 0x0b, 0x00, 0x60, 0xec, 0x0b, 0x00, /* C...C...Y...`... */
    0x52, 0xec, 0x0b, 0x00, 0x52, 0xec, 0x0b, 0x00, 0x67, 0xec, 0x0b, 0x00, 0x67, 0xec, 0x0b, 0x00, /* R...R...g...g... */
    0x14, 0xec, 0x0b, 0x00, 0x14, 0xec, 0x0b, 0x00, 0x14, 0xec, 0x0b, 0x00, 0x14, 0xec, 0x0b, 0x00, /* ................ */
    0x14, 0xec, 0x0b, 0x00, 0x14, 0xec, 0x0b, 0x00, 0x14, 0xec, 0x0b, 0x00, 0x14, 0xec, 0x0b, 0x00, /* ................ */
    0x14, 0xec, 0x0b, 0x00, 0x14, 0xec, 0x0b, 0x00, 0x6e, 0xec, 0x0b, 0x00, 0x6e, 0xec, 0x0b, 0x00, /* ........n...n... */
    0x14, 0xec, 0x0b, 0x00, 0x14, 0xec, 0x0b, 0x00, 0x14, 0xec, 0x0b, 0x00, 0x75, 0xec, 0x0b, 0x00, /* ............u... */
    0x75, 0xec, 0x0b, 0x00, 0x75, 0xec, 0x0b, 0x00, 0x7c, 0xec, 0x0b, 0x00, 0x7c, 0xec, 0x0b, 0x00, /* u...u...|...|... */
    0x14, 0xec, 0x0b, 0x00, 0x83, 0xec, 0x0b, 0x00, 0x8a, 0xec, 0x0b, 0x00, 0x91, 0xec, 0x0b, 0x00, /* ................ */
    0x9b, 0xec, 0x0b, 0x00, 0x9b, 0xec, 0x0b, 0x00, 0x52, 0xec, 0x0b, 0x00, 0x52, 0xec, 0x0b, 0x00, /* ........R...R... */
    0x14, 0xec, 0x0b, 0x00, 0x14, 0xec, 0x0b, 0x00, 0x14, 0xec, 0x0b, 0x00, 0xa5, 0xec, 0x0b, 0x00, /* ................ */
    0xa5, 0xec, 0x0b, 0x00, 0x00, 0x00, 0x00, 0x00, 0x00, 0x00, 0x00, 0x00, 0x00, 0x00, 0x00, 0x00, /* ................ */
    0xff, 0xff, 0xff, 0x7f, 0x00, 0x00, 0x00, 0x00, 0x00, 0x00, 0x00, 0x00, 0x00, 0x00, 0x00, 0x00, /* ................ */
    0xff, 0xff, 0xff, 0x7f, 0x00, 0x00, 0x00, 0x00, 0x00, 0x00, 0x00, 0x00, 0x00, 0x00, 0x00, 0x00, /* ................ */
    0x00, 0x00, 0x00, 0x00, 0x00, 0x00, 0x00, 0x00, 0x00, 0x00, 0x00, 0x00, 0x00, 0x00, 0x00, 0x00, /* ................ */
    0x44, 0x2e, 0x0c, 0x00, 0x3d, 0x2d, 0x0c, 0x00, 0x3d, 0x2d, 0x0c, 0x00, 0x3d, 0x2d, 0x0c, 0x00, /* D...=-..=-..=-.. */
    0x3d, 0x2d, 0x0c, 0x00, 0x3a, 0x2e, 0x0c, 0x00, 0x3d, 0x2d, 0x0c, 0x00, 0x3d, 0x2d, 0x0c, 0x00, /* =-..:...=-..=-.. */
    0x3d, 0x2d, 0x0c, 0x00, 0x3d, 0x2d, 0x0c, 0x00, 0x3d, 0x2d, 0x0c, 0x00, 0x3d, 0x2d, 0x0c, 0x00, /* =-..=-..=-..=-.. */
    0x3d, 0x2d, 0x0c, 0x00, 0x3d, 0x2d, 0x0c, 0x00, 0x3d, 0x2d, 0x0c, 0x00, 0x3d, 0x2d, 0x0c, 0x00, /* =-..=-..=-..=-.. */
    0x3d, 0x2d, 0x0c, 0x00, 0x3d, 0x2d, 0x0c, 0x00, 0x3d, 0x2d, 0x0c, 0x00, 0x3d, 0x2d, 0x0c, 0x00, /* =-..=-..=-..=-.. */
    0x3d, 0x2d, 0x0c, 0x00, 0x3d, 0x2d, 0x0c, 0x00, 0x3d, 0x2d, 0x0c, 0x00, 0x3d, 0x2d, 0x0c, 0x00, /* =-..=-..=-..=-.. */
    0x3d, 0x2d, 0x0c, 0x00, 0x3d, 0x2d, 0x0c, 0x00, 0x3d, 0x2d, 0x0c, 0x00, 0x3d, 0x2d, 0x0c, 0x00, /* =-..=-..=-..=-.. */
    0x3d, 0x2d, 0x0c, 0x00, 0x4e, 0x2e, 0x0c, 0x00, 0x3d, 0x2d, 0x0c, 0x00, 0x3d, 0x2d, 0x0c, 0x00, /* =-..N...=-..=-.. */
    0x3d, 0x2d, 0x0c, 0x00, 0x3d, 0x2d, 0x0c, 0x00, 0x3d, 0x2d, 0x0c, 0x00, 0x3d, 0x2d, 0x0c, 0x00, /* =-..=-..=-..=-.. */
    0x3d, 0x2d, 0x0c, 0x00, 0x3d, 0x2d, 0x0c, 0x00, 0x3d, 0x2d, 0x0c, 0x00, 0x3d, 0x2d, 0x0c, 0x00, /* =-..=-..=-..=-.. */
    0x3d, 0x2d, 0x0c, 0x00, 0x3d, 0x2d, 0x0c, 0x00, 0x3d, 0x2d, 0x0c, 0x00, 0x3d, 0x2d, 0x0c, 0x00, /* =-..=-..=-..=-.. */
    0x3d, 0x2d, 0x0c, 0x00, 0x3d, 0x2d, 0x0c, 0x00, 0x3d, 0x2d, 0x0c, 0x00, 0x3d, 0x2d, 0x0c, 0x00, /* =-..=-..=-..=-.. */
    0x3d, 0x2d, 0x0c, 0x00, 0x3d, 0x2d, 0x0c, 0x00, 0x3d, 0x2d, 0x0c, 0x00, 0x3d, 0x2d, 0x0c, 0x00, /* =-..=-..=-..=-.. */
    0x3d, 0x2d, 0x0c, 0x00, 0x3d, 0x2d, 0x0c, 0x00, 0x3d, 0x2d, 0x0c, 0x00, 0x3d, 0x2d, 0x0c, 0x00, /* =-..=-..=-..=-.. */
    0x3d, 0x2d, 0x0c, 0x00, 0x3d, 0x2d, 0x0c, 0x00, 0x58, 0x2e, 0x0c, 0x00, 0x3d, 0x2d, 0x0c, 0x00, /* =-..=-..X...=-.. */
    0x3d, 0x2d, 0x0c, 0x00, 0x3d, 0x2d, 0x0c, 0x00, 0x3d, 0x2d, 0x0c, 0x00, 0x62, 0x2e, 0x0c, 0x00, /* =-..=-..=-..b... */
    0x6c, 0x2e, 0x0c, 0x00, 0x3d, 0x2d, 0x0c, 0x00, 0x3d, 0x2d, 0x0c, 0x00, 0x3d, 0x2d, 0x0c, 0x00, /* l...=-..=-..=-.. */
    0x76, 0x2e, 0x0c, 0x00, 0x3d, 0x2d, 0x0c, 0x00, 0x3d, 0x2d, 0x0c, 0x00, 0x3d, 0x2d, 0x0c, 0x00, /* v...=-..=-..=-.. */
    0x3d, 0x2d, 0x0c, 0x00, 0x3d, 0x2d, 0x0c, 0x00, 0x3d, 0x2d, 0x0c, 0x00, 0x3d, 0x2d, 0x0c, 0x00, /* =-..=-..=-..=-.. */
    0x80, 0x2e, 0x0c, 0x00, 0x3d, 0x2d, 0x0c, 0x00, 0x3d, 0x2d, 0x0c, 0x00, 0x3d, 0x2d, 0x0c, 0x00, /* ....=-..=-..=-.. */
    0x8a, 0x2e, 0x0c, 0x00, 0x3d, 0x2d, 0x0c, 0x00, 0x94, 0x2e, 0x0c, 0x00, 0x3d, 0x2d, 0x0c, 0x00, /* ....=-......=-.. */
    0x9e, 0x2e, 0x0c, 0x00, 0x3d, 0x2d, 0x0c, 0x00, 0xfb, 0x2d, 0x0c, 0x00, 0x00, 0x00, 0x00, 0x00, /* ....=-...-...... */
    0x50, 0x7d, 0x0c, 0x00, 0x8b, 0x7d, 0x0c, 0x00, 0x81, 0x7d, 0x0c, 0x00, 0x7b, 0x7d, 0x0c, 0x00, /* P}...}...}..{}.. */
    0x75, 0x7d, 0x0c, 0x00, 0x5c, 0x7d, 0x0c, 0x00, 0x42, 0x7d, 0x0c, 0x00, 0x42, 0x7d, 0x0c, 0x00 /* u}..\}..B}..B}.. */
};

/* 0x002f2220 */
const unsigned char quadIndices_136165[32] __asm__("quadIndices.136165") = {
    0x00, 0x00, 0x01, 0x00, 0x02, 0x00, 0x02, 0x00, 0x01, 0x00, 0x03, 0x00, 0x00, 0x00, 0x00, 0x00, /* ................ */
    0x00, 0x00, 0x00, 0x00, 0x00, 0x00, 0x00, 0x00, 0x00, 0x00, 0x00, 0x00, 0x00, 0x00, 0x00, 0x00 /* ................ */
};

/* 0x002f2240 */
const unsigned char cornerTexCoords_136164[32] __asm__("cornerTexCoords.136164") = {
    0x00, 0x00, 0x00, 0x00, 0x00, 0x00, 0x00, 0x00, 0x00, 0x00, 0x00, 0x00, 0x00, 0x00, 0x80, 0x3f, /* ...............? */
    0x00, 0x00, 0x80, 0x3f, 0x00, 0x00, 0x00, 0x00, 0x00, 0x00, 0x80, 0x3f, 0x00, 0x00, 0x80, 0x3f /* ...?.......?...? */
};

/* 0x002f2260 */
const unsigned char s_viewportBehaviorForRenderTarget[48] = {
    0x00, 0x00, 0x00, 0x00, 0x01, 0x00, 0x00, 0x00, 0x01, 0x00, 0x00, 0x00, 0x00, 0x00, 0x00, 0x00, /* ................ */
    0x00, 0x00, 0x00, 0x00, 0x01, 0x00, 0x00, 0x00, 0x01, 0x00, 0x00, 0x00, 0x01, 0x00, 0x00, 0x00, /* ................ */
    0x01, 0x00, 0x00, 0x00, 0x01, 0x00, 0x00, 0x00, 0x01, 0x00, 0x00, 0x00, 0x01, 0x00, 0x00, 0x00 /* ................ */
};

/* 0x002f2290 */
const unsigned char s_filterTable[16] = { 0x00, 0x00, 0x00, 0x00, 0x01, 0x00, 0x00, 0x00, 0x02, 0x00, 0x00, 0x00, 0x03, 0x00, 0x00, 0x00 };

/* 0x002f22a0 */
const unsigned char defaultSamplerStateTable[32] = {
    0x01, 0x02, 0x06, 0x0a, 0x0b, 0x00, 0x00, 0x00, 0x00, 0x00, 0x00, 0x00, 0x00, 0x00, 0x00, 0x00, /* ................ */
    0x00, 0x00, 0x00, 0x00, 0x00, 0x00, 0x00, 0x00, 0x00, 0x00, 0x00, 0x00, 0x00, 0x00, 0x00, 0x00 /* ................ */
};

/* 0x002f22c0 */
const unsigned char s_textureOpTable[184] = {
    0x01, 0x00, 0x00, 0x00, 0x00, 0x00, 0x00, 0x00, 0x02, 0x00, 0x00, 0x00, 0x01, 0x00, 0x00, 0x00, /* ................ */
    0x03, 0x00, 0x00, 0x00, 0x02, 0x00, 0x00, 0x00, 0x04, 0x00, 0x00, 0x00, 0x03, 0x00, 0x00, 0x00, /* ................ */
    0x05, 0x00, 0x00, 0x00, 0x03, 0x00, 0x00, 0x00, 0x06, 0x00, 0x00, 0x00, 0x03, 0x00, 0x00, 0x00, /* ................ */
    0x07, 0x00, 0x00, 0x00, 0x03, 0x00, 0x00, 0x00, 0x08, 0x00, 0x00, 0x00, 0x03, 0x00, 0x00, 0x00, /* ................ */
    0x09, 0x00, 0x00, 0x00, 0x03, 0x00, 0x00, 0x00, 0x0a, 0x00, 0x00, 0x00, 0x03, 0x00, 0x00, 0x00, /* ................ */
    0x0b, 0x00, 0x00, 0x00, 0x03, 0x00, 0x00, 0x00, 0x0c, 0x00, 0x00, 0x00, 0x03, 0x00, 0x00, 0x00, /* ................ */
    0x0d, 0x00, 0x00, 0x00, 0x03, 0x00, 0x00, 0x00, 0x0e, 0x00, 0x00, 0x00, 0x03, 0x00, 0x00, 0x00, /* ................ */
    0x0f, 0x00, 0x00, 0x00, 0x03, 0x00, 0x00, 0x00, 0x10, 0x00, 0x00, 0x00, 0x03, 0x00, 0x00, 0x00, /* ................ */
    0x12, 0x00, 0x00, 0x00, 0x03, 0x00, 0x00, 0x00, 0x13, 0x00, 0x00, 0x00, 0x03, 0x00, 0x00, 0x00, /* ................ */
    0x14, 0x00, 0x00, 0x00, 0x03, 0x00, 0x00, 0x00, 0x15, 0x00, 0x00, 0x00, 0x03, 0x00, 0x00, 0x00, /* ................ */
    0x18, 0x00, 0x00, 0x00, 0x03, 0x00, 0x00, 0x00, 0x19, 0x00, 0x00, 0x00, 0x07, 0x00, 0x00, 0x00, /* ................ */
    0x1a, 0x00, 0x00, 0x00, 0x07, 0x00, 0x00, 0x00 /* ........ */
};

/* 0x002f2378 */
const unsigned char s_textureArgTable[40] = {
    0x06, 0x00, 0x00, 0x00, 0x01, 0x00, 0x00, 0x00, 0x00, 0x00, 0x00, 0x00, 0x04, 0x00, 0x00, 0x00, /* ................ */
    0x05, 0x00, 0x00, 0x00, 0x02, 0x00, 0x00, 0x00, 0x03, 0x00, 0x00, 0x00, 0x00, 0x00, 0x00, 0x00, /* ................ */
    0x00, 0x00, 0x00, 0x00, 0x00, 0x00, 0x00, 0x00 /* ........ */
};

/* 0x002f23a0 */
const unsigned char s_stencilFuncTable[32] = {
    0x01, 0x00, 0x00, 0x00, 0x02, 0x00, 0x00, 0x00, 0x03, 0x00, 0x00, 0x00, 0x04, 0x00, 0x00, 0x00, /* ................ */
    0x05, 0x00, 0x00, 0x00, 0x06, 0x00, 0x00, 0x00, 0x07, 0x00, 0x00, 0x00, 0x08, 0x00, 0x00, 0x00 /* ................ */
};

/* 0x002f23c0 */
const unsigned char s_stencilFuncDecode[32] = {
    0x11, 0x00, 0x00, 0x00, 0x38, 0x00, 0x00, 0x00, 0x1d, 0x00, 0x00, 0x00, 0xbd, 0x00, 0x00, 0x00, /* ....8........... */
    0x00, 0x00, 0x00, 0x00, 0x00, 0x00, 0x00, 0x00, 0x00, 0x00, 0x00, 0x00, 0x00, 0x00, 0x00, 0x00 /* ................ */
};

/* 0x002f23e0 */
const unsigned char s_stencilOpTable[32] = {
    0x01, 0x00, 0x00, 0x00, 0x02, 0x00, 0x00, 0x00, 0x03, 0x00, 0x00, 0x00, 0x04, 0x00, 0x00, 0x00, /* ................ */
    0x05, 0x00, 0x00, 0x00, 0x06, 0x00, 0x00, 0x00, 0x07, 0x00, 0x00, 0x00, 0x08, 0x00, 0x00, 0x00 /* ................ */
};

/* 0x002f2400 */
const unsigned char s_stencilOpDecode[64] = {
    0x08, 0x00, 0x00, 0x00, 0x37, 0x00, 0x00, 0x00, 0x0b, 0x00, 0x00, 0x00, 0x35, 0x00, 0x00, 0x00, /* ....7.......5... */
    0x0e, 0x00, 0x00, 0x00, 0x36, 0x00, 0x00, 0x00, 0x14, 0x00, 0x00, 0x00, 0xbc, 0x00, 0x00, 0x00, /* ....6........... */
    0x17, 0x00, 0x00, 0x00, 0xba, 0x00, 0x00, 0x00, 0x1a, 0x00, 0x00, 0x00, 0xbb, 0x00, 0x00, 0x00, /* ................ */
    0x00, 0x00, 0x00, 0x00, 0x00, 0x00, 0x00, 0x00, 0x00, 0x00, 0x00, 0x00, 0x00, 0x00, 0x00, 0x00 /* ................ */
};

/* 0x002f2440 */
const unsigned char s_blendTable[52] = {
    0x00, 0x00, 0x00, 0x00, 0x01, 0x00, 0x00, 0x00, 0x02, 0x00, 0x00, 0x00, 0x03, 0x00, 0x00, 0x00, /* ................ */
    0x04, 0x00, 0x00, 0x00, 0x05, 0x00, 0x00, 0x00, 0x06, 0x00, 0x00, 0x00, 0x07, 0x00, 0x00, 0x00, /* ................ */
    0x08, 0x00, 0x00, 0x00, 0x09, 0x00, 0x00, 0x00, 0x0a, 0x00, 0x00, 0x00, 0x0e, 0x00, 0x00, 0x00, /* ................ */
    0x0f, 0x00, 0x00, 0x00 /* .... */
};

/* 0x002f2474 */
const unsigned char s_blendOpTable[24] = {
    0x00, 0x00, 0x00, 0x00, 0x01, 0x00, 0x00, 0x00, 0x02, 0x00, 0x00, 0x00, 0x03, 0x00, 0x00, 0x00, /* ................ */
    0x04, 0x00, 0x00, 0x00, 0x05, 0x00, 0x00, 0x00 /* ........ */
};

/* 0x002f248c */
const unsigned char s_cullTable[16] = { 0x00, 0x00, 0x00, 0x00, 0x01, 0x00, 0x00, 0x00, 0x03, 0x00, 0x00, 0x00, 0x02, 0x00, 0x00, 0x00 };

/* 0x002f249c */
const unsigned char texStageEnums_126457[16] __asm__("texStageEnums.126457") = { 0x04, 0x00, 0x00, 0x00, 0x05, 0x00, 0x00, 0x00, 0x06, 0x00, 0x00, 0x00, 0x1b, 0x00, 0x00, 0x00 };

/* 0x002f24ac */
const unsigned char texStageEnums_126452[20] __asm__("texStageEnums.126452") = {
    0x01, 0x00, 0x00, 0x00, 0x02, 0x00, 0x00, 0x00, 0x03, 0x00, 0x00, 0x00, 0x1a, 0x00, 0x00, 0x00, /* ................ */
    0x00, 0x00, 0x00, 0x00 /* .... */
};

/* 0x002f24c0 */
const unsigned char boxVerts_002f24c0[288] = {
    0x00, 0x00, 0x00, 0x00, 0x00, 0x00, 0x00, 0x00, 0x00, 0x00, 0x00, 0x00, 0x01, 0x00, 0x00, 0x00, /* ................ */
    0x00, 0x00, 0x00, 0x00, 0x00, 0x00, 0x00, 0x00, 0x00, 0x00, 0x00, 0x00, 0x00, 0x00, 0x00, 0x00, /* ................ */
    0x00, 0x00, 0x00, 0x00, 0x00, 0x00, 0x00, 0x00, 0x01, 0x00, 0x00, 0x00, 0x00, 0x00, 0x00, 0x00, /* ................ */
    0x01, 0x00, 0x00, 0x00, 0x01, 0x00, 0x00, 0x00, 0x00, 0x00, 0x00, 0x00, 0x01, 0x00, 0x00, 0x00, /* ................ */
    0x00, 0x00, 0x00, 0x00, 0x00, 0x00, 0x00, 0x00, 0x01, 0x00, 0x00, 0x00, 0x01, 0x00, 0x00, 0x00, /* ................ */
    0x00, 0x00, 0x00, 0x00, 0x00, 0x00, 0x00, 0x00, 0x01, 0x00, 0x00, 0x00, 0x00, 0x00, 0x00, 0x00, /* ................ */
    0x00, 0x00, 0x00, 0x00, 0x00, 0x00, 0x00, 0x00, 0x01, 0x00, 0x00, 0x00, 0x01, 0x00, 0x00, 0x00, /* ................ */
    0x00, 0x00, 0x00, 0x00, 0x01, 0x00, 0x00, 0x00, 0x00, 0x00, 0x00, 0x00, 0x00, 0x00, 0x00, 0x00, /* ................ */
    0x01, 0x00, 0x00, 0x00, 0x00, 0x00, 0x00, 0x00, 0x01, 0x00, 0x00, 0x00, 0x01, 0x00, 0x00, 0x00, /* ................ */
    0x01, 0x00, 0x00, 0x00, 0x01, 0x00, 0x00, 0x00, 0x01, 0x00, 0x00, 0x00, 0x01, 0x00, 0x00, 0x00, /* ................ */
    0x00, 0x00, 0x00, 0x00, 0x01, 0x00, 0x00, 0x00, 0x01, 0x00, 0x00, 0x00, 0x01, 0x00, 0x00, 0x00, /* ................ */
    0x01, 0x00, 0x00, 0x00, 0x00, 0x00, 0x00, 0x00, 0x01, 0x00, 0x00, 0x00, 0x01, 0x00, 0x00, 0x00, /* ................ */
    0x00, 0x00, 0x00, 0x00, 0x00, 0x00, 0x00, 0x00, 0x00, 0x00, 0x00, 0x00, 0x00, 0x00, 0x00, 0x00, /* ................ */
    0x00, 0x00, 0x00, 0x00, 0x01, 0x00, 0x00, 0x00, 0x01, 0x00, 0x00, 0x00, 0x00, 0x00, 0x00, 0x00, /* ................ */
    0x00, 0x00, 0x00, 0x00, 0x01, 0x00, 0x00, 0x00, 0x00, 0x00, 0x00, 0x00, 0x01, 0x00, 0x00, 0x00, /* ................ */
    0x00, 0x00, 0x00, 0x00, 0x01, 0x00, 0x00, 0x00, 0x00, 0x00, 0x00, 0x00, 0x00, 0x00, 0x00, 0x00, /* ................ */
    0x01, 0x00, 0x00, 0x00, 0x01, 0x00, 0x00, 0x00, 0x01, 0x00, 0x00, 0x00, 0x01, 0x00, 0x00, 0x00, /* ................ */
    0x00, 0x00, 0x00, 0x00, 0x01, 0x00, 0x00, 0x00, 0x01, 0x00, 0x00, 0x00, 0x01, 0x00, 0x00, 0x00 /* ................ */
};

/* 0x002f25e0 */
const unsigned char s_streamSourceInfo[84] = {
    0x00, 0x00, 0x03, 0x00, 0x10, 0x02, 0x00, 0x1c, 0x04, 0x00, 0x20, 0x01, 0xff, 0x00, 0x00, 0x00, /* .......... ..... */
    0x28, 0x02, 0x00, 0x34, 0x02, 0x00, 0x00, 0x02, 0x00, 0x0c, 0x02, 0x00, 0x18, 0x04, 0x00, 0x1c, /* (..4............ */
    0x01, 0x00, 0x24, 0x01, 0x00, 0x2c, 0x02, 0x00, 0x38, 0x02, 0x00, 0x00, 0x02, 0xff, 0x00, 0x00, /* ..$..,..8....... */
    0xff, 0x00, 0x00, 0x00, 0x0c, 0x01, 0xff, 0x00, 0x00, 0xff, 0x00, 0x00, 0xff, 0x00, 0x00, 0x00, /* ................ */
    0x00, 0x02, 0x00, 0x0c, 0x02, 0x00, 0x18, 0x04, 0x00, 0x1c, 0x01, 0x00, 0x24, 0x06, 0x00, 0x28, /* ............$..( */
    0x02, 0x00, 0x34, 0x02 /* ..4. */
};

/* 0x002f2634 */
const unsigned char s_streamDestInfo[24] = {
    0x00, 0x00, 0x03, 0x00, 0x0a, 0x00, 0x0a, 0x01, 0x05, 0x00, 0x05, 0x01, 0x05, 0x02, 0x05, 0x03, /* ................ */
    0x05, 0x04, 0x05, 0x05, 0x05, 0x06, 0x05, 0x07 /* ........ */
};

/* 0x002f264c */
const unsigned char declEnd_131795[20] __asm__("declEnd.131795") = {
    0xff, 0x00, 0x00, 0x00, 0x11, 0x00, 0x00, 0x00, 0x00, 0x00, 0x00, 0x00, 0x00, 0x00, 0x00, 0x00, /* ................ */
    0x00, 0x00, 0x00, 0x00 /* .... */
};

/* 0x002f2660 */
const unsigned char __ZZ14RB_LookupColorhPhE11color_table[48] = {
    0x00, 0x00, 0x00, 0xff, 0xff, 0x00, 0x00, 0xff, 0x00, 0xff, 0x00, 0xff, 0xff, 0xff, 0x00, 0xff, /* ................ */
    0x00, 0x00, 0xff, 0xff, 0x00, 0xff, 0xff, 0xff, 0xff, 0x00, 0xff, 0xff, 0xff, 0xff, 0xff, 0xff, /* ................ */
    0x00, 0x00, 0x00, 0x80, 0x00, 0x00, 0x00, 0x00, 0x00, 0x00, 0x00, 0x00, 0x00, 0x00, 0x00, 0x00 /* ................ */
};

/* 0x002f2690 */
const unsigned char __ZZ21RB_RenderDrawSurfListP11GfxDrawSurfi21MaterialTechniqueType16GfxDrawSurfOrderE20refEntIsInWorldSpace[112] = {
    0x00, 0x00, 0x00, 0x00, 0x01, 0x01, 0x00, 0x01, 0x01, 0x01, 0x00, 0x00, 0x00, 0x00, 0x00, 0x00, /* ................ */
    0x00, 0x00, 0x00, 0x80, 0x00, 0x00, 0x00, 0x00, 0x00, 0x00, 0x00, 0x00, 0x00, 0x00, 0x00, 0x00, /* ................ */
    0x00, 0x00, 0x00, 0x80, 0x00, 0x00, 0x00, 0x00, 0x00, 0x00, 0x00, 0x00, 0x00, 0x00, 0x00, 0x00, /* ................ */
    0x00, 0x00, 0x00, 0x80, 0x00, 0x00, 0x00, 0x00, 0x00, 0x00, 0x00, 0x00, 0x00, 0x00, 0x00, 0x00, /* ................ */
    0x00, 0x00, 0x00, 0x00, 0x00, 0x00, 0x00, 0x00, 0x00, 0x00, 0x00, 0x00, 0x00, 0x00, 0x00, 0x00, /* ................ */
    0x00, 0x00, 0x00, 0x80, 0x00, 0x00, 0x00, 0x00, 0x00, 0x00, 0x00, 0x00, 0x00, 0x00, 0x00, 0x00, /* ................ */
    0x00, 0x00, 0x00, 0x00, 0x00, 0x00, 0x00, 0x00, 0x00, 0x00, 0x00, 0x00, 0x00, 0x00, 0x00, 0x00 /* ................ */
};

/* 0x002f2700 */
const unsigned char vec3_colorintensity[32] = {
    0x87, 0x16, 0x99, 0x3e, 0xa2, 0x45, 0x16, 0x3f, 0xd5, 0x78, 0xe9, 0x3d, 0x00, 0x00, 0x00, 0x00, /* ...>.E.?.x.=.... */
    0x00, 0x00, 0x00, 0x00, 0x00, 0x00, 0x00, 0x00, 0x00, 0x00, 0x00, 0x00, 0x00, 0x00, 0x00, 0x00 /* ................ */
};

/* 0x002f2720 */
const unsigned char cubemapShotAxis[736] = {
    0x00, 0x00, 0x00, 0x00, 0x00, 0x00, 0x00, 0x00, 0x00, 0x00, 0x00, 0x00, 0x00, 0x00, 0x00, 0x00, /* ................ */
    0x00, 0x00, 0x00, 0x00, 0x00, 0x00, 0x00, 0x00, 0x00, 0x00, 0x00, 0x00, 0x00, 0x00, 0x00, 0x00, /* ................ */
    0x00, 0x00, 0x00, 0x00, 0x00, 0x00, 0x00, 0x00, 0x00, 0x00, 0x00, 0x00, 0x00, 0x00, 0x80, 0x3f, /* ...............? */
    0x00, 0x00, 0x80, 0x3f, 0x00, 0x00, 0x00, 0x00, 0x00, 0x00, 0x00, 0x00, 0x00, 0x00, 0x00, 0x00, /* ...?............ */
    0x00, 0x00, 0x80, 0x3f, 0x00, 0x00, 0x00, 0x00, 0x00, 0x00, 0x00, 0x00, 0x00, 0x00, 0x00, 0x00, /* ...?............ */
    0x00, 0x00, 0x80, 0xbf, 0x00, 0x00, 0x80, 0xbf, 0x00, 0x00, 0x00, 0x00, 0x00, 0x00, 0x00, 0x00, /* ................ */
    0x00, 0x00, 0x00, 0x00, 0x00, 0x00, 0x80, 0x3f, 0x00, 0x00, 0x00, 0x00, 0x00, 0x00, 0x00, 0x00, /* .......?........ */
    0x00, 0x00, 0x80, 0x3f, 0x00, 0x00, 0x00, 0x00, 0x00, 0x00, 0x80, 0xbf, 0x00, 0x00, 0x00, 0x00, /* ...?............ */
    0x00, 0x00, 0x00, 0x00, 0x00, 0x00, 0x00, 0x00, 0x00, 0x00, 0x00, 0x00, 0x00, 0x00, 0x80, 0x3f, /* ...............? */
    0x00, 0x00, 0x00, 0x00, 0x00, 0x00, 0x80, 0xbf, 0x00, 0x00, 0x00, 0x00, 0x00, 0x00, 0x80, 0x3f, /* ...............? */
    0x00, 0x00, 0x00, 0x00, 0x00, 0x00, 0x00, 0x00, 0x00, 0x00, 0x00, 0x00, 0x00, 0x00, 0x00, 0x00, /* ................ */
    0x00, 0x00, 0x80, 0x3f, 0x00, 0x00, 0x80, 0x3f, 0x00, 0x00, 0x00, 0x00, 0x00, 0x00, 0x00, 0x00, /* ...?...?........ */
    0x00, 0x00, 0x00, 0x00, 0x00, 0x00, 0x80, 0x3f, 0x00, 0x00, 0x00, 0x00, 0x00, 0x00, 0x00, 0x00, /* .......?........ */
    0x00, 0x00, 0x00, 0x00, 0x00, 0x00, 0x80, 0x3f, 0x00, 0x00, 0x80, 0xbf, 0x00, 0x00, 0x00, 0x00, /* .......?........ */
    0x00, 0x00, 0x00, 0x00, 0x00, 0x00, 0x00, 0x00, 0x00, 0x00, 0x80, 0xbf, 0x00, 0x00, 0x00, 0x00, /* ................ */
    0x00, 0x00, 0x00, 0x00, 0x00, 0x00, 0x00, 0x00, 0x00, 0x00, 0x80, 0x3f, 0x00, 0x00, 0x00, 0x00, /* ...........?.... */
    0x11, 0xaa, 0x0e, 0x00, 0xdc, 0xa9, 0x0e, 0x00, 0xee, 0xa9, 0x0e, 0x00, 0xdc, 0xa9, 0x0e, 0x00, /* ................ */
    0x18, 0xaa, 0x0e, 0x00, 0xdc, 0xa9, 0x0e, 0x00, 0xdc, 0xa9, 0x0e, 0x00, 0xdc, 0xa9, 0x0e, 0x00, /* ................ */
    0xdc, 0xa9, 0x0e, 0x00, 0xdc, 0xa9, 0x0e, 0x00, 0xdc, 0xa9, 0x0e, 0x00, 0x11, 0xaa, 0x0e, 0x00, /* ................ */
    0xdc, 0xa9, 0x0e, 0x00, 0xdc, 0xa9, 0x0e, 0x00, 0xdc, 0xa9, 0x0e, 0x00, 0xdc, 0xa9, 0x0e, 0x00, /* ................ */
    0xdc, 0xa9, 0x0e, 0x00, 0xdc, 0xa9, 0x0e, 0x00, 0xdc, 0xa9, 0x0e, 0x00, 0xdc, 0xa9, 0x0e, 0x00, /* ................ */
    0xdc, 0xa9, 0x0e, 0x00, 0xdc, 0xa9, 0x0e, 0x00, 0xdc, 0xa9, 0x0e, 0x00, 0xdc, 0xa9, 0x0e, 0x00, /* ................ */
    0xdc, 0xa9, 0x0e, 0x00, 0xdc, 0xa9, 0x0e, 0x00, 0xdc, 0xa9, 0x0e, 0x00, 0xdc, 0xa9, 0x0e, 0x00, /* ................ */
    0xdc, 0xa9, 0x0e, 0x00, 0xdc, 0xa9, 0x0e, 0x00, 0xdc, 0xa9, 0x0e, 0x00, 0xdc, 0xa9, 0x0e, 0x00, /* ................ */
    0xdc, 0xa9, 0x0e, 0x00, 0xdc, 0xa9, 0x0e, 0x00, 0xdc, 0xa9, 0x0e, 0x00, 0xdc, 0xa9, 0x0e, 0x00, /* ................ */
    0xdc, 0xa9, 0x0e, 0x00, 0xdc, 0xa9, 0x0e, 0x00, 0xdc, 0xa9, 0x0e, 0x00, 0xdc, 0xa9, 0x0e, 0x00, /* ................ */
    0xdc, 0xa9, 0x0e, 0x00, 0xdc, 0xa9, 0x0e, 0x00, 0xdc, 0xa9, 0x0e, 0x00, 0xdc, 0xa9, 0x0e, 0x00, /* ................ */
    0xdc, 0xa9, 0x0e, 0x00, 0xdc, 0xa9, 0x0e, 0x00, 0xdc, 0xa9, 0x0e, 0x00, 0xdc, 0xa9, 0x0e, 0x00, /* ................ */
    0xdc, 0xa9, 0x0e, 0x00, 0xf5, 0xa9, 0x0e, 0x00, 0xdc, 0xa9, 0x0e, 0x00, 0xdc, 0xa9, 0x0e, 0x00, /* ................ */
    0x0a, 0xaa, 0x0e, 0x00, 0xdc, 0xa9, 0x0e, 0x00, 0x03, 0xaa, 0x0e, 0x00, 0xdc, 0xa9, 0x0e, 0x00, /* ................ */
    0xfc, 0xa9, 0x0e, 0x00, 0xdc, 0xa9, 0x0e, 0x00, 0xdc, 0xa9, 0x0e, 0x00, 0xf5, 0xa9, 0x0e, 0x00, /* ................ */
    0xe2, 0xb0, 0x0e, 0x00, 0x99, 0xad, 0x0e, 0x00, 0xb0, 0xb0, 0x0e, 0x00, 0x99, 0xad, 0x0e, 0x00, /* ................ */
    0xec, 0xb0, 0x0e, 0x00, 0x99, 0xad, 0x0e, 0x00, 0x99, 0xad, 0x0e, 0x00, 0x99, 0xad, 0x0e, 0x00, /* ................ */
    0x99, 0xad, 0x0e, 0x00, 0x99, 0xad, 0x0e, 0x00, 0x99, 0xad, 0x0e, 0x00, 0xe2, 0xb0, 0x0e, 0x00, /* ................ */
    0x99, 0xad, 0x0e, 0x00, 0x99, 0xad, 0x0e, 0x00, 0x99, 0xad, 0x0e, 0x00, 0x99, 0xad, 0x0e, 0x00, /* ................ */
    0x99, 0xad, 0x0e, 0x00, 0x99, 0xad, 0x0e, 0x00, 0x99, 0xad, 0x0e, 0x00, 0x99, 0xad, 0x0e, 0x00, /* ................ */
    0x99, 0xad, 0x0e, 0x00, 0x99, 0xad, 0x0e, 0x00, 0x99, 0xad, 0x0e, 0x00, 0x99, 0xad, 0x0e, 0x00, /* ................ */
    0x99, 0xad, 0x0e, 0x00, 0x99, 0xad, 0x0e, 0x00, 0x99, 0xad, 0x0e, 0x00, 0x99, 0xad, 0x0e, 0x00, /* ................ */
    0x99, 0xad, 0x0e, 0x00, 0x99, 0xad, 0x0e, 0x00, 0x99, 0xad, 0x0e, 0x00, 0x99, 0xad, 0x0e, 0x00, /* ................ */
    0x99, 0xad, 0x0e, 0x00, 0x99, 0xad, 0x0e, 0x00, 0x99, 0xad, 0x0e, 0x00, 0x99, 0xad, 0x0e, 0x00, /* ................ */
    0x99, 0xad, 0x0e, 0x00, 0x99, 0xad, 0x0e, 0x00, 0x99, 0xad, 0x0e, 0x00, 0x99, 0xad, 0x0e, 0x00, /* ................ */
    0x99, 0xad, 0x0e, 0x00, 0x99, 0xad, 0x0e, 0x00, 0x99, 0xad, 0x0e, 0x00, 0x99, 0xad, 0x0e, 0x00, /* ................ */
    0x99, 0xad, 0x0e, 0x00, 0x99, 0xad, 0x0e, 0x00, 0x99, 0xad, 0x0e, 0x00, 0x99, 0xad, 0x0e, 0x00, /* ................ */
    0x99, 0xad, 0x0e, 0x00, 0xba, 0xb0, 0x0e, 0x00, 0x99, 0xad, 0x0e, 0x00, 0x99, 0xad, 0x0e, 0x00, /* ................ */
    0xd8, 0xb0, 0x0e, 0x00, 0x99, 0xad, 0x0e, 0x00, 0xce, 0xb0, 0x0e, 0x00, 0x99, 0xad, 0x0e, 0x00, /* ................ */
    0xc4, 0xb0, 0x0e, 0x00, 0x99, 0xad, 0x0e, 0x00, 0x99, 0xad, 0x0e, 0x00, 0xba, 0xb0, 0x0e, 0x00 /* ................ */
};

/* 0x002f2a00 */
const unsigned char gridBasisDirs[192] = {
    0x00, 0x00, 0x00, 0x00, 0x00, 0x00, 0x00, 0x00, 0x00, 0x00, 0x80, 0xbf, 0xef, 0x5b, 0x71, 0x3f, /* .............[q? */
    0x00, 0x00, 0x00, 0x00, 0xab, 0xaa, 0xaa, 0x3e, 0xef, 0x5b, 0xf1, 0xbe, 0xeb, 0x05, 0x51, 0x3f, /* .......>.[....Q? */
    0xab, 0xaa, 0xaa, 0x3e, 0xef, 0x5b, 0xf1, 0x3e, 0xeb, 0x05, 0x51, 0x3f, 0xab, 0xaa, 0xaa, 0x3e, /* ...>.[.>..Q?...> */
    0xef, 0x5b, 0xf1, 0xbe, 0xeb, 0x05, 0x51, 0xbf, 0xab, 0xaa, 0xaa, 0xbe, 0xef, 0x5b, 0xf1, 0x3e, /* .[....Q......[.> */
    0xeb, 0x05, 0x51, 0xbf, 0xab, 0xaa, 0xaa, 0xbe, 0xef, 0x5b, 0x71, 0xbf, 0x00, 0x00, 0x00, 0x00, /* ..Q......[q..... */
    0xab, 0xaa, 0xaa, 0xbe, 0x00, 0x00, 0x00, 0x00, 0x00, 0x00, 0x00, 0x00, 0x00, 0x00, 0x80, 0x3f, /* ...............? */
    0xff, 0xff, 0xff, 0x7f, 0x00, 0x00, 0x00, 0x00, 0x00, 0x00, 0x00, 0x00, 0x00, 0x00, 0x00, 0x00, /* ................ */
    0x00, 0x00, 0x00, 0x80, 0x00, 0x00, 0x00, 0x00, 0x00, 0x00, 0x00, 0x00, 0x00, 0x00, 0x00, 0x00, /* ................ */
    0x80, 0xd2, 0x0e, 0x00, 0xb1, 0xd1, 0x0e, 0x00, 0xd1, 0xd1, 0x0e, 0x00, 0x98, 0xd2, 0x0e, 0x00, /* ................ */
    0xb1, 0xd2, 0x0e, 0x00, 0xc3, 0xd0, 0x0e, 0x00, 0x98, 0xd2, 0x0e, 0x00, 0xe7, 0xd1, 0x0e, 0x00, /* ................ */
    0x06, 0xd2, 0x0e, 0x00, 0x1c, 0xd2, 0x0e, 0x00, 0x32, 0xd2, 0x0e, 0x00, 0x64, 0xd2, 0x0e, 0x00, /* ........2...d... */
    0xc3, 0xd0, 0x0e, 0x00, 0x48, 0xd2, 0x0e, 0x00, 0x00, 0x00, 0x00, 0x00, 0x00, 0x00, 0x00, 0x00 /* ....H........... */
};

/* 0x002f2ac0 */
const unsigned char __ZZ13R_AddDebugBoxP12DebugGlobalsPKfS2_S2_E10iEdgePairs[96] = {
    0x00, 0x00, 0x00, 0x00, 0x01, 0x00, 0x00, 0x00, 0x00, 0x00, 0x00, 0x00, 0x02, 0x00, 0x00, 0x00, /* ................ */
    0x00, 0x00, 0x00, 0x00, 0x04, 0x00, 0x00, 0x00, 0x01, 0x00, 0x00, 0x00, 0x03, 0x00, 0x00, 0x00, /* ................ */
    0x01, 0x00, 0x00, 0x00, 0x05, 0x00, 0x00, 0x00, 0x02, 0x00, 0x00, 0x00, 0x03, 0x00, 0x00, 0x00, /* ................ */
    0x02, 0x00, 0x00, 0x00, 0x06, 0x00, 0x00, 0x00, 0x03, 0x00, 0x00, 0x00, 0x07, 0x00, 0x00, 0x00, /* ................ */
    0x04, 0x00, 0x00, 0x00, 0x05, 0x00, 0x00, 0x00, 0x04, 0x00, 0x00, 0x00, 0x06, 0x00, 0x00, 0x00, /* ................ */
    0x05, 0x00, 0x00, 0x00, 0x07, 0x00, 0x00, 0x00, 0x06, 0x00, 0x00, 0x00, 0x07, 0x00, 0x00, 0x00 /* ................ */
};

/* 0x002f2b20 */
const unsigned char standardFrustumSidePlanes[64] = {
    0x00, 0x00, 0x80, 0xbf, 0x00, 0x00, 0x00, 0x00, 0x00, 0x00, 0x00, 0x00, 0x00, 0x00, 0x80, 0x3f, /* ...............? */
    0x00, 0x00, 0x80, 0x3f, 0x00, 0x00, 0x00, 0x00, 0x00, 0x00, 0x00, 0x00, 0x00, 0x00, 0x80, 0x3f, /* ...?...........? */
    0x00, 0x00, 0x00, 0x00, 0x00, 0x00, 0x80, 0xbf, 0x00, 0x00, 0x00, 0x00, 0x00, 0x00, 0x80, 0x3f, /* ...............? */
    0x00, 0x00, 0x00, 0x00, 0x00, 0x00, 0x80, 0x3f, 0x00, 0x00, 0x00, 0x00, 0x00, 0x00, 0x80, 0x3f /* .......?.......? */
};

/* 0x002f2b60 */
const unsigned char __ZZ14R_VisitPortalsPK7GfxCellPK9DpvsPlaneS4_iE5color[128] = {
    0x00, 0x00, 0x00, 0x00, 0x00, 0x00, 0x80, 0x3f, 0x00, 0x00, 0x80, 0x3f, 0x00, 0x00, 0x80, 0x3e, /* .......?...?...> */
    0x00, 0x00, 0x00, 0x80, 0x00, 0x00, 0x00, 0x00, 0x00, 0x00, 0x00, 0x00, 0x00, 0x00, 0x00, 0x00, /* ................ */
    0x00, 0x00, 0x00, 0x80, 0x00, 0x00, 0x00, 0x00, 0x00, 0x00, 0x00, 0x00, 0x00, 0x00, 0x00, 0x00, /* ................ */
    0x00, 0x00, 0x00, 0x00, 0x00, 0x00, 0x00, 0x00, 0x00, 0x00, 0x00, 0x00, 0x00, 0x00, 0x00, 0x00, /* ................ */
    0x00, 0x00, 0x00, 0x80, 0x00, 0x00, 0x00, 0x00, 0x00, 0x00, 0x00, 0x00, 0x00, 0x00, 0x00, 0x00, /* ................ */
    0x00, 0x00, 0x00, 0x00, 0x00, 0x00, 0x00, 0x00, 0x00, 0x00, 0x00, 0x00, 0x00, 0x00, 0x00, 0x00, /* ................ */
    0x00, 0x00, 0x00, 0x80, 0x00, 0x00, 0x00, 0x00, 0x00, 0x00, 0x00, 0x00, 0x00, 0x00, 0x00, 0x00, /* ................ */
    0xff, 0xff, 0xff, 0x7f, 0x00, 0x00, 0x00, 0x00, 0x00, 0x00, 0x00, 0x00, 0x00, 0x00, 0x00, 0x00 /* ................ */
};

/* 0x002f2be0 */
const unsigned char overrideEnableRenormalize[32] = {
    0xff, 0xff, 0xff, 0xff, 0xff, 0xff, 0xff, 0xff, 0x00, 0x00, 0x00, 0x40, 0x00, 0x00, 0x00, 0x00, /* ...........@.... */
    0x00, 0x00, 0x00, 0x00, 0x00, 0x00, 0x00, 0x00, 0x00, 0x00, 0x00, 0x00, 0x00, 0x00, 0x00, 0x00 /* ................ */
};

/* 0x002f2c00 */
const unsigned char debugShaderConsts[80] = {
    0x00, 0x00, 0x00, 0x00, 0x00, 0x00, 0x00, 0x00, 0x00, 0x00, 0x00, 0x00, 0x00, 0x00, 0x00, 0x00, /* ................ */
    0x00, 0x00, 0x00, 0x00, 0x00, 0x00, 0x00, 0x00, 0x00, 0x00, 0x00, 0x00, 0x00, 0x00, 0x80, 0x3f, /* ...............? */
    0x00, 0x00, 0x80, 0x3f, 0x00, 0x00, 0x00, 0x00, 0x00, 0x00, 0x00, 0x00, 0x00, 0x00, 0x00, 0x00, /* ...?............ */
    0x00, 0x00, 0x00, 0x00, 0x00, 0x00, 0x80, 0x3f, 0x00, 0x00, 0x00, 0x00, 0x00, 0x00, 0x00, 0x00, /* .......?........ */
    0x00, 0x00, 0x00, 0x00, 0x00, 0x00, 0x00, 0x00, 0x00, 0x00, 0x80, 0x3f, 0x00, 0x00, 0x00, 0x00 /* ...........?.... */
};

/* 0x002f2c50 */
const unsigned char s_fvfForVertDeclType[16] = { 0x52, 0x01, 0x00, 0x00, 0x42, 0x02, 0x00, 0x00, 0x02, 0x01, 0x00, 0x00, 0x42, 0x01, 0x00, 0x00 };

/* 0x002f2c60 */
const unsigned char lightGridLookupMatrix[704] = {
    0xeb, 0x05, 0x51, 0x3f, 0xeb, 0x05, 0xd1, 0xbe, 0xeb, 0x05, 0xd1, 0xbe, 0x00, 0x00, 0x00, 0x00, /* ..Q?............ */
    0x00, 0x00, 0x00, 0x00, 0xf3, 0x04, 0x35, 0x3f, 0xf3, 0x04, 0x35, 0xbf, 0x00, 0x00, 0x00, 0x00, /* ......5?..5..... */
    0x3a, 0xcd, 0x13, 0x3f, 0x3a, 0xcd, 0x13, 0x3f, 0x3a, 0xcd, 0x13, 0x3f, 0x00, 0x00, 0x00, 0x00, /* :..?:..?:..?.... */
    0x00, 0x00, 0x00, 0x00, 0x00, 0x00, 0x00, 0x00, 0x00, 0x00, 0x00, 0x00, 0x00, 0x00, 0x80, 0x3f, /* ...............? */
    0xa4, 0x6f, 0x0f, 0x00, 0xb6, 0x6f, 0x0f, 0x00, 0xc8, 0x6f, 0x0f, 0x00, 0xda, 0x6f, 0x0f, 0x00, /* .o...o...o...o.. */
    0xec, 0x6f, 0x0f, 0x00, 0x24, 0x70, 0x0f, 0x00, 0x24, 0x70, 0x0f, 0x00, 0x3a, 0x70, 0x0f, 0x00, /* .o..$p..$p..:p.. */
    0x4f, 0x70, 0x0f, 0x00, 0x4f, 0x70, 0x0f, 0x00, 0x4f, 0x70, 0x0f, 0x00, 0x4f, 0x70, 0x0f, 0x00, /* Op..Op..Op..Op.. */
    0xbd, 0x70, 0x0f, 0x00, 0xd2, 0x70, 0x0f, 0x00, 0xe7, 0x70, 0x0f, 0x00, 0x11, 0x71, 0x0f, 0x00, /* .p...p...p...q.. */
    0x1e, 0x71, 0x0f, 0x00, 0x59, 0x71, 0x0f, 0x00, 0x59, 0x71, 0x0f, 0x00, 0xcb, 0x71, 0x0f, 0x00, /* .q..Yq..Yq...q.. */
    0x85, 0x71, 0x0f, 0x00, 0xbd, 0x71, 0x0f, 0x00, 0x03, 0x72, 0x0f, 0x00, 0x18, 0x72, 0x0f, 0x00, /* .q...q...r...r.. */
    0x79, 0x77, 0x0f, 0x00, 0x95, 0x77, 0x0f, 0x00, 0x95, 0x77, 0x0f, 0x00, 0x95, 0x77, 0x0f, 0x00, /* yw...w...w...w.. */
    0xe7, 0x7c, 0x0f, 0x00, 0x95, 0x77, 0x0f, 0x00, 0x95, 0x77, 0x0f, 0x00, 0x95, 0x77, 0x0f, 0x00, /* .|...w...w...w.. */
    0x95, 0x77, 0x0f, 0x00, 0x95, 0x77, 0x0f, 0x00, 0x95, 0x77, 0x0f, 0x00, 0x95, 0x77, 0x0f, 0x00, /* .w...w...w...w.. */
    0xfb, 0x7b, 0x0f, 0x00, 0x95, 0x77, 0x0f, 0x00, 0x95, 0x77, 0x0f, 0x00, 0x95, 0x77, 0x0f, 0x00, /* .{...w...w...w.. */
    0xf9, 0x7a, 0x0f, 0x00, 0x95, 0x77, 0x0f, 0x00, 0x95, 0x77, 0x0f, 0x00, 0x95, 0x77, 0x0f, 0x00, /* .z...w...w...w.. */
    0x95, 0x77, 0x0f, 0x00, 0x95, 0x77, 0x0f, 0x00, 0x95, 0x77, 0x0f, 0x00, 0x95, 0x77, 0x0f, 0x00, /* .w...w...w...w.. */
    0x95, 0x77, 0x0f, 0x00, 0x95, 0x77, 0x0f, 0x00, 0x95, 0x77, 0x0f, 0x00, 0x95, 0x77, 0x0f, 0x00, /* .w...w...w...w.. */
    0x95, 0x77, 0x0f, 0x00, 0x95, 0x77, 0x0f, 0x00, 0x95, 0x77, 0x0f, 0x00, 0x95, 0x77, 0x0f, 0x00, /* .w...w...w...w.. */
    0x95, 0x77, 0x0f, 0x00, 0x95, 0x77, 0x0f, 0x00, 0x95, 0x77, 0x0f, 0x00, 0x95, 0x77, 0x0f, 0x00, /* .w...w...w...w.. */
    0x95, 0x77, 0x0f, 0x00, 0x95, 0x77, 0x0f, 0x00, 0x95, 0x77, 0x0f, 0x00, 0x95, 0x77, 0x0f, 0x00, /* .w...w...w...w.. */
    0x95, 0x77, 0x0f, 0x00, 0x95, 0x77, 0x0f, 0x00, 0x95, 0x77, 0x0f, 0x00, 0x95, 0x77, 0x0f, 0x00, /* .w...w...w...w.. */
    0x8f, 0x79, 0x0f, 0x00, 0x95, 0x77, 0x0f, 0x00, 0x95, 0x77, 0x0f, 0x00, 0x95, 0x77, 0x0f, 0x00, /* .y...w...w...w.. */
    0x2e, 0x78, 0x0f, 0x00, 0x00, 0x00, 0x00, 0x00, 0x00, 0x00, 0x00, 0x00, 0x00, 0x00, 0x00, 0x00, /* .x.............. */
    0x00, 0x00, 0x00, 0x80, 0x00, 0x00, 0x00, 0x00, 0x00, 0x00, 0x00, 0x00, 0x00, 0x00, 0x00, 0x00, /* ................ */
    0x33, 0x7e, 0x0f, 0x00, 0x26, 0x7e, 0x0f, 0x00, 0x26, 0x7e, 0x0f, 0x00, 0x26, 0x7e, 0x0f, 0x00, /* 3~..&~..&~..&~.. */
    0xc6, 0x7e, 0x0f, 0x00, 0x26, 0x7e, 0x0f, 0x00, 0x26, 0x7e, 0x0f, 0x00, 0x26, 0x7e, 0x0f, 0x00, /* .~..&~..&~..&~.. */
    0xdf, 0x7e, 0x0f, 0x00, 0x26, 0x7e, 0x0f, 0x00, 0x26, 0x7e, 0x0f, 0x00, 0x26, 0x7e, 0x0f, 0x00, /* .~..&~..&~..&~.. */
    0xf8, 0x7e, 0x0f, 0x00, 0x26, 0x7e, 0x0f, 0x00, 0x26, 0x7e, 0x0f, 0x00, 0x26, 0x7e, 0x0f, 0x00, /* .~..&~..&~..&~.. */
    0x52, 0x7f, 0x0f, 0x00, 0x26, 0x7e, 0x0f, 0x00, 0x26, 0x7e, 0x0f, 0x00, 0x26, 0x7e, 0x0f, 0x00, /* R...&~..&~..&~.. */
    0x78, 0x7f, 0x0f, 0x00, 0x26, 0x7e, 0x0f, 0x00, 0x26, 0x7e, 0x0f, 0x00, 0x26, 0x7e, 0x0f, 0x00, /* x...&~..&~..&~.. */
    0xe5, 0x7f, 0x0f, 0x00, 0x26, 0x7e, 0x0f, 0x00, 0x26, 0x7e, 0x0f, 0x00, 0x26, 0x7e, 0x0f, 0x00, /* ....&~..&~..&~.. */
    0x4f, 0x85, 0x0f, 0x00, 0x26, 0x7e, 0x0f, 0x00, 0x26, 0x7e, 0x0f, 0x00, 0x26, 0x7e, 0x0f, 0x00, /* O...&~..&~..&~.. */
    0x71, 0x85, 0x0f, 0x00, 0x26, 0x7e, 0x0f, 0x00, 0x26, 0x7e, 0x0f, 0x00, 0x26, 0x7e, 0x0f, 0x00, /* q...&~..&~..&~.. */
    0x6e, 0x82, 0x0f, 0x00, 0x26, 0x7e, 0x0f, 0x00, 0x26, 0x7e, 0x0f, 0x00, 0x26, 0x7e, 0x0f, 0x00, /* n...&~..&~..&~.. */
    0x65, 0x83, 0x0f, 0x00, 0x26, 0x7e, 0x0f, 0x00, 0x26, 0x7e, 0x0f, 0x00, 0x26, 0x7e, 0x0f, 0x00, /* e...&~..&~..&~.. */
    0x92, 0x83, 0x0f, 0x00, 0x26, 0x7e, 0x0f, 0x00, 0x26, 0x7e, 0x0f, 0x00, 0x26, 0x7e, 0x0f, 0x00, /* ....&~..&~..&~.. */
    0xf4, 0x83, 0x0f, 0x00, 0x03, 0x93, 0x0f, 0x00, 0xd5, 0x93, 0x0f, 0x00, 0x90, 0x95, 0x0f, 0x00, /* ................ */
    0xcb, 0x94, 0x0f, 0x00, 0xff, 0x94, 0x0f, 0x00, 0x00, 0x00, 0x00, 0x00, 0x00, 0x00, 0x00, 0x00, /* ................ */
    0x00, 0x00, 0x00, 0x80, 0x00, 0x00, 0x00, 0x00, 0x00, 0x00, 0x00, 0x00, 0x00, 0x00, 0x00, 0x00, /* ................ */
    0x00, 0x00, 0x00, 0x00, 0x00, 0x00, 0x00, 0x00, 0x00, 0x00, 0x00, 0x00, 0x00, 0x00, 0x00, 0x00, /* ................ */
    0xc2, 0xce, 0x0f, 0x00, 0xc5, 0xce, 0x0f, 0x00, 0xdc, 0xce, 0x0f, 0x00, 0xf3, 0xce, 0x0f, 0x00, /* ................ */
    0x0a, 0xcf, 0x0f, 0x00, 0x21, 0xcf, 0x0f, 0x00, 0x38, 0xcf, 0x0f, 0x00, 0x4f, 0xcf, 0x0f, 0x00, /* ....!...8...O... */
    0x66, 0xcf, 0x0f, 0x00, 0x7d, 0xcf, 0x0f, 0x00, 0x94, 0xcf, 0x0f, 0x00, 0xab, 0xcf, 0x0f, 0x00, /* f...}........... */
    0xc2, 0xcf, 0x0f, 0x00, 0xd9, 0xcf, 0x0f, 0x00, 0x00, 0x00, 0x00, 0x00, 0x00, 0x00, 0x00, 0x00 /* ................ */
};

/* 0x002f2f20 */
const unsigned char lightGridLookupMatrix_125709[64] __asm__("lightGridLookupMatrix.125709") = {
    0xeb, 0x05, 0x51, 0x3f, 0xeb, 0x05, 0xd1, 0xbe, 0xeb, 0x05, 0xd1, 0xbe, 0x00, 0x00, 0x00, 0x00, /* ..Q?............ */
    0xf3, 0x04, 0x35, 0x3f, 0xf3, 0x04, 0x35, 0xbf, 0x3a, 0xcd, 0x13, 0x3f, 0x3a, 0xcd, 0x13, 0x3f, /* ..5?..5.:..?:..? */
    0x3a, 0xcd, 0x13, 0x3f, 0x00, 0x00, 0x00, 0x00, 0x00, 0x00, 0x00, 0x00, 0x00, 0x00, 0x00, 0x00, /* :..?............ */
    0xff, 0xff, 0xff, 0x7f, 0x00, 0x00, 0x00, 0x00, 0x00, 0x00, 0x00, 0x00, 0x00, 0x00, 0x00, 0x00 /* ................ */
};

/* 0x002f2f60 */
const unsigned char faceAxis_125647[224] __asm__("faceAxis.125647") = {
    0x00, 0x00, 0x00, 0x00, 0x05, 0x00, 0x00, 0x00, 0x03, 0x00, 0x00, 0x00, 0x01, 0x00, 0x00, 0x00, /* ................ */
    0x04, 0x00, 0x00, 0x00, 0x03, 0x00, 0x00, 0x00, 0x02, 0x00, 0x00, 0x00, 0x00, 0x00, 0x00, 0x00, /* ................ */
    0x04, 0x00, 0x00, 0x00, 0x03, 0x00, 0x00, 0x00, 0x00, 0x00, 0x00, 0x00, 0x05, 0x00, 0x00, 0x00, /* ................ */
    0x04, 0x00, 0x00, 0x00, 0x00, 0x00, 0x00, 0x00, 0x03, 0x00, 0x00, 0x00, 0x05, 0x00, 0x00, 0x00, /* ................ */
    0x01, 0x00, 0x00, 0x00, 0x03, 0x00, 0x00, 0x00, 0x00, 0x00, 0x00, 0x00, 0x00, 0x00, 0x00, 0x00, /* ................ */
    0x00, 0x00, 0x00, 0x00, 0x00, 0x00, 0x00, 0x00, 0x00, 0x00, 0x00, 0x00, 0x00, 0x00, 0x00, 0x00, /* ................ */
    0x00, 0x00, 0x00, 0x80, 0x00, 0x00, 0x00, 0x00, 0x00, 0x00, 0x00, 0x00, 0x00, 0x00, 0x00, 0x00, /* ................ */
    0x00, 0x00, 0x00, 0x80, 0x00, 0x00, 0x00, 0x00, 0x00, 0x00, 0x00, 0x00, 0x00, 0x00, 0x00, 0x00, /* ................ */
    0x00, 0x00, 0x00, 0x80, 0x00, 0x00, 0x00, 0x00, 0x00, 0x00, 0x00, 0x00, 0x00, 0x00, 0x00, 0x00, /* ................ */
    0x00, 0x00, 0x00, 0x80, 0x00, 0x00, 0x00, 0x00, 0x00, 0x00, 0x00, 0x00, 0x00, 0x00, 0x00, 0x00, /* ................ */
    0x00, 0x00, 0x00, 0x80, 0x00, 0x00, 0x00, 0x00, 0x00, 0x00, 0x00, 0x00, 0x00, 0x00, 0x00, 0x00, /* ................ */
    0x98, 0xfc, 0x0f, 0x00, 0x86, 0x03, 0x10, 0x00, 0x79, 0x03, 0x10, 0x00, 0x28, 0x02, 0x10, 0x00, /* ........y...(... */
    0x77, 0x01, 0x10, 0x00, 0x13, 0xfe, 0x0f, 0x00, 0x00, 0x00, 0x00, 0x00, 0x00, 0x00, 0x00, 0x00, /* w............... */
    0x00, 0x00, 0x00, 0x00, 0x00, 0x00, 0x00, 0x00, 0x00, 0x00, 0x00, 0x00, 0x00, 0x00, 0x00, 0x00 /* ................ */
};

/* 0x002f3040 */
const unsigned char g_useTechnique[96] = {
    0x01, 0x01, 0x01, 0x01, 0x01, 0x01, 0x01, 0x01, 0x01, 0x01, 0x01, 0x01, 0x01, 0x01, 0x01, 0x01, /* ................ */
    0x01, 0x01, 0x01, 0x01, 0x01, 0x01, 0x01, 0x01, 0x01, 0x01, 0x01, 0x00, 0x00, 0x01, 0x00, 0x01, /* ................ */
    0x01, 0x01, 0x00, 0x00, 0x00, 0x00, 0x00, 0x00, 0x00, 0x00, 0x00, 0x00, 0x00, 0x00, 0x00, 0x00, /* ................ */
    0x00, 0x00, 0x00, 0x00, 0x00, 0x00, 0x00, 0x00, 0x00, 0x00, 0x00, 0x00, 0x00, 0x00, 0x00, 0x00, /* ................ */
    0x00, 0x00, 0x00, 0x80, 0x00, 0x00, 0x00, 0x00, 0x00, 0x00, 0x00, 0x00, 0x00, 0x00, 0x00, 0x00, /* ................ */
    0xff, 0xff, 0xff, 0x7f, 0x00, 0x00, 0x00, 0x00, 0x00, 0x00, 0x00, 0x00, 0x00, 0x00, 0x00, 0x00 /* ................ */
};

/* 0x002f30a0 */
const unsigned char outdoorMapSize[96] = {
    0x00, 0x02, 0x00, 0x00, 0x00, 0x02, 0x00, 0x00, 0x00, 0x01, 0x00, 0x00, 0x00, 0x00, 0x00, 0x00, /* ................ */
    0x00, 0x00, 0x00, 0x80, 0x00, 0x00, 0x00, 0x00, 0x00, 0x00, 0x00, 0x00, 0x00, 0x00, 0x00, 0x00, /* ................ */
    0x00, 0x00, 0x00, 0x80, 0x00, 0x00, 0x00, 0x00, 0x00, 0x00, 0x00, 0x00, 0x00, 0x00, 0x00, 0x00, /* ................ */
    0x00, 0x00, 0x00, 0x00, 0x00, 0x00, 0x00, 0x00, 0x00, 0x00, 0x00, 0x00, 0x00, 0x00, 0x00, 0x00, /* ................ */
    0xff, 0xff, 0xff, 0x7f, 0x00, 0x00, 0x00, 0x00, 0x00, 0x00, 0x00, 0x00, 0x00, 0x00, 0x00, 0x00, /* ................ */
    0x00, 0x00, 0x00, 0x00, 0x00, 0x00, 0x00, 0x00, 0x00, 0x00, 0x00, 0x00, 0x00, 0x00, 0x00, 0x00 /* ................ */
};

/* 0x002f3100 */
const unsigned char waveletDecodeAlpha[16384] = {
    0x00, 0x80, 0x04, 0x00, 0x00, 0x00, 0x01, 0x00, 0x01, 0x00, 0x04, 0x00, 0x00, 0x00, 0x01, 0x00, /* ................ */
    0x07, 0x00, 0x07, 0x00, 0x00, 0x00, 0x01, 0x00, 0x0b, 0x00, 0x08, 0x00, 0x00, 0x00, 0x01, 0x00, /* ................ */
    0x0e, 0x00, 0x08, 0x00, 0x00, 0x00, 0x01, 0x00, 0xff, 0xff, 0x04, 0x00, 0x00, 0x00, 0x01, 0x00, /* ................ */
    0x02, 0x00, 0x05, 0x00, 0x00, 0x00, 0x01, 0x00, 0x1d, 0x00, 0x0a, 0x00, 0x00, 0x00, 0x01, 0x00, /* ................ */
    0x00, 0x80, 0x04, 0x00, 0x00, 0x00, 0x01, 0x00, 0x01, 0x00, 0x04, 0x00, 0x00, 0x00, 0x01, 0x00, /* ................ */
    0x0c, 0x00, 0x08, 0x00, 0x00, 0x00, 0x01, 0x00, 0x03, 0x00, 0x06, 0x00, 0x00, 0x00, 0x01, 0x00, /* ................ */
    0x04, 0x00, 0x06, 0x00, 0x00, 0x00, 0x01, 0x00, 0xff, 0xff, 0x04, 0x00, 0x00, 0x00, 0x01, 0x00, /* ................ */
    0xfe, 0xff, 0x05, 0x00, 0x00, 0x00, 0x01, 0x00, 0x09, 0x00, 0x08, 0x00, 0x00, 0x00, 0x01, 0x00, /* ................ */
    0x00, 0x80, 0x04, 0x00, 0x00, 0x00, 0x01, 0x00, 0x01, 0x00, 0x04, 0x00, 0x00, 0x00, 0x01, 0x00, /* ................ */
    0x25, 0x00, 0x0a, 0x00, 0x00, 0x00, 0x01, 0x00, 0x1f, 0x00, 0x0a, 0x00, 0x00, 0x00, 0x01, 0x00, /* %............... */
    0x17, 0x00, 0x09, 0x00, 0x00, 0x00, 0x01, 0x00, 0xff, 0xff, 0x04, 0x00, 0x00, 0x00, 0x01, 0x00, /* ................ */
    0x02, 0x00, 0x05, 0x00, 0x00, 0x00, 0x01, 0x00, 0x05, 0x00, 0x07, 0x00, 0x00, 0x00, 0x01, 0x00, /* ................ */
    0x00, 0x80, 0x04, 0x00, 0x00, 0x00, 0x01, 0x00, 0x01, 0x00, 0x04, 0x00, 0x00, 0x00, 0x01, 0x00, /* ................ */
    0x06, 0x00, 0x07, 0x00, 0x00, 0x00, 0x01, 0x00, 0xfd, 0xff, 0x06, 0x00, 0x00, 0x00, 0x01, 0x00, /* ................ */
    0xfc, 0xff, 0x06, 0x00, 0x00, 0x00, 0x01, 0x00, 0xff, 0xff, 0x04, 0x00, 0x00, 0x00, 0x01, 0x00, /* ................ */
    0xfe, 0xff, 0x05, 0x00, 0x00, 0x00, 0x01, 0x00, 0x29, 0x00, 0x0b, 0x00, 0x00, 0x00, 0x01, 0x00, /* ........)....... */
    0x00, 0x80, 0x04, 0x00, 0x00, 0x00, 0x01, 0x00, 0x01, 0x00, 0x04, 0x00, 0x00, 0x00, 0x01, 0x00, /* ................ */
    0xf9, 0xff, 0x07, 0x00, 0x00, 0x00, 0x01, 0x00, 0x13, 0x00, 0x09, 0x00, 0x00, 0x00, 0x01, 0x00, /* ................ */
    0x0f, 0x00, 0x08, 0x00, 0x00, 0x00, 0x01, 0x00, 0xff, 0xff, 0x04, 0x00, 0x00, 0x00, 0x01, 0x00, /* ................ */
    0x02, 0x00, 0x05, 0x00, 0x00, 0x00, 0x01, 0x00, 0x1c, 0x00, 0x0a, 0x00, 0x00, 0x00, 0x01, 0x00, /* ................ */
    0x00, 0x80, 0x04, 0x00, 0x00, 0x00, 0x01, 0x00, 0x01, 0x00, 0x04, 0x00, 0x00, 0x00, 0x01, 0x00, /* ................ */
    0x14, 0x00, 0x09, 0x00, 0x00, 0x00, 0x01, 0x00, 0x03, 0x00, 0x06, 0x00, 0x00, 0x00, 0x01, 0x00, /* ................ */
    0x04, 0x00, 0x06, 0x00, 0x00, 0x00, 0x01, 0x00, 0xff, 0xff, 0x04, 0x00, 0x00, 0x00, 0x01, 0x00, /* ................ */
    0xfe, 0xff, 0x05, 0x00, 0x00, 0x00, 0x01, 0x00, 0x2b, 0x00, 0x0b, 0x00, 0x00, 0x00, 0x01, 0x00, /* ........+....... */
    0x00, 0x80, 0x04, 0x00, 0x00, 0x00, 0x01, 0x00, 0x01, 0x00, 0x04, 0x00, 0x00, 0x00, 0x01, 0x00, /* ................ */
    0x23, 0x00, 0x0a, 0x00, 0x00, 0x00, 0x01, 0x00, 0x0a, 0x00, 0x08, 0x00, 0x00, 0x00, 0x01, 0x00, /* #............... */
    0x0d, 0x00, 0x08, 0x00, 0x00, 0x00, 0x01, 0x00, 0xff, 0xff, 0x04, 0x00, 0x00, 0x00, 0x01, 0x00, /* ................ */
    0x02, 0x00, 0x05, 0x00, 0x00, 0x00, 0x01, 0x00, 0xfb, 0xff, 0x07, 0x00, 0x00, 0x00, 0x01, 0x00, /* ................ */
    0x00, 0x80, 0x04, 0x00, 0x00, 0x00, 0x01, 0x00, 0x01, 0x00, 0x04, 0x00, 0x00, 0x00, 0x01, 0x00, /* ................ */
    0xfa, 0xff, 0x07, 0x00, 0x00, 0x00, 0x01, 0x00, 0xfd, 0xff, 0x06, 0x00, 0x00, 0x00, 0x01, 0x00, /* ................ */
    0xfc, 0xff, 0x06, 0x00, 0x00, 0x00, 0x01, 0x00, 0xff, 0xff, 0x04, 0x00, 0x00, 0x00, 0x01, 0x00, /* ................ */
    0xfe, 0xff, 0x05, 0x00, 0x00, 0x00, 0x01, 0x00, 0x08, 0x00, 0x08, 0x00, 0x00, 0x00, 0x01, 0x00, /* ................ */
    0x00, 0x80, 0x04, 0x00, 0x00, 0x00, 0x01, 0x00, 0x01, 0x00, 0x04, 0x00, 0x00, 0x00, 0x01, 0x00, /* ................ */
    0x07, 0x00, 0x07, 0x00, 0x00, 0x00, 0x01, 0x00, 0xf5, 0xff, 0x08, 0x00, 0x00, 0x00, 0x01, 0x00, /* ................ */
    0xf2, 0xff, 0x08, 0x00, 0x00, 0x00, 0x01, 0x00, 0xff, 0xff, 0x04, 0x00, 0x00, 0x00, 0x01, 0x00, /* ................ */
    0x02, 0x00, 0x05, 0x00, 0x00, 0x00, 0x01, 0x00, 0x11, 0x00, 0x09, 0x00, 0x00, 0x00, 0x01, 0x00, /* ................ */
    0x00, 0x80, 0x04, 0x00, 0x00, 0x00, 0x01, 0x00, 0x01, 0x00, 0x04, 0x00, 0x00, 0x00, 0x01, 0x00, /* ................ */
    0xf4, 0xff, 0x08, 0x00, 0x00, 0x00, 0x01, 0x00, 0x03, 0x00, 0x06, 0x00, 0x00, 0x00, 0x01, 0x00, /* ................ */
    0x04, 0x00, 0x06, 0x00, 0x00, 0x00, 0x01, 0x00, 0xff, 0xff, 0x04, 0x00, 0x00, 0x00, 0x01, 0x00, /* ................ */
    0xfe, 0xff, 0x05, 0x00, 0x00, 0x00, 0x01, 0x00, 0xf7, 0xff, 0x08, 0x00, 0x00, 0x00, 0x01, 0x00, /* ................ */
    0x00, 0x80, 0x04, 0x00, 0x00, 0x00, 0x01, 0x00, 0x01, 0x00, 0x04, 0x00, 0x00, 0x00, 0x01, 0x00, /* ................ */
    0x16, 0x00, 0x09, 0x00, 0x00, 0x00, 0x01, 0x00, 0x32, 0x00, 0x0b, 0x00, 0x00, 0x00, 0x01, 0x00, /* ........2....... */
    0x18, 0x00, 0x09, 0x00, 0x00, 0x00, 0x01, 0x00, 0xff, 0xff, 0x04, 0x00, 0x00, 0x00, 0x01, 0x00, /* ................ */
    0x02, 0x00, 0x05, 0x00, 0x00, 0x00, 0x01, 0x00, 0x05, 0x00, 0x07, 0x00, 0x00, 0x00, 0x01, 0x00, /* ................ */
    0x00, 0x80, 0x04, 0x00, 0x00, 0x00, 0x01, 0x00, 0x01, 0x00, 0x04, 0x00, 0x00, 0x00, 0x01, 0x00, /* ................ */
    0x06, 0x00, 0x07, 0x00, 0x00, 0x00, 0x01, 0x00, 0xfd, 0xff, 0x06, 0x00, 0x00, 0x00, 0x01, 0x00, /* ................ */
    0xfc, 0xff, 0x06, 0x00, 0x00, 0x00, 0x01, 0x00, 0xff, 0xff, 0x04, 0x00, 0x00, 0x00, 0x01, 0x00, /* ................ */
    0xfe, 0xff, 0x05, 0x00, 0x00, 0x00, 0x01, 0x00, 0x20, 0x00, 0x0a, 0x00, 0x00, 0x00, 0x01, 0x00, /* ........ ....... */
    0x00, 0x80, 0x04, 0x00, 0x00, 0x00, 0x01, 0x00, 0x01, 0x00, 0x04, 0x00, 0x00, 0x00, 0x01, 0x00, /* ................ */
    0xf9, 0xff, 0x07, 0x00, 0x00, 0x00, 0x01, 0x00, 0x12, 0x00, 0x09, 0x00, 0x00, 0x00, 0x01, 0x00, /* ................ */
    0xf1, 0xff, 0x08, 0x00, 0x00, 0x00, 0x01, 0x00, 0xff, 0xff, 0x04, 0x00, 0x00, 0x00, 0x01, 0x00, /* ................ */
    0x02, 0x00, 0x05, 0x00, 0x00, 0x00, 0x01, 0x00, 0x30, 0x00, 0x0b, 0x00, 0x00, 0x00, 0x01, 0x00, /* ........0....... */
    0x00, 0x80, 0x04, 0x00, 0x00, 0x00, 0x01, 0x00, 0x01, 0x00, 0x04, 0x00, 0x00, 0x00, 0x01, 0x00, /* ................ */
    0x21, 0x00, 0x0a, 0x00, 0x00, 0x00, 0x01, 0x00, 0x03, 0x00, 0x06, 0x00, 0x00, 0x00, 0x01, 0x00, /* !............... */
    0x04, 0x00, 0x06, 0x00, 0x00, 0x00, 0x01, 0x00, 0xff, 0xff, 0x04, 0x00, 0x00, 0x00, 0x01, 0x00, /* ................ */
    0xfe, 0xff, 0x05, 0x00, 0x00, 0x00, 0x01, 0x00, 0x10, 0x00, 0x09, 0x00, 0x00, 0x00, 0x01, 0x00, /* ................ */
    0x00, 0x80, 0x04, 0x00, 0x00, 0x00, 0x01, 0x00, 0x01, 0x00, 0x04, 0x00, 0x00, 0x00, 0x01, 0x00, /* ................ */
    0x15, 0x00, 0x09, 0x00, 0x00, 0x00, 0x01, 0x00, 0xf6, 0xff, 0x08, 0x00, 0x00, 0x00, 0x01, 0x00, /* ................ */
    0xf3, 0xff, 0x08, 0x00, 0x00, 0x00, 0x01, 0x00, 0xff, 0xff, 0x04, 0x00, 0x00, 0x00, 0x01, 0x00, /* ................ */
    0x02, 0x00, 0x05, 0x00, 0x00, 0x00, 0x01, 0x00, 0xfb, 0xff, 0x07, 0x00, 0x00, 0x00, 0x01, 0x00, /* ................ */
    0x00, 0x80, 0x04, 0x00, 0x00, 0x00, 0x01, 0x00, 0x01, 0x00, 0x04, 0x00, 0x00, 0x00, 0x01, 0x00, /* ................ */
    0xfa, 0xff, 0x07, 0x00, 0x00, 0x00, 0x01, 0x00, 0xfd, 0xff, 0x06, 0x00, 0x00, 0x00, 0x01, 0x00, /* ................ */
    0xfc, 0xff, 0x06, 0x00, 0x00, 0x00, 0x01, 0x00, 0xff, 0xff, 0x04, 0x00, 0x00, 0x00, 0x01, 0x00, /* ................ */
    0xfe, 0xff, 0x05, 0x00, 0x00, 0x00, 0x01, 0x00, 0xf8, 0xff, 0x08, 0x00, 0x00, 0x00, 0x01, 0x00, /* ................ */
    0x00, 0x80, 0x04, 0x00, 0x00, 0x00, 0x01, 0x00, 0x01, 0x00, 0x04, 0x00, 0x00, 0x00, 0x01, 0x00, /* ................ */
    0x07, 0x00, 0x07, 0x00, 0x00, 0x00, 0x01, 0x00, 0x0b, 0x00, 0x08, 0x00, 0x00, 0x00, 0x01, 0x00, /* ................ */
    0x0e, 0x00, 0x08, 0x00, 0x00, 0x00, 0x01, 0x00, 0xff, 0xff, 0x04, 0x00, 0x00, 0x00, 0x01, 0x00, /* ................ */
    0x02, 0x00, 0x05, 0x00, 0x00, 0x00, 0x01, 0x00, 0x31, 0x00, 0x0b, 0x00, 0x00, 0x00, 0x01, 0x00, /* ........1....... */
    0x00, 0x80, 0x04, 0x00, 0x00, 0x00, 0x01, 0x00, 0x01, 0x00, 0x04, 0x00, 0x00, 0x00, 0x01, 0x00, /* ................ */
    0x0c, 0x00, 0x08, 0x00, 0x00, 0x00, 0x01, 0x00, 0x03, 0x00, 0x06, 0x00, 0x00, 0x00, 0x01, 0x00, /* ................ */
    0x04, 0x00, 0x06, 0x00, 0x00, 0x00, 0x01, 0x00, 0xff, 0xff, 0x04, 0x00, 0x00, 0x00, 0x01, 0x00, /* ................ */
    0xfe, 0xff, 0x05, 0x00, 0x00, 0x00, 0x01, 0x00, 0x09, 0x00, 0x08, 0x00, 0x00, 0x00, 0x01, 0x00, /* ................ */
    0x00, 0x80, 0x04, 0x00, 0x00, 0x00, 0x01, 0x00, 0x01, 0x00, 0x04, 0x00, 0x00, 0x00, 0x01, 0x00, /* ................ */
    0x24, 0x00, 0x0a, 0x00, 0x00, 0x00, 0x01, 0x00, 0x1e, 0x00, 0x0a, 0x00, 0x00, 0x00, 0x01, 0x00, /* $............... */
    0xe9, 0xff, 0x09, 0x00, 0x00, 0x00, 0x01, 0x00, 0xff, 0xff, 0x04, 0x00, 0x00, 0x00, 0x01, 0x00, /* ................ */
    0x02, 0x00, 0x05, 0x00, 0x00, 0x00, 0x01, 0x00, 0x05, 0x00, 0x07, 0x00, 0x00, 0x00, 0x01, 0x00, /* ................ */
    0x00, 0x80, 0x04, 0x00, 0x00, 0x00, 0x01, 0x00, 0x01, 0x00, 0x04, 0x00, 0x00, 0x00, 0x01, 0x00, /* ................ */
    0x06, 0x00, 0x07, 0x00, 0x00, 0x00, 0x01, 0x00, 0xfd, 0xff, 0x06, 0x00, 0x00, 0x00, 0x01, 0x00, /* ................ */
    0xfc, 0xff, 0x06, 0x00, 0x00, 0x00, 0x01, 0x00, 0xff, 0xff, 0x04, 0x00, 0x00, 0x00, 0x01, 0x00, /* ................ */
    0xfe, 0xff, 0x05, 0x00, 0x00, 0x00, 0x01, 0x00, 0x19, 0x00, 0x0a, 0x00, 0x00, 0x00, 0x01, 0x00, /* ................ */
    0x00, 0x80, 0x04, 0x00, 0x00, 0x00, 0x01, 0x00, 0x01, 0x00, 0x04, 0x00, 0x00, 0x00, 0x01, 0x00, /* ................ */
    0xf9, 0xff, 0x07, 0x00, 0x00, 0x00, 0x01, 0x00, 0xed, 0xff, 0x09, 0x00, 0x00, 0x00, 0x01, 0x00, /* ................ */
    0x0f, 0x00, 0x08, 0x00, 0x00, 0x00, 0x01, 0x00, 0xff, 0xff, 0x04, 0x00, 0x00, 0x00, 0x01, 0x00, /* ................ */
    0x02, 0x00, 0x05, 0x00, 0x00, 0x00, 0x01, 0x00, 0x40, 0x00, 0x0b, 0x00, 0x00, 0x00, 0x01, 0x00, /* ........@....... */
    0x00, 0x80, 0x04, 0x00, 0x00, 0x00, 0x01, 0x00, 0x01, 0x00, 0x04, 0x00, 0x00, 0x00, 0x01, 0x00, /* ................ */
    0xec, 0xff, 0x09, 0x00, 0x00, 0x00, 0x01, 0x00, 0x03, 0x00, 0x06, 0x00, 0x00, 0x00, 0x01, 0x00, /* ................ */
    0x04, 0x00, 0x06, 0x00, 0x00, 0x00, 0x01, 0x00, 0xff, 0xff, 0x04, 0x00, 0x00, 0x00, 0x01, 0x00, /* ................ */
    0xfe, 0xff, 0x05, 0x00, 0x00, 0x00, 0x01, 0x00, 0x1a, 0x00, 0x0a, 0x00, 0x00, 0x00, 0x01, 0x00, /* ................ */
    0x00, 0x80, 0x04, 0x00, 0x00, 0x00, 0x01, 0x00, 0x01, 0x00, 0x04, 0x00, 0x00, 0x00, 0x01, 0x00, /* ................ */
    0x22, 0x00, 0x0a, 0x00, 0x00, 0x00, 0x01, 0x00, 0x0a, 0x00, 0x08, 0x00, 0x00, 0x00, 0x01, 0x00, /* "............... */
    0x0d, 0x00, 0x08, 0x00, 0x00, 0x00, 0x01, 0x00, 0xff, 0xff, 0x04, 0x00, 0x00, 0x00, 0x01, 0x00, /* ................ */
    0x02, 0x00, 0x05, 0x00, 0x00, 0x00, 0x01, 0x00, 0xfb, 0xff, 0x07, 0x00, 0x00, 0x00, 0x01, 0x00, /* ................ */
    0x00, 0x80, 0x04, 0x00, 0x00, 0x00, 0x01, 0x00, 0x01, 0x00, 0x04, 0x00, 0x00, 0x00, 0x01, 0x00, /* ................ */
    0xfa, 0xff, 0x07, 0x00, 0x00, 0x00, 0x01, 0x00, 0xfd, 0xff, 0x06, 0x00, 0x00, 0x00, 0x01, 0x00, /* ................ */
    0xfc, 0xff, 0x06, 0x00, 0x00, 0x00, 0x01, 0x00, 0xff, 0xff, 0x04, 0x00, 0x00, 0x00, 0x01, 0x00, /* ................ */
    0xfe, 0xff, 0x05, 0x00, 0x00, 0x00, 0x01, 0x00, 0x08, 0x00, 0x08, 0x00, 0x00, 0x00, 0x01, 0x00, /* ................ */
    0x00, 0x80, 0x04, 0x00, 0x00, 0x00, 0x01, 0x00, 0x01, 0x00, 0x04, 0x00, 0x00, 0x00, 0x01, 0x00, /* ................ */
    0x07, 0x00, 0x07, 0x00, 0x00, 0x00, 0x01, 0x00, 0xf5, 0xff, 0x08, 0x00, 0x00, 0x00, 0x01, 0x00, /* ................ */
    0xf2, 0xff, 0x08, 0x00, 0x00, 0x00, 0x01, 0x00, 0xff, 0xff, 0x04, 0x00, 0x00, 0x00, 0x01, 0x00, /* ................ */
    0x02, 0x00, 0x05, 0x00, 0x00, 0x00, 0x01, 0x00, 0xef, 0xff, 0x09, 0x00, 0x00, 0x00, 0x01, 0x00, /* ................ */
    0x00, 0x80, 0x04, 0x00, 0x00, 0x00, 0x01, 0x00, 0x01, 0x00, 0x04, 0x00, 0x00, 0x00, 0x01, 0x00, /* ................ */
    0xf4, 0xff, 0x08, 0x00, 0x00, 0x00, 0x01, 0x00, 0x03, 0x00, 0x06, 0x00, 0x00, 0x00, 0x01, 0x00, /* ................ */
    0x04, 0x00, 0x06, 0x00, 0x00, 0x00, 0x01, 0x00, 0xff, 0xff, 0x04, 0x00, 0x00, 0x00, 0x01, 0x00, /* ................ */
    0xfe, 0xff, 0x05, 0x00, 0x00, 0x00, 0x01, 0x00, 0xf7, 0xff, 0x08, 0x00, 0x00, 0x00, 0x01, 0x00, /* ................ */
    0x00, 0x80, 0x04, 0x00, 0x00, 0x00, 0x01, 0x00, 0x01, 0x00, 0x04, 0x00, 0x00, 0x00, 0x01, 0x00, /* ................ */
    0xea, 0xff, 0x09, 0x00, 0x00, 0x00, 0x01, 0x00, 0x7f, 0x00, 0x0a, 0x00, 0x00, 0x00, 0x01, 0x00, /* ................ */
    0xe8, 0xff, 0x09, 0x00, 0x00, 0x00, 0x01, 0x00, 0xff, 0xff, 0x04, 0x00, 0x00, 0x00, 0x01, 0x00, /* ................ */
    0x02, 0x00, 0x05, 0x00, 0x00, 0x00, 0x01, 0x00, 0x05, 0x00, 0x07, 0x00, 0x00, 0x00, 0x01, 0x00, /* ................ */
    0x00, 0x80, 0x04, 0x00, 0x00, 0x00, 0x01, 0x00, 0x01, 0x00, 0x04, 0x00, 0x00, 0x00, 0x01, 0x00, /* ................ */
    0x06, 0x00, 0x07, 0x00, 0x00, 0x00, 0x01, 0x00, 0xfd, 0xff, 0x06, 0x00, 0x00, 0x00, 0x01, 0x00, /* ................ */
    0xfc, 0xff, 0x06, 0x00, 0x00, 0x00, 0x01, 0x00, 0xff, 0xff, 0x04, 0x00, 0x00, 0x00, 0x01, 0x00, /* ................ */
    0xfe, 0xff, 0x05, 0x00, 0x00, 0x00, 0x01, 0x00, 0x27, 0x00, 0x0b, 0x00, 0x00, 0x00, 0x01, 0x00, /* ........'....... */
    0x00, 0x80, 0x04, 0x00, 0x00, 0x00, 0x01, 0x00, 0x01, 0x00, 0x04, 0x00, 0x00, 0x00, 0x01, 0x00, /* ................ */
    0xf9, 0xff, 0x07, 0x00, 0x00, 0x00, 0x01, 0x00, 0xee, 0xff, 0x09, 0x00, 0x00, 0x00, 0x01, 0x00, /* ................ */
    0xf1, 0xff, 0x08, 0x00, 0x00, 0x00, 0x01, 0x00, 0xff, 0xff, 0x04, 0x00, 0x00, 0x00, 0x01, 0x00, /* ................ */
    0x02, 0x00, 0x05, 0x00, 0x00, 0x00, 0x01, 0x00, 0x1b, 0x00, 0x0a, 0x00, 0x00, 0x00, 0x01, 0x00, /* ................ */
    0x00, 0x80, 0x04, 0x00, 0x00, 0x00, 0x01, 0x00, 0x01, 0x00, 0x04, 0x00, 0x00, 0x00, 0x01, 0x00, /* ................ */
    0x80, 0x00, 0x0a, 0x00, 0x00, 0x00, 0x01, 0x00, 0x03, 0x00, 0x06, 0x00, 0x00, 0x00, 0x01, 0x00, /* ................ */
    0x04, 0x00, 0x06, 0x00, 0x00, 0x00, 0x01, 0x00, 0xff, 0xff, 0x04, 0x00, 0x00, 0x00, 0x01, 0x00, /* ................ */
    0xfe, 0xff, 0x05, 0x00, 0x00, 0x00, 0x01, 0x00, 0xf0, 0xff, 0x09, 0x00, 0x00, 0x00, 0x01, 0x00, /* ................ */
    0x00, 0x80, 0x04, 0x00, 0x00, 0x00, 0x01, 0x00, 0x01, 0x00, 0x04, 0x00, 0x00, 0x00, 0x01, 0x00, /* ................ */
    0xeb, 0xff, 0x09, 0x00, 0x00, 0x00, 0x01, 0x00, 0xf6, 0xff, 0x08, 0x00, 0x00, 0x00, 0x01, 0x00, /* ................ */
    0xf3, 0xff, 0x08, 0x00, 0x00, 0x00, 0x01, 0x00, 0xff, 0xff, 0x04, 0x00, 0x00, 0x00, 0x01, 0x00, /* ................ */
    0x02, 0x00, 0x05, 0x00, 0x00, 0x00, 0x01, 0x00, 0xfb, 0xff, 0x07, 0x00, 0x00, 0x00, 0x01, 0x00, /* ................ */
    0x00, 0x80, 0x04, 0x00, 0x00, 0x00, 0x01, 0x00, 0x01, 0x00, 0x04, 0x00, 0x00, 0x00, 0x01, 0x00, /* ................ */
    0xfa, 0xff, 0x07, 0x00, 0x00, 0x00, 0x01, 0x00, 0xfd, 0xff, 0x06, 0x00, 0x00, 0x00, 0x01, 0x00, /* ................ */
    0xfc, 0xff, 0x06, 0x00, 0x00, 0x00, 0x01, 0x00, 0xff, 0xff, 0x04, 0x00, 0x00, 0x00, 0x01, 0x00, /* ................ */
    0xfe, 0xff, 0x05, 0x00, 0x00, 0x00, 0x01, 0x00, 0xf8, 0xff, 0x08, 0x00, 0x00, 0x00, 0x01, 0x00, /* ................ */
    0x00, 0x80, 0x04, 0x00, 0x00, 0x00, 0x01, 0x00, 0x01, 0x00, 0x04, 0x00, 0x00, 0x00, 0x01, 0x00, /* ................ */
    0x07, 0x00, 0x07, 0x00, 0x00, 0x00, 0x01, 0x00, 0x0b, 0x00, 0x08, 0x00, 0x00, 0x00, 0x01, 0x00, /* ................ */
    0x0e, 0x00, 0x08, 0x00, 0x00, 0x00, 0x01, 0x00, 0xff, 0xff, 0x04, 0x00, 0x00, 0x00, 0x01, 0x00, /* ................ */
    0x02, 0x00, 0x05, 0x00, 0x00, 0x00, 0x01, 0x00, 0xe3, 0xff, 0x0a, 0x00, 0x00, 0x00, 0x01, 0x00, /* ................ */
    0x00, 0x80, 0x04, 0x00, 0x00, 0x00, 0x01, 0x00, 0x01, 0x00, 0x04, 0x00, 0x00, 0x00, 0x01, 0x00, /* ................ */
    0x0c, 0x00, 0x08, 0x00, 0x00, 0x00, 0x01, 0x00, 0x03, 0x00, 0x06, 0x00, 0x00, 0x00, 0x01, 0x00, /* ................ */
    0x04, 0x00, 0x06, 0x00, 0x00, 0x00, 0x01, 0x00, 0xff, 0xff, 0x04, 0x00, 0x00, 0x00, 0x01, 0x00, /* ................ */
    0xfe, 0xff, 0x05, 0x00, 0x00, 0x00, 0x01, 0x00, 0x09, 0x00, 0x08, 0x00, 0x00, 0x00, 0x01, 0x00, /* ................ */
    0x00, 0x80, 0x04, 0x00, 0x00, 0x00, 0x01, 0x00, 0x01, 0x00, 0x04, 0x00, 0x00, 0x00, 0x01, 0x00, /* ................ */
    0xdb, 0xff, 0x0a, 0x00, 0x00, 0x00, 0x01, 0x00, 0xe1, 0xff, 0x0a, 0x00, 0x00, 0x00, 0x01, 0x00, /* ................ */
    0x17, 0x00, 0x09, 0x00, 0x00, 0x00, 0x01, 0x00, 0xff, 0xff, 0x04, 0x00, 0x00, 0x00, 0x01, 0x00, /* ................ */
    0x02, 0x00, 0x05, 0x00, 0x00, 0x00, 0x01, 0x00, 0x05, 0x00, 0x07, 0x00, 0x00, 0x00, 0x01, 0x00, /* ................ */
    0x00, 0x80, 0x04, 0x00, 0x00, 0x00, 0x01, 0x00, 0x01, 0x00, 0x04, 0x00, 0x00, 0x00, 0x01, 0x00, /* ................ */
    0x06, 0x00, 0x07, 0x00, 0x00, 0x00, 0x01, 0x00, 0xfd, 0xff, 0x06, 0x00, 0x00, 0x00, 0x01, 0x00, /* ................ */
    0xfc, 0xff, 0x06, 0x00, 0x00, 0x00, 0x01, 0x00, 0xff, 0xff, 0x04, 0x00, 0x00, 0x00, 0x01, 0x00, /* ................ */
    0xfe, 0xff, 0x05, 0x00, 0x00, 0x00, 0x01, 0x00, 0x28, 0x00, 0x0b, 0x00, 0x00, 0x00, 0x01, 0x00, /* ........(....... */
    0x00, 0x80, 0x04, 0x00, 0x00, 0x00, 0x01, 0x00, 0x01, 0x00, 0x04, 0x00, 0x00, 0x00, 0x01, 0x00, /* ................ */
    0xf9, 0xff, 0x07, 0x00, 0x00, 0x00, 0x01, 0x00, 0x13, 0x00, 0x09, 0x00, 0x00, 0x00, 0x01, 0x00, /* ................ */
    0x0f, 0x00, 0x08, 0x00, 0x00, 0x00, 0x01, 0x00, 0xff, 0xff, 0x04, 0x00, 0x00, 0x00, 0x01, 0x00, /* ................ */
    0x02, 0x00, 0x05, 0x00, 0x00, 0x00, 0x01, 0x00, 0xe4, 0xff, 0x0a, 0x00, 0x00, 0x00, 0x01, 0x00, /* ................ */
    0x00, 0x80, 0x04, 0x00, 0x00, 0x00, 0x01, 0x00, 0x01, 0x00, 0x04, 0x00, 0x00, 0x00, 0x01, 0x00, /* ................ */
    0x14, 0x00, 0x09, 0x00, 0x00, 0x00, 0x01, 0x00, 0x03, 0x00, 0x06, 0x00, 0x00, 0x00, 0x01, 0x00, /* ................ */
    0x04, 0x00, 0x06, 0x00, 0x00, 0x00, 0x01, 0x00, 0xff, 0xff, 0x04, 0x00, 0x00, 0x00, 0x01, 0x00, /* ................ */
    0xfe, 0xff, 0x05, 0x00, 0x00, 0x00, 0x01, 0x00, 0x2a, 0x00, 0x0b, 0x00, 0x00, 0x00, 0x01, 0x00, /* ........*....... */
    0x00, 0x80, 0x04, 0x00, 0x00, 0x00, 0x01, 0x00, 0x01, 0x00, 0x04, 0x00, 0x00, 0x00, 0x01, 0x00, /* ................ */
    0xdd, 0xff, 0x0a, 0x00, 0x00, 0x00, 0x01, 0x00, 0x0a, 0x00, 0x08, 0x00, 0x00, 0x00, 0x01, 0x00, /* ................ */
    0x0d, 0x00, 0x08, 0x00, 0x00, 0x00, 0x01, 0x00, 0xff, 0xff, 0x04, 0x00, 0x00, 0x00, 0x01, 0x00, /* ................ */
    0x02, 0x00, 0x05, 0x00, 0x00, 0x00, 0x01, 0x00, 0xfb, 0xff, 0x07, 0x00, 0x00, 0x00, 0x01, 0x00, /* ................ */
    0x00, 0x80, 0x04, 0x00, 0x00, 0x00, 0x01, 0x00, 0x01, 0x00, 0x04, 0x00, 0x00, 0x00, 0x01, 0x00, /* ................ */
    0xfa, 0xff, 0x07, 0x00, 0x00, 0x00, 0x01, 0x00, 0xfd, 0xff, 0x06, 0x00, 0x00, 0x00, 0x01, 0x00, /* ................ */
    0xfc, 0xff, 0x06, 0x00, 0x00, 0x00, 0x01, 0x00, 0xff, 0xff, 0x04, 0x00, 0x00, 0x00, 0x01, 0x00, /* ................ */
    0xfe, 0xff, 0x05, 0x00, 0x00, 0x00, 0x01, 0x00, 0x08, 0x00, 0x08, 0x00, 0x00, 0x00, 0x01, 0x00, /* ................ */
    0x00, 0x80, 0x04, 0x00, 0x00, 0x00, 0x01, 0x00, 0x01, 0x00, 0x04, 0x00, 0x00, 0x00, 0x01, 0x00, /* ................ */
    0x07, 0x00, 0x07, 0x00, 0x00, 0x00, 0x01, 0x00, 0xf5, 0xff, 0x08, 0x00, 0x00, 0x00, 0x01, 0x00, /* ................ */
    0xf2, 0xff, 0x08, 0x00, 0x00, 0x00, 0x01, 0x00, 0xff, 0xff, 0x04, 0x00, 0x00, 0x00, 0x01, 0x00, /* ................ */
    0x02, 0x00, 0x05, 0x00, 0x00, 0x00, 0x01, 0x00, 0x11, 0x00, 0x09, 0x00, 0x00, 0x00, 0x01, 0x00, /* ................ */
    0x00, 0x80, 0x04, 0x00, 0x00, 0x00, 0x01, 0x00, 0x01, 0x00, 0x04, 0x00, 0x00, 0x00, 0x01, 0x00, /* ................ */
    0xf4, 0xff, 0x08, 0x00, 0x00, 0x00, 0x01, 0x00, 0x03, 0x00, 0x06, 0x00, 0x00, 0x00, 0x01, 0x00, /* ................ */
    0x04, 0x00, 0x06, 0x00, 0x00, 0x00, 0x01, 0x00, 0xff, 0xff, 0x04, 0x00, 0x00, 0x00, 0x01, 0x00, /* ................ */
    0xfe, 0xff, 0x05, 0x00, 0x00, 0x00, 0x01, 0x00, 0xf7, 0xff, 0x08, 0x00, 0x00, 0x00, 0x01, 0x00, /* ................ */
    0x00, 0x80, 0x04, 0x00, 0x00, 0x00, 0x01, 0x00, 0x01, 0x00, 0x04, 0x00, 0x00, 0x00, 0x01, 0x00, /* ................ */
    0x16, 0x00, 0x09, 0x00, 0x00, 0x00, 0x01, 0x00, 0x2f, 0x00, 0x0b, 0x00, 0x00, 0x00, 0x01, 0x00, /* ......../....... */
    0x18, 0x00, 0x09, 0x00, 0x00, 0x00, 0x01, 0x00, 0xff, 0xff, 0x04, 0x00, 0x00, 0x00, 0x01, 0x00, /* ................ */
    0x02, 0x00, 0x05, 0x00, 0x00, 0x00, 0x01, 0x00, 0x05, 0x00, 0x07, 0x00, 0x00, 0x00, 0x01, 0x00, /* ................ */
    0x00, 0x80, 0x04, 0x00, 0x00, 0x00, 0x01, 0x00, 0x01, 0x00, 0x04, 0x00, 0x00, 0x00, 0x01, 0x00, /* ................ */
    0x06, 0x00, 0x07, 0x00, 0x00, 0x00, 0x01, 0x00, 0xfd, 0xff, 0x06, 0x00, 0x00, 0x00, 0x01, 0x00, /* ................ */
    0xfc, 0xff, 0x06, 0x00, 0x00, 0x00, 0x01, 0x00, 0xff, 0xff, 0x04, 0x00, 0x00, 0x00, 0x01, 0x00, /* ................ */
    0xfe, 0xff, 0x05, 0x00, 0x00, 0x00, 0x01, 0x00, 0xe0, 0xff, 0x0a, 0x00, 0x00, 0x00, 0x01, 0x00, /* ................ */
    0x00, 0x80, 0x04, 0x00, 0x00, 0x00, 0x01, 0x00, 0x01, 0x00, 0x04, 0x00, 0x00, 0x00, 0x01, 0x00, /* ................ */
    0xf9, 0xff, 0x07, 0x00, 0x00, 0x00, 0x01, 0x00, 0x12, 0x00, 0x09, 0x00, 0x00, 0x00, 0x01, 0x00, /* ................ */
    0xf1, 0xff, 0x08, 0x00, 0x00, 0x00, 0x01, 0x00, 0xff, 0xff, 0x04, 0x00, 0x00, 0x00, 0x01, 0x00, /* ................ */
    0x02, 0x00, 0x05, 0x00, 0x00, 0x00, 0x01, 0x00, 0x2c, 0x00, 0x0b, 0x00, 0x00, 0x00, 0x01, 0x00, /* ........,....... */
    0x00, 0x80, 0x04, 0x00, 0x00, 0x00, 0x01, 0x00, 0x01, 0x00, 0x04, 0x00, 0x00, 0x00, 0x01, 0x00, /* ................ */
    0xdf, 0xff, 0x0a, 0x00, 0x00, 0x00, 0x01, 0x00, 0x03, 0x00, 0x06, 0x00, 0x00, 0x00, 0x01, 0x00, /* ................ */
    0x04, 0x00, 0x06, 0x00, 0x00, 0x00, 0x01, 0x00, 0xff, 0xff, 0x04, 0x00, 0x00, 0x00, 0x01, 0x00, /* ................ */
    0xfe, 0xff, 0x05, 0x00, 0x00, 0x00, 0x01, 0x00, 0x10, 0x00, 0x09, 0x00, 0x00, 0x00, 0x01, 0x00, /* ................ */
    0x00, 0x80, 0x04, 0x00, 0x00, 0x00, 0x01, 0x00, 0x01, 0x00, 0x04, 0x00, 0x00, 0x00, 0x01, 0x00, /* ................ */
    0x15, 0x00, 0x09, 0x00, 0x00, 0x00, 0x01, 0x00, 0xf6, 0xff, 0x08, 0x00, 0x00, 0x00, 0x01, 0x00, /* ................ */
    0xf3, 0xff, 0x08, 0x00, 0x00, 0x00, 0x01, 0x00, 0xff, 0xff, 0x04, 0x00, 0x00, 0x00, 0x01, 0x00, /* ................ */
    0x02, 0x00, 0x05, 0x00, 0x00, 0x00, 0x01, 0x00, 0xfb, 0xff, 0x07, 0x00, 0x00, 0x00, 0x01, 0x00, /* ................ */
    0x00, 0x80, 0x04, 0x00, 0x00, 0x00, 0x01, 0x00, 0x01, 0x00, 0x04, 0x00, 0x00, 0x00, 0x01, 0x00, /* ................ */
    0xfa, 0xff, 0x07, 0x00, 0x00, 0x00, 0x01, 0x00, 0xfd, 0xff, 0x06, 0x00, 0x00, 0x00, 0x01, 0x00, /* ................ */
    0xfc, 0xff, 0x06, 0x00, 0x00, 0x00, 0x01, 0x00, 0xff, 0xff, 0x04, 0x00, 0x00, 0x00, 0x01, 0x00, /* ................ */
    0xfe, 0xff, 0x05, 0x00, 0x00, 0x00, 0x01, 0x00, 0xf8, 0xff, 0x08, 0x00, 0x00, 0x00, 0x01, 0x00, /* ................ */
    0x00, 0x80, 0x04, 0x00, 0x00, 0x00, 0x01, 0x00, 0x01, 0x00, 0x04, 0x00, 0x00, 0x00, 0x01, 0x00, /* ................ */
    0x07, 0x00, 0x07, 0x00, 0x00, 0x00, 0x01, 0x00, 0x0b, 0x00, 0x08, 0x00, 0x00, 0x00, 0x01, 0x00, /* ................ */
    0x0e, 0x00, 0x08, 0x00, 0x00, 0x00, 0x01, 0x00, 0xff, 0xff, 0x04, 0x00, 0x00, 0x00, 0x01, 0x00, /* ................ */
    0x02, 0x00, 0x05, 0x00, 0x00, 0x00, 0x01, 0x00, 0x2e, 0x00, 0x0b, 0x00, 0x00, 0x00, 0x01, 0x00, /* ................ */
    0x00, 0x80, 0x04, 0x00, 0x00, 0x00, 0x01, 0x00, 0x01, 0x00, 0x04, 0x00, 0x00, 0x00, 0x01, 0x00, /* ................ */
    0x0c, 0x00, 0x08, 0x00, 0x00, 0x00, 0x01, 0x00, 0x03, 0x00, 0x06, 0x00, 0x00, 0x00, 0x01, 0x00, /* ................ */
    0x04, 0x00, 0x06, 0x00, 0x00, 0x00, 0x01, 0x00, 0xff, 0xff, 0x04, 0x00, 0x00, 0x00, 0x01, 0x00, /* ................ */
    0xfe, 0xff, 0x05, 0x00, 0x00, 0x00, 0x01, 0x00, 0x09, 0x00, 0x08, 0x00, 0x00, 0x00, 0x01, 0x00, /* ................ */
    0x00, 0x80, 0x04, 0x00, 0x00, 0x00, 0x01, 0x00, 0x01, 0x00, 0x04, 0x00, 0x00, 0x00, 0x01, 0x00, /* ................ */
    0xdc, 0xff, 0x0a, 0x00, 0x00, 0x00, 0x01, 0x00, 0xe2, 0xff, 0x0a, 0x00, 0x00, 0x00, 0x01, 0x00, /* ................ */
    0xe9, 0xff, 0x09, 0x00, 0x00, 0x00, 0x01, 0x00, 0xff, 0xff, 0x04, 0x00, 0x00, 0x00, 0x01, 0x00, /* ................ */
    0x02, 0x00, 0x05, 0x00, 0x00, 0x00, 0x01, 0x00, 0x05, 0x00, 0x07, 0x00, 0x00, 0x00, 0x01, 0x00, /* ................ */
    0x00, 0x80, 0x04, 0x00, 0x00, 0x00, 0x01, 0x00, 0x01, 0x00, 0x04, 0x00, 0x00, 0x00, 0x01, 0x00, /* ................ */
    0x06, 0x00, 0x07, 0x00, 0x00, 0x00, 0x01, 0x00, 0xfd, 0xff, 0x06, 0x00, 0x00, 0x00, 0x01, 0x00, /* ................ */
    0xfc, 0xff, 0x06, 0x00, 0x00, 0x00, 0x01, 0x00, 0xff, 0xff, 0x04, 0x00, 0x00, 0x00, 0x01, 0x00, /* ................ */
    0xfe, 0xff, 0x05, 0x00, 0x00, 0x00, 0x01, 0x00, 0xe7, 0xff, 0x0a, 0x00, 0x00, 0x00, 0x01, 0x00, /* ................ */
    0x00, 0x80, 0x04, 0x00, 0x00, 0x00, 0x01, 0x00, 0x01, 0x00, 0x04, 0x00, 0x00, 0x00, 0x01, 0x00, /* ................ */
    0xf9, 0xff, 0x07, 0x00, 0x00, 0x00, 0x01, 0x00, 0xed, 0xff, 0x09, 0x00, 0x00, 0x00, 0x01, 0x00, /* ................ */
    0x0f, 0x00, 0x08, 0x00, 0x00, 0x00, 0x01, 0x00, 0xff, 0xff, 0x04, 0x00, 0x00, 0x00, 0x01, 0x00, /* ................ */
    0x02, 0x00, 0x05, 0x00, 0x00, 0x00, 0x01, 0x00, 0x2d, 0x00, 0x0b, 0x00, 0x00, 0x00, 0x01, 0x00, /* ........-....... */
    0x00, 0x80, 0x04, 0x00, 0x00, 0x00, 0x01, 0x00, 0x01, 0x00, 0x04, 0x00, 0x00, 0x00, 0x01, 0x00, /* ................ */
    0xec, 0xff, 0x09, 0x00, 0x00, 0x00, 0x01, 0x00, 0x03, 0x00, 0x06, 0x00, 0x00, 0x00, 0x01, 0x00, /* ................ */
    0x04, 0x00, 0x06, 0x00, 0x00, 0x00, 0x01, 0x00, 0xff, 0xff, 0x04, 0x00, 0x00, 0x00, 0x01, 0x00, /* ................ */
    0xfe, 0xff, 0x05, 0x00, 0x00, 0x00, 0x01, 0x00, 0xe6, 0xff, 0x0a, 0x00, 0x00, 0x00, 0x01, 0x00, /* ................ */
    0x00, 0x80, 0x04, 0x00, 0x00, 0x00, 0x01, 0x00, 0x01, 0x00, 0x04, 0x00, 0x00, 0x00, 0x01, 0x00, /* ................ */
    0xde, 0xff, 0x0a, 0x00, 0x00, 0x00, 0x01, 0x00, 0x0a, 0x00, 0x08, 0x00, 0x00, 0x00, 0x01, 0x00, /* ................ */
    0x0d, 0x00, 0x08, 0x00, 0x00, 0x00, 0x01, 0x00, 0xff, 0xff, 0x04, 0x00, 0x00, 0x00, 0x01, 0x00, /* ................ */
    0x02, 0x00, 0x05, 0x00, 0x00, 0x00, 0x01, 0x00, 0xfb, 0xff, 0x07, 0x00, 0x00, 0x00, 0x01, 0x00, /* ................ */
    0x00, 0x80, 0x04, 0x00, 0x00, 0x00, 0x01, 0x00, 0x01, 0x00, 0x04, 0x00, 0x00, 0x00, 0x01, 0x00, /* ................ */
    0xfa, 0xff, 0x07, 0x00, 0x00, 0x00, 0x01, 0x00, 0xfd, 0xff, 0x06, 0x00, 0x00, 0x00, 0x01, 0x00, /* ................ */
    0xfc, 0xff, 0x06, 0x00, 0x00, 0x00, 0x01, 0x00, 0xff, 0xff, 0x04, 0x00, 0x00, 0x00, 0x01, 0x00, /* ................ */
    0xfe, 0xff, 0x05, 0x00, 0x00, 0x00, 0x01, 0x00, 0x08, 0x00, 0x08, 0x00, 0x00, 0x00, 0x01, 0x00, /* ................ */
    0x00, 0x80, 0x04, 0x00, 0x00, 0x00, 0x01, 0x00, 0x01, 0x00, 0x04, 0x00, 0x00, 0x00, 0x01, 0x00, /* ................ */
    0x07, 0x00, 0x07, 0x00, 0x00, 0x00, 0x01, 0x00, 0xf5, 0xff, 0x08, 0x00, 0x00, 0x00, 0x01, 0x00, /* ................ */
    0xf2, 0xff, 0x08, 0x00, 0x00, 0x00, 0x01, 0x00, 0xff, 0xff, 0x04, 0x00, 0x00, 0x00, 0x01, 0x00, /* ................ */
    0x02, 0x00, 0x05, 0x00, 0x00, 0x00, 0x01, 0x00, 0xef, 0xff, 0x09, 0x00, 0x00, 0x00, 0x01, 0x00, /* ................ */
    0x00, 0x80, 0x04, 0x00, 0x00, 0x00, 0x01, 0x00, 0x01, 0x00, 0x04, 0x00, 0x00, 0x00, 0x01, 0x00, /* ................ */
    0xf4, 0xff, 0x08, 0x00, 0x00, 0x00, 0x01, 0x00, 0x03, 0x00, 0x06, 0x00, 0x00, 0x00, 0x01, 0x00, /* ................ */
    0x04, 0x00, 0x06, 0x00, 0x00, 0x00, 0x01, 0x00, 0xff, 0xff, 0x04, 0x00, 0x00, 0x00, 0x01, 0x00, /* ................ */
    0xfe, 0xff, 0x05, 0x00, 0x00, 0x00, 0x01, 0x00, 0xf7, 0xff, 0x08, 0x00, 0x00, 0x00, 0x01, 0x00, /* ................ */
    0x00, 0x80, 0x04, 0x00, 0x00, 0x00, 0x01, 0x00, 0x01, 0x00, 0x04, 0x00, 0x00, 0x00, 0x01, 0x00, /* ................ */
    0xea, 0xff, 0x09, 0x00, 0x00, 0x00, 0x01, 0x00, 0x81, 0xff, 0x0a, 0x00, 0x00, 0x00, 0x01, 0x00, /* ................ */
    0xe8, 0xff, 0x09, 0x00, 0x00, 0x00, 0x01, 0x00, 0xff, 0xff, 0x04, 0x00, 0x00, 0x00, 0x01, 0x00, /* ................ */
    0x02, 0x00, 0x05, 0x00, 0x00, 0x00, 0x01, 0x00, 0x05, 0x00, 0x07, 0x00, 0x00, 0x00, 0x01, 0x00, /* ................ */
    0x00, 0x80, 0x04, 0x00, 0x00, 0x00, 0x01, 0x00, 0x01, 0x00, 0x04, 0x00, 0x00, 0x00, 0x01, 0x00, /* ................ */
    0x06, 0x00, 0x07, 0x00, 0x00, 0x00, 0x01, 0x00, 0xfd, 0xff, 0x06, 0x00, 0x00, 0x00, 0x01, 0x00, /* ................ */
    0xfc, 0xff, 0x06, 0x00, 0x00, 0x00, 0x01, 0x00, 0xff, 0xff, 0x04, 0x00, 0x00, 0x00, 0x01, 0x00, /* ................ */
    0xfe, 0xff, 0x05, 0x00, 0x00, 0x00, 0x01, 0x00, 0x26, 0x00, 0x0b, 0x00, 0x00, 0x00, 0x01, 0x00, /* ........&....... */
    0x00, 0x80, 0x04, 0x00, 0x00, 0x00, 0x01, 0x00, 0x01, 0x00, 0x04, 0x00, 0x00, 0x00, 0x01, 0x00, /* ................ */
    0xf9, 0xff, 0x07, 0x00, 0x00, 0x00, 0x01, 0x00, 0xee, 0xff, 0x09, 0x00, 0x00, 0x00, 0x01, 0x00, /* ................ */
    0xf1, 0xff, 0x08, 0x00, 0x00, 0x00, 0x01, 0x00, 0xff, 0xff, 0x04, 0x00, 0x00, 0x00, 0x01, 0x00, /* ................ */
    0x02, 0x00, 0x05, 0x00, 0x00, 0x00, 0x01, 0x00, 0xe5, 0xff, 0x0a, 0x00, 0x00, 0x00, 0x01, 0x00, /* ................ */
    0x00, 0x80, 0x04, 0x00, 0x00, 0x00, 0x01, 0x00, 0x01, 0x00, 0x04, 0x00, 0x00, 0x00, 0x01, 0x00, /* ................ */
    0x80, 0xff, 0x0a, 0x00, 0x00, 0x00, 0x01, 0x00, 0x03, 0x00, 0x06, 0x00, 0x00, 0x00, 0x01, 0x00, /* ................ */
    0x04, 0x00, 0x06, 0x00, 0x00, 0x00, 0x01, 0x00, 0xff, 0xff, 0x04, 0x00, 0x00, 0x00, 0x01, 0x00, /* ................ */
    0xfe, 0xff, 0x05, 0x00, 0x00, 0x00, 0x01, 0x00, 0xf0, 0xff, 0x09, 0x00, 0x00, 0x00, 0x01, 0x00, /* ................ */
    0x00, 0x80, 0x04, 0x00, 0x00, 0x00, 0x01, 0x00, 0x01, 0x00, 0x04, 0x00, 0x00, 0x00, 0x01, 0x00, /* ................ */
    0xeb, 0xff, 0x09, 0x00, 0x00, 0x00, 0x01, 0x00, 0xf6, 0xff, 0x08, 0x00, 0x00, 0x00, 0x01, 0x00, /* ................ */
    0xf3, 0xff, 0x08, 0x00, 0x00, 0x00, 0x01, 0x00, 0xff, 0xff, 0x04, 0x00, 0x00, 0x00, 0x01, 0x00, /* ................ */
    0x02, 0x00, 0x05, 0x00, 0x00, 0x00, 0x01, 0x00, 0xfb, 0xff, 0x07, 0x00, 0x00, 0x00, 0x01, 0x00, /* ................ */
    0x00, 0x80, 0x04, 0x00, 0x00, 0x00, 0x01, 0x00, 0x01, 0x00, 0x04, 0x00, 0x00, 0x00, 0x01, 0x00, /* ................ */
    0xfa, 0xff, 0x07, 0x00, 0x00, 0x00, 0x01, 0x00, 0xfd, 0xff, 0x06, 0x00, 0x00, 0x00, 0x01, 0x00, /* ................ */
    0xfc, 0xff, 0x06, 0x00, 0x00, 0x00, 0x01, 0x00, 0xff, 0xff, 0x04, 0x00, 0x00, 0x00, 0x01, 0x00, /* ................ */
    0xfe, 0xff, 0x05, 0x00, 0x00, 0x00, 0x01, 0x00, 0xf8, 0xff, 0x08, 0x00, 0x00, 0x00, 0x01, 0x00, /* ................ */
    0x00, 0x80, 0x04, 0x00, 0x00, 0x00, 0x01, 0x00, 0x01, 0x00, 0x04, 0x00, 0x00, 0x00, 0x01, 0x00, /* ................ */
    0x07, 0x00, 0x07, 0x00, 0x00, 0x00, 0x01, 0x00, 0x0b, 0x00, 0x08, 0x00, 0x00, 0x00, 0x01, 0x00, /* ................ */
    0x0e, 0x00, 0x08, 0x00, 0x00, 0x00, 0x01, 0x00, 0xff, 0xff, 0x04, 0x00, 0x00, 0x00, 0x01, 0x00, /* ................ */
    0x02, 0x00, 0x05, 0x00, 0x00, 0x00, 0x01, 0x00, 0x1d, 0x00, 0x0a, 0x00, 0x00, 0x00, 0x01, 0x00, /* ................ */
    0x00, 0x80, 0x04, 0x00, 0x00, 0x00, 0x01, 0x00, 0x01, 0x00, 0x04, 0x00, 0x00, 0x00, 0x01, 0x00, /* ................ */
    0x0c, 0x00, 0x08, 0x00, 0x00, 0x00, 0x01, 0x00, 0x03, 0x00, 0x06, 0x00, 0x00, 0x00, 0x01, 0x00, /* ................ */
    0x04, 0x00, 0x06, 0x00, 0x00, 0x00, 0x01, 0x00, 0xff, 0xff, 0x04, 0x00, 0x00, 0x00, 0x01, 0x00, /* ................ */
    0xfe, 0xff, 0x05, 0x00, 0x00, 0x00, 0x01, 0x00, 0x09, 0x00, 0x08, 0x00, 0x00, 0x00, 0x01, 0x00, /* ................ */
    0x00, 0x80, 0x04, 0x00, 0x00, 0x00, 0x01, 0x00, 0x01, 0x00, 0x04, 0x00, 0x00, 0x00, 0x01, 0x00, /* ................ */
    0x25, 0x00, 0x0a, 0x00, 0x00, 0x00, 0x01, 0x00, 0x1f, 0x00, 0x0a, 0x00, 0x00, 0x00, 0x01, 0x00, /* %............... */
    0x17, 0x00, 0x09, 0x00, 0x00, 0x00, 0x01, 0x00, 0xff, 0xff, 0x04, 0x00, 0x00, 0x00, 0x01, 0x00, /* ................ */
    0x02, 0x00, 0x05, 0x00, 0x00, 0x00, 0x01, 0x00, 0x05, 0x00, 0x07, 0x00, 0x00, 0x00, 0x01, 0x00, /* ................ */
    0x00, 0x80, 0x04, 0x00, 0x00, 0x00, 0x01, 0x00, 0x01, 0x00, 0x04, 0x00, 0x00, 0x00, 0x01, 0x00, /* ................ */
    0x06, 0x00, 0x07, 0x00, 0x00, 0x00, 0x01, 0x00, 0xfd, 0xff, 0x06, 0x00, 0x00, 0x00, 0x01, 0x00, /* ................ */
    0xfc, 0xff, 0x06, 0x00, 0x00, 0x00, 0x01, 0x00, 0xff, 0xff, 0x04, 0x00, 0x00, 0x00, 0x01, 0x00, /* ................ */
    0xfe, 0xff, 0x05, 0x00, 0x00, 0x00, 0x01, 0x00, 0xd7, 0xff, 0x0b, 0x00, 0x00, 0x00, 0x01, 0x00, /* ................ */
    0x00, 0x80, 0x04, 0x00, 0x00, 0x00, 0x01, 0x00, 0x01, 0x00, 0x04, 0x00, 0x00, 0x00, 0x01, 0x00, /* ................ */
    0xf9, 0xff, 0x07, 0x00, 0x00, 0x00, 0x01, 0x00, 0x13, 0x00, 0x09, 0x00, 0x00, 0x00, 0x01, 0x00, /* ................ */
    0x0f, 0x00, 0x08, 0x00, 0x00, 0x00, 0x01, 0x00, 0xff, 0xff, 0x04, 0x00, 0x00, 0x00, 0x01, 0x00, /* ................ */
    0x02, 0x00, 0x05, 0x00, 0x00, 0x00, 0x01, 0x00, 0x1c, 0x00, 0x0a, 0x00, 0x00, 0x00, 0x01, 0x00, /* ................ */
    0x00, 0x80, 0x04, 0x00, 0x00, 0x00, 0x01, 0x00, 0x01, 0x00, 0x04, 0x00, 0x00, 0x00, 0x01, 0x00, /* ................ */
    0x14, 0x00, 0x09, 0x00, 0x00, 0x00, 0x01, 0x00, 0x03, 0x00, 0x06, 0x00, 0x00, 0x00, 0x01, 0x00, /* ................ */
    0x04, 0x00, 0x06, 0x00, 0x00, 0x00, 0x01, 0x00, 0xff, 0xff, 0x04, 0x00, 0x00, 0x00, 0x01, 0x00, /* ................ */
    0xfe, 0xff, 0x05, 0x00, 0x00, 0x00, 0x01, 0x00, 0xd5, 0xff, 0x0b, 0x00, 0x00, 0x00, 0x01, 0x00, /* ................ */
    0x00, 0x80, 0x04, 0x00, 0x00, 0x00, 0x01, 0x00, 0x01, 0x00, 0x04, 0x00, 0x00, 0x00, 0x01, 0x00, /* ................ */
    0x23, 0x00, 0x0a, 0x00, 0x00, 0x00, 0x01, 0x00, 0x0a, 0x00, 0x08, 0x00, 0x00, 0x00, 0x01, 0x00, /* #............... */
    0x0d, 0x00, 0x08, 0x00, 0x00, 0x00, 0x01, 0x00, 0xff, 0xff, 0x04, 0x00, 0x00, 0x00, 0x01, 0x00, /* ................ */
    0x02, 0x00, 0x05, 0x00, 0x00, 0x00, 0x01, 0x00, 0xfb, 0xff, 0x07, 0x00, 0x00, 0x00, 0x01, 0x00, /* ................ */
    0x00, 0x80, 0x04, 0x00, 0x00, 0x00, 0x01, 0x00, 0x01, 0x00, 0x04, 0x00, 0x00, 0x00, 0x01, 0x00, /* ................ */
    0xfa, 0xff, 0x07, 0x00, 0x00, 0x00, 0x01, 0x00, 0xfd, 0xff, 0x06, 0x00, 0x00, 0x00, 0x01, 0x00, /* ................ */
    0xfc, 0xff, 0x06, 0x00, 0x00, 0x00, 0x01, 0x00, 0xff, 0xff, 0x04, 0x00, 0x00, 0x00, 0x01, 0x00, /* ................ */
    0xfe, 0xff, 0x05, 0x00, 0x00, 0x00, 0x01, 0x00, 0x08, 0x00, 0x08, 0x00, 0x00, 0x00, 0x01, 0x00, /* ................ */
    0x00, 0x80, 0x04, 0x00, 0x00, 0x00, 0x01, 0x00, 0x01, 0x00, 0x04, 0x00, 0x00, 0x00, 0x01, 0x00, /* ................ */
    0x07, 0x00, 0x07, 0x00, 0x00, 0x00, 0x01, 0x00, 0xf5, 0xff, 0x08, 0x00, 0x00, 0x00, 0x01, 0x00, /* ................ */
    0xf2, 0xff, 0x08, 0x00, 0x00, 0x00, 0x01, 0x00, 0xff, 0xff, 0x04, 0x00, 0x00, 0x00, 0x01, 0x00, /* ................ */
    0x02, 0x00, 0x05, 0x00, 0x00, 0x00, 0x01, 0x00, 0x11, 0x00, 0x09, 0x00, 0x00, 0x00, 0x01, 0x00, /* ................ */
    0x00, 0x80, 0x04, 0x00, 0x00, 0x00, 0x01, 0x00, 0x01, 0x00, 0x04, 0x00, 0x00, 0x00, 0x01, 0x00, /* ................ */
    0xf4, 0xff, 0x08, 0x00, 0x00, 0x00, 0x01, 0x00, 0x03, 0x00, 0x06, 0x00, 0x00, 0x00, 0x01, 0x00, /* ................ */
    0x04, 0x00, 0x06, 0x00, 0x00, 0x00, 0x01, 0x00, 0xff, 0xff, 0x04, 0x00, 0x00, 0x00, 0x01, 0x00, /* ................ */
    0xfe, 0xff, 0x05, 0x00, 0x00, 0x00, 0x01, 0x00, 0xf7, 0xff, 0x08, 0x00, 0x00, 0x00, 0x01, 0x00, /* ................ */
    0x00, 0x80, 0x04, 0x00, 0x00, 0x00, 0x01, 0x00, 0x01, 0x00, 0x04, 0x00, 0x00, 0x00, 0x01, 0x00, /* ................ */
    0x16, 0x00, 0x09, 0x00, 0x00, 0x00, 0x01, 0x00, 0xce, 0xff, 0x0b, 0x00, 0x00, 0x00, 0x01, 0x00, /* ................ */
    0x18, 0x00, 0x09, 0x00, 0x00, 0x00, 0x01, 0x00, 0xff, 0xff, 0x04, 0x00, 0x00, 0x00, 0x01, 0x00, /* ................ */
    0x02, 0x00, 0x05, 0x00, 0x00, 0x00, 0x01, 0x00, 0x05, 0x00, 0x07, 0x00, 0x00, 0x00, 0x01, 0x00, /* ................ */
    0x00, 0x80, 0x04, 0x00, 0x00, 0x00, 0x01, 0x00, 0x01, 0x00, 0x04, 0x00, 0x00, 0x00, 0x01, 0x00, /* ................ */
    0x06, 0x00, 0x07, 0x00, 0x00, 0x00, 0x01, 0x00, 0xfd, 0xff, 0x06, 0x00, 0x00, 0x00, 0x01, 0x00, /* ................ */
    0xfc, 0xff, 0x06, 0x00, 0x00, 0x00, 0x01, 0x00, 0xff, 0xff, 0x04, 0x00, 0x00, 0x00, 0x01, 0x00, /* ................ */
    0xfe, 0xff, 0x05, 0x00, 0x00, 0x00, 0x01, 0x00, 0x20, 0x00, 0x0a, 0x00, 0x00, 0x00, 0x01, 0x00, /* ........ ....... */
    0x00, 0x80, 0x04, 0x00, 0x00, 0x00, 0x01, 0x00, 0x01, 0x00, 0x04, 0x00, 0x00, 0x00, 0x01, 0x00, /* ................ */
    0xf9, 0xff, 0x07, 0x00, 0x00, 0x00, 0x01, 0x00, 0x12, 0x00, 0x09, 0x00, 0x00, 0x00, 0x01, 0x00, /* ................ */
    0xf1, 0xff, 0x08, 0x00, 0x00, 0x00, 0x01, 0x00, 0xff, 0xff, 0x04, 0x00, 0x00, 0x00, 0x01, 0x00, /* ................ */
    0x02, 0x00, 0x05, 0x00, 0x00, 0x00, 0x01, 0x00, 0xd0, 0xff, 0x0b, 0x00, 0x00, 0x00, 0x01, 0x00, /* ................ */
    0x00, 0x80, 0x04, 0x00, 0x00, 0x00, 0x01, 0x00, 0x01, 0x00, 0x04, 0x00, 0x00, 0x00, 0x01, 0x00, /* ................ */
    0x21, 0x00, 0x0a, 0x00, 0x00, 0x00, 0x01, 0x00, 0x03, 0x00, 0x06, 0x00, 0x00, 0x00, 0x01, 0x00, /* !............... */
    0x04, 0x00, 0x06, 0x00, 0x00, 0x00, 0x01, 0x00, 0xff, 0xff, 0x04, 0x00, 0x00, 0x00, 0x01, 0x00, /* ................ */
    0xfe, 0xff, 0x05, 0x00, 0x00, 0x00, 0x01, 0x00, 0x10, 0x00, 0x09, 0x00, 0x00, 0x00, 0x01, 0x00, /* ................ */
    0x00, 0x80, 0x04, 0x00, 0x00, 0x00, 0x01, 0x00, 0x01, 0x00, 0x04, 0x00, 0x00, 0x00, 0x01, 0x00, /* ................ */
    0x15, 0x00, 0x09, 0x00, 0x00, 0x00, 0x01, 0x00, 0xf6, 0xff, 0x08, 0x00, 0x00, 0x00, 0x01, 0x00, /* ................ */
    0xf3, 0xff, 0x08, 0x00, 0x00, 0x00, 0x01, 0x00, 0xff, 0xff, 0x04, 0x00, 0x00, 0x00, 0x01, 0x00, /* ................ */
    0x02, 0x00, 0x05, 0x00, 0x00, 0x00, 0x01, 0x00, 0xfb, 0xff, 0x07, 0x00, 0x00, 0x00, 0x01, 0x00, /* ................ */
    0x00, 0x80, 0x04, 0x00, 0x00, 0x00, 0x01, 0x00, 0x01, 0x00, 0x04, 0x00, 0x00, 0x00, 0x01, 0x00, /* ................ */
    0xfa, 0xff, 0x07, 0x00, 0x00, 0x00, 0x01, 0x00, 0xfd, 0xff, 0x06, 0x00, 0x00, 0x00, 0x01, 0x00, /* ................ */
    0xfc, 0xff, 0x06, 0x00, 0x00, 0x00, 0x01, 0x00, 0xff, 0xff, 0x04, 0x00, 0x00, 0x00, 0x01, 0x00, /* ................ */
    0xfe, 0xff, 0x05, 0x00, 0x00, 0x00, 0x01, 0x00, 0xf8, 0xff, 0x08, 0x00, 0x00, 0x00, 0x01, 0x00, /* ................ */
    0x00, 0x80, 0x04, 0x00, 0x00, 0x00, 0x01, 0x00, 0x01, 0x00, 0x04, 0x00, 0x00, 0x00, 0x01, 0x00, /* ................ */
    0x07, 0x00, 0x07, 0x00, 0x00, 0x00, 0x01, 0x00, 0x0b, 0x00, 0x08, 0x00, 0x00, 0x00, 0x01, 0x00, /* ................ */
    0x0e, 0x00, 0x08, 0x00, 0x00, 0x00, 0x01, 0x00, 0xff, 0xff, 0x04, 0x00, 0x00, 0x00, 0x01, 0x00, /* ................ */
    0x02, 0x00, 0x05, 0x00, 0x00, 0x00, 0x01, 0x00, 0xcf, 0xff, 0x0b, 0x00, 0x00, 0x00, 0x01, 0x00, /* ................ */
    0x00, 0x80, 0x04, 0x00, 0x00, 0x00, 0x01, 0x00, 0x01, 0x00, 0x04, 0x00, 0x00, 0x00, 0x01, 0x00, /* ................ */
    0x0c, 0x00, 0x08, 0x00, 0x00, 0x00, 0x01, 0x00, 0x03, 0x00, 0x06, 0x00, 0x00, 0x00, 0x01, 0x00, /* ................ */
    0x04, 0x00, 0x06, 0x00, 0x00, 0x00, 0x01, 0x00, 0xff, 0xff, 0x04, 0x00, 0x00, 0x00, 0x01, 0x00, /* ................ */
    0xfe, 0xff, 0x05, 0x00, 0x00, 0x00, 0x01, 0x00, 0x09, 0x00, 0x08, 0x00, 0x00, 0x00, 0x01, 0x00, /* ................ */
    0x00, 0x80, 0x04, 0x00, 0x00, 0x00, 0x01, 0x00, 0x01, 0x00, 0x04, 0x00, 0x00, 0x00, 0x01, 0x00, /* ................ */
    0x24, 0x00, 0x0a, 0x00, 0x00, 0x00, 0x01, 0x00, 0x1e, 0x00, 0x0a, 0x00, 0x00, 0x00, 0x01, 0x00, /* $............... */
    0xe9, 0xff, 0x09, 0x00, 0x00, 0x00, 0x01, 0x00, 0xff, 0xff, 0x04, 0x00, 0x00, 0x00, 0x01, 0x00, /* ................ */
    0x02, 0x00, 0x05, 0x00, 0x00, 0x00, 0x01, 0x00, 0x05, 0x00, 0x07, 0x00, 0x00, 0x00, 0x01, 0x00, /* ................ */
    0x00, 0x80, 0x04, 0x00, 0x00, 0x00, 0x01, 0x00, 0x01, 0x00, 0x04, 0x00, 0x00, 0x00, 0x01, 0x00, /* ................ */
    0x06, 0x00, 0x07, 0x00, 0x00, 0x00, 0x01, 0x00, 0xfd, 0xff, 0x06, 0x00, 0x00, 0x00, 0x01, 0x00, /* ................ */
    0xfc, 0xff, 0x06, 0x00, 0x00, 0x00, 0x01, 0x00, 0xff, 0xff, 0x04, 0x00, 0x00, 0x00, 0x01, 0x00, /* ................ */
    0xfe, 0xff, 0x05, 0x00, 0x00, 0x00, 0x01, 0x00, 0x19, 0x00, 0x0a, 0x00, 0x00, 0x00, 0x01, 0x00, /* ................ */
    0x00, 0x80, 0x04, 0x00, 0x00, 0x00, 0x01, 0x00, 0x01, 0x00, 0x04, 0x00, 0x00, 0x00, 0x01, 0x00, /* ................ */
    0xf9, 0xff, 0x07, 0x00, 0x00, 0x00, 0x01, 0x00, 0xed, 0xff, 0x09, 0x00, 0x00, 0x00, 0x01, 0x00, /* ................ */
    0x0f, 0x00, 0x08, 0x00, 0x00, 0x00, 0x01, 0x00, 0xff, 0xff, 0x04, 0x00, 0x00, 0x00, 0x01, 0x00, /* ................ */
    0x02, 0x00, 0x05, 0x00, 0x00, 0x00, 0x01, 0x00, 0xc0, 0xff, 0x0b, 0x00, 0x00, 0x00, 0x01, 0x00, /* ................ */
    0x00, 0x80, 0x04, 0x00, 0x00, 0x00, 0x01, 0x00, 0x01, 0x00, 0x04, 0x00, 0x00, 0x00, 0x01, 0x00, /* ................ */
    0xec, 0xff, 0x09, 0x00, 0x00, 0x00, 0x01, 0x00, 0x03, 0x00, 0x06, 0x00, 0x00, 0x00, 0x01, 0x00, /* ................ */
    0x04, 0x00, 0x06, 0x00, 0x00, 0x00, 0x01, 0x00, 0xff, 0xff, 0x04, 0x00, 0x00, 0x00, 0x01, 0x00, /* ................ */
    0xfe, 0xff, 0x05, 0x00, 0x00, 0x00, 0x01, 0x00, 0x1a, 0x00, 0x0a, 0x00, 0x00, 0x00, 0x01, 0x00, /* ................ */
    0x00, 0x80, 0x04, 0x00, 0x00, 0x00, 0x01, 0x00, 0x01, 0x00, 0x04, 0x00, 0x00, 0x00, 0x01, 0x00, /* ................ */
    0x22, 0x00, 0x0a, 0x00, 0x00, 0x00, 0x01, 0x00, 0x0a, 0x00, 0x08, 0x00, 0x00, 0x00, 0x01, 0x00, /* "............... */
    0x0d, 0x00, 0x08, 0x00, 0x00, 0x00, 0x01, 0x00, 0xff, 0xff, 0x04, 0x00, 0x00, 0x00, 0x01, 0x00, /* ................ */
    0x02, 0x00, 0x05, 0x00, 0x00, 0x00, 0x01, 0x00, 0xfb, 0xff, 0x07, 0x00, 0x00, 0x00, 0x01, 0x00, /* ................ */
    0x00, 0x80, 0x04, 0x00, 0x00, 0x00, 0x01, 0x00, 0x01, 0x00, 0x04, 0x00, 0x00, 0x00, 0x01, 0x00, /* ................ */
    0xfa, 0xff, 0x07, 0x00, 0x00, 0x00, 0x01, 0x00, 0xfd, 0xff, 0x06, 0x00, 0x00, 0x00, 0x01, 0x00, /* ................ */
    0xfc, 0xff, 0x06, 0x00, 0x00, 0x00, 0x01, 0x00, 0xff, 0xff, 0x04, 0x00, 0x00, 0x00, 0x01, 0x00, /* ................ */
    0xfe, 0xff, 0x05, 0x00, 0x00, 0x00, 0x01, 0x00, 0x08, 0x00, 0x08, 0x00, 0x00, 0x00, 0x01, 0x00, /* ................ */
    0x00, 0x80, 0x04, 0x00, 0x00, 0x00, 0x01, 0x00, 0x01, 0x00, 0x04, 0x00, 0x00, 0x00, 0x01, 0x00, /* ................ */
    0x07, 0x00, 0x07, 0x00, 0x00, 0x00, 0x01, 0x00, 0xf5, 0xff, 0x08, 0x00, 0x00, 0x00, 0x01, 0x00, /* ................ */
    0xf2, 0xff, 0x08, 0x00, 0x00, 0x00, 0x01, 0x00, 0xff, 0xff, 0x04, 0x00, 0x00, 0x00, 0x01, 0x00, /* ................ */
    0x02, 0x00, 0x05, 0x00, 0x00, 0x00, 0x01, 0x00, 0xef, 0xff, 0x09, 0x00, 0x00, 0x00, 0x01, 0x00, /* ................ */
    0x00, 0x80, 0x04, 0x00, 0x00, 0x00, 0x01, 0x00, 0x01, 0x00, 0x04, 0x00, 0x00, 0x00, 0x01, 0x00, /* ................ */
    0xf4, 0xff, 0x08, 0x00, 0x00, 0x00, 0x01, 0x00, 0x03, 0x00, 0x06, 0x00, 0x00, 0x00, 0x01, 0x00, /* ................ */
    0x04, 0x00, 0x06, 0x00, 0x00, 0x00, 0x01, 0x00, 0xff, 0xff, 0x04, 0x00, 0x00, 0x00, 0x01, 0x00, /* ................ */
    0xfe, 0xff, 0x05, 0x00, 0x00, 0x00, 0x01, 0x00, 0xf7, 0xff, 0x08, 0x00, 0x00, 0x00, 0x01, 0x00, /* ................ */
    0x00, 0x80, 0x04, 0x00, 0x00, 0x00, 0x01, 0x00, 0x01, 0x00, 0x04, 0x00, 0x00, 0x00, 0x01, 0x00, /* ................ */
    0xea, 0xff, 0x09, 0x00, 0x00, 0x00, 0x01, 0x00, 0x7f, 0x00, 0x0a, 0x00, 0x00, 0x00, 0x01, 0x00, /* ................ */
    0xe8, 0xff, 0x09, 0x00, 0x00, 0x00, 0x01, 0x00, 0xff, 0xff, 0x04, 0x00, 0x00, 0x00, 0x01, 0x00, /* ................ */
    0x02, 0x00, 0x05, 0x00, 0x00, 0x00, 0x01, 0x00, 0x05, 0x00, 0x07, 0x00, 0x00, 0x00, 0x01, 0x00, /* ................ */
    0x00, 0x80, 0x04, 0x00, 0x00, 0x00, 0x01, 0x00, 0x01, 0x00, 0x04, 0x00, 0x00, 0x00, 0x01, 0x00, /* ................ */
    0x06, 0x00, 0x07, 0x00, 0x00, 0x00, 0x01, 0x00, 0xfd, 0xff, 0x06, 0x00, 0x00, 0x00, 0x01, 0x00, /* ................ */
    0xfc, 0xff, 0x06, 0x00, 0x00, 0x00, 0x01, 0x00, 0xff, 0xff, 0x04, 0x00, 0x00, 0x00, 0x01, 0x00, /* ................ */
    0xfe, 0xff, 0x05, 0x00, 0x00, 0x00, 0x01, 0x00, 0xd9, 0xff, 0x0b, 0x00, 0x00, 0x00, 0x01, 0x00, /* ................ */
    0x00, 0x80, 0x04, 0x00, 0x00, 0x00, 0x01, 0x00, 0x01, 0x00, 0x04, 0x00, 0x00, 0x00, 0x01, 0x00, /* ................ */
    0xf9, 0xff, 0x07, 0x00, 0x00, 0x00, 0x01, 0x00, 0xee, 0xff, 0x09, 0x00, 0x00, 0x00, 0x01, 0x00, /* ................ */
    0xf1, 0xff, 0x08, 0x00, 0x00, 0x00, 0x01, 0x00, 0xff, 0xff, 0x04, 0x00, 0x00, 0x00, 0x01, 0x00, /* ................ */
    0x02, 0x00, 0x05, 0x00, 0x00, 0x00, 0x01, 0x00, 0x1b, 0x00, 0x0a, 0x00, 0x00, 0x00, 0x01, 0x00, /* ................ */
    0x00, 0x80, 0x04, 0x00, 0x00, 0x00, 0x01, 0x00, 0x01, 0x00, 0x04, 0x00, 0x00, 0x00, 0x01, 0x00, /* ................ */
    0x80, 0x00, 0x0a, 0x00, 0x00, 0x00, 0x01, 0x00, 0x03, 0x00, 0x06, 0x00, 0x00, 0x00, 0x01, 0x00, /* ................ */
    0x04, 0x00, 0x06, 0x00, 0x00, 0x00, 0x01, 0x00, 0xff, 0xff, 0x04, 0x00, 0x00, 0x00, 0x01, 0x00, /* ................ */
    0xfe, 0xff, 0x05, 0x00, 0x00, 0x00, 0x01, 0x00, 0xf0, 0xff, 0x09, 0x00, 0x00, 0x00, 0x01, 0x00, /* ................ */
    0x00, 0x80, 0x04, 0x00, 0x00, 0x00, 0x01, 0x00, 0x01, 0x00, 0x04, 0x00, 0x00, 0x00, 0x01, 0x00, /* ................ */
    0xeb, 0xff, 0x09, 0x00, 0x00, 0x00, 0x01, 0x00, 0xf6, 0xff, 0x08, 0x00, 0x00, 0x00, 0x01, 0x00, /* ................ */
    0xf3, 0xff, 0x08, 0x00, 0x00, 0x00, 0x01, 0x00, 0xff, 0xff, 0x04, 0x00, 0x00, 0x00, 0x01, 0x00, /* ................ */
    0x02, 0x00, 0x05, 0x00, 0x00, 0x00, 0x01, 0x00, 0xfb, 0xff, 0x07, 0x00, 0x00, 0x00, 0x01, 0x00, /* ................ */
    0x00, 0x80, 0x04, 0x00, 0x00, 0x00, 0x01, 0x00, 0x01, 0x00, 0x04, 0x00, 0x00, 0x00, 0x01, 0x00, /* ................ */
    0xfa, 0xff, 0x07, 0x00, 0x00, 0x00, 0x01, 0x00, 0xfd, 0xff, 0x06, 0x00, 0x00, 0x00, 0x01, 0x00, /* ................ */
    0xfc, 0xff, 0x06, 0x00, 0x00, 0x00, 0x01, 0x00, 0xff, 0xff, 0x04, 0x00, 0x00, 0x00, 0x01, 0x00, /* ................ */
    0xfe, 0xff, 0x05, 0x00, 0x00, 0x00, 0x01, 0x00, 0xf8, 0xff, 0x08, 0x00, 0x00, 0x00, 0x01, 0x00, /* ................ */
    0x00, 0x80, 0x04, 0x00, 0x00, 0x00, 0x01, 0x00, 0x01, 0x00, 0x04, 0x00, 0x00, 0x00, 0x01, 0x00, /* ................ */
    0x07, 0x00, 0x07, 0x00, 0x00, 0x00, 0x01, 0x00, 0x0b, 0x00, 0x08, 0x00, 0x00, 0x00, 0x01, 0x00, /* ................ */
    0x0e, 0x00, 0x08, 0x00, 0x00, 0x00, 0x01, 0x00, 0xff, 0xff, 0x04, 0x00, 0x00, 0x00, 0x01, 0x00, /* ................ */
    0x02, 0x00, 0x05, 0x00, 0x00, 0x00, 0x01, 0x00, 0xe3, 0xff, 0x0a, 0x00, 0x00, 0x00, 0x01, 0x00, /* ................ */
    0x00, 0x80, 0x04, 0x00, 0x00, 0x00, 0x01, 0x00, 0x01, 0x00, 0x04, 0x00, 0x00, 0x00, 0x01, 0x00, /* ................ */
    0x0c, 0x00, 0x08, 0x00, 0x00, 0x00, 0x01, 0x00, 0x03, 0x00, 0x06, 0x00, 0x00, 0x00, 0x01, 0x00, /* ................ */
    0x04, 0x00, 0x06, 0x00, 0x00, 0x00, 0x01, 0x00, 0xff, 0xff, 0x04, 0x00, 0x00, 0x00, 0x01, 0x00, /* ................ */
    0xfe, 0xff, 0x05, 0x00, 0x00, 0x00, 0x01, 0x00, 0x09, 0x00, 0x08, 0x00, 0x00, 0x00, 0x01, 0x00, /* ................ */
    0x00, 0x80, 0x04, 0x00, 0x00, 0x00, 0x01, 0x00, 0x01, 0x00, 0x04, 0x00, 0x00, 0x00, 0x01, 0x00, /* ................ */
    0xdb, 0xff, 0x0a, 0x00, 0x00, 0x00, 0x01, 0x00, 0xe1, 0xff, 0x0a, 0x00, 0x00, 0x00, 0x01, 0x00, /* ................ */
    0x17, 0x00, 0x09, 0x00, 0x00, 0x00, 0x01, 0x00, 0xff, 0xff, 0x04, 0x00, 0x00, 0x00, 0x01, 0x00, /* ................ */
    0x02, 0x00, 0x05, 0x00, 0x00, 0x00, 0x01, 0x00, 0x05, 0x00, 0x07, 0x00, 0x00, 0x00, 0x01, 0x00, /* ................ */
    0x00, 0x80, 0x04, 0x00, 0x00, 0x00, 0x01, 0x00, 0x01, 0x00, 0x04, 0x00, 0x00, 0x00, 0x01, 0x00, /* ................ */
    0x06, 0x00, 0x07, 0x00, 0x00, 0x00, 0x01, 0x00, 0xfd, 0xff, 0x06, 0x00, 0x00, 0x00, 0x01, 0x00, /* ................ */
    0xfc, 0xff, 0x06, 0x00, 0x00, 0x00, 0x01, 0x00, 0xff, 0xff, 0x04, 0x00, 0x00, 0x00, 0x01, 0x00, /* ................ */
    0xfe, 0xff, 0x05, 0x00, 0x00, 0x00, 0x01, 0x00, 0xd8, 0xff, 0x0b, 0x00, 0x00, 0x00, 0x01, 0x00, /* ................ */
    0x00, 0x80, 0x04, 0x00, 0x00, 0x00, 0x01, 0x00, 0x01, 0x00, 0x04, 0x00, 0x00, 0x00, 0x01, 0x00, /* ................ */
    0xf9, 0xff, 0x07, 0x00, 0x00, 0x00, 0x01, 0x00, 0x13, 0x00, 0x09, 0x00, 0x00, 0x00, 0x01, 0x00, /* ................ */
    0x0f, 0x00, 0x08, 0x00, 0x00, 0x00, 0x01, 0x00, 0xff, 0xff, 0x04, 0x00, 0x00, 0x00, 0x01, 0x00, /* ................ */
    0x02, 0x00, 0x05, 0x00, 0x00, 0x00, 0x01, 0x00, 0xe4, 0xff, 0x0a, 0x00, 0x00, 0x00, 0x01, 0x00, /* ................ */
    0x00, 0x80, 0x04, 0x00, 0x00, 0x00, 0x01, 0x00, 0x01, 0x00, 0x04, 0x00, 0x00, 0x00, 0x01, 0x00, /* ................ */
    0x14, 0x00, 0x09, 0x00, 0x00, 0x00, 0x01, 0x00, 0x03, 0x00, 0x06, 0x00, 0x00, 0x00, 0x01, 0x00, /* ................ */
    0x04, 0x00, 0x06, 0x00, 0x00, 0x00, 0x01, 0x00, 0xff, 0xff, 0x04, 0x00, 0x00, 0x00, 0x01, 0x00, /* ................ */
    0xfe, 0xff, 0x05, 0x00, 0x00, 0x00, 0x01, 0x00, 0xd6, 0xff, 0x0b, 0x00, 0x00, 0x00, 0x01, 0x00, /* ................ */
    0x00, 0x80, 0x04, 0x00, 0x00, 0x00, 0x01, 0x00, 0x01, 0x00, 0x04, 0x00, 0x00, 0x00, 0x01, 0x00, /* ................ */
    0xdd, 0xff, 0x0a, 0x00, 0x00, 0x00, 0x01, 0x00, 0x0a, 0x00, 0x08, 0x00, 0x00, 0x00, 0x01, 0x00, /* ................ */
    0x0d, 0x00, 0x08, 0x00, 0x00, 0x00, 0x01, 0x00, 0xff, 0xff, 0x04, 0x00, 0x00, 0x00, 0x01, 0x00, /* ................ */
    0x02, 0x00, 0x05, 0x00, 0x00, 0x00, 0x01, 0x00, 0xfb, 0xff, 0x07, 0x00, 0x00, 0x00, 0x01, 0x00, /* ................ */
    0x00, 0x80, 0x04, 0x00, 0x00, 0x00, 0x01, 0x00, 0x01, 0x00, 0x04, 0x00, 0x00, 0x00, 0x01, 0x00, /* ................ */
    0xfa, 0xff, 0x07, 0x00, 0x00, 0x00, 0x01, 0x00, 0xfd, 0xff, 0x06, 0x00, 0x00, 0x00, 0x01, 0x00, /* ................ */
    0xfc, 0xff, 0x06, 0x00, 0x00, 0x00, 0x01, 0x00, 0xff, 0xff, 0x04, 0x00, 0x00, 0x00, 0x01, 0x00, /* ................ */
    0xfe, 0xff, 0x05, 0x00, 0x00, 0x00, 0x01, 0x00, 0x08, 0x00, 0x08, 0x00, 0x00, 0x00, 0x01, 0x00, /* ................ */
    0x00, 0x80, 0x04, 0x00, 0x00, 0x00, 0x01, 0x00, 0x01, 0x00, 0x04, 0x00, 0x00, 0x00, 0x01, 0x00, /* ................ */
    0x07, 0x00, 0x07, 0x00, 0x00, 0x00, 0x01, 0x00, 0xf5, 0xff, 0x08, 0x00, 0x00, 0x00, 0x01, 0x00, /* ................ */
    0xf2, 0xff, 0x08, 0x00, 0x00, 0x00, 0x01, 0x00, 0xff, 0xff, 0x04, 0x00, 0x00, 0x00, 0x01, 0x00, /* ................ */
    0x02, 0x00, 0x05, 0x00, 0x00, 0x00, 0x01, 0x00, 0x11, 0x00, 0x09, 0x00, 0x00, 0x00, 0x01, 0x00, /* ................ */
    0x00, 0x80, 0x04, 0x00, 0x00, 0x00, 0x01, 0x00, 0x01, 0x00, 0x04, 0x00, 0x00, 0x00, 0x01, 0x00, /* ................ */
    0xf4, 0xff, 0x08, 0x00, 0x00, 0x00, 0x01, 0x00, 0x03, 0x00, 0x06, 0x00, 0x00, 0x00, 0x01, 0x00, /* ................ */
    0x04, 0x00, 0x06, 0x00, 0x00, 0x00, 0x01, 0x00, 0xff, 0xff, 0x04, 0x00, 0x00, 0x00, 0x01, 0x00, /* ................ */
    0xfe, 0xff, 0x05, 0x00, 0x00, 0x00, 0x01, 0x00, 0xf7, 0xff, 0x08, 0x00, 0x00, 0x00, 0x01, 0x00, /* ................ */
    0x00, 0x80, 0x04, 0x00, 0x00, 0x00, 0x01, 0x00, 0x01, 0x00, 0x04, 0x00, 0x00, 0x00, 0x01, 0x00, /* ................ */
    0x16, 0x00, 0x09, 0x00, 0x00, 0x00, 0x01, 0x00, 0xd1, 0xff, 0x0b, 0x00, 0x00, 0x00, 0x01, 0x00, /* ................ */
    0x18, 0x00, 0x09, 0x00, 0x00, 0x00, 0x01, 0x00, 0xff, 0xff, 0x04, 0x00, 0x00, 0x00, 0x01, 0x00, /* ................ */
    0x02, 0x00, 0x05, 0x00, 0x00, 0x00, 0x01, 0x00, 0x05, 0x00, 0x07, 0x00, 0x00, 0x00, 0x01, 0x00, /* ................ */
    0x00, 0x80, 0x04, 0x00, 0x00, 0x00, 0x01, 0x00, 0x01, 0x00, 0x04, 0x00, 0x00, 0x00, 0x01, 0x00, /* ................ */
    0x06, 0x00, 0x07, 0x00, 0x00, 0x00, 0x01, 0x00, 0xfd, 0xff, 0x06, 0x00, 0x00, 0x00, 0x01, 0x00, /* ................ */
    0xfc, 0xff, 0x06, 0x00, 0x00, 0x00, 0x01, 0x00, 0xff, 0xff, 0x04, 0x00, 0x00, 0x00, 0x01, 0x00, /* ................ */
    0xfe, 0xff, 0x05, 0x00, 0x00, 0x00, 0x01, 0x00, 0xe0, 0xff, 0x0a, 0x00, 0x00, 0x00, 0x01, 0x00, /* ................ */
    0x00, 0x80, 0x04, 0x00, 0x00, 0x00, 0x01, 0x00, 0x01, 0x00, 0x04, 0x00, 0x00, 0x00, 0x01, 0x00, /* ................ */
    0xf9, 0xff, 0x07, 0x00, 0x00, 0x00, 0x01, 0x00, 0x12, 0x00, 0x09, 0x00, 0x00, 0x00, 0x01, 0x00, /* ................ */
    0xf1, 0xff, 0x08, 0x00, 0x00, 0x00, 0x01, 0x00, 0xff, 0xff, 0x04, 0x00, 0x00, 0x00, 0x01, 0x00, /* ................ */
    0x02, 0x00, 0x05, 0x00, 0x00, 0x00, 0x01, 0x00, 0xd4, 0xff, 0x0b, 0x00, 0x00, 0x00, 0x01, 0x00, /* ................ */
    0x00, 0x80, 0x04, 0x00, 0x00, 0x00, 0x01, 0x00, 0x01, 0x00, 0x04, 0x00, 0x00, 0x00, 0x01, 0x00, /* ................ */
    0xdf, 0xff, 0x0a, 0x00, 0x00, 0x00, 0x01, 0x00, 0x03, 0x00, 0x06, 0x00, 0x00, 0x00, 0x01, 0x00, /* ................ */
    0x04, 0x00, 0x06, 0x00, 0x00, 0x00, 0x01, 0x00, 0xff, 0xff, 0x04, 0x00, 0x00, 0x00, 0x01, 0x00, /* ................ */
    0xfe, 0xff, 0x05, 0x00, 0x00, 0x00, 0x01, 0x00, 0x10, 0x00, 0x09, 0x00, 0x00, 0x00, 0x01, 0x00, /* ................ */
    0x00, 0x80, 0x04, 0x00, 0x00, 0x00, 0x01, 0x00, 0x01, 0x00, 0x04, 0x00, 0x00, 0x00, 0x01, 0x00, /* ................ */
    0x15, 0x00, 0x09, 0x00, 0x00, 0x00, 0x01, 0x00, 0xf6, 0xff, 0x08, 0x00, 0x00, 0x00, 0x01, 0x00, /* ................ */
    0xf3, 0xff, 0x08, 0x00, 0x00, 0x00, 0x01, 0x00, 0xff, 0xff, 0x04, 0x00, 0x00, 0x00, 0x01, 0x00, /* ................ */
    0x02, 0x00, 0x05, 0x00, 0x00, 0x00, 0x01, 0x00, 0xfb, 0xff, 0x07, 0x00, 0x00, 0x00, 0x01, 0x00, /* ................ */
    0x00, 0x80, 0x04, 0x00, 0x00, 0x00, 0x01, 0x00, 0x01, 0x00, 0x04, 0x00, 0x00, 0x00, 0x01, 0x00, /* ................ */
    0xfa, 0xff, 0x07, 0x00, 0x00, 0x00, 0x01, 0x00, 0xfd, 0xff, 0x06, 0x00, 0x00, 0x00, 0x01, 0x00, /* ................ */
    0xfc, 0xff, 0x06, 0x00, 0x00, 0x00, 0x01, 0x00, 0xff, 0xff, 0x04, 0x00, 0x00, 0x00, 0x01, 0x00, /* ................ */
    0xfe, 0xff, 0x05, 0x00, 0x00, 0x00, 0x01, 0x00, 0xf8, 0xff, 0x08, 0x00, 0x00, 0x00, 0x01, 0x00, /* ................ */
    0x00, 0x80, 0x04, 0x00, 0x00, 0x00, 0x01, 0x00, 0x01, 0x00, 0x04, 0x00, 0x00, 0x00, 0x01, 0x00, /* ................ */
    0x07, 0x00, 0x07, 0x00, 0x00, 0x00, 0x01, 0x00, 0x0b, 0x00, 0x08, 0x00, 0x00, 0x00, 0x01, 0x00, /* ................ */
    0x0e, 0x00, 0x08, 0x00, 0x00, 0x00, 0x01, 0x00, 0xff, 0xff, 0x04, 0x00, 0x00, 0x00, 0x01, 0x00, /* ................ */
    0x02, 0x00, 0x05, 0x00, 0x00, 0x00, 0x01, 0x00, 0xd2, 0xff, 0x0b, 0x00, 0x00, 0x00, 0x01, 0x00, /* ................ */
    0x00, 0x80, 0x04, 0x00, 0x00, 0x00, 0x01, 0x00, 0x01, 0x00, 0x04, 0x00, 0x00, 0x00, 0x01, 0x00, /* ................ */
    0x0c, 0x00, 0x08, 0x00, 0x00, 0x00, 0x01, 0x00, 0x03, 0x00, 0x06, 0x00, 0x00, 0x00, 0x01, 0x00, /* ................ */
    0x04, 0x00, 0x06, 0x00, 0x00, 0x00, 0x01, 0x00, 0xff, 0xff, 0x04, 0x00, 0x00, 0x00, 0x01, 0x00, /* ................ */
    0xfe, 0xff, 0x05, 0x00, 0x00, 0x00, 0x01, 0x00, 0x09, 0x00, 0x08, 0x00, 0x00, 0x00, 0x01, 0x00, /* ................ */
    0x00, 0x80, 0x04, 0x00, 0x00, 0x00, 0x01, 0x00, 0x01, 0x00, 0x04, 0x00, 0x00, 0x00, 0x01, 0x00, /* ................ */
    0xdc, 0xff, 0x0a, 0x00, 0x00, 0x00, 0x01, 0x00, 0xe2, 0xff, 0x0a, 0x00, 0x00, 0x00, 0x01, 0x00, /* ................ */
    0xe9, 0xff, 0x09, 0x00, 0x00, 0x00, 0x01, 0x00, 0xff, 0xff, 0x04, 0x00, 0x00, 0x00, 0x01, 0x00, /* ................ */
    0x02, 0x00, 0x05, 0x00, 0x00, 0x00, 0x01, 0x00, 0x05, 0x00, 0x07, 0x00, 0x00, 0x00, 0x01, 0x00, /* ................ */
    0x00, 0x80, 0x04, 0x00, 0x00, 0x00, 0x01, 0x00, 0x01, 0x00, 0x04, 0x00, 0x00, 0x00, 0x01, 0x00, /* ................ */
    0x06, 0x00, 0x07, 0x00, 0x00, 0x00, 0x01, 0x00, 0xfd, 0xff, 0x06, 0x00, 0x00, 0x00, 0x01, 0x00, /* ................ */
    0xfc, 0xff, 0x06, 0x00, 0x00, 0x00, 0x01, 0x00, 0xff, 0xff, 0x04, 0x00, 0x00, 0x00, 0x01, 0x00, /* ................ */
    0xfe, 0xff, 0x05, 0x00, 0x00, 0x00, 0x01, 0x00, 0xe7, 0xff, 0x0a, 0x00, 0x00, 0x00, 0x01, 0x00, /* ................ */
    0x00, 0x80, 0x04, 0x00, 0x00, 0x00, 0x01, 0x00, 0x01, 0x00, 0x04, 0x00, 0x00, 0x00, 0x01, 0x00, /* ................ */
    0xf9, 0xff, 0x07, 0x00, 0x00, 0x00, 0x01, 0x00, 0xed, 0xff, 0x09, 0x00, 0x00, 0x00, 0x01, 0x00, /* ................ */
    0x0f, 0x00, 0x08, 0x00, 0x00, 0x00, 0x01, 0x00, 0xff, 0xff, 0x04, 0x00, 0x00, 0x00, 0x01, 0x00, /* ................ */
    0x02, 0x00, 0x05, 0x00, 0x00, 0x00, 0x01, 0x00, 0xd3, 0xff, 0x0b, 0x00, 0x00, 0x00, 0x01, 0x00, /* ................ */
    0x00, 0x80, 0x04, 0x00, 0x00, 0x00, 0x01, 0x00, 0x01, 0x00, 0x04, 0x00, 0x00, 0x00, 0x01, 0x00, /* ................ */
    0xec, 0xff, 0x09, 0x00, 0x00, 0x00, 0x01, 0x00, 0x03, 0x00, 0x06, 0x00, 0x00, 0x00, 0x01, 0x00, /* ................ */
    0x04, 0x00, 0x06, 0x00, 0x00, 0x00, 0x01, 0x00, 0xff, 0xff, 0x04, 0x00, 0x00, 0x00, 0x01, 0x00, /* ................ */
    0xfe, 0xff, 0x05, 0x00, 0x00, 0x00, 0x01, 0x00, 0xe6, 0xff, 0x0a, 0x00, 0x00, 0x00, 0x01, 0x00, /* ................ */
    0x00, 0x80, 0x04, 0x00, 0x00, 0x00, 0x01, 0x00, 0x01, 0x00, 0x04, 0x00, 0x00, 0x00, 0x01, 0x00, /* ................ */
    0xde, 0xff, 0x0a, 0x00, 0x00, 0x00, 0x01, 0x00, 0x0a, 0x00, 0x08, 0x00, 0x00, 0x00, 0x01, 0x00, /* ................ */
    0x0d, 0x00, 0x08, 0x00, 0x00, 0x00, 0x01, 0x00, 0xff, 0xff, 0x04, 0x00, 0x00, 0x00, 0x01, 0x00, /* ................ */
    0x02, 0x00, 0x05, 0x00, 0x00, 0x00, 0x01, 0x00, 0xfb, 0xff, 0x07, 0x00, 0x00, 0x00, 0x01, 0x00, /* ................ */
    0x00, 0x80, 0x04, 0x00, 0x00, 0x00, 0x01, 0x00, 0x01, 0x00, 0x04, 0x00, 0x00, 0x00, 0x01, 0x00, /* ................ */
    0xfa, 0xff, 0x07, 0x00, 0x00, 0x00, 0x01, 0x00, 0xfd, 0xff, 0x06, 0x00, 0x00, 0x00, 0x01, 0x00, /* ................ */
    0xfc, 0xff, 0x06, 0x00, 0x00, 0x00, 0x01, 0x00, 0xff, 0xff, 0x04, 0x00, 0x00, 0x00, 0x01, 0x00, /* ................ */
    0xfe, 0xff, 0x05, 0x00, 0x00, 0x00, 0x01, 0x00, 0x08, 0x00, 0x08, 0x00, 0x00, 0x00, 0x01, 0x00, /* ................ */
    0x00, 0x80, 0x04, 0x00, 0x00, 0x00, 0x01, 0x00, 0x01, 0x00, 0x04, 0x00, 0x00, 0x00, 0x01, 0x00, /* ................ */
    0x07, 0x00, 0x07, 0x00, 0x00, 0x00, 0x01, 0x00, 0xf5, 0xff, 0x08, 0x00, 0x00, 0x00, 0x01, 0x00, /* ................ */
    0xf2, 0xff, 0x08, 0x00, 0x00, 0x00, 0x01, 0x00, 0xff, 0xff, 0x04, 0x00, 0x00, 0x00, 0x01, 0x00, /* ................ */
    0x02, 0x00, 0x05, 0x00, 0x00, 0x00, 0x01, 0x00, 0xef, 0xff, 0x09, 0x00, 0x00, 0x00, 0x01, 0x00, /* ................ */
    0x00, 0x80, 0x04, 0x00, 0x00, 0x00, 0x01, 0x00, 0x01, 0x00, 0x04, 0x00, 0x00, 0x00, 0x01, 0x00, /* ................ */
    0xf4, 0xff, 0x08, 0x00, 0x00, 0x00, 0x01, 0x00, 0x03, 0x00, 0x06, 0x00, 0x00, 0x00, 0x01, 0x00, /* ................ */
    0x04, 0x00, 0x06, 0x00, 0x00, 0x00, 0x01, 0x00, 0xff, 0xff, 0x04, 0x00, 0x00, 0x00, 0x01, 0x00, /* ................ */
    0xfe, 0xff, 0x05, 0x00, 0x00, 0x00, 0x01, 0x00, 0xf7, 0xff, 0x08, 0x00, 0x00, 0x00, 0x01, 0x00, /* ................ */
    0x00, 0x80, 0x04, 0x00, 0x00, 0x00, 0x01, 0x00, 0x01, 0x00, 0x04, 0x00, 0x00, 0x00, 0x01, 0x00, /* ................ */
    0xea, 0xff, 0x09, 0x00, 0x00, 0x00, 0x01, 0x00, 0x81, 0xff, 0x0a, 0x00, 0x00, 0x00, 0x01, 0x00, /* ................ */
    0xe8, 0xff, 0x09, 0x00, 0x00, 0x00, 0x01, 0x00, 0xff, 0xff, 0x04, 0x00, 0x00, 0x00, 0x01, 0x00, /* ................ */
    0x02, 0x00, 0x05, 0x00, 0x00, 0x00, 0x01, 0x00, 0x05, 0x00, 0x07, 0x00, 0x00, 0x00, 0x01, 0x00, /* ................ */
    0x00, 0x80, 0x04, 0x00, 0x00, 0x00, 0x01, 0x00, 0x01, 0x00, 0x04, 0x00, 0x00, 0x00, 0x01, 0x00, /* ................ */
    0x06, 0x00, 0x07, 0x00, 0x00, 0x00, 0x01, 0x00, 0xfd, 0xff, 0x06, 0x00, 0x00, 0x00, 0x01, 0x00, /* ................ */
    0xfc, 0xff, 0x06, 0x00, 0x00, 0x00, 0x01, 0x00, 0xff, 0xff, 0x04, 0x00, 0x00, 0x00, 0x01, 0x00, /* ................ */
    0xfe, 0xff, 0x05, 0x00, 0x00, 0x00, 0x01, 0x00, 0xda, 0xff, 0x0b, 0x00, 0x00, 0x00, 0x01, 0x00, /* ................ */
    0x00, 0x80, 0x04, 0x00, 0x00, 0x00, 0x01, 0x00, 0x01, 0x00, 0x04, 0x00, 0x00, 0x00, 0x01, 0x00, /* ................ */
    0xf9, 0xff, 0x07, 0x00, 0x00, 0x00, 0x01, 0x00, 0xee, 0xff, 0x09, 0x00, 0x00, 0x00, 0x01, 0x00, /* ................ */
    0xf1, 0xff, 0x08, 0x00, 0x00, 0x00, 0x01, 0x00, 0xff, 0xff, 0x04, 0x00, 0x00, 0x00, 0x01, 0x00, /* ................ */
    0x02, 0x00, 0x05, 0x00, 0x00, 0x00, 0x01, 0x00, 0xe5, 0xff, 0x0a, 0x00, 0x00, 0x00, 0x01, 0x00, /* ................ */
    0x00, 0x80, 0x04, 0x00, 0x00, 0x00, 0x01, 0x00, 0x01, 0x00, 0x04, 0x00, 0x00, 0x00, 0x01, 0x00, /* ................ */
    0x80, 0xff, 0x0a, 0x00, 0x00, 0x00, 0x01, 0x00, 0x03, 0x00, 0x06, 0x00, 0x00, 0x00, 0x01, 0x00, /* ................ */
    0x04, 0x00, 0x06, 0x00, 0x00, 0x00, 0x01, 0x00, 0xff, 0xff, 0x04, 0x00, 0x00, 0x00, 0x01, 0x00, /* ................ */
    0xfe, 0xff, 0x05, 0x00, 0x00, 0x00, 0x01, 0x00, 0xf0, 0xff, 0x09, 0x00, 0x00, 0x00, 0x01, 0x00, /* ................ */
    0x00, 0x80, 0x04, 0x00, 0x00, 0x00, 0x01, 0x00, 0x01, 0x00, 0x04, 0x00, 0x00, 0x00, 0x01, 0x00, /* ................ */
    0xeb, 0xff, 0x09, 0x00, 0x00, 0x00, 0x01, 0x00, 0xf6, 0xff, 0x08, 0x00, 0x00, 0x00, 0x01, 0x00, /* ................ */
    0xf3, 0xff, 0x08, 0x00, 0x00, 0x00, 0x01, 0x00, 0xff, 0xff, 0x04, 0x00, 0x00, 0x00, 0x01, 0x00, /* ................ */
    0x02, 0x00, 0x05, 0x00, 0x00, 0x00, 0x01, 0x00, 0xfb, 0xff, 0x07, 0x00, 0x00, 0x00, 0x01, 0x00, /* ................ */
    0x00, 0x80, 0x04, 0x00, 0x00, 0x00, 0x01, 0x00, 0x01, 0x00, 0x04, 0x00, 0x00, 0x00, 0x01, 0x00, /* ................ */
    0xfa, 0xff, 0x07, 0x00, 0x00, 0x00, 0x01, 0x00, 0xfd, 0xff, 0x06, 0x00, 0x00, 0x00, 0x01, 0x00, /* ................ */
    0xfc, 0xff, 0x06, 0x00, 0x00, 0x00, 0x01, 0x00, 0xff, 0xff, 0x04, 0x00, 0x00, 0x00, 0x01, 0x00, /* ................ */
    0xfe, 0xff, 0x05, 0x00, 0x00, 0x00, 0x01, 0x00, 0xf8, 0xff, 0x08, 0x00, 0x00, 0x00, 0x01, 0x00, /* ................ */
    0x00, 0x80, 0x04, 0x00, 0x00, 0x00, 0x01, 0x00, 0x01, 0x00, 0x04, 0x00, 0x00, 0x00, 0x01, 0x00, /* ................ */
    0x07, 0x00, 0x07, 0x00, 0x00, 0x00, 0x01, 0x00, 0x0b, 0x00, 0x08, 0x00, 0x00, 0x00, 0x01, 0x00, /* ................ */
    0x0e, 0x00, 0x08, 0x00, 0x00, 0x00, 0x01, 0x00, 0xff, 0xff, 0x04, 0x00, 0x00, 0x00, 0x01, 0x00, /* ................ */
    0x02, 0x00, 0x05, 0x00, 0x00, 0x00, 0x01, 0x00, 0x1d, 0x00, 0x0a, 0x00, 0x00, 0x00, 0x01, 0x00, /* ................ */
    0x00, 0x80, 0x04, 0x00, 0x00, 0x00, 0x01, 0x00, 0x01, 0x00, 0x04, 0x00, 0x00, 0x00, 0x01, 0x00, /* ................ */
    0x0c, 0x00, 0x08, 0x00, 0x00, 0x00, 0x01, 0x00, 0x03, 0x00, 0x06, 0x00, 0x00, 0x00, 0x01, 0x00, /* ................ */
    0x04, 0x00, 0x06, 0x00, 0x00, 0x00, 0x01, 0x00, 0xff, 0xff, 0x04, 0x00, 0x00, 0x00, 0x01, 0x00, /* ................ */
    0xfe, 0xff, 0x05, 0x00, 0x00, 0x00, 0x01, 0x00, 0x09, 0x00, 0x08, 0x00, 0x00, 0x00, 0x01, 0x00, /* ................ */
    0x00, 0x80, 0x04, 0x00, 0x00, 0x00, 0x01, 0x00, 0x01, 0x00, 0x04, 0x00, 0x00, 0x00, 0x01, 0x00, /* ................ */
    0x25, 0x00, 0x0a, 0x00, 0x00, 0x00, 0x01, 0x00, 0x1f, 0x00, 0x0a, 0x00, 0x00, 0x00, 0x01, 0x00, /* %............... */
    0x17, 0x00, 0x09, 0x00, 0x00, 0x00, 0x01, 0x00, 0xff, 0xff, 0x04, 0x00, 0x00, 0x00, 0x01, 0x00, /* ................ */
    0x02, 0x00, 0x05, 0x00, 0x00, 0x00, 0x01, 0x00, 0x05, 0x00, 0x07, 0x00, 0x00, 0x00, 0x01, 0x00, /* ................ */
    0x00, 0x80, 0x04, 0x00, 0x00, 0x00, 0x01, 0x00, 0x01, 0x00, 0x04, 0x00, 0x00, 0x00, 0x01, 0x00, /* ................ */
    0x06, 0x00, 0x07, 0x00, 0x00, 0x00, 0x01, 0x00, 0xfd, 0xff, 0x06, 0x00, 0x00, 0x00, 0x01, 0x00, /* ................ */
    0xfc, 0xff, 0x06, 0x00, 0x00, 0x00, 0x01, 0x00, 0xff, 0xff, 0x04, 0x00, 0x00, 0x00, 0x01, 0x00, /* ................ */
    0xfe, 0xff, 0x05, 0x00, 0x00, 0x00, 0x01, 0x00, 0x29, 0x00, 0x0b, 0x00, 0x00, 0x00, 0x01, 0x00, /* ........)....... */
    0x00, 0x80, 0x04, 0x00, 0x00, 0x00, 0x01, 0x00, 0x01, 0x00, 0x04, 0x00, 0x00, 0x00, 0x01, 0x00, /* ................ */
    0xf9, 0xff, 0x07, 0x00, 0x00, 0x00, 0x01, 0x00, 0x13, 0x00, 0x09, 0x00, 0x00, 0x00, 0x01, 0x00, /* ................ */
    0x0f, 0x00, 0x08, 0x00, 0x00, 0x00, 0x01, 0x00, 0xff, 0xff, 0x04, 0x00, 0x00, 0x00, 0x01, 0x00, /* ................ */
    0x02, 0x00, 0x05, 0x00, 0x00, 0x00, 0x01, 0x00, 0x1c, 0x00, 0x0a, 0x00, 0x00, 0x00, 0x01, 0x00, /* ................ */
    0x00, 0x80, 0x04, 0x00, 0x00, 0x00, 0x01, 0x00, 0x01, 0x00, 0x04, 0x00, 0x00, 0x00, 0x01, 0x00, /* ................ */
    0x14, 0x00, 0x09, 0x00, 0x00, 0x00, 0x01, 0x00, 0x03, 0x00, 0x06, 0x00, 0x00, 0x00, 0x01, 0x00, /* ................ */
    0x04, 0x00, 0x06, 0x00, 0x00, 0x00, 0x01, 0x00, 0xff, 0xff, 0x04, 0x00, 0x00, 0x00, 0x01, 0x00, /* ................ */
    0xfe, 0xff, 0x05, 0x00, 0x00, 0x00, 0x01, 0x00, 0x2b, 0x00, 0x0b, 0x00, 0x00, 0x00, 0x01, 0x00, /* ........+....... */
    0x00, 0x80, 0x04, 0x00, 0x00, 0x00, 0x01, 0x00, 0x01, 0x00, 0x04, 0x00, 0x00, 0x00, 0x01, 0x00, /* ................ */
    0x23, 0x00, 0x0a, 0x00, 0x00, 0x00, 0x01, 0x00, 0x0a, 0x00, 0x08, 0x00, 0x00, 0x00, 0x01, 0x00, /* #............... */
    0x0d, 0x00, 0x08, 0x00, 0x00, 0x00, 0x01, 0x00, 0xff, 0xff, 0x04, 0x00, 0x00, 0x00, 0x01, 0x00, /* ................ */
    0x02, 0x00, 0x05, 0x00, 0x00, 0x00, 0x01, 0x00, 0xfb, 0xff, 0x07, 0x00, 0x00, 0x00, 0x01, 0x00, /* ................ */
    0x00, 0x80, 0x04, 0x00, 0x00, 0x00, 0x01, 0x00, 0x01, 0x00, 0x04, 0x00, 0x00, 0x00, 0x01, 0x00, /* ................ */
    0xfa, 0xff, 0x07, 0x00, 0x00, 0x00, 0x01, 0x00, 0xfd, 0xff, 0x06, 0x00, 0x00, 0x00, 0x01, 0x00, /* ................ */
    0xfc, 0xff, 0x06, 0x00, 0x00, 0x00, 0x01, 0x00, 0xff, 0xff, 0x04, 0x00, 0x00, 0x00, 0x01, 0x00, /* ................ */
    0xfe, 0xff, 0x05, 0x00, 0x00, 0x00, 0x01, 0x00, 0x08, 0x00, 0x08, 0x00, 0x00, 0x00, 0x01, 0x00, /* ................ */
    0x00, 0x80, 0x04, 0x00, 0x00, 0x00, 0x01, 0x00, 0x01, 0x00, 0x04, 0x00, 0x00, 0x00, 0x01, 0x00, /* ................ */
    0x07, 0x00, 0x07, 0x00, 0x00, 0x00, 0x01, 0x00, 0xf5, 0xff, 0x08, 0x00, 0x00, 0x00, 0x01, 0x00, /* ................ */
    0xf2, 0xff, 0x08, 0x00, 0x00, 0x00, 0x01, 0x00, 0xff, 0xff, 0x04, 0x00, 0x00, 0x00, 0x01, 0x00, /* ................ */
    0x02, 0x00, 0x05, 0x00, 0x00, 0x00, 0x01, 0x00, 0x11, 0x00, 0x09, 0x00, 0x00, 0x00, 0x01, 0x00, /* ................ */
    0x00, 0x80, 0x04, 0x00, 0x00, 0x00, 0x01, 0x00, 0x01, 0x00, 0x04, 0x00, 0x00, 0x00, 0x01, 0x00, /* ................ */
    0xf4, 0xff, 0x08, 0x00, 0x00, 0x00, 0x01, 0x00, 0x03, 0x00, 0x06, 0x00, 0x00, 0x00, 0x01, 0x00, /* ................ */
    0x04, 0x00, 0x06, 0x00, 0x00, 0x00, 0x01, 0x00, 0xff, 0xff, 0x04, 0x00, 0x00, 0x00, 0x01, 0x00, /* ................ */
    0xfe, 0xff, 0x05, 0x00, 0x00, 0x00, 0x01, 0x00, 0xf7, 0xff, 0x08, 0x00, 0x00, 0x00, 0x01, 0x00, /* ................ */
    0x00, 0x80, 0x04, 0x00, 0x00, 0x00, 0x01, 0x00, 0x01, 0x00, 0x04, 0x00, 0x00, 0x00, 0x01, 0x00, /* ................ */
    0x16, 0x00, 0x09, 0x00, 0x00, 0x00, 0x01, 0x00, 0x32, 0x00, 0x0b, 0x00, 0x00, 0x00, 0x01, 0x00, /* ........2....... */
    0x18, 0x00, 0x09, 0x00, 0x00, 0x00, 0x01, 0x00, 0xff, 0xff, 0x04, 0x00, 0x00, 0x00, 0x01, 0x00, /* ................ */
    0x02, 0x00, 0x05, 0x00, 0x00, 0x00, 0x01, 0x00, 0x05, 0x00, 0x07, 0x00, 0x00, 0x00, 0x01, 0x00, /* ................ */
    0x00, 0x80, 0x04, 0x00, 0x00, 0x00, 0x01, 0x00, 0x01, 0x00, 0x04, 0x00, 0x00, 0x00, 0x01, 0x00, /* ................ */
    0x06, 0x00, 0x07, 0x00, 0x00, 0x00, 0x01, 0x00, 0xfd, 0xff, 0x06, 0x00, 0x00, 0x00, 0x01, 0x00, /* ................ */
    0xfc, 0xff, 0x06, 0x00, 0x00, 0x00, 0x01, 0x00, 0xff, 0xff, 0x04, 0x00, 0x00, 0x00, 0x01, 0x00, /* ................ */
    0xfe, 0xff, 0x05, 0x00, 0x00, 0x00, 0x01, 0x00, 0x20, 0x00, 0x0a, 0x00, 0x00, 0x00, 0x01, 0x00, /* ........ ....... */
    0x00, 0x80, 0x04, 0x00, 0x00, 0x00, 0x01, 0x00, 0x01, 0x00, 0x04, 0x00, 0x00, 0x00, 0x01, 0x00, /* ................ */
    0xf9, 0xff, 0x07, 0x00, 0x00, 0x00, 0x01, 0x00, 0x12, 0x00, 0x09, 0x00, 0x00, 0x00, 0x01, 0x00, /* ................ */
    0xf1, 0xff, 0x08, 0x00, 0x00, 0x00, 0x01, 0x00, 0xff, 0xff, 0x04, 0x00, 0x00, 0x00, 0x01, 0x00, /* ................ */
    0x02, 0x00, 0x05, 0x00, 0x00, 0x00, 0x01, 0x00, 0x30, 0x00, 0x0b, 0x00, 0x00, 0x00, 0x01, 0x00, /* ........0....... */
    0x00, 0x80, 0x04, 0x00, 0x00, 0x00, 0x01, 0x00, 0x01, 0x00, 0x04, 0x00, 0x00, 0x00, 0x01, 0x00, /* ................ */
    0x21, 0x00, 0x0a, 0x00, 0x00, 0x00, 0x01, 0x00, 0x03, 0x00, 0x06, 0x00, 0x00, 0x00, 0x01, 0x00, /* !............... */
    0x04, 0x00, 0x06, 0x00, 0x00, 0x00, 0x01, 0x00, 0xff, 0xff, 0x04, 0x00, 0x00, 0x00, 0x01, 0x00, /* ................ */
    0xfe, 0xff, 0x05, 0x00, 0x00, 0x00, 0x01, 0x00, 0x10, 0x00, 0x09, 0x00, 0x00, 0x00, 0x01, 0x00, /* ................ */
    0x00, 0x80, 0x04, 0x00, 0x00, 0x00, 0x01, 0x00, 0x01, 0x00, 0x04, 0x00, 0x00, 0x00, 0x01, 0x00, /* ................ */
    0x15, 0x00, 0x09, 0x00, 0x00, 0x00, 0x01, 0x00, 0xf6, 0xff, 0x08, 0x00, 0x00, 0x00, 0x01, 0x00, /* ................ */
    0xf3, 0xff, 0x08, 0x00, 0x00, 0x00, 0x01, 0x00, 0xff, 0xff, 0x04, 0x00, 0x00, 0x00, 0x01, 0x00, /* ................ */
    0x02, 0x00, 0x05, 0x00, 0x00, 0x00, 0x01, 0x00, 0xfb, 0xff, 0x07, 0x00, 0x00, 0x00, 0x01, 0x00, /* ................ */
    0x00, 0x80, 0x04, 0x00, 0x00, 0x00, 0x01, 0x00, 0x01, 0x00, 0x04, 0x00, 0x00, 0x00, 0x01, 0x00, /* ................ */
    0xfa, 0xff, 0x07, 0x00, 0x00, 0x00, 0x01, 0x00, 0xfd, 0xff, 0x06, 0x00, 0x00, 0x00, 0x01, 0x00, /* ................ */
    0xfc, 0xff, 0x06, 0x00, 0x00, 0x00, 0x01, 0x00, 0xff, 0xff, 0x04, 0x00, 0x00, 0x00, 0x01, 0x00, /* ................ */
    0xfe, 0xff, 0x05, 0x00, 0x00, 0x00, 0x01, 0x00, 0xf8, 0xff, 0x08, 0x00, 0x00, 0x00, 0x01, 0x00, /* ................ */
    0x00, 0x80, 0x04, 0x00, 0x00, 0x00, 0x01, 0x00, 0x01, 0x00, 0x04, 0x00, 0x00, 0x00, 0x01, 0x00, /* ................ */
    0x07, 0x00, 0x07, 0x00, 0x00, 0x00, 0x01, 0x00, 0x0b, 0x00, 0x08, 0x00, 0x00, 0x00, 0x01, 0x00, /* ................ */
    0x0e, 0x00, 0x08, 0x00, 0x00, 0x00, 0x01, 0x00, 0xff, 0xff, 0x04, 0x00, 0x00, 0x00, 0x01, 0x00, /* ................ */
    0x02, 0x00, 0x05, 0x00, 0x00, 0x00, 0x01, 0x00, 0x31, 0x00, 0x0b, 0x00, 0x00, 0x00, 0x01, 0x00, /* ........1....... */
    0x00, 0x80, 0x04, 0x00, 0x00, 0x00, 0x01, 0x00, 0x01, 0x00, 0x04, 0x00, 0x00, 0x00, 0x01, 0x00, /* ................ */
    0x0c, 0x00, 0x08, 0x00, 0x00, 0x00, 0x01, 0x00, 0x03, 0x00, 0x06, 0x00, 0x00, 0x00, 0x01, 0x00, /* ................ */
    0x04, 0x00, 0x06, 0x00, 0x00, 0x00, 0x01, 0x00, 0xff, 0xff, 0x04, 0x00, 0x00, 0x00, 0x01, 0x00, /* ................ */
    0xfe, 0xff, 0x05, 0x00, 0x00, 0x00, 0x01, 0x00, 0x09, 0x00, 0x08, 0x00, 0x00, 0x00, 0x01, 0x00, /* ................ */
    0x00, 0x80, 0x04, 0x00, 0x00, 0x00, 0x01, 0x00, 0x01, 0x00, 0x04, 0x00, 0x00, 0x00, 0x01, 0x00, /* ................ */
    0x24, 0x00, 0x0a, 0x00, 0x00, 0x00, 0x01, 0x00, 0x1e, 0x00, 0x0a, 0x00, 0x00, 0x00, 0x01, 0x00, /* $............... */
    0xe9, 0xff, 0x09, 0x00, 0x00, 0x00, 0x01, 0x00, 0xff, 0xff, 0x04, 0x00, 0x00, 0x00, 0x01, 0x00, /* ................ */
    0x02, 0x00, 0x05, 0x00, 0x00, 0x00, 0x01, 0x00, 0x05, 0x00, 0x07, 0x00, 0x00, 0x00, 0x01, 0x00, /* ................ */
    0x00, 0x80, 0x04, 0x00, 0x00, 0x00, 0x01, 0x00, 0x01, 0x00, 0x04, 0x00, 0x00, 0x00, 0x01, 0x00, /* ................ */
    0x06, 0x00, 0x07, 0x00, 0x00, 0x00, 0x01, 0x00, 0xfd, 0xff, 0x06, 0x00, 0x00, 0x00, 0x01, 0x00, /* ................ */
    0xfc, 0xff, 0x06, 0x00, 0x00, 0x00, 0x01, 0x00, 0xff, 0xff, 0x04, 0x00, 0x00, 0x00, 0x01, 0x00, /* ................ */
    0xfe, 0xff, 0x05, 0x00, 0x00, 0x00, 0x01, 0x00, 0x19, 0x00, 0x0a, 0x00, 0x00, 0x00, 0x01, 0x00, /* ................ */
    0x00, 0x80, 0x04, 0x00, 0x00, 0x00, 0x01, 0x00, 0x01, 0x00, 0x04, 0x00, 0x00, 0x00, 0x01, 0x00, /* ................ */
    0xf9, 0xff, 0x07, 0x00, 0x00, 0x00, 0x01, 0x00, 0xed, 0xff, 0x09, 0x00, 0x00, 0x00, 0x01, 0x00, /* ................ */
    0x0f, 0x00, 0x08, 0x00, 0x00, 0x00, 0x01, 0x00, 0xff, 0xff, 0x04, 0x00, 0x00, 0x00, 0x01, 0x00, /* ................ */
    0x02, 0x00, 0x05, 0x00, 0x00, 0x00, 0x01, 0x00, 0x40, 0x00, 0x0b, 0x00, 0x00, 0x00, 0x01, 0x00, /* ........@....... */
    0x00, 0x80, 0x04, 0x00, 0x00, 0x00, 0x01, 0x00, 0x01, 0x00, 0x04, 0x00, 0x00, 0x00, 0x01, 0x00, /* ................ */
    0xec, 0xff, 0x09, 0x00, 0x00, 0x00, 0x01, 0x00, 0x03, 0x00, 0x06, 0x00, 0x00, 0x00, 0x01, 0x00, /* ................ */
    0x04, 0x00, 0x06, 0x00, 0x00, 0x00, 0x01, 0x00, 0xff, 0xff, 0x04, 0x00, 0x00, 0x00, 0x01, 0x00, /* ................ */
    0xfe, 0xff, 0x05, 0x00, 0x00, 0x00, 0x01, 0x00, 0x1a, 0x00, 0x0a, 0x00, 0x00, 0x00, 0x01, 0x00, /* ................ */
    0x00, 0x80, 0x04, 0x00, 0x00, 0x00, 0x01, 0x00, 0x01, 0x00, 0x04, 0x00, 0x00, 0x00, 0x01, 0x00, /* ................ */
    0x22, 0x00, 0x0a, 0x00, 0x00, 0x00, 0x01, 0x00, 0x0a, 0x00, 0x08, 0x00, 0x00, 0x00, 0x01, 0x00, /* "............... */
    0x0d, 0x00, 0x08, 0x00, 0x00, 0x00, 0x01, 0x00, 0xff, 0xff, 0x04, 0x00, 0x00, 0x00, 0x01, 0x00, /* ................ */
    0x02, 0x00, 0x05, 0x00, 0x00, 0x00, 0x01, 0x00, 0xfb, 0xff, 0x07, 0x00, 0x00, 0x00, 0x01, 0x00, /* ................ */
    0x00, 0x80, 0x04, 0x00, 0x00, 0x00, 0x01, 0x00, 0x01, 0x00, 0x04, 0x00, 0x00, 0x00, 0x01, 0x00, /* ................ */
    0xfa, 0xff, 0x07, 0x00, 0x00, 0x00, 0x01, 0x00, 0xfd, 0xff, 0x06, 0x00, 0x00, 0x00, 0x01, 0x00, /* ................ */
    0xfc, 0xff, 0x06, 0x00, 0x00, 0x00, 0x01, 0x00, 0xff, 0xff, 0x04, 0x00, 0x00, 0x00, 0x01, 0x00, /* ................ */
    0xfe, 0xff, 0x05, 0x00, 0x00, 0x00, 0x01, 0x00, 0x08, 0x00, 0x08, 0x00, 0x00, 0x00, 0x01, 0x00, /* ................ */
    0x00, 0x80, 0x04, 0x00, 0x00, 0x00, 0x01, 0x00, 0x01, 0x00, 0x04, 0x00, 0x00, 0x00, 0x01, 0x00, /* ................ */
    0x07, 0x00, 0x07, 0x00, 0x00, 0x00, 0x01, 0x00, 0xf5, 0xff, 0x08, 0x00, 0x00, 0x00, 0x01, 0x00, /* ................ */
    0xf2, 0xff, 0x08, 0x00, 0x00, 0x00, 0x01, 0x00, 0xff, 0xff, 0x04, 0x00, 0x00, 0x00, 0x01, 0x00, /* ................ */
    0x02, 0x00, 0x05, 0x00, 0x00, 0x00, 0x01, 0x00, 0xef, 0xff, 0x09, 0x00, 0x00, 0x00, 0x01, 0x00, /* ................ */
    0x00, 0x80, 0x04, 0x00, 0x00, 0x00, 0x01, 0x00, 0x01, 0x00, 0x04, 0x00, 0x00, 0x00, 0x01, 0x00, /* ................ */
    0xf4, 0xff, 0x08, 0x00, 0x00, 0x00, 0x01, 0x00, 0x03, 0x00, 0x06, 0x00, 0x00, 0x00, 0x01, 0x00, /* ................ */
    0x04, 0x00, 0x06, 0x00, 0x00, 0x00, 0x01, 0x00, 0xff, 0xff, 0x04, 0x00, 0x00, 0x00, 0x01, 0x00, /* ................ */
    0xfe, 0xff, 0x05, 0x00, 0x00, 0x00, 0x01, 0x00, 0xf7, 0xff, 0x08, 0x00, 0x00, 0x00, 0x01, 0x00, /* ................ */
    0x00, 0x80, 0x04, 0x00, 0x00, 0x00, 0x01, 0x00, 0x01, 0x00, 0x04, 0x00, 0x00, 0x00, 0x01, 0x00, /* ................ */
    0xea, 0xff, 0x09, 0x00, 0x00, 0x00, 0x01, 0x00, 0x7f, 0x00, 0x0a, 0x00, 0x00, 0x00, 0x01, 0x00, /* ................ */
    0xe8, 0xff, 0x09, 0x00, 0x00, 0x00, 0x01, 0x00, 0xff, 0xff, 0x04, 0x00, 0x00, 0x00, 0x01, 0x00, /* ................ */
    0x02, 0x00, 0x05, 0x00, 0x00, 0x00, 0x01, 0x00, 0x05, 0x00, 0x07, 0x00, 0x00, 0x00, 0x01, 0x00, /* ................ */
    0x00, 0x80, 0x04, 0x00, 0x00, 0x00, 0x01, 0x00, 0x01, 0x00, 0x04, 0x00, 0x00, 0x00, 0x01, 0x00, /* ................ */
    0x06, 0x00, 0x07, 0x00, 0x00, 0x00, 0x01, 0x00, 0xfd, 0xff, 0x06, 0x00, 0x00, 0x00, 0x01, 0x00, /* ................ */
    0xfc, 0xff, 0x06, 0x00, 0x00, 0x00, 0x01, 0x00, 0xff, 0xff, 0x04, 0x00, 0x00, 0x00, 0x01, 0x00, /* ................ */
    0xfe, 0xff, 0x05, 0x00, 0x00, 0x00, 0x01, 0x00, 0x27, 0x00, 0x0b, 0x00, 0x00, 0x00, 0x01, 0x00, /* ........'....... */
    0x00, 0x80, 0x04, 0x00, 0x00, 0x00, 0x01, 0x00, 0x01, 0x00, 0x04, 0x00, 0x00, 0x00, 0x01, 0x00, /* ................ */
    0xf9, 0xff, 0x07, 0x00, 0x00, 0x00, 0x01, 0x00, 0xee, 0xff, 0x09, 0x00, 0x00, 0x00, 0x01, 0x00, /* ................ */
    0xf1, 0xff, 0x08, 0x00, 0x00, 0x00, 0x01, 0x00, 0xff, 0xff, 0x04, 0x00, 0x00, 0x00, 0x01, 0x00, /* ................ */
    0x02, 0x00, 0x05, 0x00, 0x00, 0x00, 0x01, 0x00, 0x1b, 0x00, 0x0a, 0x00, 0x00, 0x00, 0x01, 0x00, /* ................ */
    0x00, 0x80, 0x04, 0x00, 0x00, 0x00, 0x01, 0x00, 0x01, 0x00, 0x04, 0x00, 0x00, 0x00, 0x01, 0x00, /* ................ */
    0x80, 0x00, 0x0a, 0x00, 0x00, 0x00, 0x01, 0x00, 0x03, 0x00, 0x06, 0x00, 0x00, 0x00, 0x01, 0x00, /* ................ */
    0x04, 0x00, 0x06, 0x00, 0x00, 0x00, 0x01, 0x00, 0xff, 0xff, 0x04, 0x00, 0x00, 0x00, 0x01, 0x00, /* ................ */
    0xfe, 0xff, 0x05, 0x00, 0x00, 0x00, 0x01, 0x00, 0xf0, 0xff, 0x09, 0x00, 0x00, 0x00, 0x01, 0x00, /* ................ */
    0x00, 0x80, 0x04, 0x00, 0x00, 0x00, 0x01, 0x00, 0x01, 0x00, 0x04, 0x00, 0x00, 0x00, 0x01, 0x00, /* ................ */
    0xeb, 0xff, 0x09, 0x00, 0x00, 0x00, 0x01, 0x00, 0xf6, 0xff, 0x08, 0x00, 0x00, 0x00, 0x01, 0x00, /* ................ */
    0xf3, 0xff, 0x08, 0x00, 0x00, 0x00, 0x01, 0x00, 0xff, 0xff, 0x04, 0x00, 0x00, 0x00, 0x01, 0x00, /* ................ */
    0x02, 0x00, 0x05, 0x00, 0x00, 0x00, 0x01, 0x00, 0xfb, 0xff, 0x07, 0x00, 0x00, 0x00, 0x01, 0x00, /* ................ */
    0x00, 0x80, 0x04, 0x00, 0x00, 0x00, 0x01, 0x00, 0x01, 0x00, 0x04, 0x00, 0x00, 0x00, 0x01, 0x00, /* ................ */
    0xfa, 0xff, 0x07, 0x00, 0x00, 0x00, 0x01, 0x00, 0xfd, 0xff, 0x06, 0x00, 0x00, 0x00, 0x01, 0x00, /* ................ */
    0xfc, 0xff, 0x06, 0x00, 0x00, 0x00, 0x01, 0x00, 0xff, 0xff, 0x04, 0x00, 0x00, 0x00, 0x01, 0x00, /* ................ */
    0xfe, 0xff, 0x05, 0x00, 0x00, 0x00, 0x01, 0x00, 0xf8, 0xff, 0x08, 0x00, 0x00, 0x00, 0x01, 0x00, /* ................ */
    0x00, 0x80, 0x04, 0x00, 0x00, 0x00, 0x01, 0x00, 0x01, 0x00, 0x04, 0x00, 0x00, 0x00, 0x01, 0x00, /* ................ */
    0x07, 0x00, 0x07, 0x00, 0x00, 0x00, 0x01, 0x00, 0x0b, 0x00, 0x08, 0x00, 0x00, 0x00, 0x01, 0x00, /* ................ */
    0x0e, 0x00, 0x08, 0x00, 0x00, 0x00, 0x01, 0x00, 0xff, 0xff, 0x04, 0x00, 0x00, 0x00, 0x01, 0x00, /* ................ */
    0x02, 0x00, 0x05, 0x00, 0x00, 0x00, 0x01, 0x00, 0xe3, 0xff, 0x0a, 0x00, 0x00, 0x00, 0x01, 0x00, /* ................ */
    0x00, 0x80, 0x04, 0x00, 0x00, 0x00, 0x01, 0x00, 0x01, 0x00, 0x04, 0x00, 0x00, 0x00, 0x01, 0x00, /* ................ */
    0x0c, 0x00, 0x08, 0x00, 0x00, 0x00, 0x01, 0x00, 0x03, 0x00, 0x06, 0x00, 0x00, 0x00, 0x01, 0x00, /* ................ */
    0x04, 0x00, 0x06, 0x00, 0x00, 0x00, 0x01, 0x00, 0xff, 0xff, 0x04, 0x00, 0x00, 0x00, 0x01, 0x00, /* ................ */
    0xfe, 0xff, 0x05, 0x00, 0x00, 0x00, 0x01, 0x00, 0x09, 0x00, 0x08, 0x00, 0x00, 0x00, 0x01, 0x00, /* ................ */
    0x00, 0x80, 0x04, 0x00, 0x00, 0x00, 0x01, 0x00, 0x01, 0x00, 0x04, 0x00, 0x00, 0x00, 0x01, 0x00, /* ................ */
    0xdb, 0xff, 0x0a, 0x00, 0x00, 0x00, 0x01, 0x00, 0xe1, 0xff, 0x0a, 0x00, 0x00, 0x00, 0x01, 0x00, /* ................ */
    0x17, 0x00, 0x09, 0x00, 0x00, 0x00, 0x01, 0x00, 0xff, 0xff, 0x04, 0x00, 0x00, 0x00, 0x01, 0x00, /* ................ */
    0x02, 0x00, 0x05, 0x00, 0x00, 0x00, 0x01, 0x00, 0x05, 0x00, 0x07, 0x00, 0x00, 0x00, 0x01, 0x00, /* ................ */
    0x00, 0x80, 0x04, 0x00, 0x00, 0x00, 0x01, 0x00, 0x01, 0x00, 0x04, 0x00, 0x00, 0x00, 0x01, 0x00, /* ................ */
    0x06, 0x00, 0x07, 0x00, 0x00, 0x00, 0x01, 0x00, 0xfd, 0xff, 0x06, 0x00, 0x00, 0x00, 0x01, 0x00, /* ................ */
    0xfc, 0xff, 0x06, 0x00, 0x00, 0x00, 0x01, 0x00, 0xff, 0xff, 0x04, 0x00, 0x00, 0x00, 0x01, 0x00, /* ................ */
    0xfe, 0xff, 0x05, 0x00, 0x00, 0x00, 0x01, 0x00, 0x28, 0x00, 0x0b, 0x00, 0x00, 0x00, 0x01, 0x00, /* ........(....... */
    0x00, 0x80, 0x04, 0x00, 0x00, 0x00, 0x01, 0x00, 0x01, 0x00, 0x04, 0x00, 0x00, 0x00, 0x01, 0x00, /* ................ */
    0xf9, 0xff, 0x07, 0x00, 0x00, 0x00, 0x01, 0x00, 0x13, 0x00, 0x09, 0x00, 0x00, 0x00, 0x01, 0x00, /* ................ */
    0x0f, 0x00, 0x08, 0x00, 0x00, 0x00, 0x01, 0x00, 0xff, 0xff, 0x04, 0x00, 0x00, 0x00, 0x01, 0x00, /* ................ */
    0x02, 0x00, 0x05, 0x00, 0x00, 0x00, 0x01, 0x00, 0xe4, 0xff, 0x0a, 0x00, 0x00, 0x00, 0x01, 0x00, /* ................ */
    0x00, 0x80, 0x04, 0x00, 0x00, 0x00, 0x01, 0x00, 0x01, 0x00, 0x04, 0x00, 0x00, 0x00, 0x01, 0x00, /* ................ */
    0x14, 0x00, 0x09, 0x00, 0x00, 0x00, 0x01, 0x00, 0x03, 0x00, 0x06, 0x00, 0x00, 0x00, 0x01, 0x00, /* ................ */
    0x04, 0x00, 0x06, 0x00, 0x00, 0x00, 0x01, 0x00, 0xff, 0xff, 0x04, 0x00, 0x00, 0x00, 0x01, 0x00, /* ................ */
    0xfe, 0xff, 0x05, 0x00, 0x00, 0x00, 0x01, 0x00, 0x2a, 0x00, 0x0b, 0x00, 0x00, 0x00, 0x01, 0x00, /* ........*....... */
    0x00, 0x80, 0x04, 0x00, 0x00, 0x00, 0x01, 0x00, 0x01, 0x00, 0x04, 0x00, 0x00, 0x00, 0x01, 0x00, /* ................ */
    0xdd, 0xff, 0x0a, 0x00, 0x00, 0x00, 0x01, 0x00, 0x0a, 0x00, 0x08, 0x00, 0x00, 0x00, 0x01, 0x00, /* ................ */
    0x0d, 0x00, 0x08, 0x00, 0x00, 0x00, 0x01, 0x00, 0xff, 0xff, 0x04, 0x00, 0x00, 0x00, 0x01, 0x00, /* ................ */
    0x02, 0x00, 0x05, 0x00, 0x00, 0x00, 0x01, 0x00, 0xfb, 0xff, 0x07, 0x00, 0x00, 0x00, 0x01, 0x00, /* ................ */
    0x00, 0x80, 0x04, 0x00, 0x00, 0x00, 0x01, 0x00, 0x01, 0x00, 0x04, 0x00, 0x00, 0x00, 0x01, 0x00, /* ................ */
    0xfa, 0xff, 0x07, 0x00, 0x00, 0x00, 0x01, 0x00, 0xfd, 0xff, 0x06, 0x00, 0x00, 0x00, 0x01, 0x00, /* ................ */
    0xfc, 0xff, 0x06, 0x00, 0x00, 0x00, 0x01, 0x00, 0xff, 0xff, 0x04, 0x00, 0x00, 0x00, 0x01, 0x00, /* ................ */
    0xfe, 0xff, 0x05, 0x00, 0x00, 0x00, 0x01, 0x00, 0x08, 0x00, 0x08, 0x00, 0x00, 0x00, 0x01, 0x00, /* ................ */
    0x00, 0x80, 0x04, 0x00, 0x00, 0x00, 0x01, 0x00, 0x01, 0x00, 0x04, 0x00, 0x00, 0x00, 0x01, 0x00, /* ................ */
    0x07, 0x00, 0x07, 0x00, 0x00, 0x00, 0x01, 0x00, 0xf5, 0xff, 0x08, 0x00, 0x00, 0x00, 0x01, 0x00, /* ................ */
    0xf2, 0xff, 0x08, 0x00, 0x00, 0x00, 0x01, 0x00, 0xff, 0xff, 0x04, 0x00, 0x00, 0x00, 0x01, 0x00, /* ................ */
    0x02, 0x00, 0x05, 0x00, 0x00, 0x00, 0x01, 0x00, 0x11, 0x00, 0x09, 0x00, 0x00, 0x00, 0x01, 0x00, /* ................ */
    0x00, 0x80, 0x04, 0x00, 0x00, 0x00, 0x01, 0x00, 0x01, 0x00, 0x04, 0x00, 0x00, 0x00, 0x01, 0x00, /* ................ */
    0xf4, 0xff, 0x08, 0x00, 0x00, 0x00, 0x01, 0x00, 0x03, 0x00, 0x06, 0x00, 0x00, 0x00, 0x01, 0x00, /* ................ */
    0x04, 0x00, 0x06, 0x00, 0x00, 0x00, 0x01, 0x00, 0xff, 0xff, 0x04, 0x00, 0x00, 0x00, 0x01, 0x00, /* ................ */
    0xfe, 0xff, 0x05, 0x00, 0x00, 0x00, 0x01, 0x00, 0xf7, 0xff, 0x08, 0x00, 0x00, 0x00, 0x01, 0x00, /* ................ */
    0x00, 0x80, 0x04, 0x00, 0x00, 0x00, 0x01, 0x00, 0x01, 0x00, 0x04, 0x00, 0x00, 0x00, 0x01, 0x00, /* ................ */
    0x16, 0x00, 0x09, 0x00, 0x00, 0x00, 0x01, 0x00, 0x2f, 0x00, 0x0b, 0x00, 0x00, 0x00, 0x01, 0x00, /* ......../....... */
    0x18, 0x00, 0x09, 0x00, 0x00, 0x00, 0x01, 0x00, 0xff, 0xff, 0x04, 0x00, 0x00, 0x00, 0x01, 0x00, /* ................ */
    0x02, 0x00, 0x05, 0x00, 0x00, 0x00, 0x01, 0x00, 0x05, 0x00, 0x07, 0x00, 0x00, 0x00, 0x01, 0x00, /* ................ */
    0x00, 0x80, 0x04, 0x00, 0x00, 0x00, 0x01, 0x00, 0x01, 0x00, 0x04, 0x00, 0x00, 0x00, 0x01, 0x00, /* ................ */
    0x06, 0x00, 0x07, 0x00, 0x00, 0x00, 0x01, 0x00, 0xfd, 0xff, 0x06, 0x00, 0x00, 0x00, 0x01, 0x00, /* ................ */
    0xfc, 0xff, 0x06, 0x00, 0x00, 0x00, 0x01, 0x00, 0xff, 0xff, 0x04, 0x00, 0x00, 0x00, 0x01, 0x00, /* ................ */
    0xfe, 0xff, 0x05, 0x00, 0x00, 0x00, 0x01, 0x00, 0xe0, 0xff, 0x0a, 0x00, 0x00, 0x00, 0x01, 0x00, /* ................ */
    0x00, 0x80, 0x04, 0x00, 0x00, 0x00, 0x01, 0x00, 0x01, 0x00, 0x04, 0x00, 0x00, 0x00, 0x01, 0x00, /* ................ */
    0xf9, 0xff, 0x07, 0x00, 0x00, 0x00, 0x01, 0x00, 0x12, 0x00, 0x09, 0x00, 0x00, 0x00, 0x01, 0x00, /* ................ */
    0xf1, 0xff, 0x08, 0x00, 0x00, 0x00, 0x01, 0x00, 0xff, 0xff, 0x04, 0x00, 0x00, 0x00, 0x01, 0x00, /* ................ */
    0x02, 0x00, 0x05, 0x00, 0x00, 0x00, 0x01, 0x00, 0x2c, 0x00, 0x0b, 0x00, 0x00, 0x00, 0x01, 0x00, /* ........,....... */
    0x00, 0x80, 0x04, 0x00, 0x00, 0x00, 0x01, 0x00, 0x01, 0x00, 0x04, 0x00, 0x00, 0x00, 0x01, 0x00, /* ................ */
    0xdf, 0xff, 0x0a, 0x00, 0x00, 0x00, 0x01, 0x00, 0x03, 0x00, 0x06, 0x00, 0x00, 0x00, 0x01, 0x00, /* ................ */
    0x04, 0x00, 0x06, 0x00, 0x00, 0x00, 0x01, 0x00, 0xff, 0xff, 0x04, 0x00, 0x00, 0x00, 0x01, 0x00, /* ................ */
    0xfe, 0xff, 0x05, 0x00, 0x00, 0x00, 0x01, 0x00, 0x10, 0x00, 0x09, 0x00, 0x00, 0x00, 0x01, 0x00, /* ................ */
    0x00, 0x80, 0x04, 0x00, 0x00, 0x00, 0x01, 0x00, 0x01, 0x00, 0x04, 0x00, 0x00, 0x00, 0x01, 0x00, /* ................ */
    0x15, 0x00, 0x09, 0x00, 0x00, 0x00, 0x01, 0x00, 0xf6, 0xff, 0x08, 0x00, 0x00, 0x00, 0x01, 0x00, /* ................ */
    0xf3, 0xff, 0x08, 0x00, 0x00, 0x00, 0x01, 0x00, 0xff, 0xff, 0x04, 0x00, 0x00, 0x00, 0x01, 0x00, /* ................ */
    0x02, 0x00, 0x05, 0x00, 0x00, 0x00, 0x01, 0x00, 0xfb, 0xff, 0x07, 0x00, 0x00, 0x00, 0x01, 0x00, /* ................ */
    0x00, 0x80, 0x04, 0x00, 0x00, 0x00, 0x01, 0x00, 0x01, 0x00, 0x04, 0x00, 0x00, 0x00, 0x01, 0x00, /* ................ */
    0xfa, 0xff, 0x07, 0x00, 0x00, 0x00, 0x01, 0x00, 0xfd, 0xff, 0x06, 0x00, 0x00, 0x00, 0x01, 0x00, /* ................ */
    0xfc, 0xff, 0x06, 0x00, 0x00, 0x00, 0x01, 0x00, 0xff, 0xff, 0x04, 0x00, 0x00, 0x00, 0x01, 0x00, /* ................ */
    0xfe, 0xff, 0x05, 0x00, 0x00, 0x00, 0x01, 0x00, 0xf8, 0xff, 0x08, 0x00, 0x00, 0x00, 0x01, 0x00, /* ................ */
    0x00, 0x80, 0x04, 0x00, 0x00, 0x00, 0x01, 0x00, 0x01, 0x00, 0x04, 0x00, 0x00, 0x00, 0x01, 0x00, /* ................ */
    0x07, 0x00, 0x07, 0x00, 0x00, 0x00, 0x01, 0x00, 0x0b, 0x00, 0x08, 0x00, 0x00, 0x00, 0x01, 0x00, /* ................ */
    0x0e, 0x00, 0x08, 0x00, 0x00, 0x00, 0x01, 0x00, 0xff, 0xff, 0x04, 0x00, 0x00, 0x00, 0x01, 0x00, /* ................ */
    0x02, 0x00, 0x05, 0x00, 0x00, 0x00, 0x01, 0x00, 0x2e, 0x00, 0x0b, 0x00, 0x00, 0x00, 0x01, 0x00, /* ................ */
    0x00, 0x80, 0x04, 0x00, 0x00, 0x00, 0x01, 0x00, 0x01, 0x00, 0x04, 0x00, 0x00, 0x00, 0x01, 0x00, /* ................ */
    0x0c, 0x00, 0x08, 0x00, 0x00, 0x00, 0x01, 0x00, 0x03, 0x00, 0x06, 0x00, 0x00, 0x00, 0x01, 0x00, /* ................ */
    0x04, 0x00, 0x06, 0x00, 0x00, 0x00, 0x01, 0x00, 0xff, 0xff, 0x04, 0x00, 0x00, 0x00, 0x01, 0x00, /* ................ */
    0xfe, 0xff, 0x05, 0x00, 0x00, 0x00, 0x01, 0x00, 0x09, 0x00, 0x08, 0x00, 0x00, 0x00, 0x01, 0x00, /* ................ */
    0x00, 0x80, 0x04, 0x00, 0x00, 0x00, 0x01, 0x00, 0x01, 0x00, 0x04, 0x00, 0x00, 0x00, 0x01, 0x00, /* ................ */
    0xdc, 0xff, 0x0a, 0x00, 0x00, 0x00, 0x01, 0x00, 0xe2, 0xff, 0x0a, 0x00, 0x00, 0x00, 0x01, 0x00, /* ................ */
    0xe9, 0xff, 0x09, 0x00, 0x00, 0x00, 0x01, 0x00, 0xff, 0xff, 0x04, 0x00, 0x00, 0x00, 0x01, 0x00, /* ................ */
    0x02, 0x00, 0x05, 0x00, 0x00, 0x00, 0x01, 0x00, 0x05, 0x00, 0x07, 0x00, 0x00, 0x00, 0x01, 0x00, /* ................ */
    0x00, 0x80, 0x04, 0x00, 0x00, 0x00, 0x01, 0x00, 0x01, 0x00, 0x04, 0x00, 0x00, 0x00, 0x01, 0x00, /* ................ */
    0x06, 0x00, 0x07, 0x00, 0x00, 0x00, 0x01, 0x00, 0xfd, 0xff, 0x06, 0x00, 0x00, 0x00, 0x01, 0x00, /* ................ */
    0xfc, 0xff, 0x06, 0x00, 0x00, 0x00, 0x01, 0x00, 0xff, 0xff, 0x04, 0x00, 0x00, 0x00, 0x01, 0x00, /* ................ */
    0xfe, 0xff, 0x05, 0x00, 0x00, 0x00, 0x01, 0x00, 0xe7, 0xff, 0x0a, 0x00, 0x00, 0x00, 0x01, 0x00, /* ................ */
    0x00, 0x80, 0x04, 0x00, 0x00, 0x00, 0x01, 0x00, 0x01, 0x00, 0x04, 0x00, 0x00, 0x00, 0x01, 0x00, /* ................ */
    0xf9, 0xff, 0x07, 0x00, 0x00, 0x00, 0x01, 0x00, 0xed, 0xff, 0x09, 0x00, 0x00, 0x00, 0x01, 0x00, /* ................ */
    0x0f, 0x00, 0x08, 0x00, 0x00, 0x00, 0x01, 0x00, 0xff, 0xff, 0x04, 0x00, 0x00, 0x00, 0x01, 0x00, /* ................ */
    0x02, 0x00, 0x05, 0x00, 0x00, 0x00, 0x01, 0x00, 0x2d, 0x00, 0x0b, 0x00, 0x00, 0x00, 0x01, 0x00, /* ........-....... */
    0x00, 0x80, 0x04, 0x00, 0x00, 0x00, 0x01, 0x00, 0x01, 0x00, 0x04, 0x00, 0x00, 0x00, 0x01, 0x00, /* ................ */
    0xec, 0xff, 0x09, 0x00, 0x00, 0x00, 0x01, 0x00, 0x03, 0x00, 0x06, 0x00, 0x00, 0x00, 0x01, 0x00, /* ................ */
    0x04, 0x00, 0x06, 0x00, 0x00, 0x00, 0x01, 0x00, 0xff, 0xff, 0x04, 0x00, 0x00, 0x00, 0x01, 0x00, /* ................ */
    0xfe, 0xff, 0x05, 0x00, 0x00, 0x00, 0x01, 0x00, 0xe6, 0xff, 0x0a, 0x00, 0x00, 0x00, 0x01, 0x00, /* ................ */
    0x00, 0x80, 0x04, 0x00, 0x00, 0x00, 0x01, 0x00, 0x01, 0x00, 0x04, 0x00, 0x00, 0x00, 0x01, 0x00, /* ................ */
    0xde, 0xff, 0x0a, 0x00, 0x00, 0x00, 0x01, 0x00, 0x0a, 0x00, 0x08, 0x00, 0x00, 0x00, 0x01, 0x00, /* ................ */
    0x0d, 0x00, 0x08, 0x00, 0x00, 0x00, 0x01, 0x00, 0xff, 0xff, 0x04, 0x00, 0x00, 0x00, 0x01, 0x00, /* ................ */
    0x02, 0x00, 0x05, 0x00, 0x00, 0x00, 0x01, 0x00, 0xfb, 0xff, 0x07, 0x00, 0x00, 0x00, 0x01, 0x00, /* ................ */
    0x00, 0x80, 0x04, 0x00, 0x00, 0x00, 0x01, 0x00, 0x01, 0x00, 0x04, 0x00, 0x00, 0x00, 0x01, 0x00, /* ................ */
    0xfa, 0xff, 0x07, 0x00, 0x00, 0x00, 0x01, 0x00, 0xfd, 0xff, 0x06, 0x00, 0x00, 0x00, 0x01, 0x00, /* ................ */
    0xfc, 0xff, 0x06, 0x00, 0x00, 0x00, 0x01, 0x00, 0xff, 0xff, 0x04, 0x00, 0x00, 0x00, 0x01, 0x00, /* ................ */
    0xfe, 0xff, 0x05, 0x00, 0x00, 0x00, 0x01, 0x00, 0x08, 0x00, 0x08, 0x00, 0x00, 0x00, 0x01, 0x00, /* ................ */
    0x00, 0x80, 0x04, 0x00, 0x00, 0x00, 0x01, 0x00, 0x01, 0x00, 0x04, 0x00, 0x00, 0x00, 0x01, 0x00, /* ................ */
    0x07, 0x00, 0x07, 0x00, 0x00, 0x00, 0x01, 0x00, 0xf5, 0xff, 0x08, 0x00, 0x00, 0x00, 0x01, 0x00, /* ................ */
    0xf2, 0xff, 0x08, 0x00, 0x00, 0x00, 0x01, 0x00, 0xff, 0xff, 0x04, 0x00, 0x00, 0x00, 0x01, 0x00, /* ................ */
    0x02, 0x00, 0x05, 0x00, 0x00, 0x00, 0x01, 0x00, 0xef, 0xff, 0x09, 0x00, 0x00, 0x00, 0x01, 0x00, /* ................ */
    0x00, 0x80, 0x04, 0x00, 0x00, 0x00, 0x01, 0x00, 0x01, 0x00, 0x04, 0x00, 0x00, 0x00, 0x01, 0x00, /* ................ */
    0xf4, 0xff, 0x08, 0x00, 0x00, 0x00, 0x01, 0x00, 0x03, 0x00, 0x06, 0x00, 0x00, 0x00, 0x01, 0x00, /* ................ */
    0x04, 0x00, 0x06, 0x00, 0x00, 0x00, 0x01, 0x00, 0xff, 0xff, 0x04, 0x00, 0x00, 0x00, 0x01, 0x00, /* ................ */
    0xfe, 0xff, 0x05, 0x00, 0x00, 0x00, 0x01, 0x00, 0xf7, 0xff, 0x08, 0x00, 0x00, 0x00, 0x01, 0x00, /* ................ */
    0x00, 0x80, 0x04, 0x00, 0x00, 0x00, 0x01, 0x00, 0x01, 0x00, 0x04, 0x00, 0x00, 0x00, 0x01, 0x00, /* ................ */
    0xea, 0xff, 0x09, 0x00, 0x00, 0x00, 0x01, 0x00, 0x81, 0xff, 0x0a, 0x00, 0x00, 0x00, 0x01, 0x00, /* ................ */
    0xe8, 0xff, 0x09, 0x00, 0x00, 0x00, 0x01, 0x00, 0xff, 0xff, 0x04, 0x00, 0x00, 0x00, 0x01, 0x00, /* ................ */
    0x02, 0x00, 0x05, 0x00, 0x00, 0x00, 0x01, 0x00, 0x05, 0x00, 0x07, 0x00, 0x00, 0x00, 0x01, 0x00, /* ................ */
    0x00, 0x80, 0x04, 0x00, 0x00, 0x00, 0x01, 0x00, 0x01, 0x00, 0x04, 0x00, 0x00, 0x00, 0x01, 0x00, /* ................ */
    0x06, 0x00, 0x07, 0x00, 0x00, 0x00, 0x01, 0x00, 0xfd, 0xff, 0x06, 0x00, 0x00, 0x00, 0x01, 0x00, /* ................ */
    0xfc, 0xff, 0x06, 0x00, 0x00, 0x00, 0x01, 0x00, 0xff, 0xff, 0x04, 0x00, 0x00, 0x00, 0x01, 0x00, /* ................ */
    0xfe, 0xff, 0x05, 0x00, 0x00, 0x00, 0x01, 0x00, 0x26, 0x00, 0x0b, 0x00, 0x00, 0x00, 0x01, 0x00, /* ........&....... */
    0x00, 0x80, 0x04, 0x00, 0x00, 0x00, 0x01, 0x00, 0x01, 0x00, 0x04, 0x00, 0x00, 0x00, 0x01, 0x00, /* ................ */
    0xf9, 0xff, 0x07, 0x00, 0x00, 0x00, 0x01, 0x00, 0xee, 0xff, 0x09, 0x00, 0x00, 0x00, 0x01, 0x00, /* ................ */
    0xf1, 0xff, 0x08, 0x00, 0x00, 0x00, 0x01, 0x00, 0xff, 0xff, 0x04, 0x00, 0x00, 0x00, 0x01, 0x00, /* ................ */
    0x02, 0x00, 0x05, 0x00, 0x00, 0x00, 0x01, 0x00, 0xe5, 0xff, 0x0a, 0x00, 0x00, 0x00, 0x01, 0x00, /* ................ */
    0x00, 0x80, 0x04, 0x00, 0x00, 0x00, 0x01, 0x00, 0x01, 0x00, 0x04, 0x00, 0x00, 0x00, 0x01, 0x00, /* ................ */
    0x80, 0xff, 0x0a, 0x00, 0x00, 0x00, 0x01, 0x00, 0x03, 0x00, 0x06, 0x00, 0x00, 0x00, 0x01, 0x00, /* ................ */
    0x04, 0x00, 0x06, 0x00, 0x00, 0x00, 0x01, 0x00, 0xff, 0xff, 0x04, 0x00, 0x00, 0x00, 0x01, 0x00, /* ................ */
    0xfe, 0xff, 0x05, 0x00, 0x00, 0x00, 0x01, 0x00, 0xf0, 0xff, 0x09, 0x00, 0x00, 0x00, 0x01, 0x00, /* ................ */
    0x00, 0x80, 0x04, 0x00, 0x00, 0x00, 0x01, 0x00, 0x01, 0x00, 0x04, 0x00, 0x00, 0x00, 0x01, 0x00, /* ................ */
    0xeb, 0xff, 0x09, 0x00, 0x00, 0x00, 0x01, 0x00, 0xf6, 0xff, 0x08, 0x00, 0x00, 0x00, 0x01, 0x00, /* ................ */
    0xf3, 0xff, 0x08, 0x00, 0x00, 0x00, 0x01, 0x00, 0xff, 0xff, 0x04, 0x00, 0x00, 0x00, 0x01, 0x00, /* ................ */
    0x02, 0x00, 0x05, 0x00, 0x00, 0x00, 0x01, 0x00, 0xfb, 0xff, 0x07, 0x00, 0x00, 0x00, 0x01, 0x00, /* ................ */
    0x00, 0x80, 0x04, 0x00, 0x00, 0x00, 0x01, 0x00, 0x01, 0x00, 0x04, 0x00, 0x00, 0x00, 0x01, 0x00, /* ................ */
    0xfa, 0xff, 0x07, 0x00, 0x00, 0x00, 0x01, 0x00, 0xfd, 0xff, 0x06, 0x00, 0x00, 0x00, 0x01, 0x00, /* ................ */
    0xfc, 0xff, 0x06, 0x00, 0x00, 0x00, 0x01, 0x00, 0xff, 0xff, 0x04, 0x00, 0x00, 0x00, 0x01, 0x00, /* ................ */
    0xfe, 0xff, 0x05, 0x00, 0x00, 0x00, 0x01, 0x00, 0xf8, 0xff, 0x08, 0x00, 0x00, 0x00, 0x01, 0x00, /* ................ */
    0x00, 0x80, 0x04, 0x00, 0x00, 0x00, 0x01, 0x00, 0x01, 0x00, 0x04, 0x00, 0x00, 0x00, 0x01, 0x00, /* ................ */
    0x07, 0x00, 0x07, 0x00, 0x00, 0x00, 0x01, 0x00, 0x0b, 0x00, 0x08, 0x00, 0x00, 0x00, 0x01, 0x00, /* ................ */
    0x0e, 0x00, 0x08, 0x00, 0x00, 0x00, 0x01, 0x00, 0xff, 0xff, 0x04, 0x00, 0x00, 0x00, 0x01, 0x00, /* ................ */
    0x02, 0x00, 0x05, 0x00, 0x00, 0x00, 0x01, 0x00, 0x1d, 0x00, 0x0a, 0x00, 0x00, 0x00, 0x01, 0x00, /* ................ */
    0x00, 0x80, 0x04, 0x00, 0x00, 0x00, 0x01, 0x00, 0x01, 0x00, 0x04, 0x00, 0x00, 0x00, 0x01, 0x00, /* ................ */
    0x0c, 0x00, 0x08, 0x00, 0x00, 0x00, 0x01, 0x00, 0x03, 0x00, 0x06, 0x00, 0x00, 0x00, 0x01, 0x00, /* ................ */
    0x04, 0x00, 0x06, 0x00, 0x00, 0x00, 0x01, 0x00, 0xff, 0xff, 0x04, 0x00, 0x00, 0x00, 0x01, 0x00, /* ................ */
    0xfe, 0xff, 0x05, 0x00, 0x00, 0x00, 0x01, 0x00, 0x09, 0x00, 0x08, 0x00, 0x00, 0x00, 0x01, 0x00, /* ................ */
    0x00, 0x80, 0x04, 0x00, 0x00, 0x00, 0x01, 0x00, 0x01, 0x00, 0x04, 0x00, 0x00, 0x00, 0x01, 0x00, /* ................ */
    0x25, 0x00, 0x0a, 0x00, 0x00, 0x00, 0x01, 0x00, 0x1f, 0x00, 0x0a, 0x00, 0x00, 0x00, 0x01, 0x00, /* %............... */
    0x17, 0x00, 0x09, 0x00, 0x00, 0x00, 0x01, 0x00, 0xff, 0xff, 0x04, 0x00, 0x00, 0x00, 0x01, 0x00, /* ................ */
    0x02, 0x00, 0x05, 0x00, 0x00, 0x00, 0x01, 0x00, 0x05, 0x00, 0x07, 0x00, 0x00, 0x00, 0x01, 0x00, /* ................ */
    0x00, 0x80, 0x04, 0x00, 0x00, 0x00, 0x01, 0x00, 0x01, 0x00, 0x04, 0x00, 0x00, 0x00, 0x01, 0x00, /* ................ */
    0x06, 0x00, 0x07, 0x00, 0x00, 0x00, 0x01, 0x00, 0xfd, 0xff, 0x06, 0x00, 0x00, 0x00, 0x01, 0x00, /* ................ */
    0xfc, 0xff, 0x06, 0x00, 0x00, 0x00, 0x01, 0x00, 0xff, 0xff, 0x04, 0x00, 0x00, 0x00, 0x01, 0x00, /* ................ */
    0xfe, 0xff, 0x05, 0x00, 0x00, 0x00, 0x01, 0x00, 0xd7, 0xff, 0x0b, 0x00, 0x00, 0x00, 0x01, 0x00, /* ................ */
    0x00, 0x80, 0x04, 0x00, 0x00, 0x00, 0x01, 0x00, 0x01, 0x00, 0x04, 0x00, 0x00, 0x00, 0x01, 0x00, /* ................ */
    0xf9, 0xff, 0x07, 0x00, 0x00, 0x00, 0x01, 0x00, 0x13, 0x00, 0x09, 0x00, 0x00, 0x00, 0x01, 0x00, /* ................ */
    0x0f, 0x00, 0x08, 0x00, 0x00, 0x00, 0x01, 0x00, 0xff, 0xff, 0x04, 0x00, 0x00, 0x00, 0x01, 0x00, /* ................ */
    0x02, 0x00, 0x05, 0x00, 0x00, 0x00, 0x01, 0x00, 0x1c, 0x00, 0x0a, 0x00, 0x00, 0x00, 0x01, 0x00, /* ................ */
    0x00, 0x80, 0x04, 0x00, 0x00, 0x00, 0x01, 0x00, 0x01, 0x00, 0x04, 0x00, 0x00, 0x00, 0x01, 0x00, /* ................ */
    0x14, 0x00, 0x09, 0x00, 0x00, 0x00, 0x01, 0x00, 0x03, 0x00, 0x06, 0x00, 0x00, 0x00, 0x01, 0x00, /* ................ */
    0x04, 0x00, 0x06, 0x00, 0x00, 0x00, 0x01, 0x00, 0xff, 0xff, 0x04, 0x00, 0x00, 0x00, 0x01, 0x00, /* ................ */
    0xfe, 0xff, 0x05, 0x00, 0x00, 0x00, 0x01, 0x00, 0xd5, 0xff, 0x0b, 0x00, 0x00, 0x00, 0x01, 0x00, /* ................ */
    0x00, 0x80, 0x04, 0x00, 0x00, 0x00, 0x01, 0x00, 0x01, 0x00, 0x04, 0x00, 0x00, 0x00, 0x01, 0x00, /* ................ */
    0x23, 0x00, 0x0a, 0x00, 0x00, 0x00, 0x01, 0x00, 0x0a, 0x00, 0x08, 0x00, 0x00, 0x00, 0x01, 0x00, /* #............... */
    0x0d, 0x00, 0x08, 0x00, 0x00, 0x00, 0x01, 0x00, 0xff, 0xff, 0x04, 0x00, 0x00, 0x00, 0x01, 0x00, /* ................ */
    0x02, 0x00, 0x05, 0x00, 0x00, 0x00, 0x01, 0x00, 0xfb, 0xff, 0x07, 0x00, 0x00, 0x00, 0x01, 0x00, /* ................ */
    0x00, 0x80, 0x04, 0x00, 0x00, 0x00, 0x01, 0x00, 0x01, 0x00, 0x04, 0x00, 0x00, 0x00, 0x01, 0x00, /* ................ */
    0xfa, 0xff, 0x07, 0x00, 0x00, 0x00, 0x01, 0x00, 0xfd, 0xff, 0x06, 0x00, 0x00, 0x00, 0x01, 0x00, /* ................ */
    0xfc, 0xff, 0x06, 0x00, 0x00, 0x00, 0x01, 0x00, 0xff, 0xff, 0x04, 0x00, 0x00, 0x00, 0x01, 0x00, /* ................ */
    0xfe, 0xff, 0x05, 0x00, 0x00, 0x00, 0x01, 0x00, 0x08, 0x00, 0x08, 0x00, 0x00, 0x00, 0x01, 0x00, /* ................ */
    0x00, 0x80, 0x04, 0x00, 0x00, 0x00, 0x01, 0x00, 0x01, 0x00, 0x04, 0x00, 0x00, 0x00, 0x01, 0x00, /* ................ */
    0x07, 0x00, 0x07, 0x00, 0x00, 0x00, 0x01, 0x00, 0xf5, 0xff, 0x08, 0x00, 0x00, 0x00, 0x01, 0x00, /* ................ */
    0xf2, 0xff, 0x08, 0x00, 0x00, 0x00, 0x01, 0x00, 0xff, 0xff, 0x04, 0x00, 0x00, 0x00, 0x01, 0x00, /* ................ */
    0x02, 0x00, 0x05, 0x00, 0x00, 0x00, 0x01, 0x00, 0x11, 0x00, 0x09, 0x00, 0x00, 0x00, 0x01, 0x00, /* ................ */
    0x00, 0x80, 0x04, 0x00, 0x00, 0x00, 0x01, 0x00, 0x01, 0x00, 0x04, 0x00, 0x00, 0x00, 0x01, 0x00, /* ................ */
    0xf4, 0xff, 0x08, 0x00, 0x00, 0x00, 0x01, 0x00, 0x03, 0x00, 0x06, 0x00, 0x00, 0x00, 0x01, 0x00, /* ................ */
    0x04, 0x00, 0x06, 0x00, 0x00, 0x00, 0x01, 0x00, 0xff, 0xff, 0x04, 0x00, 0x00, 0x00, 0x01, 0x00, /* ................ */
    0xfe, 0xff, 0x05, 0x00, 0x00, 0x00, 0x01, 0x00, 0xf7, 0xff, 0x08, 0x00, 0x00, 0x00, 0x01, 0x00, /* ................ */
    0x00, 0x80, 0x04, 0x00, 0x00, 0x00, 0x01, 0x00, 0x01, 0x00, 0x04, 0x00, 0x00, 0x00, 0x01, 0x00, /* ................ */
    0x16, 0x00, 0x09, 0x00, 0x00, 0x00, 0x01, 0x00, 0xce, 0xff, 0x0b, 0x00, 0x00, 0x00, 0x01, 0x00, /* ................ */
    0x18, 0x00, 0x09, 0x00, 0x00, 0x00, 0x01, 0x00, 0xff, 0xff, 0x04, 0x00, 0x00, 0x00, 0x01, 0x00, /* ................ */
    0x02, 0x00, 0x05, 0x00, 0x00, 0x00, 0x01, 0x00, 0x05, 0x00, 0x07, 0x00, 0x00, 0x00, 0x01, 0x00, /* ................ */
    0x00, 0x80, 0x04, 0x00, 0x00, 0x00, 0x01, 0x00, 0x01, 0x00, 0x04, 0x00, 0x00, 0x00, 0x01, 0x00, /* ................ */
    0x06, 0x00, 0x07, 0x00, 0x00, 0x00, 0x01, 0x00, 0xfd, 0xff, 0x06, 0x00, 0x00, 0x00, 0x01, 0x00, /* ................ */
    0xfc, 0xff, 0x06, 0x00, 0x00, 0x00, 0x01, 0x00, 0xff, 0xff, 0x04, 0x00, 0x00, 0x00, 0x01, 0x00, /* ................ */
    0xfe, 0xff, 0x05, 0x00, 0x00, 0x00, 0x01, 0x00, 0x20, 0x00, 0x0a, 0x00, 0x00, 0x00, 0x01, 0x00, /* ........ ....... */
    0x00, 0x80, 0x04, 0x00, 0x00, 0x00, 0x01, 0x00, 0x01, 0x00, 0x04, 0x00, 0x00, 0x00, 0x01, 0x00, /* ................ */
    0xf9, 0xff, 0x07, 0x00, 0x00, 0x00, 0x01, 0x00, 0x12, 0x00, 0x09, 0x00, 0x00, 0x00, 0x01, 0x00, /* ................ */
    0xf1, 0xff, 0x08, 0x00, 0x00, 0x00, 0x01, 0x00, 0xff, 0xff, 0x04, 0x00, 0x00, 0x00, 0x01, 0x00, /* ................ */
    0x02, 0x00, 0x05, 0x00, 0x00, 0x00, 0x01, 0x00, 0xd0, 0xff, 0x0b, 0x00, 0x00, 0x00, 0x01, 0x00, /* ................ */
    0x00, 0x80, 0x04, 0x00, 0x00, 0x00, 0x01, 0x00, 0x01, 0x00, 0x04, 0x00, 0x00, 0x00, 0x01, 0x00, /* ................ */
    0x21, 0x00, 0x0a, 0x00, 0x00, 0x00, 0x01, 0x00, 0x03, 0x00, 0x06, 0x00, 0x00, 0x00, 0x01, 0x00, /* !............... */
    0x04, 0x00, 0x06, 0x00, 0x00, 0x00, 0x01, 0x00, 0xff, 0xff, 0x04, 0x00, 0x00, 0x00, 0x01, 0x00, /* ................ */
    0xfe, 0xff, 0x05, 0x00, 0x00, 0x00, 0x01, 0x00, 0x10, 0x00, 0x09, 0x00, 0x00, 0x00, 0x01, 0x00, /* ................ */
    0x00, 0x80, 0x04, 0x00, 0x00, 0x00, 0x01, 0x00, 0x01, 0x00, 0x04, 0x00, 0x00, 0x00, 0x01, 0x00, /* ................ */
    0x15, 0x00, 0x09, 0x00, 0x00, 0x00, 0x01, 0x00, 0xf6, 0xff, 0x08, 0x00, 0x00, 0x00, 0x01, 0x00, /* ................ */
    0xf3, 0xff, 0x08, 0x00, 0x00, 0x00, 0x01, 0x00, 0xff, 0xff, 0x04, 0x00, 0x00, 0x00, 0x01, 0x00, /* ................ */
    0x02, 0x00, 0x05, 0x00, 0x00, 0x00, 0x01, 0x00, 0xfb, 0xff, 0x07, 0x00, 0x00, 0x00, 0x01, 0x00, /* ................ */
    0x00, 0x80, 0x04, 0x00, 0x00, 0x00, 0x01, 0x00, 0x01, 0x00, 0x04, 0x00, 0x00, 0x00, 0x01, 0x00, /* ................ */
    0xfa, 0xff, 0x07, 0x00, 0x00, 0x00, 0x01, 0x00, 0xfd, 0xff, 0x06, 0x00, 0x00, 0x00, 0x01, 0x00, /* ................ */
    0xfc, 0xff, 0x06, 0x00, 0x00, 0x00, 0x01, 0x00, 0xff, 0xff, 0x04, 0x00, 0x00, 0x00, 0x01, 0x00, /* ................ */
    0xfe, 0xff, 0x05, 0x00, 0x00, 0x00, 0x01, 0x00, 0xf8, 0xff, 0x08, 0x00, 0x00, 0x00, 0x01, 0x00, /* ................ */
    0x00, 0x80, 0x04, 0x00, 0x00, 0x00, 0x01, 0x00, 0x01, 0x00, 0x04, 0x00, 0x00, 0x00, 0x01, 0x00, /* ................ */
    0x07, 0x00, 0x07, 0x00, 0x00, 0x00, 0x01, 0x00, 0x0b, 0x00, 0x08, 0x00, 0x00, 0x00, 0x01, 0x00, /* ................ */
    0x0e, 0x00, 0x08, 0x00, 0x00, 0x00, 0x01, 0x00, 0xff, 0xff, 0x04, 0x00, 0x00, 0x00, 0x01, 0x00, /* ................ */
    0x02, 0x00, 0x05, 0x00, 0x00, 0x00, 0x01, 0x00, 0xcf, 0xff, 0x0b, 0x00, 0x00, 0x00, 0x01, 0x00, /* ................ */
    0x00, 0x80, 0x04, 0x00, 0x00, 0x00, 0x01, 0x00, 0x01, 0x00, 0x04, 0x00, 0x00, 0x00, 0x01, 0x00, /* ................ */
    0x0c, 0x00, 0x08, 0x00, 0x00, 0x00, 0x01, 0x00, 0x03, 0x00, 0x06, 0x00, 0x00, 0x00, 0x01, 0x00, /* ................ */
    0x04, 0x00, 0x06, 0x00, 0x00, 0x00, 0x01, 0x00, 0xff, 0xff, 0x04, 0x00, 0x00, 0x00, 0x01, 0x00, /* ................ */
    0xfe, 0xff, 0x05, 0x00, 0x00, 0x00, 0x01, 0x00, 0x09, 0x00, 0x08, 0x00, 0x00, 0x00, 0x01, 0x00, /* ................ */
    0x00, 0x80, 0x04, 0x00, 0x00, 0x00, 0x01, 0x00, 0x01, 0x00, 0x04, 0x00, 0x00, 0x00, 0x01, 0x00, /* ................ */
    0x24, 0x00, 0x0a, 0x00, 0x00, 0x00, 0x01, 0x00, 0x1e, 0x00, 0x0a, 0x00, 0x00, 0x00, 0x01, 0x00, /* $............... */
    0xe9, 0xff, 0x09, 0x00, 0x00, 0x00, 0x01, 0x00, 0xff, 0xff, 0x04, 0x00, 0x00, 0x00, 0x01, 0x00, /* ................ */
    0x02, 0x00, 0x05, 0x00, 0x00, 0x00, 0x01, 0x00, 0x05, 0x00, 0x07, 0x00, 0x00, 0x00, 0x01, 0x00, /* ................ */
    0x00, 0x80, 0x04, 0x00, 0x00, 0x00, 0x01, 0x00, 0x01, 0x00, 0x04, 0x00, 0x00, 0x00, 0x01, 0x00, /* ................ */
    0x06, 0x00, 0x07, 0x00, 0x00, 0x00, 0x01, 0x00, 0xfd, 0xff, 0x06, 0x00, 0x00, 0x00, 0x01, 0x00, /* ................ */
    0xfc, 0xff, 0x06, 0x00, 0x00, 0x00, 0x01, 0x00, 0xff, 0xff, 0x04, 0x00, 0x00, 0x00, 0x01, 0x00, /* ................ */
    0xfe, 0xff, 0x05, 0x00, 0x00, 0x00, 0x01, 0x00, 0x19, 0x00, 0x0a, 0x00, 0x00, 0x00, 0x01, 0x00, /* ................ */
    0x00, 0x80, 0x04, 0x00, 0x00, 0x00, 0x01, 0x00, 0x01, 0x00, 0x04, 0x00, 0x00, 0x00, 0x01, 0x00, /* ................ */
    0xf9, 0xff, 0x07, 0x00, 0x00, 0x00, 0x01, 0x00, 0xed, 0xff, 0x09, 0x00, 0x00, 0x00, 0x01, 0x00, /* ................ */
    0x0f, 0x00, 0x08, 0x00, 0x00, 0x00, 0x01, 0x00, 0xff, 0xff, 0x04, 0x00, 0x00, 0x00, 0x01, 0x00, /* ................ */
    0x02, 0x00, 0x05, 0x00, 0x00, 0x00, 0x01, 0x00, 0xc0, 0xff, 0x0b, 0x00, 0x00, 0x00, 0x01, 0x00, /* ................ */
    0x00, 0x80, 0x04, 0x00, 0x00, 0x00, 0x01, 0x00, 0x01, 0x00, 0x04, 0x00, 0x00, 0x00, 0x01, 0x00, /* ................ */
    0xec, 0xff, 0x09, 0x00, 0x00, 0x00, 0x01, 0x00, 0x03, 0x00, 0x06, 0x00, 0x00, 0x00, 0x01, 0x00, /* ................ */
    0x04, 0x00, 0x06, 0x00, 0x00, 0x00, 0x01, 0x00, 0xff, 0xff, 0x04, 0x00, 0x00, 0x00, 0x01, 0x00, /* ................ */
    0xfe, 0xff, 0x05, 0x00, 0x00, 0x00, 0x01, 0x00, 0x1a, 0x00, 0x0a, 0x00, 0x00, 0x00, 0x01, 0x00, /* ................ */
    0x00, 0x80, 0x04, 0x00, 0x00, 0x00, 0x01, 0x00, 0x01, 0x00, 0x04, 0x00, 0x00, 0x00, 0x01, 0x00, /* ................ */
    0x22, 0x00, 0x0a, 0x00, 0x00, 0x00, 0x01, 0x00, 0x0a, 0x00, 0x08, 0x00, 0x00, 0x00, 0x01, 0x00, /* "............... */
    0x0d, 0x00, 0x08, 0x00, 0x00, 0x00, 0x01, 0x00, 0xff, 0xff, 0x04, 0x00, 0x00, 0x00, 0x01, 0x00, /* ................ */
    0x02, 0x00, 0x05, 0x00, 0x00, 0x00, 0x01, 0x00, 0xfb, 0xff, 0x07, 0x00, 0x00, 0x00, 0x01, 0x00, /* ................ */
    0x00, 0x80, 0x04, 0x00, 0x00, 0x00, 0x01, 0x00, 0x01, 0x00, 0x04, 0x00, 0x00, 0x00, 0x01, 0x00, /* ................ */
    0xfa, 0xff, 0x07, 0x00, 0x00, 0x00, 0x01, 0x00, 0xfd, 0xff, 0x06, 0x00, 0x00, 0x00, 0x01, 0x00, /* ................ */
    0xfc, 0xff, 0x06, 0x00, 0x00, 0x00, 0x01, 0x00, 0xff, 0xff, 0x04, 0x00, 0x00, 0x00, 0x01, 0x00, /* ................ */
    0xfe, 0xff, 0x05, 0x00, 0x00, 0x00, 0x01, 0x00, 0x08, 0x00, 0x08, 0x00, 0x00, 0x00, 0x01, 0x00, /* ................ */
    0x00, 0x80, 0x04, 0x00, 0x00, 0x00, 0x01, 0x00, 0x01, 0x00, 0x04, 0x00, 0x00, 0x00, 0x01, 0x00, /* ................ */
    0x07, 0x00, 0x07, 0x00, 0x00, 0x00, 0x01, 0x00, 0xf5, 0xff, 0x08, 0x00, 0x00, 0x00, 0x01, 0x00, /* ................ */
    0xf2, 0xff, 0x08, 0x00, 0x00, 0x00, 0x01, 0x00, 0xff, 0xff, 0x04, 0x00, 0x00, 0x00, 0x01, 0x00, /* ................ */
    0x02, 0x00, 0x05, 0x00, 0x00, 0x00, 0x01, 0x00, 0xef, 0xff, 0x09, 0x00, 0x00, 0x00, 0x01, 0x00, /* ................ */
    0x00, 0x80, 0x04, 0x00, 0x00, 0x00, 0x01, 0x00, 0x01, 0x00, 0x04, 0x00, 0x00, 0x00, 0x01, 0x00, /* ................ */
    0xf4, 0xff, 0x08, 0x00, 0x00, 0x00, 0x01, 0x00, 0x03, 0x00, 0x06, 0x00, 0x00, 0x00, 0x01, 0x00, /* ................ */
    0x04, 0x00, 0x06, 0x00, 0x00, 0x00, 0x01, 0x00, 0xff, 0xff, 0x04, 0x00, 0x00, 0x00, 0x01, 0x00, /* ................ */
    0xfe, 0xff, 0x05, 0x00, 0x00, 0x00, 0x01, 0x00, 0xf7, 0xff, 0x08, 0x00, 0x00, 0x00, 0x01, 0x00, /* ................ */
    0x00, 0x80, 0x04, 0x00, 0x00, 0x00, 0x01, 0x00, 0x01, 0x00, 0x04, 0x00, 0x00, 0x00, 0x01, 0x00, /* ................ */
    0xea, 0xff, 0x09, 0x00, 0x00, 0x00, 0x01, 0x00, 0x7f, 0x00, 0x0a, 0x00, 0x00, 0x00, 0x01, 0x00, /* ................ */
    0xe8, 0xff, 0x09, 0x00, 0x00, 0x00, 0x01, 0x00, 0xff, 0xff, 0x04, 0x00, 0x00, 0x00, 0x01, 0x00, /* ................ */
    0x02, 0x00, 0x05, 0x00, 0x00, 0x00, 0x01, 0x00, 0x05, 0x00, 0x07, 0x00, 0x00, 0x00, 0x01, 0x00, /* ................ */
    0x00, 0x80, 0x04, 0x00, 0x00, 0x00, 0x01, 0x00, 0x01, 0x00, 0x04, 0x00, 0x00, 0x00, 0x01, 0x00, /* ................ */
    0x06, 0x00, 0x07, 0x00, 0x00, 0x00, 0x01, 0x00, 0xfd, 0xff, 0x06, 0x00, 0x00, 0x00, 0x01, 0x00, /* ................ */
    0xfc, 0xff, 0x06, 0x00, 0x00, 0x00, 0x01, 0x00, 0xff, 0xff, 0x04, 0x00, 0x00, 0x00, 0x01, 0x00, /* ................ */
    0xfe, 0xff, 0x05, 0x00, 0x00, 0x00, 0x01, 0x00, 0xd9, 0xff, 0x0b, 0x00, 0x00, 0x00, 0x01, 0x00, /* ................ */
    0x00, 0x80, 0x04, 0x00, 0x00, 0x00, 0x01, 0x00, 0x01, 0x00, 0x04, 0x00, 0x00, 0x00, 0x01, 0x00, /* ................ */
    0xf9, 0xff, 0x07, 0x00, 0x00, 0x00, 0x01, 0x00, 0xee, 0xff, 0x09, 0x00, 0x00, 0x00, 0x01, 0x00, /* ................ */
    0xf1, 0xff, 0x08, 0x00, 0x00, 0x00, 0x01, 0x00, 0xff, 0xff, 0x04, 0x00, 0x00, 0x00, 0x01, 0x00, /* ................ */
    0x02, 0x00, 0x05, 0x00, 0x00, 0x00, 0x01, 0x00, 0x1b, 0x00, 0x0a, 0x00, 0x00, 0x00, 0x01, 0x00, /* ................ */
    0x00, 0x80, 0x04, 0x00, 0x00, 0x00, 0x01, 0x00, 0x01, 0x00, 0x04, 0x00, 0x00, 0x00, 0x01, 0x00, /* ................ */
    0x80, 0x00, 0x0a, 0x00, 0x00, 0x00, 0x01, 0x00, 0x03, 0x00, 0x06, 0x00, 0x00, 0x00, 0x01, 0x00, /* ................ */
    0x04, 0x00, 0x06, 0x00, 0x00, 0x00, 0x01, 0x00, 0xff, 0xff, 0x04, 0x00, 0x00, 0x00, 0x01, 0x00, /* ................ */
    0xfe, 0xff, 0x05, 0x00, 0x00, 0x00, 0x01, 0x00, 0xf0, 0xff, 0x09, 0x00, 0x00, 0x00, 0x01, 0x00, /* ................ */
    0x00, 0x80, 0x04, 0x00, 0x00, 0x00, 0x01, 0x00, 0x01, 0x00, 0x04, 0x00, 0x00, 0x00, 0x01, 0x00, /* ................ */
    0xeb, 0xff, 0x09, 0x00, 0x00, 0x00, 0x01, 0x00, 0xf6, 0xff, 0x08, 0x00, 0x00, 0x00, 0x01, 0x00, /* ................ */
    0xf3, 0xff, 0x08, 0x00, 0x00, 0x00, 0x01, 0x00, 0xff, 0xff, 0x04, 0x00, 0x00, 0x00, 0x01, 0x00, /* ................ */
    0x02, 0x00, 0x05, 0x00, 0x00, 0x00, 0x01, 0x00, 0xfb, 0xff, 0x07, 0x00, 0x00, 0x00, 0x01, 0x00, /* ................ */
    0x00, 0x80, 0x04, 0x00, 0x00, 0x00, 0x01, 0x00, 0x01, 0x00, 0x04, 0x00, 0x00, 0x00, 0x01, 0x00, /* ................ */
    0xfa, 0xff, 0x07, 0x00, 0x00, 0x00, 0x01, 0x00, 0xfd, 0xff, 0x06, 0x00, 0x00, 0x00, 0x01, 0x00, /* ................ */
    0xfc, 0xff, 0x06, 0x00, 0x00, 0x00, 0x01, 0x00, 0xff, 0xff, 0x04, 0x00, 0x00, 0x00, 0x01, 0x00, /* ................ */
    0xfe, 0xff, 0x05, 0x00, 0x00, 0x00, 0x01, 0x00, 0xf8, 0xff, 0x08, 0x00, 0x00, 0x00, 0x01, 0x00, /* ................ */
    0x00, 0x80, 0x04, 0x00, 0x00, 0x00, 0x01, 0x00, 0x01, 0x00, 0x04, 0x00, 0x00, 0x00, 0x01, 0x00, /* ................ */
    0x07, 0x00, 0x07, 0x00, 0x00, 0x00, 0x01, 0x00, 0x0b, 0x00, 0x08, 0x00, 0x00, 0x00, 0x01, 0x00, /* ................ */
    0x0e, 0x00, 0x08, 0x00, 0x00, 0x00, 0x01, 0x00, 0xff, 0xff, 0x04, 0x00, 0x00, 0x00, 0x01, 0x00, /* ................ */
    0x02, 0x00, 0x05, 0x00, 0x00, 0x00, 0x01, 0x00, 0xe3, 0xff, 0x0a, 0x00, 0x00, 0x00, 0x01, 0x00, /* ................ */
    0x00, 0x80, 0x04, 0x00, 0x00, 0x00, 0x01, 0x00, 0x01, 0x00, 0x04, 0x00, 0x00, 0x00, 0x01, 0x00, /* ................ */
    0x0c, 0x00, 0x08, 0x00, 0x00, 0x00, 0x01, 0x00, 0x03, 0x00, 0x06, 0x00, 0x00, 0x00, 0x01, 0x00, /* ................ */
    0x04, 0x00, 0x06, 0x00, 0x00, 0x00, 0x01, 0x00, 0xff, 0xff, 0x04, 0x00, 0x00, 0x00, 0x01, 0x00, /* ................ */
    0xfe, 0xff, 0x05, 0x00, 0x00, 0x00, 0x01, 0x00, 0x09, 0x00, 0x08, 0x00, 0x00, 0x00, 0x01, 0x00, /* ................ */
    0x00, 0x80, 0x04, 0x00, 0x00, 0x00, 0x01, 0x00, 0x01, 0x00, 0x04, 0x00, 0x00, 0x00, 0x01, 0x00, /* ................ */
    0xdb, 0xff, 0x0a, 0x00, 0x00, 0x00, 0x01, 0x00, 0xe1, 0xff, 0x0a, 0x00, 0x00, 0x00, 0x01, 0x00, /* ................ */
    0x17, 0x00, 0x09, 0x00, 0x00, 0x00, 0x01, 0x00, 0xff, 0xff, 0x04, 0x00, 0x00, 0x00, 0x01, 0x00, /* ................ */
    0x02, 0x00, 0x05, 0x00, 0x00, 0x00, 0x01, 0x00, 0x05, 0x00, 0x07, 0x00, 0x00, 0x00, 0x01, 0x00, /* ................ */
    0x00, 0x80, 0x04, 0x00, 0x00, 0x00, 0x01, 0x00, 0x01, 0x00, 0x04, 0x00, 0x00, 0x00, 0x01, 0x00, /* ................ */
    0x06, 0x00, 0x07, 0x00, 0x00, 0x00, 0x01, 0x00, 0xfd, 0xff, 0x06, 0x00, 0x00, 0x00, 0x01, 0x00, /* ................ */
    0xfc, 0xff, 0x06, 0x00, 0x00, 0x00, 0x01, 0x00, 0xff, 0xff, 0x04, 0x00, 0x00, 0x00, 0x01, 0x00, /* ................ */
    0xfe, 0xff, 0x05, 0x00, 0x00, 0x00, 0x01, 0x00, 0xd8, 0xff, 0x0b, 0x00, 0x00, 0x00, 0x01, 0x00, /* ................ */
    0x00, 0x80, 0x04, 0x00, 0x00, 0x00, 0x01, 0x00, 0x01, 0x00, 0x04, 0x00, 0x00, 0x00, 0x01, 0x00, /* ................ */
    0xf9, 0xff, 0x07, 0x00, 0x00, 0x00, 0x01, 0x00, 0x13, 0x00, 0x09, 0x00, 0x00, 0x00, 0x01, 0x00, /* ................ */
    0x0f, 0x00, 0x08, 0x00, 0x00, 0x00, 0x01, 0x00, 0xff, 0xff, 0x04, 0x00, 0x00, 0x00, 0x01, 0x00, /* ................ */
    0x02, 0x00, 0x05, 0x00, 0x00, 0x00, 0x01, 0x00, 0xe4, 0xff, 0x0a, 0x00, 0x00, 0x00, 0x01, 0x00, /* ................ */
    0x00, 0x80, 0x04, 0x00, 0x00, 0x00, 0x01, 0x00, 0x01, 0x00, 0x04, 0x00, 0x00, 0x00, 0x01, 0x00, /* ................ */
    0x14, 0x00, 0x09, 0x00, 0x00, 0x00, 0x01, 0x00, 0x03, 0x00, 0x06, 0x00, 0x00, 0x00, 0x01, 0x00, /* ................ */
    0x04, 0x00, 0x06, 0x00, 0x00, 0x00, 0x01, 0x00, 0xff, 0xff, 0x04, 0x00, 0x00, 0x00, 0x01, 0x00, /* ................ */
    0xfe, 0xff, 0x05, 0x00, 0x00, 0x00, 0x01, 0x00, 0xd6, 0xff, 0x0b, 0x00, 0x00, 0x00, 0x01, 0x00, /* ................ */
    0x00, 0x80, 0x04, 0x00, 0x00, 0x00, 0x01, 0x00, 0x01, 0x00, 0x04, 0x00, 0x00, 0x00, 0x01, 0x00, /* ................ */
    0xdd, 0xff, 0x0a, 0x00, 0x00, 0x00, 0x01, 0x00, 0x0a, 0x00, 0x08, 0x00, 0x00, 0x00, 0x01, 0x00, /* ................ */
    0x0d, 0x00, 0x08, 0x00, 0x00, 0x00, 0x01, 0x00, 0xff, 0xff, 0x04, 0x00, 0x00, 0x00, 0x01, 0x00, /* ................ */
    0x02, 0x00, 0x05, 0x00, 0x00, 0x00, 0x01, 0x00, 0xfb, 0xff, 0x07, 0x00, 0x00, 0x00, 0x01, 0x00, /* ................ */
    0x00, 0x80, 0x04, 0x00, 0x00, 0x00, 0x01, 0x00, 0x01, 0x00, 0x04, 0x00, 0x00, 0x00, 0x01, 0x00, /* ................ */
    0xfa, 0xff, 0x07, 0x00, 0x00, 0x00, 0x01, 0x00, 0xfd, 0xff, 0x06, 0x00, 0x00, 0x00, 0x01, 0x00, /* ................ */
    0xfc, 0xff, 0x06, 0x00, 0x00, 0x00, 0x01, 0x00, 0xff, 0xff, 0x04, 0x00, 0x00, 0x00, 0x01, 0x00, /* ................ */
    0xfe, 0xff, 0x05, 0x00, 0x00, 0x00, 0x01, 0x00, 0x08, 0x00, 0x08, 0x00, 0x00, 0x00, 0x01, 0x00, /* ................ */
    0x00, 0x80, 0x04, 0x00, 0x00, 0x00, 0x01, 0x00, 0x01, 0x00, 0x04, 0x00, 0x00, 0x00, 0x01, 0x00, /* ................ */
    0x07, 0x00, 0x07, 0x00, 0x00, 0x00, 0x01, 0x00, 0xf5, 0xff, 0x08, 0x00, 0x00, 0x00, 0x01, 0x00, /* ................ */
    0xf2, 0xff, 0x08, 0x00, 0x00, 0x00, 0x01, 0x00, 0xff, 0xff, 0x04, 0x00, 0x00, 0x00, 0x01, 0x00, /* ................ */
    0x02, 0x00, 0x05, 0x00, 0x00, 0x00, 0x01, 0x00, 0x11, 0x00, 0x09, 0x00, 0x00, 0x00, 0x01, 0x00, /* ................ */
    0x00, 0x80, 0x04, 0x00, 0x00, 0x00, 0x01, 0x00, 0x01, 0x00, 0x04, 0x00, 0x00, 0x00, 0x01, 0x00, /* ................ */
    0xf4, 0xff, 0x08, 0x00, 0x00, 0x00, 0x01, 0x00, 0x03, 0x00, 0x06, 0x00, 0x00, 0x00, 0x01, 0x00, /* ................ */
    0x04, 0x00, 0x06, 0x00, 0x00, 0x00, 0x01, 0x00, 0xff, 0xff, 0x04, 0x00, 0x00, 0x00, 0x01, 0x00, /* ................ */
    0xfe, 0xff, 0x05, 0x00, 0x00, 0x00, 0x01, 0x00, 0xf7, 0xff, 0x08, 0x00, 0x00, 0x00, 0x01, 0x00, /* ................ */
    0x00, 0x80, 0x04, 0x00, 0x00, 0x00, 0x01, 0x00, 0x01, 0x00, 0x04, 0x00, 0x00, 0x00, 0x01, 0x00, /* ................ */
    0x16, 0x00, 0x09, 0x00, 0x00, 0x00, 0x01, 0x00, 0xd1, 0xff, 0x0b, 0x00, 0x00, 0x00, 0x01, 0x00, /* ................ */
    0x18, 0x00, 0x09, 0x00, 0x00, 0x00, 0x01, 0x00, 0xff, 0xff, 0x04, 0x00, 0x00, 0x00, 0x01, 0x00, /* ................ */
    0x02, 0x00, 0x05, 0x00, 0x00, 0x00, 0x01, 0x00, 0x05, 0x00, 0x07, 0x00, 0x00, 0x00, 0x01, 0x00, /* ................ */
    0x00, 0x80, 0x04, 0x00, 0x00, 0x00, 0x01, 0x00, 0x01, 0x00, 0x04, 0x00, 0x00, 0x00, 0x01, 0x00, /* ................ */
    0x06, 0x00, 0x07, 0x00, 0x00, 0x00, 0x01, 0x00, 0xfd, 0xff, 0x06, 0x00, 0x00, 0x00, 0x01, 0x00, /* ................ */
    0xfc, 0xff, 0x06, 0x00, 0x00, 0x00, 0x01, 0x00, 0xff, 0xff, 0x04, 0x00, 0x00, 0x00, 0x01, 0x00, /* ................ */
    0xfe, 0xff, 0x05, 0x00, 0x00, 0x00, 0x01, 0x00, 0xe0, 0xff, 0x0a, 0x00, 0x00, 0x00, 0x01, 0x00, /* ................ */
    0x00, 0x80, 0x04, 0x00, 0x00, 0x00, 0x01, 0x00, 0x01, 0x00, 0x04, 0x00, 0x00, 0x00, 0x01, 0x00, /* ................ */
    0xf9, 0xff, 0x07, 0x00, 0x00, 0x00, 0x01, 0x00, 0x12, 0x00, 0x09, 0x00, 0x00, 0x00, 0x01, 0x00, /* ................ */
    0xf1, 0xff, 0x08, 0x00, 0x00, 0x00, 0x01, 0x00, 0xff, 0xff, 0x04, 0x00, 0x00, 0x00, 0x01, 0x00, /* ................ */
    0x02, 0x00, 0x05, 0x00, 0x00, 0x00, 0x01, 0x00, 0xd4, 0xff, 0x0b, 0x00, 0x00, 0x00, 0x01, 0x00, /* ................ */
    0x00, 0x80, 0x04, 0x00, 0x00, 0x00, 0x01, 0x00, 0x01, 0x00, 0x04, 0x00, 0x00, 0x00, 0x01, 0x00, /* ................ */
    0xdf, 0xff, 0x0a, 0x00, 0x00, 0x00, 0x01, 0x00, 0x03, 0x00, 0x06, 0x00, 0x00, 0x00, 0x01, 0x00, /* ................ */
    0x04, 0x00, 0x06, 0x00, 0x00, 0x00, 0x01, 0x00, 0xff, 0xff, 0x04, 0x00, 0x00, 0x00, 0x01, 0x00, /* ................ */
    0xfe, 0xff, 0x05, 0x00, 0x00, 0x00, 0x01, 0x00, 0x10, 0x00, 0x09, 0x00, 0x00, 0x00, 0x01, 0x00, /* ................ */
    0x00, 0x80, 0x04, 0x00, 0x00, 0x00, 0x01, 0x00, 0x01, 0x00, 0x04, 0x00, 0x00, 0x00, 0x01, 0x00, /* ................ */
    0x15, 0x00, 0x09, 0x00, 0x00, 0x00, 0x01, 0x00, 0xf6, 0xff, 0x08, 0x00, 0x00, 0x00, 0x01, 0x00, /* ................ */
    0xf3, 0xff, 0x08, 0x00, 0x00, 0x00, 0x01, 0x00, 0xff, 0xff, 0x04, 0x00, 0x00, 0x00, 0x01, 0x00, /* ................ */
    0x02, 0x00, 0x05, 0x00, 0x00, 0x00, 0x01, 0x00, 0xfb, 0xff, 0x07, 0x00, 0x00, 0x00, 0x01, 0x00, /* ................ */
    0x00, 0x80, 0x04, 0x00, 0x00, 0x00, 0x01, 0x00, 0x01, 0x00, 0x04, 0x00, 0x00, 0x00, 0x01, 0x00, /* ................ */
    0xfa, 0xff, 0x07, 0x00, 0x00, 0x00, 0x01, 0x00, 0xfd, 0xff, 0x06, 0x00, 0x00, 0x00, 0x01, 0x00, /* ................ */
    0xfc, 0xff, 0x06, 0x00, 0x00, 0x00, 0x01, 0x00, 0xff, 0xff, 0x04, 0x00, 0x00, 0x00, 0x01, 0x00, /* ................ */
    0xfe, 0xff, 0x05, 0x00, 0x00, 0x00, 0x01, 0x00, 0xf8, 0xff, 0x08, 0x00, 0x00, 0x00, 0x01, 0x00, /* ................ */
    0x00, 0x80, 0x04, 0x00, 0x00, 0x00, 0x01, 0x00, 0x01, 0x00, 0x04, 0x00, 0x00, 0x00, 0x01, 0x00, /* ................ */
    0x07, 0x00, 0x07, 0x00, 0x00, 0x00, 0x01, 0x00, 0x0b, 0x00, 0x08, 0x00, 0x00, 0x00, 0x01, 0x00, /* ................ */
    0x0e, 0x00, 0x08, 0x00, 0x00, 0x00, 0x01, 0x00, 0xff, 0xff, 0x04, 0x00, 0x00, 0x00, 0x01, 0x00, /* ................ */
    0x02, 0x00, 0x05, 0x00, 0x00, 0x00, 0x01, 0x00, 0xd2, 0xff, 0x0b, 0x00, 0x00, 0x00, 0x01, 0x00, /* ................ */
    0x00, 0x80, 0x04, 0x00, 0x00, 0x00, 0x01, 0x00, 0x01, 0x00, 0x04, 0x00, 0x00, 0x00, 0x01, 0x00, /* ................ */
    0x0c, 0x00, 0x08, 0x00, 0x00, 0x00, 0x01, 0x00, 0x03, 0x00, 0x06, 0x00, 0x00, 0x00, 0x01, 0x00, /* ................ */
    0x04, 0x00, 0x06, 0x00, 0x00, 0x00, 0x01, 0x00, 0xff, 0xff, 0x04, 0x00, 0x00, 0x00, 0x01, 0x00, /* ................ */
    0xfe, 0xff, 0x05, 0x00, 0x00, 0x00, 0x01, 0x00, 0x09, 0x00, 0x08, 0x00, 0x00, 0x00, 0x01, 0x00, /* ................ */
    0x00, 0x80, 0x04, 0x00, 0x00, 0x00, 0x01, 0x00, 0x01, 0x00, 0x04, 0x00, 0x00, 0x00, 0x01, 0x00, /* ................ */
    0xdc, 0xff, 0x0a, 0x00, 0x00, 0x00, 0x01, 0x00, 0xe2, 0xff, 0x0a, 0x00, 0x00, 0x00, 0x01, 0x00, /* ................ */
    0xe9, 0xff, 0x09, 0x00, 0x00, 0x00, 0x01, 0x00, 0xff, 0xff, 0x04, 0x00, 0x00, 0x00, 0x01, 0x00, /* ................ */
    0x02, 0x00, 0x05, 0x00, 0x00, 0x00, 0x01, 0x00, 0x05, 0x00, 0x07, 0x00, 0x00, 0x00, 0x01, 0x00, /* ................ */
    0x00, 0x80, 0x04, 0x00, 0x00, 0x00, 0x01, 0x00, 0x01, 0x00, 0x04, 0x00, 0x00, 0x00, 0x01, 0x00, /* ................ */
    0x06, 0x00, 0x07, 0x00, 0x00, 0x00, 0x01, 0x00, 0xfd, 0xff, 0x06, 0x00, 0x00, 0x00, 0x01, 0x00, /* ................ */
    0xfc, 0xff, 0x06, 0x00, 0x00, 0x00, 0x01, 0x00, 0xff, 0xff, 0x04, 0x00, 0x00, 0x00, 0x01, 0x00, /* ................ */
    0xfe, 0xff, 0x05, 0x00, 0x00, 0x00, 0x01, 0x00, 0xe7, 0xff, 0x0a, 0x00, 0x00, 0x00, 0x01, 0x00, /* ................ */
    0x00, 0x80, 0x04, 0x00, 0x00, 0x00, 0x01, 0x00, 0x01, 0x00, 0x04, 0x00, 0x00, 0x00, 0x01, 0x00, /* ................ */
    0xf9, 0xff, 0x07, 0x00, 0x00, 0x00, 0x01, 0x00, 0xed, 0xff, 0x09, 0x00, 0x00, 0x00, 0x01, 0x00, /* ................ */
    0x0f, 0x00, 0x08, 0x00, 0x00, 0x00, 0x01, 0x00, 0xff, 0xff, 0x04, 0x00, 0x00, 0x00, 0x01, 0x00, /* ................ */
    0x02, 0x00, 0x05, 0x00, 0x00, 0x00, 0x01, 0x00, 0xd3, 0xff, 0x0b, 0x00, 0x00, 0x00, 0x01, 0x00, /* ................ */
    0x00, 0x80, 0x04, 0x00, 0x00, 0x00, 0x01, 0x00, 0x01, 0x00, 0x04, 0x00, 0x00, 0x00, 0x01, 0x00, /* ................ */
    0xec, 0xff, 0x09, 0x00, 0x00, 0x00, 0x01, 0x00, 0x03, 0x00, 0x06, 0x00, 0x00, 0x00, 0x01, 0x00, /* ................ */
    0x04, 0x00, 0x06, 0x00, 0x00, 0x00, 0x01, 0x00, 0xff, 0xff, 0x04, 0x00, 0x00, 0x00, 0x01, 0x00, /* ................ */
    0xfe, 0xff, 0x05, 0x00, 0x00, 0x00, 0x01, 0x00, 0xe6, 0xff, 0x0a, 0x00, 0x00, 0x00, 0x01, 0x00, /* ................ */
    0x00, 0x80, 0x04, 0x00, 0x00, 0x00, 0x01, 0x00, 0x01, 0x00, 0x04, 0x00, 0x00, 0x00, 0x01, 0x00, /* ................ */
    0xde, 0xff, 0x0a, 0x00, 0x00, 0x00, 0x01, 0x00, 0x0a, 0x00, 0x08, 0x00, 0x00, 0x00, 0x01, 0x00, /* ................ */
    0x0d, 0x00, 0x08, 0x00, 0x00, 0x00, 0x01, 0x00, 0xff, 0xff, 0x04, 0x00, 0x00, 0x00, 0x01, 0x00, /* ................ */
    0x02, 0x00, 0x05, 0x00, 0x00, 0x00, 0x01, 0x00, 0xfb, 0xff, 0x07, 0x00, 0x00, 0x00, 0x01, 0x00, /* ................ */
    0x00, 0x80, 0x04, 0x00, 0x00, 0x00, 0x01, 0x00, 0x01, 0x00, 0x04, 0x00, 0x00, 0x00, 0x01, 0x00, /* ................ */
    0xfa, 0xff, 0x07, 0x00, 0x00, 0x00, 0x01, 0x00, 0xfd, 0xff, 0x06, 0x00, 0x00, 0x00, 0x01, 0x00, /* ................ */
    0xfc, 0xff, 0x06, 0x00, 0x00, 0x00, 0x01, 0x00, 0xff, 0xff, 0x04, 0x00, 0x00, 0x00, 0x01, 0x00, /* ................ */
    0xfe, 0xff, 0x05, 0x00, 0x00, 0x00, 0x01, 0x00, 0x08, 0x00, 0x08, 0x00, 0x00, 0x00, 0x01, 0x00, /* ................ */
    0x00, 0x80, 0x04, 0x00, 0x00, 0x00, 0x01, 0x00, 0x01, 0x00, 0x04, 0x00, 0x00, 0x00, 0x01, 0x00, /* ................ */
    0x07, 0x00, 0x07, 0x00, 0x00, 0x00, 0x01, 0x00, 0xf5, 0xff, 0x08, 0x00, 0x00, 0x00, 0x01, 0x00, /* ................ */
    0xf2, 0xff, 0x08, 0x00, 0x00, 0x00, 0x01, 0x00, 0xff, 0xff, 0x04, 0x00, 0x00, 0x00, 0x01, 0x00, /* ................ */
    0x02, 0x00, 0x05, 0x00, 0x00, 0x00, 0x01, 0x00, 0xef, 0xff, 0x09, 0x00, 0x00, 0x00, 0x01, 0x00, /* ................ */
    0x00, 0x80, 0x04, 0x00, 0x00, 0x00, 0x01, 0x00, 0x01, 0x00, 0x04, 0x00, 0x00, 0x00, 0x01, 0x00, /* ................ */
    0xf4, 0xff, 0x08, 0x00, 0x00, 0x00, 0x01, 0x00, 0x03, 0x00, 0x06, 0x00, 0x00, 0x00, 0x01, 0x00, /* ................ */
    0x04, 0x00, 0x06, 0x00, 0x00, 0x00, 0x01, 0x00, 0xff, 0xff, 0x04, 0x00, 0x00, 0x00, 0x01, 0x00, /* ................ */
    0xfe, 0xff, 0x05, 0x00, 0x00, 0x00, 0x01, 0x00, 0xf7, 0xff, 0x08, 0x00, 0x00, 0x00, 0x01, 0x00, /* ................ */
    0x00, 0x80, 0x04, 0x00, 0x00, 0x00, 0x01, 0x00, 0x01, 0x00, 0x04, 0x00, 0x00, 0x00, 0x01, 0x00, /* ................ */
    0xea, 0xff, 0x09, 0x00, 0x00, 0x00, 0x01, 0x00, 0x81, 0xff, 0x0a, 0x00, 0x00, 0x00, 0x01, 0x00, /* ................ */
    0xe8, 0xff, 0x09, 0x00, 0x00, 0x00, 0x01, 0x00, 0xff, 0xff, 0x04, 0x00, 0x00, 0x00, 0x01, 0x00, /* ................ */
    0x02, 0x00, 0x05, 0x00, 0x00, 0x00, 0x01, 0x00, 0x05, 0x00, 0x07, 0x00, 0x00, 0x00, 0x01, 0x00, /* ................ */
    0x00, 0x80, 0x04, 0x00, 0x00, 0x00, 0x01, 0x00, 0x01, 0x00, 0x04, 0x00, 0x00, 0x00, 0x01, 0x00, /* ................ */
    0x06, 0x00, 0x07, 0x00, 0x00, 0x00, 0x01, 0x00, 0xfd, 0xff, 0x06, 0x00, 0x00, 0x00, 0x01, 0x00, /* ................ */
    0xfc, 0xff, 0x06, 0x00, 0x00, 0x00, 0x01, 0x00, 0xff, 0xff, 0x04, 0x00, 0x00, 0x00, 0x01, 0x00, /* ................ */
    0xfe, 0xff, 0x05, 0x00, 0x00, 0x00, 0x01, 0x00, 0xda, 0xff, 0x0b, 0x00, 0x00, 0x00, 0x01, 0x00, /* ................ */
    0x00, 0x80, 0x04, 0x00, 0x00, 0x00, 0x01, 0x00, 0x01, 0x00, 0x04, 0x00, 0x00, 0x00, 0x01, 0x00, /* ................ */
    0xf9, 0xff, 0x07, 0x00, 0x00, 0x00, 0x01, 0x00, 0xee, 0xff, 0x09, 0x00, 0x00, 0x00, 0x01, 0x00, /* ................ */
    0xf1, 0xff, 0x08, 0x00, 0x00, 0x00, 0x01, 0x00, 0xff, 0xff, 0x04, 0x00, 0x00, 0x00, 0x01, 0x00, /* ................ */
    0x02, 0x00, 0x05, 0x00, 0x00, 0x00, 0x01, 0x00, 0xe5, 0xff, 0x0a, 0x00, 0x00, 0x00, 0x01, 0x00, /* ................ */
    0x00, 0x80, 0x04, 0x00, 0x00, 0x00, 0x01, 0x00, 0x01, 0x00, 0x04, 0x00, 0x00, 0x00, 0x01, 0x00, /* ................ */
    0x80, 0xff, 0x0a, 0x00, 0x00, 0x00, 0x01, 0x00, 0x03, 0x00, 0x06, 0x00, 0x00, 0x00, 0x01, 0x00, /* ................ */
    0x04, 0x00, 0x06, 0x00, 0x00, 0x00, 0x01, 0x00, 0xff, 0xff, 0x04, 0x00, 0x00, 0x00, 0x01, 0x00, /* ................ */
    0xfe, 0xff, 0x05, 0x00, 0x00, 0x00, 0x01, 0x00, 0xf0, 0xff, 0x09, 0x00, 0x00, 0x00, 0x01, 0x00, /* ................ */
    0x00, 0x80, 0x04, 0x00, 0x00, 0x00, 0x01, 0x00, 0x01, 0x00, 0x04, 0x00, 0x00, 0x00, 0x01, 0x00, /* ................ */
    0xeb, 0xff, 0x09, 0x00, 0x00, 0x00, 0x01, 0x00, 0xf6, 0xff, 0x08, 0x00, 0x00, 0x00, 0x01, 0x00, /* ................ */
    0xf3, 0xff, 0x08, 0x00, 0x00, 0x00, 0x01, 0x00, 0xff, 0xff, 0x04, 0x00, 0x00, 0x00, 0x01, 0x00, /* ................ */
    0x02, 0x00, 0x05, 0x00, 0x00, 0x00, 0x01, 0x00, 0xfb, 0xff, 0x07, 0x00, 0x00, 0x00, 0x01, 0x00, /* ................ */
    0x00, 0x80, 0x04, 0x00, 0x00, 0x00, 0x01, 0x00, 0x01, 0x00, 0x04, 0x00, 0x00, 0x00, 0x01, 0x00, /* ................ */
    0xfa, 0xff, 0x07, 0x00, 0x00, 0x00, 0x01, 0x00, 0xfd, 0xff, 0x06, 0x00, 0x00, 0x00, 0x01, 0x00, /* ................ */
    0xfc, 0xff, 0x06, 0x00, 0x00, 0x00, 0x01, 0x00, 0xff, 0xff, 0x04, 0x00, 0x00, 0x00, 0x01, 0x00, /* ................ */
    0xfe, 0xff, 0x05, 0x00, 0x00, 0x00, 0x01, 0x00, 0xf8, 0xff, 0x08, 0x00, 0x00, 0x00, 0x01, 0x00 /* ................ */
};

/* 0x002f7100 */
const unsigned char waveletDecodeRedGreen[16384] = {
    0x1e, 0x00, 0x0a, 0x00, 0x02, 0x00, 0x04, 0x00, 0x01, 0x00, 0x03, 0x00, 0x00, 0x00, 0x02, 0x00, /* ................ */
    0x04, 0x00, 0x05, 0x00, 0x1f, 0x00, 0x0b, 0x00, 0xff, 0xff, 0x03, 0x00, 0x00, 0x00, 0x02, 0x00, /* ................ */
    0x25, 0x00, 0x0b, 0x00, 0xfe, 0xff, 0x04, 0x00, 0x01, 0x00, 0x03, 0x00, 0x00, 0x00, 0x02, 0x00, /* %............... */
    0x06, 0x00, 0x06, 0x00, 0x03, 0x00, 0x05, 0x00, 0xff, 0xff, 0x03, 0x00, 0x00, 0x00, 0x02, 0x00, /* ................ */
    0x07, 0x00, 0x06, 0x00, 0x02, 0x00, 0x04, 0x00, 0x01, 0x00, 0x03, 0x00, 0x00, 0x00, 0x02, 0x00, /* ................ */
    0xfc, 0xff, 0x05, 0x00, 0x05, 0x00, 0x06, 0x00, 0xff, 0xff, 0x03, 0x00, 0x00, 0x00, 0x02, 0x00, /* ................ */
    0x0a, 0x00, 0x07, 0x00, 0xfe, 0xff, 0x04, 0x00, 0x01, 0x00, 0x03, 0x00, 0x00, 0x00, 0x02, 0x00, /* ................ */
    0x09, 0x00, 0x07, 0x00, 0xfd, 0xff, 0x05, 0x00, 0xff, 0xff, 0x03, 0x00, 0x00, 0x00, 0x02, 0x00, /* ................ */
    0x0b, 0x00, 0x07, 0x00, 0x02, 0x00, 0x04, 0x00, 0x01, 0x00, 0x03, 0x00, 0x00, 0x00, 0x02, 0x00, /* ................ */
    0x04, 0x00, 0x05, 0x00, 0x08, 0x00, 0x07, 0x00, 0xff, 0xff, 0x03, 0x00, 0x00, 0x00, 0x02, 0x00, /* ................ */
    0x23, 0x00, 0x0b, 0x00, 0xfe, 0xff, 0x04, 0x00, 0x01, 0x00, 0x03, 0x00, 0x00, 0x00, 0x02, 0x00, /* #............... */
    0xfa, 0xff, 0x06, 0x00, 0x03, 0x00, 0x05, 0x00, 0xff, 0xff, 0x03, 0x00, 0x00, 0x00, 0x02, 0x00, /* ................ */
    0xf9, 0xff, 0x06, 0x00, 0x02, 0x00, 0x04, 0x00, 0x01, 0x00, 0x03, 0x00, 0x00, 0x00, 0x02, 0x00, /* ................ */
    0xfc, 0xff, 0x05, 0x00, 0xfb, 0xff, 0x06, 0x00, 0xff, 0xff, 0x03, 0x00, 0x00, 0x00, 0x02, 0x00, /* ................ */
    0x0e, 0x00, 0x08, 0x00, 0xfe, 0xff, 0x04, 0x00, 0x01, 0x00, 0x03, 0x00, 0x00, 0x00, 0x02, 0x00, /* ................ */
    0x19, 0x00, 0x0a, 0x00, 0xfd, 0xff, 0x05, 0x00, 0xff, 0xff, 0x03, 0x00, 0x00, 0x00, 0x02, 0x00, /* ................ */
    0x10, 0x00, 0x08, 0x00, 0x02, 0x00, 0x04, 0x00, 0x01, 0x00, 0x03, 0x00, 0x00, 0x00, 0x02, 0x00, /* ................ */
    0x04, 0x00, 0x05, 0x00, 0x0c, 0x00, 0x08, 0x00, 0xff, 0xff, 0x03, 0x00, 0x00, 0x00, 0x02, 0x00, /* ................ */
    0x0f, 0x00, 0x08, 0x00, 0xfe, 0xff, 0x04, 0x00, 0x01, 0x00, 0x03, 0x00, 0x00, 0x00, 0x02, 0x00, /* ................ */
    0x06, 0x00, 0x06, 0x00, 0x03, 0x00, 0x05, 0x00, 0xff, 0xff, 0x03, 0x00, 0x00, 0x00, 0x02, 0x00, /* ................ */
    0x07, 0x00, 0x06, 0x00, 0x02, 0x00, 0x04, 0x00, 0x01, 0x00, 0x03, 0x00, 0x00, 0x00, 0x02, 0x00, /* ................ */
    0xfc, 0xff, 0x05, 0x00, 0x05, 0x00, 0x06, 0x00, 0xff, 0xff, 0x03, 0x00, 0x00, 0x00, 0x02, 0x00, /* ................ */
    0xf6, 0xff, 0x07, 0x00, 0xfe, 0xff, 0x04, 0x00, 0x01, 0x00, 0x03, 0x00, 0x00, 0x00, 0x02, 0x00, /* ................ */
    0xf7, 0xff, 0x07, 0x00, 0xfd, 0xff, 0x05, 0x00, 0xff, 0xff, 0x03, 0x00, 0x00, 0x00, 0x02, 0x00, /* ................ */
    0xf5, 0xff, 0x07, 0x00, 0x02, 0x00, 0x04, 0x00, 0x01, 0x00, 0x03, 0x00, 0x00, 0x00, 0x02, 0x00, /* ................ */
    0x04, 0x00, 0x05, 0x00, 0xf8, 0xff, 0x07, 0x00, 0xff, 0xff, 0x03, 0x00, 0x00, 0x00, 0x02, 0x00, /* ................ */
    0x00, 0x80, 0x07, 0x00, 0xfe, 0xff, 0x04, 0x00, 0x01, 0x00, 0x03, 0x00, 0x00, 0x00, 0x02, 0x00, /* ................ */
    0xfa, 0xff, 0x06, 0x00, 0x03, 0x00, 0x05, 0x00, 0xff, 0xff, 0x03, 0x00, 0x00, 0x00, 0x02, 0x00, /* ................ */
    0xf9, 0xff, 0x06, 0x00, 0x02, 0x00, 0x04, 0x00, 0x01, 0x00, 0x03, 0x00, 0x00, 0x00, 0x02, 0x00, /* ................ */
    0xfc, 0xff, 0x05, 0x00, 0xfb, 0xff, 0x06, 0x00, 0xff, 0xff, 0x03, 0x00, 0x00, 0x00, 0x02, 0x00, /* ................ */
    0x1a, 0x00, 0x0a, 0x00, 0xfe, 0xff, 0x04, 0x00, 0x01, 0x00, 0x03, 0x00, 0x00, 0x00, 0x02, 0x00, /* ................ */
    0x0d, 0x00, 0x08, 0x00, 0xfd, 0xff, 0x05, 0x00, 0xff, 0xff, 0x03, 0x00, 0x00, 0x00, 0x02, 0x00, /* ................ */
    0x16, 0x00, 0x09, 0x00, 0x02, 0x00, 0x04, 0x00, 0x01, 0x00, 0x03, 0x00, 0x00, 0x00, 0x02, 0x00, /* ................ */
    0x04, 0x00, 0x05, 0x00, 0x11, 0x00, 0x09, 0x00, 0xff, 0xff, 0x03, 0x00, 0x00, 0x00, 0x02, 0x00, /* ................ */
    0x15, 0x00, 0x09, 0x00, 0xfe, 0xff, 0x04, 0x00, 0x01, 0x00, 0x03, 0x00, 0x00, 0x00, 0x02, 0x00, /* ................ */
    0x06, 0x00, 0x06, 0x00, 0x03, 0x00, 0x05, 0x00, 0xff, 0xff, 0x03, 0x00, 0x00, 0x00, 0x02, 0x00, /* ................ */
    0x07, 0x00, 0x06, 0x00, 0x02, 0x00, 0x04, 0x00, 0x01, 0x00, 0x03, 0x00, 0x00, 0x00, 0x02, 0x00, /* ................ */
    0xfc, 0xff, 0x05, 0x00, 0x05, 0x00, 0x06, 0x00, 0xff, 0xff, 0x03, 0x00, 0x00, 0x00, 0x02, 0x00, /* ................ */
    0x0a, 0x00, 0x07, 0x00, 0xfe, 0xff, 0x04, 0x00, 0x01, 0x00, 0x03, 0x00, 0x00, 0x00, 0x02, 0x00, /* ................ */
    0x09, 0x00, 0x07, 0x00, 0xfd, 0xff, 0x05, 0x00, 0xff, 0xff, 0x03, 0x00, 0x00, 0x00, 0x02, 0x00, /* ................ */
    0x0b, 0x00, 0x07, 0x00, 0x02, 0x00, 0x04, 0x00, 0x01, 0x00, 0x03, 0x00, 0x00, 0x00, 0x02, 0x00, /* ................ */
    0x04, 0x00, 0x05, 0x00, 0x08, 0x00, 0x07, 0x00, 0xff, 0xff, 0x03, 0x00, 0x00, 0x00, 0x02, 0x00, /* ................ */
    0x14, 0x00, 0x09, 0x00, 0xfe, 0xff, 0x04, 0x00, 0x01, 0x00, 0x03, 0x00, 0x00, 0x00, 0x02, 0x00, /* ................ */
    0xfa, 0xff, 0x06, 0x00, 0x03, 0x00, 0x05, 0x00, 0xff, 0xff, 0x03, 0x00, 0x00, 0x00, 0x02, 0x00, /* ................ */
    0xf9, 0xff, 0x06, 0x00, 0x02, 0x00, 0x04, 0x00, 0x01, 0x00, 0x03, 0x00, 0x00, 0x00, 0x02, 0x00, /* ................ */
    0xfc, 0xff, 0x05, 0x00, 0xfb, 0xff, 0x06, 0x00, 0xff, 0xff, 0x03, 0x00, 0x00, 0x00, 0x02, 0x00, /* ................ */
    0xf2, 0xff, 0x08, 0x00, 0xfe, 0xff, 0x04, 0x00, 0x01, 0x00, 0x03, 0x00, 0x00, 0x00, 0x02, 0x00, /* ................ */
    0x12, 0x00, 0x09, 0x00, 0xfd, 0xff, 0x05, 0x00, 0xff, 0xff, 0x03, 0x00, 0x00, 0x00, 0x02, 0x00, /* ................ */
    0xf0, 0xff, 0x08, 0x00, 0x02, 0x00, 0x04, 0x00, 0x01, 0x00, 0x03, 0x00, 0x00, 0x00, 0x02, 0x00, /* ................ */
    0x04, 0x00, 0x05, 0x00, 0xf4, 0xff, 0x08, 0x00, 0xff, 0xff, 0x03, 0x00, 0x00, 0x00, 0x02, 0x00, /* ................ */
    0xf1, 0xff, 0x08, 0x00, 0xfe, 0xff, 0x04, 0x00, 0x01, 0x00, 0x03, 0x00, 0x00, 0x00, 0x02, 0x00, /* ................ */
    0x06, 0x00, 0x06, 0x00, 0x03, 0x00, 0x05, 0x00, 0xff, 0xff, 0x03, 0x00, 0x00, 0x00, 0x02, 0x00, /* ................ */
    0x07, 0x00, 0x06, 0x00, 0x02, 0x00, 0x04, 0x00, 0x01, 0x00, 0x03, 0x00, 0x00, 0x00, 0x02, 0x00, /* ................ */
    0xfc, 0xff, 0x05, 0x00, 0x05, 0x00, 0x06, 0x00, 0xff, 0xff, 0x03, 0x00, 0x00, 0x00, 0x02, 0x00, /* ................ */
    0xf6, 0xff, 0x07, 0x00, 0xfe, 0xff, 0x04, 0x00, 0x01, 0x00, 0x03, 0x00, 0x00, 0x00, 0x02, 0x00, /* ................ */
    0xf7, 0xff, 0x07, 0x00, 0xfd, 0xff, 0x05, 0x00, 0xff, 0xff, 0x03, 0x00, 0x00, 0x00, 0x02, 0x00, /* ................ */
    0xf5, 0xff, 0x07, 0x00, 0x02, 0x00, 0x04, 0x00, 0x01, 0x00, 0x03, 0x00, 0x00, 0x00, 0x02, 0x00, /* ................ */
    0x04, 0x00, 0x05, 0x00, 0xf8, 0xff, 0x07, 0x00, 0xff, 0xff, 0x03, 0x00, 0x00, 0x00, 0x02, 0x00, /* ................ */
    0x00, 0x80, 0x07, 0x00, 0xfe, 0xff, 0x04, 0x00, 0x01, 0x00, 0x03, 0x00, 0x00, 0x00, 0x02, 0x00, /* ................ */
    0xfa, 0xff, 0x06, 0x00, 0x03, 0x00, 0x05, 0x00, 0xff, 0xff, 0x03, 0x00, 0x00, 0x00, 0x02, 0x00, /* ................ */
    0xf9, 0xff, 0x06, 0x00, 0x02, 0x00, 0x04, 0x00, 0x01, 0x00, 0x03, 0x00, 0x00, 0x00, 0x02, 0x00, /* ................ */
    0xfc, 0xff, 0x05, 0x00, 0xfb, 0xff, 0x06, 0x00, 0xff, 0xff, 0x03, 0x00, 0x00, 0x00, 0x02, 0x00, /* ................ */
    0x13, 0x00, 0x09, 0x00, 0xfe, 0xff, 0x04, 0x00, 0x01, 0x00, 0x03, 0x00, 0x00, 0x00, 0x02, 0x00, /* ................ */
    0xf3, 0xff, 0x08, 0x00, 0xfd, 0xff, 0x05, 0x00, 0xff, 0xff, 0x03, 0x00, 0x00, 0x00, 0x02, 0x00, /* ................ */
    0x1d, 0x00, 0x0a, 0x00, 0x02, 0x00, 0x04, 0x00, 0x01, 0x00, 0x03, 0x00, 0x00, 0x00, 0x02, 0x00, /* ................ */
    0x04, 0x00, 0x05, 0x00, 0x17, 0x00, 0x0a, 0x00, 0xff, 0xff, 0x03, 0x00, 0x00, 0x00, 0x02, 0x00, /* ................ */
    0x1c, 0x00, 0x0a, 0x00, 0xfe, 0xff, 0x04, 0x00, 0x01, 0x00, 0x03, 0x00, 0x00, 0x00, 0x02, 0x00, /* ................ */
    0x06, 0x00, 0x06, 0x00, 0x03, 0x00, 0x05, 0x00, 0xff, 0xff, 0x03, 0x00, 0x00, 0x00, 0x02, 0x00, /* ................ */
    0x07, 0x00, 0x06, 0x00, 0x02, 0x00, 0x04, 0x00, 0x01, 0x00, 0x03, 0x00, 0x00, 0x00, 0x02, 0x00, /* ................ */
    0xfc, 0xff, 0x05, 0x00, 0x05, 0x00, 0x06, 0x00, 0xff, 0xff, 0x03, 0x00, 0x00, 0x00, 0x02, 0x00, /* ................ */
    0x0a, 0x00, 0x07, 0x00, 0xfe, 0xff, 0x04, 0x00, 0x01, 0x00, 0x03, 0x00, 0x00, 0x00, 0x02, 0x00, /* ................ */
    0x09, 0x00, 0x07, 0x00, 0xfd, 0xff, 0x05, 0x00, 0xff, 0xff, 0x03, 0x00, 0x00, 0x00, 0x02, 0x00, /* ................ */
    0x0b, 0x00, 0x07, 0x00, 0x02, 0x00, 0x04, 0x00, 0x01, 0x00, 0x03, 0x00, 0x00, 0x00, 0x02, 0x00, /* ................ */
    0x04, 0x00, 0x05, 0x00, 0x08, 0x00, 0x07, 0x00, 0xff, 0xff, 0x03, 0x00, 0x00, 0x00, 0x02, 0x00, /* ................ */
    0x1b, 0x00, 0x0a, 0x00, 0xfe, 0xff, 0x04, 0x00, 0x01, 0x00, 0x03, 0x00, 0x00, 0x00, 0x02, 0x00, /* ................ */
    0xfa, 0xff, 0x06, 0x00, 0x03, 0x00, 0x05, 0x00, 0xff, 0xff, 0x03, 0x00, 0x00, 0x00, 0x02, 0x00, /* ................ */
    0xf9, 0xff, 0x06, 0x00, 0x02, 0x00, 0x04, 0x00, 0x01, 0x00, 0x03, 0x00, 0x00, 0x00, 0x02, 0x00, /* ................ */
    0xfc, 0xff, 0x05, 0x00, 0xfb, 0xff, 0x06, 0x00, 0xff, 0xff, 0x03, 0x00, 0x00, 0x00, 0x02, 0x00, /* ................ */
    0x0e, 0x00, 0x08, 0x00, 0xfe, 0xff, 0x04, 0x00, 0x01, 0x00, 0x03, 0x00, 0x00, 0x00, 0x02, 0x00, /* ................ */
    0x18, 0x00, 0x0a, 0x00, 0xfd, 0xff, 0x05, 0x00, 0xff, 0xff, 0x03, 0x00, 0x00, 0x00, 0x02, 0x00, /* ................ */
    0x10, 0x00, 0x08, 0x00, 0x02, 0x00, 0x04, 0x00, 0x01, 0x00, 0x03, 0x00, 0x00, 0x00, 0x02, 0x00, /* ................ */
    0x04, 0x00, 0x05, 0x00, 0x0c, 0x00, 0x08, 0x00, 0xff, 0xff, 0x03, 0x00, 0x00, 0x00, 0x02, 0x00, /* ................ */
    0x0f, 0x00, 0x08, 0x00, 0xfe, 0xff, 0x04, 0x00, 0x01, 0x00, 0x03, 0x00, 0x00, 0x00, 0x02, 0x00, /* ................ */
    0x06, 0x00, 0x06, 0x00, 0x03, 0x00, 0x05, 0x00, 0xff, 0xff, 0x03, 0x00, 0x00, 0x00, 0x02, 0x00, /* ................ */
    0x07, 0x00, 0x06, 0x00, 0x02, 0x00, 0x04, 0x00, 0x01, 0x00, 0x03, 0x00, 0x00, 0x00, 0x02, 0x00, /* ................ */
    0xfc, 0xff, 0x05, 0x00, 0x05, 0x00, 0x06, 0x00, 0xff, 0xff, 0x03, 0x00, 0x00, 0x00, 0x02, 0x00, /* ................ */
    0xf6, 0xff, 0x07, 0x00, 0xfe, 0xff, 0x04, 0x00, 0x01, 0x00, 0x03, 0x00, 0x00, 0x00, 0x02, 0x00, /* ................ */
    0xf7, 0xff, 0x07, 0x00, 0xfd, 0xff, 0x05, 0x00, 0xff, 0xff, 0x03, 0x00, 0x00, 0x00, 0x02, 0x00, /* ................ */
    0xf5, 0xff, 0x07, 0x00, 0x02, 0x00, 0x04, 0x00, 0x01, 0x00, 0x03, 0x00, 0x00, 0x00, 0x02, 0x00, /* ................ */
    0x04, 0x00, 0x05, 0x00, 0xf8, 0xff, 0x07, 0x00, 0xff, 0xff, 0x03, 0x00, 0x00, 0x00, 0x02, 0x00, /* ................ */
    0x00, 0x80, 0x07, 0x00, 0xfe, 0xff, 0x04, 0x00, 0x01, 0x00, 0x03, 0x00, 0x00, 0x00, 0x02, 0x00, /* ................ */
    0xfa, 0xff, 0x06, 0x00, 0x03, 0x00, 0x05, 0x00, 0xff, 0xff, 0x03, 0x00, 0x00, 0x00, 0x02, 0x00, /* ................ */
    0xf9, 0xff, 0x06, 0x00, 0x02, 0x00, 0x04, 0x00, 0x01, 0x00, 0x03, 0x00, 0x00, 0x00, 0x02, 0x00, /* ................ */
    0xfc, 0xff, 0x05, 0x00, 0xfb, 0xff, 0x06, 0x00, 0xff, 0xff, 0x03, 0x00, 0x00, 0x00, 0x02, 0x00, /* ................ */
    0x21, 0x00, 0x0b, 0x00, 0xfe, 0xff, 0x04, 0x00, 0x01, 0x00, 0x03, 0x00, 0x00, 0x00, 0x02, 0x00, /* !............... */
    0x0d, 0x00, 0x08, 0x00, 0xfd, 0xff, 0x05, 0x00, 0xff, 0xff, 0x03, 0x00, 0x00, 0x00, 0x02, 0x00, /* ................ */
    0xea, 0xff, 0x09, 0x00, 0x02, 0x00, 0x04, 0x00, 0x01, 0x00, 0x03, 0x00, 0x00, 0x00, 0x02, 0x00, /* ................ */
    0x04, 0x00, 0x05, 0x00, 0xef, 0xff, 0x09, 0x00, 0xff, 0xff, 0x03, 0x00, 0x00, 0x00, 0x02, 0x00, /* ................ */
    0xeb, 0xff, 0x09, 0x00, 0xfe, 0xff, 0x04, 0x00, 0x01, 0x00, 0x03, 0x00, 0x00, 0x00, 0x02, 0x00, /* ................ */
    0x06, 0x00, 0x06, 0x00, 0x03, 0x00, 0x05, 0x00, 0xff, 0xff, 0x03, 0x00, 0x00, 0x00, 0x02, 0x00, /* ................ */
    0x07, 0x00, 0x06, 0x00, 0x02, 0x00, 0x04, 0x00, 0x01, 0x00, 0x03, 0x00, 0x00, 0x00, 0x02, 0x00, /* ................ */
    0xfc, 0xff, 0x05, 0x00, 0x05, 0x00, 0x06, 0x00, 0xff, 0xff, 0x03, 0x00, 0x00, 0x00, 0x02, 0x00, /* ................ */
    0x0a, 0x00, 0x07, 0x00, 0xfe, 0xff, 0x04, 0x00, 0x01, 0x00, 0x03, 0x00, 0x00, 0x00, 0x02, 0x00, /* ................ */
    0x09, 0x00, 0x07, 0x00, 0xfd, 0xff, 0x05, 0x00, 0xff, 0xff, 0x03, 0x00, 0x00, 0x00, 0x02, 0x00, /* ................ */
    0x0b, 0x00, 0x07, 0x00, 0x02, 0x00, 0x04, 0x00, 0x01, 0x00, 0x03, 0x00, 0x00, 0x00, 0x02, 0x00, /* ................ */
    0x04, 0x00, 0x05, 0x00, 0x08, 0x00, 0x07, 0x00, 0xff, 0xff, 0x03, 0x00, 0x00, 0x00, 0x02, 0x00, /* ................ */
    0xec, 0xff, 0x09, 0x00, 0xfe, 0xff, 0x04, 0x00, 0x01, 0x00, 0x03, 0x00, 0x00, 0x00, 0x02, 0x00, /* ................ */
    0xfa, 0xff, 0x06, 0x00, 0x03, 0x00, 0x05, 0x00, 0xff, 0xff, 0x03, 0x00, 0x00, 0x00, 0x02, 0x00, /* ................ */
    0xf9, 0xff, 0x06, 0x00, 0x02, 0x00, 0x04, 0x00, 0x01, 0x00, 0x03, 0x00, 0x00, 0x00, 0x02, 0x00, /* ................ */
    0xfc, 0xff, 0x05, 0x00, 0xfb, 0xff, 0x06, 0x00, 0xff, 0xff, 0x03, 0x00, 0x00, 0x00, 0x02, 0x00, /* ................ */
    0xf2, 0xff, 0x08, 0x00, 0xfe, 0xff, 0x04, 0x00, 0x01, 0x00, 0x03, 0x00, 0x00, 0x00, 0x02, 0x00, /* ................ */
    0xee, 0xff, 0x09, 0x00, 0xfd, 0xff, 0x05, 0x00, 0xff, 0xff, 0x03, 0x00, 0x00, 0x00, 0x02, 0x00, /* ................ */
    0xf0, 0xff, 0x08, 0x00, 0x02, 0x00, 0x04, 0x00, 0x01, 0x00, 0x03, 0x00, 0x00, 0x00, 0x02, 0x00, /* ................ */
    0x04, 0x00, 0x05, 0x00, 0xf4, 0xff, 0x08, 0x00, 0xff, 0xff, 0x03, 0x00, 0x00, 0x00, 0x02, 0x00, /* ................ */
    0xf1, 0xff, 0x08, 0x00, 0xfe, 0xff, 0x04, 0x00, 0x01, 0x00, 0x03, 0x00, 0x00, 0x00, 0x02, 0x00, /* ................ */
    0x06, 0x00, 0x06, 0x00, 0x03, 0x00, 0x05, 0x00, 0xff, 0xff, 0x03, 0x00, 0x00, 0x00, 0x02, 0x00, /* ................ */
    0x07, 0x00, 0x06, 0x00, 0x02, 0x00, 0x04, 0x00, 0x01, 0x00, 0x03, 0x00, 0x00, 0x00, 0x02, 0x00, /* ................ */
    0xfc, 0xff, 0x05, 0x00, 0x05, 0x00, 0x06, 0x00, 0xff, 0xff, 0x03, 0x00, 0x00, 0x00, 0x02, 0x00, /* ................ */
    0xf6, 0xff, 0x07, 0x00, 0xfe, 0xff, 0x04, 0x00, 0x01, 0x00, 0x03, 0x00, 0x00, 0x00, 0x02, 0x00, /* ................ */
    0xf7, 0xff, 0x07, 0x00, 0xfd, 0xff, 0x05, 0x00, 0xff, 0xff, 0x03, 0x00, 0x00, 0x00, 0x02, 0x00, /* ................ */
    0xf5, 0xff, 0x07, 0x00, 0x02, 0x00, 0x04, 0x00, 0x01, 0x00, 0x03, 0x00, 0x00, 0x00, 0x02, 0x00, /* ................ */
    0x04, 0x00, 0x05, 0x00, 0xf8, 0xff, 0x07, 0x00, 0xff, 0xff, 0x03, 0x00, 0x00, 0x00, 0x02, 0x00, /* ................ */
    0x00, 0x80, 0x07, 0x00, 0xfe, 0xff, 0x04, 0x00, 0x01, 0x00, 0x03, 0x00, 0x00, 0x00, 0x02, 0x00, /* ................ */
    0xfa, 0xff, 0x06, 0x00, 0x03, 0x00, 0x05, 0x00, 0xff, 0xff, 0x03, 0x00, 0x00, 0x00, 0x02, 0x00, /* ................ */
    0xf9, 0xff, 0x06, 0x00, 0x02, 0x00, 0x04, 0x00, 0x01, 0x00, 0x03, 0x00, 0x00, 0x00, 0x02, 0x00, /* ................ */
    0xfc, 0xff, 0x05, 0x00, 0xfb, 0xff, 0x06, 0x00, 0xff, 0xff, 0x03, 0x00, 0x00, 0x00, 0x02, 0x00, /* ................ */
    0xed, 0xff, 0x09, 0x00, 0xfe, 0xff, 0x04, 0x00, 0x01, 0x00, 0x03, 0x00, 0x00, 0x00, 0x02, 0x00, /* ................ */
    0xf3, 0xff, 0x08, 0x00, 0xfd, 0xff, 0x05, 0x00, 0xff, 0xff, 0x03, 0x00, 0x00, 0x00, 0x02, 0x00, /* ................ */
    0xe2, 0xff, 0x0a, 0x00, 0x02, 0x00, 0x04, 0x00, 0x01, 0x00, 0x03, 0x00, 0x00, 0x00, 0x02, 0x00, /* ................ */
    0x04, 0x00, 0x05, 0x00, 0x27, 0x00, 0x0c, 0x00, 0xff, 0xff, 0x03, 0x00, 0x00, 0x00, 0x02, 0x00, /* ....'........... */
    0x24, 0x00, 0x0b, 0x00, 0xfe, 0xff, 0x04, 0x00, 0x01, 0x00, 0x03, 0x00, 0x00, 0x00, 0x02, 0x00, /* $............... */
    0x06, 0x00, 0x06, 0x00, 0x03, 0x00, 0x05, 0x00, 0xff, 0xff, 0x03, 0x00, 0x00, 0x00, 0x02, 0x00, /* ................ */
    0x07, 0x00, 0x06, 0x00, 0x02, 0x00, 0x04, 0x00, 0x01, 0x00, 0x03, 0x00, 0x00, 0x00, 0x02, 0x00, /* ................ */
    0xfc, 0xff, 0x05, 0x00, 0x05, 0x00, 0x06, 0x00, 0xff, 0xff, 0x03, 0x00, 0x00, 0x00, 0x02, 0x00, /* ................ */
    0x0a, 0x00, 0x07, 0x00, 0xfe, 0xff, 0x04, 0x00, 0x01, 0x00, 0x03, 0x00, 0x00, 0x00, 0x02, 0x00, /* ................ */
    0x09, 0x00, 0x07, 0x00, 0xfd, 0xff, 0x05, 0x00, 0xff, 0xff, 0x03, 0x00, 0x00, 0x00, 0x02, 0x00, /* ................ */
    0x0b, 0x00, 0x07, 0x00, 0x02, 0x00, 0x04, 0x00, 0x01, 0x00, 0x03, 0x00, 0x00, 0x00, 0x02, 0x00, /* ................ */
    0x04, 0x00, 0x05, 0x00, 0x08, 0x00, 0x07, 0x00, 0xff, 0xff, 0x03, 0x00, 0x00, 0x00, 0x02, 0x00, /* ................ */
    0x22, 0x00, 0x0b, 0x00, 0xfe, 0xff, 0x04, 0x00, 0x01, 0x00, 0x03, 0x00, 0x00, 0x00, 0x02, 0x00, /* "............... */
    0xfa, 0xff, 0x06, 0x00, 0x03, 0x00, 0x05, 0x00, 0xff, 0xff, 0x03, 0x00, 0x00, 0x00, 0x02, 0x00, /* ................ */
    0xf9, 0xff, 0x06, 0x00, 0x02, 0x00, 0x04, 0x00, 0x01, 0x00, 0x03, 0x00, 0x00, 0x00, 0x02, 0x00, /* ................ */
    0xfc, 0xff, 0x05, 0x00, 0xfb, 0xff, 0x06, 0x00, 0xff, 0xff, 0x03, 0x00, 0x00, 0x00, 0x02, 0x00, /* ................ */
    0x0e, 0x00, 0x08, 0x00, 0xfe, 0xff, 0x04, 0x00, 0x01, 0x00, 0x03, 0x00, 0x00, 0x00, 0x02, 0x00, /* ................ */
    0xe7, 0xff, 0x0a, 0x00, 0xfd, 0xff, 0x05, 0x00, 0xff, 0xff, 0x03, 0x00, 0x00, 0x00, 0x02, 0x00, /* ................ */
    0x10, 0x00, 0x08, 0x00, 0x02, 0x00, 0x04, 0x00, 0x01, 0x00, 0x03, 0x00, 0x00, 0x00, 0x02, 0x00, /* ................ */
    0x04, 0x00, 0x05, 0x00, 0x0c, 0x00, 0x08, 0x00, 0xff, 0xff, 0x03, 0x00, 0x00, 0x00, 0x02, 0x00, /* ................ */
    0x0f, 0x00, 0x08, 0x00, 0xfe, 0xff, 0x04, 0x00, 0x01, 0x00, 0x03, 0x00, 0x00, 0x00, 0x02, 0x00, /* ................ */
    0x06, 0x00, 0x06, 0x00, 0x03, 0x00, 0x05, 0x00, 0xff, 0xff, 0x03, 0x00, 0x00, 0x00, 0x02, 0x00, /* ................ */
    0x07, 0x00, 0x06, 0x00, 0x02, 0x00, 0x04, 0x00, 0x01, 0x00, 0x03, 0x00, 0x00, 0x00, 0x02, 0x00, /* ................ */
    0xfc, 0xff, 0x05, 0x00, 0x05, 0x00, 0x06, 0x00, 0xff, 0xff, 0x03, 0x00, 0x00, 0x00, 0x02, 0x00, /* ................ */
    0xf6, 0xff, 0x07, 0x00, 0xfe, 0xff, 0x04, 0x00, 0x01, 0x00, 0x03, 0x00, 0x00, 0x00, 0x02, 0x00, /* ................ */
    0xf7, 0xff, 0x07, 0x00, 0xfd, 0xff, 0x05, 0x00, 0xff, 0xff, 0x03, 0x00, 0x00, 0x00, 0x02, 0x00, /* ................ */
    0xf5, 0xff, 0x07, 0x00, 0x02, 0x00, 0x04, 0x00, 0x01, 0x00, 0x03, 0x00, 0x00, 0x00, 0x02, 0x00, /* ................ */
    0x04, 0x00, 0x05, 0x00, 0xf8, 0xff, 0x07, 0x00, 0xff, 0xff, 0x03, 0x00, 0x00, 0x00, 0x02, 0x00, /* ................ */
    0x00, 0x80, 0x07, 0x00, 0xfe, 0xff, 0x04, 0x00, 0x01, 0x00, 0x03, 0x00, 0x00, 0x00, 0x02, 0x00, /* ................ */
    0xfa, 0xff, 0x06, 0x00, 0x03, 0x00, 0x05, 0x00, 0xff, 0xff, 0x03, 0x00, 0x00, 0x00, 0x02, 0x00, /* ................ */
    0xf9, 0xff, 0x06, 0x00, 0x02, 0x00, 0x04, 0x00, 0x01, 0x00, 0x03, 0x00, 0x00, 0x00, 0x02, 0x00, /* ................ */
    0xfc, 0xff, 0x05, 0x00, 0xfb, 0xff, 0x06, 0x00, 0xff, 0xff, 0x03, 0x00, 0x00, 0x00, 0x02, 0x00, /* ................ */
    0xe6, 0xff, 0x0a, 0x00, 0xfe, 0xff, 0x04, 0x00, 0x01, 0x00, 0x03, 0x00, 0x00, 0x00, 0x02, 0x00, /* ................ */
    0x0d, 0x00, 0x08, 0x00, 0xfd, 0xff, 0x05, 0x00, 0xff, 0xff, 0x03, 0x00, 0x00, 0x00, 0x02, 0x00, /* ................ */
    0x16, 0x00, 0x09, 0x00, 0x02, 0x00, 0x04, 0x00, 0x01, 0x00, 0x03, 0x00, 0x00, 0x00, 0x02, 0x00, /* ................ */
    0x04, 0x00, 0x05, 0x00, 0x11, 0x00, 0x09, 0x00, 0xff, 0xff, 0x03, 0x00, 0x00, 0x00, 0x02, 0x00, /* ................ */
    0x15, 0x00, 0x09, 0x00, 0xfe, 0xff, 0x04, 0x00, 0x01, 0x00, 0x03, 0x00, 0x00, 0x00, 0x02, 0x00, /* ................ */
    0x06, 0x00, 0x06, 0x00, 0x03, 0x00, 0x05, 0x00, 0xff, 0xff, 0x03, 0x00, 0x00, 0x00, 0x02, 0x00, /* ................ */
    0x07, 0x00, 0x06, 0x00, 0x02, 0x00, 0x04, 0x00, 0x01, 0x00, 0x03, 0x00, 0x00, 0x00, 0x02, 0x00, /* ................ */
    0xfc, 0xff, 0x05, 0x00, 0x05, 0x00, 0x06, 0x00, 0xff, 0xff, 0x03, 0x00, 0x00, 0x00, 0x02, 0x00, /* ................ */
    0x0a, 0x00, 0x07, 0x00, 0xfe, 0xff, 0x04, 0x00, 0x01, 0x00, 0x03, 0x00, 0x00, 0x00, 0x02, 0x00, /* ................ */
    0x09, 0x00, 0x07, 0x00, 0xfd, 0xff, 0x05, 0x00, 0xff, 0xff, 0x03, 0x00, 0x00, 0x00, 0x02, 0x00, /* ................ */
    0x0b, 0x00, 0x07, 0x00, 0x02, 0x00, 0x04, 0x00, 0x01, 0x00, 0x03, 0x00, 0x00, 0x00, 0x02, 0x00, /* ................ */
    0x04, 0x00, 0x05, 0x00, 0x08, 0x00, 0x07, 0x00, 0xff, 0xff, 0x03, 0x00, 0x00, 0x00, 0x02, 0x00, /* ................ */
    0x14, 0x00, 0x09, 0x00, 0xfe, 0xff, 0x04, 0x00, 0x01, 0x00, 0x03, 0x00, 0x00, 0x00, 0x02, 0x00, /* ................ */
    0xfa, 0xff, 0x06, 0x00, 0x03, 0x00, 0x05, 0x00, 0xff, 0xff, 0x03, 0x00, 0x00, 0x00, 0x02, 0x00, /* ................ */
    0xf9, 0xff, 0x06, 0x00, 0x02, 0x00, 0x04, 0x00, 0x01, 0x00, 0x03, 0x00, 0x00, 0x00, 0x02, 0x00, /* ................ */
    0xfc, 0xff, 0x05, 0x00, 0xfb, 0xff, 0x06, 0x00, 0xff, 0xff, 0x03, 0x00, 0x00, 0x00, 0x02, 0x00, /* ................ */
    0xf2, 0xff, 0x08, 0x00, 0xfe, 0xff, 0x04, 0x00, 0x01, 0x00, 0x03, 0x00, 0x00, 0x00, 0x02, 0x00, /* ................ */
    0x12, 0x00, 0x09, 0x00, 0xfd, 0xff, 0x05, 0x00, 0xff, 0xff, 0x03, 0x00, 0x00, 0x00, 0x02, 0x00, /* ................ */
    0xf0, 0xff, 0x08, 0x00, 0x02, 0x00, 0x04, 0x00, 0x01, 0x00, 0x03, 0x00, 0x00, 0x00, 0x02, 0x00, /* ................ */
    0x04, 0x00, 0x05, 0x00, 0xf4, 0xff, 0x08, 0x00, 0xff, 0xff, 0x03, 0x00, 0x00, 0x00, 0x02, 0x00, /* ................ */
    0xf1, 0xff, 0x08, 0x00, 0xfe, 0xff, 0x04, 0x00, 0x01, 0x00, 0x03, 0x00, 0x00, 0x00, 0x02, 0x00, /* ................ */
    0x06, 0x00, 0x06, 0x00, 0x03, 0x00, 0x05, 0x00, 0xff, 0xff, 0x03, 0x00, 0x00, 0x00, 0x02, 0x00, /* ................ */
    0x07, 0x00, 0x06, 0x00, 0x02, 0x00, 0x04, 0x00, 0x01, 0x00, 0x03, 0x00, 0x00, 0x00, 0x02, 0x00, /* ................ */
    0xfc, 0xff, 0x05, 0x00, 0x05, 0x00, 0x06, 0x00, 0xff, 0xff, 0x03, 0x00, 0x00, 0x00, 0x02, 0x00, /* ................ */
    0xf6, 0xff, 0x07, 0x00, 0xfe, 0xff, 0x04, 0x00, 0x01, 0x00, 0x03, 0x00, 0x00, 0x00, 0x02, 0x00, /* ................ */
    0xf7, 0xff, 0x07, 0x00, 0xfd, 0xff, 0x05, 0x00, 0xff, 0xff, 0x03, 0x00, 0x00, 0x00, 0x02, 0x00, /* ................ */
    0xf5, 0xff, 0x07, 0x00, 0x02, 0x00, 0x04, 0x00, 0x01, 0x00, 0x03, 0x00, 0x00, 0x00, 0x02, 0x00, /* ................ */
    0x04, 0x00, 0x05, 0x00, 0xf8, 0xff, 0x07, 0x00, 0xff, 0xff, 0x03, 0x00, 0x00, 0x00, 0x02, 0x00, /* ................ */
    0x00, 0x80, 0x07, 0x00, 0xfe, 0xff, 0x04, 0x00, 0x01, 0x00, 0x03, 0x00, 0x00, 0x00, 0x02, 0x00, /* ................ */
    0xfa, 0xff, 0x06, 0x00, 0x03, 0x00, 0x05, 0x00, 0xff, 0xff, 0x03, 0x00, 0x00, 0x00, 0x02, 0x00, /* ................ */
    0xf9, 0xff, 0x06, 0x00, 0x02, 0x00, 0x04, 0x00, 0x01, 0x00, 0x03, 0x00, 0x00, 0x00, 0x02, 0x00, /* ................ */
    0xfc, 0xff, 0x05, 0x00, 0xfb, 0xff, 0x06, 0x00, 0xff, 0xff, 0x03, 0x00, 0x00, 0x00, 0x02, 0x00, /* ................ */
    0x13, 0x00, 0x09, 0x00, 0xfe, 0xff, 0x04, 0x00, 0x01, 0x00, 0x03, 0x00, 0x00, 0x00, 0x02, 0x00, /* ................ */
    0xf3, 0xff, 0x08, 0x00, 0xfd, 0xff, 0x05, 0x00, 0xff, 0xff, 0x03, 0x00, 0x00, 0x00, 0x02, 0x00, /* ................ */
    0xe3, 0xff, 0x0a, 0x00, 0x02, 0x00, 0x04, 0x00, 0x01, 0x00, 0x03, 0x00, 0x00, 0x00, 0x02, 0x00, /* ................ */
    0x04, 0x00, 0x05, 0x00, 0xe9, 0xff, 0x0a, 0x00, 0xff, 0xff, 0x03, 0x00, 0x00, 0x00, 0x02, 0x00, /* ................ */
    0xe4, 0xff, 0x0a, 0x00, 0xfe, 0xff, 0x04, 0x00, 0x01, 0x00, 0x03, 0x00, 0x00, 0x00, 0x02, 0x00, /* ................ */
    0x06, 0x00, 0x06, 0x00, 0x03, 0x00, 0x05, 0x00, 0xff, 0xff, 0x03, 0x00, 0x00, 0x00, 0x02, 0x00, /* ................ */
    0x07, 0x00, 0x06, 0x00, 0x02, 0x00, 0x04, 0x00, 0x01, 0x00, 0x03, 0x00, 0x00, 0x00, 0x02, 0x00, /* ................ */
    0xfc, 0xff, 0x05, 0x00, 0x05, 0x00, 0x06, 0x00, 0xff, 0xff, 0x03, 0x00, 0x00, 0x00, 0x02, 0x00, /* ................ */
    0x0a, 0x00, 0x07, 0x00, 0xfe, 0xff, 0x04, 0x00, 0x01, 0x00, 0x03, 0x00, 0x00, 0x00, 0x02, 0x00, /* ................ */
    0x09, 0x00, 0x07, 0x00, 0xfd, 0xff, 0x05, 0x00, 0xff, 0xff, 0x03, 0x00, 0x00, 0x00, 0x02, 0x00, /* ................ */
    0x0b, 0x00, 0x07, 0x00, 0x02, 0x00, 0x04, 0x00, 0x01, 0x00, 0x03, 0x00, 0x00, 0x00, 0x02, 0x00, /* ................ */
    0x04, 0x00, 0x05, 0x00, 0x08, 0x00, 0x07, 0x00, 0xff, 0xff, 0x03, 0x00, 0x00, 0x00, 0x02, 0x00, /* ................ */
    0xe5, 0xff, 0x0a, 0x00, 0xfe, 0xff, 0x04, 0x00, 0x01, 0x00, 0x03, 0x00, 0x00, 0x00, 0x02, 0x00, /* ................ */
    0xfa, 0xff, 0x06, 0x00, 0x03, 0x00, 0x05, 0x00, 0xff, 0xff, 0x03, 0x00, 0x00, 0x00, 0x02, 0x00, /* ................ */
    0xf9, 0xff, 0x06, 0x00, 0x02, 0x00, 0x04, 0x00, 0x01, 0x00, 0x03, 0x00, 0x00, 0x00, 0x02, 0x00, /* ................ */
    0xfc, 0xff, 0x05, 0x00, 0xfb, 0xff, 0x06, 0x00, 0xff, 0xff, 0x03, 0x00, 0x00, 0x00, 0x02, 0x00, /* ................ */
    0x0e, 0x00, 0x08, 0x00, 0xfe, 0xff, 0x04, 0x00, 0x01, 0x00, 0x03, 0x00, 0x00, 0x00, 0x02, 0x00, /* ................ */
    0xe8, 0xff, 0x0a, 0x00, 0xfd, 0xff, 0x05, 0x00, 0xff, 0xff, 0x03, 0x00, 0x00, 0x00, 0x02, 0x00, /* ................ */
    0x10, 0x00, 0x08, 0x00, 0x02, 0x00, 0x04, 0x00, 0x01, 0x00, 0x03, 0x00, 0x00, 0x00, 0x02, 0x00, /* ................ */
    0x04, 0x00, 0x05, 0x00, 0x0c, 0x00, 0x08, 0x00, 0xff, 0xff, 0x03, 0x00, 0x00, 0x00, 0x02, 0x00, /* ................ */
    0x0f, 0x00, 0x08, 0x00, 0xfe, 0xff, 0x04, 0x00, 0x01, 0x00, 0x03, 0x00, 0x00, 0x00, 0x02, 0x00, /* ................ */
    0x06, 0x00, 0x06, 0x00, 0x03, 0x00, 0x05, 0x00, 0xff, 0xff, 0x03, 0x00, 0x00, 0x00, 0x02, 0x00, /* ................ */
    0x07, 0x00, 0x06, 0x00, 0x02, 0x00, 0x04, 0x00, 0x01, 0x00, 0x03, 0x00, 0x00, 0x00, 0x02, 0x00, /* ................ */
    0xfc, 0xff, 0x05, 0x00, 0x05, 0x00, 0x06, 0x00, 0xff, 0xff, 0x03, 0x00, 0x00, 0x00, 0x02, 0x00, /* ................ */
    0xf6, 0xff, 0x07, 0x00, 0xfe, 0xff, 0x04, 0x00, 0x01, 0x00, 0x03, 0x00, 0x00, 0x00, 0x02, 0x00, /* ................ */
    0xf7, 0xff, 0x07, 0x00, 0xfd, 0xff, 0x05, 0x00, 0xff, 0xff, 0x03, 0x00, 0x00, 0x00, 0x02, 0x00, /* ................ */
    0xf5, 0xff, 0x07, 0x00, 0x02, 0x00, 0x04, 0x00, 0x01, 0x00, 0x03, 0x00, 0x00, 0x00, 0x02, 0x00, /* ................ */
    0x04, 0x00, 0x05, 0x00, 0xf8, 0xff, 0x07, 0x00, 0xff, 0xff, 0x03, 0x00, 0x00, 0x00, 0x02, 0x00, /* ................ */
    0x00, 0x80, 0x07, 0x00, 0xfe, 0xff, 0x04, 0x00, 0x01, 0x00, 0x03, 0x00, 0x00, 0x00, 0x02, 0x00, /* ................ */
    0xfa, 0xff, 0x06, 0x00, 0x03, 0x00, 0x05, 0x00, 0xff, 0xff, 0x03, 0x00, 0x00, 0x00, 0x02, 0x00, /* ................ */
    0xf9, 0xff, 0x06, 0x00, 0x02, 0x00, 0x04, 0x00, 0x01, 0x00, 0x03, 0x00, 0x00, 0x00, 0x02, 0x00, /* ................ */
    0xfc, 0xff, 0x05, 0x00, 0xfb, 0xff, 0x06, 0x00, 0xff, 0xff, 0x03, 0x00, 0x00, 0x00, 0x02, 0x00, /* ................ */
    0x20, 0x00, 0x0b, 0x00, 0xfe, 0xff, 0x04, 0x00, 0x01, 0x00, 0x03, 0x00, 0x00, 0x00, 0x02, 0x00, /*  ............... */
    0x0d, 0x00, 0x08, 0x00, 0xfd, 0xff, 0x05, 0x00, 0xff, 0xff, 0x03, 0x00, 0x00, 0x00, 0x02, 0x00, /* ................ */
    0xea, 0xff, 0x09, 0x00, 0x02, 0x00, 0x04, 0x00, 0x01, 0x00, 0x03, 0x00, 0x00, 0x00, 0x02, 0x00, /* ................ */
    0x04, 0x00, 0x05, 0x00, 0xef, 0xff, 0x09, 0x00, 0xff, 0xff, 0x03, 0x00, 0x00, 0x00, 0x02, 0x00, /* ................ */
    0xeb, 0xff, 0x09, 0x00, 0xfe, 0xff, 0x04, 0x00, 0x01, 0x00, 0x03, 0x00, 0x00, 0x00, 0x02, 0x00, /* ................ */
    0x06, 0x00, 0x06, 0x00, 0x03, 0x00, 0x05, 0x00, 0xff, 0xff, 0x03, 0x00, 0x00, 0x00, 0x02, 0x00, /* ................ */
    0x07, 0x00, 0x06, 0x00, 0x02, 0x00, 0x04, 0x00, 0x01, 0x00, 0x03, 0x00, 0x00, 0x00, 0x02, 0x00, /* ................ */
    0xfc, 0xff, 0x05, 0x00, 0x05, 0x00, 0x06, 0x00, 0xff, 0xff, 0x03, 0x00, 0x00, 0x00, 0x02, 0x00, /* ................ */
    0x0a, 0x00, 0x07, 0x00, 0xfe, 0xff, 0x04, 0x00, 0x01, 0x00, 0x03, 0x00, 0x00, 0x00, 0x02, 0x00, /* ................ */
    0x09, 0x00, 0x07, 0x00, 0xfd, 0xff, 0x05, 0x00, 0xff, 0xff, 0x03, 0x00, 0x00, 0x00, 0x02, 0x00, /* ................ */
    0x0b, 0x00, 0x07, 0x00, 0x02, 0x00, 0x04, 0x00, 0x01, 0x00, 0x03, 0x00, 0x00, 0x00, 0x02, 0x00, /* ................ */
    0x04, 0x00, 0x05, 0x00, 0x08, 0x00, 0x07, 0x00, 0xff, 0xff, 0x03, 0x00, 0x00, 0x00, 0x02, 0x00, /* ................ */
    0xec, 0xff, 0x09, 0x00, 0xfe, 0xff, 0x04, 0x00, 0x01, 0x00, 0x03, 0x00, 0x00, 0x00, 0x02, 0x00, /* ................ */
    0xfa, 0xff, 0x06, 0x00, 0x03, 0x00, 0x05, 0x00, 0xff, 0xff, 0x03, 0x00, 0x00, 0x00, 0x02, 0x00, /* ................ */
    0xf9, 0xff, 0x06, 0x00, 0x02, 0x00, 0x04, 0x00, 0x01, 0x00, 0x03, 0x00, 0x00, 0x00, 0x02, 0x00, /* ................ */
    0xfc, 0xff, 0x05, 0x00, 0xfb, 0xff, 0x06, 0x00, 0xff, 0xff, 0x03, 0x00, 0x00, 0x00, 0x02, 0x00, /* ................ */
    0xf2, 0xff, 0x08, 0x00, 0xfe, 0xff, 0x04, 0x00, 0x01, 0x00, 0x03, 0x00, 0x00, 0x00, 0x02, 0x00, /* ................ */
    0xee, 0xff, 0x09, 0x00, 0xfd, 0xff, 0x05, 0x00, 0xff, 0xff, 0x03, 0x00, 0x00, 0x00, 0x02, 0x00, /* ................ */
    0xf0, 0xff, 0x08, 0x00, 0x02, 0x00, 0x04, 0x00, 0x01, 0x00, 0x03, 0x00, 0x00, 0x00, 0x02, 0x00, /* ................ */
    0x04, 0x00, 0x05, 0x00, 0xf4, 0xff, 0x08, 0x00, 0xff, 0xff, 0x03, 0x00, 0x00, 0x00, 0x02, 0x00, /* ................ */
    0xf1, 0xff, 0x08, 0x00, 0xfe, 0xff, 0x04, 0x00, 0x01, 0x00, 0x03, 0x00, 0x00, 0x00, 0x02, 0x00, /* ................ */
    0x06, 0x00, 0x06, 0x00, 0x03, 0x00, 0x05, 0x00, 0xff, 0xff, 0x03, 0x00, 0x00, 0x00, 0x02, 0x00, /* ................ */
    0x07, 0x00, 0x06, 0x00, 0x02, 0x00, 0x04, 0x00, 0x01, 0x00, 0x03, 0x00, 0x00, 0x00, 0x02, 0x00, /* ................ */
    0xfc, 0xff, 0x05, 0x00, 0x05, 0x00, 0x06, 0x00, 0xff, 0xff, 0x03, 0x00, 0x00, 0x00, 0x02, 0x00, /* ................ */
    0xf6, 0xff, 0x07, 0x00, 0xfe, 0xff, 0x04, 0x00, 0x01, 0x00, 0x03, 0x00, 0x00, 0x00, 0x02, 0x00, /* ................ */
    0xf7, 0xff, 0x07, 0x00, 0xfd, 0xff, 0x05, 0x00, 0xff, 0xff, 0x03, 0x00, 0x00, 0x00, 0x02, 0x00, /* ................ */
    0xf5, 0xff, 0x07, 0x00, 0x02, 0x00, 0x04, 0x00, 0x01, 0x00, 0x03, 0x00, 0x00, 0x00, 0x02, 0x00, /* ................ */
    0x04, 0x00, 0x05, 0x00, 0xf8, 0xff, 0x07, 0x00, 0xff, 0xff, 0x03, 0x00, 0x00, 0x00, 0x02, 0x00, /* ................ */
    0x00, 0x80, 0x07, 0x00, 0xfe, 0xff, 0x04, 0x00, 0x01, 0x00, 0x03, 0x00, 0x00, 0x00, 0x02, 0x00, /* ................ */
    0xfa, 0xff, 0x06, 0x00, 0x03, 0x00, 0x05, 0x00, 0xff, 0xff, 0x03, 0x00, 0x00, 0x00, 0x02, 0x00, /* ................ */
    0xf9, 0xff, 0x06, 0x00, 0x02, 0x00, 0x04, 0x00, 0x01, 0x00, 0x03, 0x00, 0x00, 0x00, 0x02, 0x00, /* ................ */
    0xfc, 0xff, 0x05, 0x00, 0xfb, 0xff, 0x06, 0x00, 0xff, 0xff, 0x03, 0x00, 0x00, 0x00, 0x02, 0x00, /* ................ */
    0xed, 0xff, 0x09, 0x00, 0xfe, 0xff, 0x04, 0x00, 0x01, 0x00, 0x03, 0x00, 0x00, 0x00, 0x02, 0x00, /* ................ */
    0xf3, 0xff, 0x08, 0x00, 0xfd, 0xff, 0x05, 0x00, 0xff, 0xff, 0x03, 0x00, 0x00, 0x00, 0x02, 0x00, /* ................ */
    0x1e, 0x00, 0x0a, 0x00, 0x02, 0x00, 0x04, 0x00, 0x01, 0x00, 0x03, 0x00, 0x00, 0x00, 0x02, 0x00, /* ................ */
    0x04, 0x00, 0x05, 0x00, 0xe1, 0xff, 0x0b, 0x00, 0xff, 0xff, 0x03, 0x00, 0x00, 0x00, 0x02, 0x00, /* ................ */
    0xdb, 0xff, 0x0b, 0x00, 0xfe, 0xff, 0x04, 0x00, 0x01, 0x00, 0x03, 0x00, 0x00, 0x00, 0x02, 0x00, /* ................ */
    0x06, 0x00, 0x06, 0x00, 0x03, 0x00, 0x05, 0x00, 0xff, 0xff, 0x03, 0x00, 0x00, 0x00, 0x02, 0x00, /* ................ */
    0x07, 0x00, 0x06, 0x00, 0x02, 0x00, 0x04, 0x00, 0x01, 0x00, 0x03, 0x00, 0x00, 0x00, 0x02, 0x00, /* ................ */
    0xfc, 0xff, 0x05, 0x00, 0x05, 0x00, 0x06, 0x00, 0xff, 0xff, 0x03, 0x00, 0x00, 0x00, 0x02, 0x00, /* ................ */
    0x0a, 0x00, 0x07, 0x00, 0xfe, 0xff, 0x04, 0x00, 0x01, 0x00, 0x03, 0x00, 0x00, 0x00, 0x02, 0x00, /* ................ */
    0x09, 0x00, 0x07, 0x00, 0xfd, 0xff, 0x05, 0x00, 0xff, 0xff, 0x03, 0x00, 0x00, 0x00, 0x02, 0x00, /* ................ */
    0x0b, 0x00, 0x07, 0x00, 0x02, 0x00, 0x04, 0x00, 0x01, 0x00, 0x03, 0x00, 0x00, 0x00, 0x02, 0x00, /* ................ */
    0x04, 0x00, 0x05, 0x00, 0x08, 0x00, 0x07, 0x00, 0xff, 0xff, 0x03, 0x00, 0x00, 0x00, 0x02, 0x00, /* ................ */
    0xdd, 0xff, 0x0b, 0x00, 0xfe, 0xff, 0x04, 0x00, 0x01, 0x00, 0x03, 0x00, 0x00, 0x00, 0x02, 0x00, /* ................ */
    0xfa, 0xff, 0x06, 0x00, 0x03, 0x00, 0x05, 0x00, 0xff, 0xff, 0x03, 0x00, 0x00, 0x00, 0x02, 0x00, /* ................ */
    0xf9, 0xff, 0x06, 0x00, 0x02, 0x00, 0x04, 0x00, 0x01, 0x00, 0x03, 0x00, 0x00, 0x00, 0x02, 0x00, /* ................ */
    0xfc, 0xff, 0x05, 0x00, 0xfb, 0xff, 0x06, 0x00, 0xff, 0xff, 0x03, 0x00, 0x00, 0x00, 0x02, 0x00, /* ................ */
    0x0e, 0x00, 0x08, 0x00, 0xfe, 0xff, 0x04, 0x00, 0x01, 0x00, 0x03, 0x00, 0x00, 0x00, 0x02, 0x00, /* ................ */
    0x19, 0x00, 0x0a, 0x00, 0xfd, 0xff, 0x05, 0x00, 0xff, 0xff, 0x03, 0x00, 0x00, 0x00, 0x02, 0x00, /* ................ */
    0x10, 0x00, 0x08, 0x00, 0x02, 0x00, 0x04, 0x00, 0x01, 0x00, 0x03, 0x00, 0x00, 0x00, 0x02, 0x00, /* ................ */
    0x04, 0x00, 0x05, 0x00, 0x0c, 0x00, 0x08, 0x00, 0xff, 0xff, 0x03, 0x00, 0x00, 0x00, 0x02, 0x00, /* ................ */
    0x0f, 0x00, 0x08, 0x00, 0xfe, 0xff, 0x04, 0x00, 0x01, 0x00, 0x03, 0x00, 0x00, 0x00, 0x02, 0x00, /* ................ */
    0x06, 0x00, 0x06, 0x00, 0x03, 0x00, 0x05, 0x00, 0xff, 0xff, 0x03, 0x00, 0x00, 0x00, 0x02, 0x00, /* ................ */
    0x07, 0x00, 0x06, 0x00, 0x02, 0x00, 0x04, 0x00, 0x01, 0x00, 0x03, 0x00, 0x00, 0x00, 0x02, 0x00, /* ................ */
    0xfc, 0xff, 0x05, 0x00, 0x05, 0x00, 0x06, 0x00, 0xff, 0xff, 0x03, 0x00, 0x00, 0x00, 0x02, 0x00, /* ................ */
    0xf6, 0xff, 0x07, 0x00, 0xfe, 0xff, 0x04, 0x00, 0x01, 0x00, 0x03, 0x00, 0x00, 0x00, 0x02, 0x00, /* ................ */
    0xf7, 0xff, 0x07, 0x00, 0xfd, 0xff, 0x05, 0x00, 0xff, 0xff, 0x03, 0x00, 0x00, 0x00, 0x02, 0x00, /* ................ */
    0xf5, 0xff, 0x07, 0x00, 0x02, 0x00, 0x04, 0x00, 0x01, 0x00, 0x03, 0x00, 0x00, 0x00, 0x02, 0x00, /* ................ */
    0x04, 0x00, 0x05, 0x00, 0xf8, 0xff, 0x07, 0x00, 0xff, 0xff, 0x03, 0x00, 0x00, 0x00, 0x02, 0x00, /* ................ */
    0x00, 0x80, 0x07, 0x00, 0xfe, 0xff, 0x04, 0x00, 0x01, 0x00, 0x03, 0x00, 0x00, 0x00, 0x02, 0x00, /* ................ */
    0xfa, 0xff, 0x06, 0x00, 0x03, 0x00, 0x05, 0x00, 0xff, 0xff, 0x03, 0x00, 0x00, 0x00, 0x02, 0x00, /* ................ */
    0xf9, 0xff, 0x06, 0x00, 0x02, 0x00, 0x04, 0x00, 0x01, 0x00, 0x03, 0x00, 0x00, 0x00, 0x02, 0x00, /* ................ */
    0xfc, 0xff, 0x05, 0x00, 0xfb, 0xff, 0x06, 0x00, 0xff, 0xff, 0x03, 0x00, 0x00, 0x00, 0x02, 0x00, /* ................ */
    0x1a, 0x00, 0x0a, 0x00, 0xfe, 0xff, 0x04, 0x00, 0x01, 0x00, 0x03, 0x00, 0x00, 0x00, 0x02, 0x00, /* ................ */
    0x0d, 0x00, 0x08, 0x00, 0xfd, 0xff, 0x05, 0x00, 0xff, 0xff, 0x03, 0x00, 0x00, 0x00, 0x02, 0x00, /* ................ */
    0x16, 0x00, 0x09, 0x00, 0x02, 0x00, 0x04, 0x00, 0x01, 0x00, 0x03, 0x00, 0x00, 0x00, 0x02, 0x00, /* ................ */
    0x04, 0x00, 0x05, 0x00, 0x11, 0x00, 0x09, 0x00, 0xff, 0xff, 0x03, 0x00, 0x00, 0x00, 0x02, 0x00, /* ................ */
    0x15, 0x00, 0x09, 0x00, 0xfe, 0xff, 0x04, 0x00, 0x01, 0x00, 0x03, 0x00, 0x00, 0x00, 0x02, 0x00, /* ................ */
    0x06, 0x00, 0x06, 0x00, 0x03, 0x00, 0x05, 0x00, 0xff, 0xff, 0x03, 0x00, 0x00, 0x00, 0x02, 0x00, /* ................ */
    0x07, 0x00, 0x06, 0x00, 0x02, 0x00, 0x04, 0x00, 0x01, 0x00, 0x03, 0x00, 0x00, 0x00, 0x02, 0x00, /* ................ */
    0xfc, 0xff, 0x05, 0x00, 0x05, 0x00, 0x06, 0x00, 0xff, 0xff, 0x03, 0x00, 0x00, 0x00, 0x02, 0x00, /* ................ */
    0x0a, 0x00, 0x07, 0x00, 0xfe, 0xff, 0x04, 0x00, 0x01, 0x00, 0x03, 0x00, 0x00, 0x00, 0x02, 0x00, /* ................ */
    0x09, 0x00, 0x07, 0x00, 0xfd, 0xff, 0x05, 0x00, 0xff, 0xff, 0x03, 0x00, 0x00, 0x00, 0x02, 0x00, /* ................ */
    0x0b, 0x00, 0x07, 0x00, 0x02, 0x00, 0x04, 0x00, 0x01, 0x00, 0x03, 0x00, 0x00, 0x00, 0x02, 0x00, /* ................ */
    0x04, 0x00, 0x05, 0x00, 0x08, 0x00, 0x07, 0x00, 0xff, 0xff, 0x03, 0x00, 0x00, 0x00, 0x02, 0x00, /* ................ */
    0x14, 0x00, 0x09, 0x00, 0xfe, 0xff, 0x04, 0x00, 0x01, 0x00, 0x03, 0x00, 0x00, 0x00, 0x02, 0x00, /* ................ */
    0xfa, 0xff, 0x06, 0x00, 0x03, 0x00, 0x05, 0x00, 0xff, 0xff, 0x03, 0x00, 0x00, 0x00, 0x02, 0x00, /* ................ */
    0xf9, 0xff, 0x06, 0x00, 0x02, 0x00, 0x04, 0x00, 0x01, 0x00, 0x03, 0x00, 0x00, 0x00, 0x02, 0x00, /* ................ */
    0xfc, 0xff, 0x05, 0x00, 0xfb, 0xff, 0x06, 0x00, 0xff, 0xff, 0x03, 0x00, 0x00, 0x00, 0x02, 0x00, /* ................ */
    0xf2, 0xff, 0x08, 0x00, 0xfe, 0xff, 0x04, 0x00, 0x01, 0x00, 0x03, 0x00, 0x00, 0x00, 0x02, 0x00, /* ................ */
    0x12, 0x00, 0x09, 0x00, 0xfd, 0xff, 0x05, 0x00, 0xff, 0xff, 0x03, 0x00, 0x00, 0x00, 0x02, 0x00, /* ................ */
    0xf0, 0xff, 0x08, 0x00, 0x02, 0x00, 0x04, 0x00, 0x01, 0x00, 0x03, 0x00, 0x00, 0x00, 0x02, 0x00, /* ................ */
    0x04, 0x00, 0x05, 0x00, 0xf4, 0xff, 0x08, 0x00, 0xff, 0xff, 0x03, 0x00, 0x00, 0x00, 0x02, 0x00, /* ................ */
    0xf1, 0xff, 0x08, 0x00, 0xfe, 0xff, 0x04, 0x00, 0x01, 0x00, 0x03, 0x00, 0x00, 0x00, 0x02, 0x00, /* ................ */
    0x06, 0x00, 0x06, 0x00, 0x03, 0x00, 0x05, 0x00, 0xff, 0xff, 0x03, 0x00, 0x00, 0x00, 0x02, 0x00, /* ................ */
    0x07, 0x00, 0x06, 0x00, 0x02, 0x00, 0x04, 0x00, 0x01, 0x00, 0x03, 0x00, 0x00, 0x00, 0x02, 0x00, /* ................ */
    0xfc, 0xff, 0x05, 0x00, 0x05, 0x00, 0x06, 0x00, 0xff, 0xff, 0x03, 0x00, 0x00, 0x00, 0x02, 0x00, /* ................ */
    0xf6, 0xff, 0x07, 0x00, 0xfe, 0xff, 0x04, 0x00, 0x01, 0x00, 0x03, 0x00, 0x00, 0x00, 0x02, 0x00, /* ................ */
    0xf7, 0xff, 0x07, 0x00, 0xfd, 0xff, 0x05, 0x00, 0xff, 0xff, 0x03, 0x00, 0x00, 0x00, 0x02, 0x00, /* ................ */
    0xf5, 0xff, 0x07, 0x00, 0x02, 0x00, 0x04, 0x00, 0x01, 0x00, 0x03, 0x00, 0x00, 0x00, 0x02, 0x00, /* ................ */
    0x04, 0x00, 0x05, 0x00, 0xf8, 0xff, 0x07, 0x00, 0xff, 0xff, 0x03, 0x00, 0x00, 0x00, 0x02, 0x00, /* ................ */
    0x00, 0x80, 0x07, 0x00, 0xfe, 0xff, 0x04, 0x00, 0x01, 0x00, 0x03, 0x00, 0x00, 0x00, 0x02, 0x00, /* ................ */
    0xfa, 0xff, 0x06, 0x00, 0x03, 0x00, 0x05, 0x00, 0xff, 0xff, 0x03, 0x00, 0x00, 0x00, 0x02, 0x00, /* ................ */
    0xf9, 0xff, 0x06, 0x00, 0x02, 0x00, 0x04, 0x00, 0x01, 0x00, 0x03, 0x00, 0x00, 0x00, 0x02, 0x00, /* ................ */
    0xfc, 0xff, 0x05, 0x00, 0xfb, 0xff, 0x06, 0x00, 0xff, 0xff, 0x03, 0x00, 0x00, 0x00, 0x02, 0x00, /* ................ */
    0x13, 0x00, 0x09, 0x00, 0xfe, 0xff, 0x04, 0x00, 0x01, 0x00, 0x03, 0x00, 0x00, 0x00, 0x02, 0x00, /* ................ */
    0xf3, 0xff, 0x08, 0x00, 0xfd, 0xff, 0x05, 0x00, 0xff, 0xff, 0x03, 0x00, 0x00, 0x00, 0x02, 0x00, /* ................ */
    0x1d, 0x00, 0x0a, 0x00, 0x02, 0x00, 0x04, 0x00, 0x01, 0x00, 0x03, 0x00, 0x00, 0x00, 0x02, 0x00, /* ................ */
    0x04, 0x00, 0x05, 0x00, 0x17, 0x00, 0x0a, 0x00, 0xff, 0xff, 0x03, 0x00, 0x00, 0x00, 0x02, 0x00, /* ................ */
    0x1c, 0x00, 0x0a, 0x00, 0xfe, 0xff, 0x04, 0x00, 0x01, 0x00, 0x03, 0x00, 0x00, 0x00, 0x02, 0x00, /* ................ */
    0x06, 0x00, 0x06, 0x00, 0x03, 0x00, 0x05, 0x00, 0xff, 0xff, 0x03, 0x00, 0x00, 0x00, 0x02, 0x00, /* ................ */
    0x07, 0x00, 0x06, 0x00, 0x02, 0x00, 0x04, 0x00, 0x01, 0x00, 0x03, 0x00, 0x00, 0x00, 0x02, 0x00, /* ................ */
    0xfc, 0xff, 0x05, 0x00, 0x05, 0x00, 0x06, 0x00, 0xff, 0xff, 0x03, 0x00, 0x00, 0x00, 0x02, 0x00, /* ................ */
    0x0a, 0x00, 0x07, 0x00, 0xfe, 0xff, 0x04, 0x00, 0x01, 0x00, 0x03, 0x00, 0x00, 0x00, 0x02, 0x00, /* ................ */
    0x09, 0x00, 0x07, 0x00, 0xfd, 0xff, 0x05, 0x00, 0xff, 0xff, 0x03, 0x00, 0x00, 0x00, 0x02, 0x00, /* ................ */
    0x0b, 0x00, 0x07, 0x00, 0x02, 0x00, 0x04, 0x00, 0x01, 0x00, 0x03, 0x00, 0x00, 0x00, 0x02, 0x00, /* ................ */
    0x04, 0x00, 0x05, 0x00, 0x08, 0x00, 0x07, 0x00, 0xff, 0xff, 0x03, 0x00, 0x00, 0x00, 0x02, 0x00, /* ................ */
    0x1b, 0x00, 0x0a, 0x00, 0xfe, 0xff, 0x04, 0x00, 0x01, 0x00, 0x03, 0x00, 0x00, 0x00, 0x02, 0x00, /* ................ */
    0xfa, 0xff, 0x06, 0x00, 0x03, 0x00, 0x05, 0x00, 0xff, 0xff, 0x03, 0x00, 0x00, 0x00, 0x02, 0x00, /* ................ */
    0xf9, 0xff, 0x06, 0x00, 0x02, 0x00, 0x04, 0x00, 0x01, 0x00, 0x03, 0x00, 0x00, 0x00, 0x02, 0x00, /* ................ */
    0xfc, 0xff, 0x05, 0x00, 0xfb, 0xff, 0x06, 0x00, 0xff, 0xff, 0x03, 0x00, 0x00, 0x00, 0x02, 0x00, /* ................ */
    0x0e, 0x00, 0x08, 0x00, 0xfe, 0xff, 0x04, 0x00, 0x01, 0x00, 0x03, 0x00, 0x00, 0x00, 0x02, 0x00, /* ................ */
    0x18, 0x00, 0x0a, 0x00, 0xfd, 0xff, 0x05, 0x00, 0xff, 0xff, 0x03, 0x00, 0x00, 0x00, 0x02, 0x00, /* ................ */
    0x10, 0x00, 0x08, 0x00, 0x02, 0x00, 0x04, 0x00, 0x01, 0x00, 0x03, 0x00, 0x00, 0x00, 0x02, 0x00, /* ................ */
    0x04, 0x00, 0x05, 0x00, 0x0c, 0x00, 0x08, 0x00, 0xff, 0xff, 0x03, 0x00, 0x00, 0x00, 0x02, 0x00, /* ................ */
    0x0f, 0x00, 0x08, 0x00, 0xfe, 0xff, 0x04, 0x00, 0x01, 0x00, 0x03, 0x00, 0x00, 0x00, 0x02, 0x00, /* ................ */
    0x06, 0x00, 0x06, 0x00, 0x03, 0x00, 0x05, 0x00, 0xff, 0xff, 0x03, 0x00, 0x00, 0x00, 0x02, 0x00, /* ................ */
    0x07, 0x00, 0x06, 0x00, 0x02, 0x00, 0x04, 0x00, 0x01, 0x00, 0x03, 0x00, 0x00, 0x00, 0x02, 0x00, /* ................ */
    0xfc, 0xff, 0x05, 0x00, 0x05, 0x00, 0x06, 0x00, 0xff, 0xff, 0x03, 0x00, 0x00, 0x00, 0x02, 0x00, /* ................ */
    0xf6, 0xff, 0x07, 0x00, 0xfe, 0xff, 0x04, 0x00, 0x01, 0x00, 0x03, 0x00, 0x00, 0x00, 0x02, 0x00, /* ................ */
    0xf7, 0xff, 0x07, 0x00, 0xfd, 0xff, 0x05, 0x00, 0xff, 0xff, 0x03, 0x00, 0x00, 0x00, 0x02, 0x00, /* ................ */
    0xf5, 0xff, 0x07, 0x00, 0x02, 0x00, 0x04, 0x00, 0x01, 0x00, 0x03, 0x00, 0x00, 0x00, 0x02, 0x00, /* ................ */
    0x04, 0x00, 0x05, 0x00, 0xf8, 0xff, 0x07, 0x00, 0xff, 0xff, 0x03, 0x00, 0x00, 0x00, 0x02, 0x00, /* ................ */
    0x00, 0x80, 0x07, 0x00, 0xfe, 0xff, 0x04, 0x00, 0x01, 0x00, 0x03, 0x00, 0x00, 0x00, 0x02, 0x00, /* ................ */
    0xfa, 0xff, 0x06, 0x00, 0x03, 0x00, 0x05, 0x00, 0xff, 0xff, 0x03, 0x00, 0x00, 0x00, 0x02, 0x00, /* ................ */
    0xf9, 0xff, 0x06, 0x00, 0x02, 0x00, 0x04, 0x00, 0x01, 0x00, 0x03, 0x00, 0x00, 0x00, 0x02, 0x00, /* ................ */
    0xfc, 0xff, 0x05, 0x00, 0xfb, 0xff, 0x06, 0x00, 0xff, 0xff, 0x03, 0x00, 0x00, 0x00, 0x02, 0x00, /* ................ */
    0xdf, 0xff, 0x0b, 0x00, 0xfe, 0xff, 0x04, 0x00, 0x01, 0x00, 0x03, 0x00, 0x00, 0x00, 0x02, 0x00, /* ................ */
    0x0d, 0x00, 0x08, 0x00, 0xfd, 0xff, 0x05, 0x00, 0xff, 0xff, 0x03, 0x00, 0x00, 0x00, 0x02, 0x00, /* ................ */
    0xea, 0xff, 0x09, 0x00, 0x02, 0x00, 0x04, 0x00, 0x01, 0x00, 0x03, 0x00, 0x00, 0x00, 0x02, 0x00, /* ................ */
    0x04, 0x00, 0x05, 0x00, 0xef, 0xff, 0x09, 0x00, 0xff, 0xff, 0x03, 0x00, 0x00, 0x00, 0x02, 0x00, /* ................ */
    0xeb, 0xff, 0x09, 0x00, 0xfe, 0xff, 0x04, 0x00, 0x01, 0x00, 0x03, 0x00, 0x00, 0x00, 0x02, 0x00, /* ................ */
    0x06, 0x00, 0x06, 0x00, 0x03, 0x00, 0x05, 0x00, 0xff, 0xff, 0x03, 0x00, 0x00, 0x00, 0x02, 0x00, /* ................ */
    0x07, 0x00, 0x06, 0x00, 0x02, 0x00, 0x04, 0x00, 0x01, 0x00, 0x03, 0x00, 0x00, 0x00, 0x02, 0x00, /* ................ */
    0xfc, 0xff, 0x05, 0x00, 0x05, 0x00, 0x06, 0x00, 0xff, 0xff, 0x03, 0x00, 0x00, 0x00, 0x02, 0x00, /* ................ */
    0x0a, 0x00, 0x07, 0x00, 0xfe, 0xff, 0x04, 0x00, 0x01, 0x00, 0x03, 0x00, 0x00, 0x00, 0x02, 0x00, /* ................ */
    0x09, 0x00, 0x07, 0x00, 0xfd, 0xff, 0x05, 0x00, 0xff, 0xff, 0x03, 0x00, 0x00, 0x00, 0x02, 0x00, /* ................ */
    0x0b, 0x00, 0x07, 0x00, 0x02, 0x00, 0x04, 0x00, 0x01, 0x00, 0x03, 0x00, 0x00, 0x00, 0x02, 0x00, /* ................ */
    0x04, 0x00, 0x05, 0x00, 0x08, 0x00, 0x07, 0x00, 0xff, 0xff, 0x03, 0x00, 0x00, 0x00, 0x02, 0x00, /* ................ */
    0xec, 0xff, 0x09, 0x00, 0xfe, 0xff, 0x04, 0x00, 0x01, 0x00, 0x03, 0x00, 0x00, 0x00, 0x02, 0x00, /* ................ */
    0xfa, 0xff, 0x06, 0x00, 0x03, 0x00, 0x05, 0x00, 0xff, 0xff, 0x03, 0x00, 0x00, 0x00, 0x02, 0x00, /* ................ */
    0xf9, 0xff, 0x06, 0x00, 0x02, 0x00, 0x04, 0x00, 0x01, 0x00, 0x03, 0x00, 0x00, 0x00, 0x02, 0x00, /* ................ */
    0xfc, 0xff, 0x05, 0x00, 0xfb, 0xff, 0x06, 0x00, 0xff, 0xff, 0x03, 0x00, 0x00, 0x00, 0x02, 0x00, /* ................ */
    0xf2, 0xff, 0x08, 0x00, 0xfe, 0xff, 0x04, 0x00, 0x01, 0x00, 0x03, 0x00, 0x00, 0x00, 0x02, 0x00, /* ................ */
    0xee, 0xff, 0x09, 0x00, 0xfd, 0xff, 0x05, 0x00, 0xff, 0xff, 0x03, 0x00, 0x00, 0x00, 0x02, 0x00, /* ................ */
    0xf0, 0xff, 0x08, 0x00, 0x02, 0x00, 0x04, 0x00, 0x01, 0x00, 0x03, 0x00, 0x00, 0x00, 0x02, 0x00, /* ................ */
    0x04, 0x00, 0x05, 0x00, 0xf4, 0xff, 0x08, 0x00, 0xff, 0xff, 0x03, 0x00, 0x00, 0x00, 0x02, 0x00, /* ................ */
    0xf1, 0xff, 0x08, 0x00, 0xfe, 0xff, 0x04, 0x00, 0x01, 0x00, 0x03, 0x00, 0x00, 0x00, 0x02, 0x00, /* ................ */
    0x06, 0x00, 0x06, 0x00, 0x03, 0x00, 0x05, 0x00, 0xff, 0xff, 0x03, 0x00, 0x00, 0x00, 0x02, 0x00, /* ................ */
    0x07, 0x00, 0x06, 0x00, 0x02, 0x00, 0x04, 0x00, 0x01, 0x00, 0x03, 0x00, 0x00, 0x00, 0x02, 0x00, /* ................ */
    0xfc, 0xff, 0x05, 0x00, 0x05, 0x00, 0x06, 0x00, 0xff, 0xff, 0x03, 0x00, 0x00, 0x00, 0x02, 0x00, /* ................ */
    0xf6, 0xff, 0x07, 0x00, 0xfe, 0xff, 0x04, 0x00, 0x01, 0x00, 0x03, 0x00, 0x00, 0x00, 0x02, 0x00, /* ................ */
    0xf7, 0xff, 0x07, 0x00, 0xfd, 0xff, 0x05, 0x00, 0xff, 0xff, 0x03, 0x00, 0x00, 0x00, 0x02, 0x00, /* ................ */
    0xf5, 0xff, 0x07, 0x00, 0x02, 0x00, 0x04, 0x00, 0x01, 0x00, 0x03, 0x00, 0x00, 0x00, 0x02, 0x00, /* ................ */
    0x04, 0x00, 0x05, 0x00, 0xf8, 0xff, 0x07, 0x00, 0xff, 0xff, 0x03, 0x00, 0x00, 0x00, 0x02, 0x00, /* ................ */
    0x00, 0x80, 0x07, 0x00, 0xfe, 0xff, 0x04, 0x00, 0x01, 0x00, 0x03, 0x00, 0x00, 0x00, 0x02, 0x00, /* ................ */
    0xfa, 0xff, 0x06, 0x00, 0x03, 0x00, 0x05, 0x00, 0xff, 0xff, 0x03, 0x00, 0x00, 0x00, 0x02, 0x00, /* ................ */
    0xf9, 0xff, 0x06, 0x00, 0x02, 0x00, 0x04, 0x00, 0x01, 0x00, 0x03, 0x00, 0x00, 0x00, 0x02, 0x00, /* ................ */
    0xfc, 0xff, 0x05, 0x00, 0xfb, 0xff, 0x06, 0x00, 0xff, 0xff, 0x03, 0x00, 0x00, 0x00, 0x02, 0x00, /* ................ */
    0xed, 0xff, 0x09, 0x00, 0xfe, 0xff, 0x04, 0x00, 0x01, 0x00, 0x03, 0x00, 0x00, 0x00, 0x02, 0x00, /* ................ */
    0xf3, 0xff, 0x08, 0x00, 0xfd, 0xff, 0x05, 0x00, 0xff, 0xff, 0x03, 0x00, 0x00, 0x00, 0x02, 0x00, /* ................ */
    0xe2, 0xff, 0x0a, 0x00, 0x02, 0x00, 0x04, 0x00, 0x01, 0x00, 0x03, 0x00, 0x00, 0x00, 0x02, 0x00, /* ................ */
    0x04, 0x00, 0x05, 0x00, 0x26, 0x00, 0x0c, 0x00, 0xff, 0xff, 0x03, 0x00, 0x00, 0x00, 0x02, 0x00, /* ....&........... */
    0xdc, 0xff, 0x0b, 0x00, 0xfe, 0xff, 0x04, 0x00, 0x01, 0x00, 0x03, 0x00, 0x00, 0x00, 0x02, 0x00, /* ................ */
    0x06, 0x00, 0x06, 0x00, 0x03, 0x00, 0x05, 0x00, 0xff, 0xff, 0x03, 0x00, 0x00, 0x00, 0x02, 0x00, /* ................ */
    0x07, 0x00, 0x06, 0x00, 0x02, 0x00, 0x04, 0x00, 0x01, 0x00, 0x03, 0x00, 0x00, 0x00, 0x02, 0x00, /* ................ */
    0xfc, 0xff, 0x05, 0x00, 0x05, 0x00, 0x06, 0x00, 0xff, 0xff, 0x03, 0x00, 0x00, 0x00, 0x02, 0x00, /* ................ */
    0x0a, 0x00, 0x07, 0x00, 0xfe, 0xff, 0x04, 0x00, 0x01, 0x00, 0x03, 0x00, 0x00, 0x00, 0x02, 0x00, /* ................ */
    0x09, 0x00, 0x07, 0x00, 0xfd, 0xff, 0x05, 0x00, 0xff, 0xff, 0x03, 0x00, 0x00, 0x00, 0x02, 0x00, /* ................ */
    0x0b, 0x00, 0x07, 0x00, 0x02, 0x00, 0x04, 0x00, 0x01, 0x00, 0x03, 0x00, 0x00, 0x00, 0x02, 0x00, /* ................ */
    0x04, 0x00, 0x05, 0x00, 0x08, 0x00, 0x07, 0x00, 0xff, 0xff, 0x03, 0x00, 0x00, 0x00, 0x02, 0x00, /* ................ */
    0xde, 0xff, 0x0b, 0x00, 0xfe, 0xff, 0x04, 0x00, 0x01, 0x00, 0x03, 0x00, 0x00, 0x00, 0x02, 0x00, /* ................ */
    0xfa, 0xff, 0x06, 0x00, 0x03, 0x00, 0x05, 0x00, 0xff, 0xff, 0x03, 0x00, 0x00, 0x00, 0x02, 0x00, /* ................ */
    0xf9, 0xff, 0x06, 0x00, 0x02, 0x00, 0x04, 0x00, 0x01, 0x00, 0x03, 0x00, 0x00, 0x00, 0x02, 0x00, /* ................ */
    0xfc, 0xff, 0x05, 0x00, 0xfb, 0xff, 0x06, 0x00, 0xff, 0xff, 0x03, 0x00, 0x00, 0x00, 0x02, 0x00, /* ................ */
    0x0e, 0x00, 0x08, 0x00, 0xfe, 0xff, 0x04, 0x00, 0x01, 0x00, 0x03, 0x00, 0x00, 0x00, 0x02, 0x00, /* ................ */
    0xe7, 0xff, 0x0a, 0x00, 0xfd, 0xff, 0x05, 0x00, 0xff, 0xff, 0x03, 0x00, 0x00, 0x00, 0x02, 0x00, /* ................ */
    0x10, 0x00, 0x08, 0x00, 0x02, 0x00, 0x04, 0x00, 0x01, 0x00, 0x03, 0x00, 0x00, 0x00, 0x02, 0x00, /* ................ */
    0x04, 0x00, 0x05, 0x00, 0x0c, 0x00, 0x08, 0x00, 0xff, 0xff, 0x03, 0x00, 0x00, 0x00, 0x02, 0x00, /* ................ */
    0x0f, 0x00, 0x08, 0x00, 0xfe, 0xff, 0x04, 0x00, 0x01, 0x00, 0x03, 0x00, 0x00, 0x00, 0x02, 0x00, /* ................ */
    0x06, 0x00, 0x06, 0x00, 0x03, 0x00, 0x05, 0x00, 0xff, 0xff, 0x03, 0x00, 0x00, 0x00, 0x02, 0x00, /* ................ */
    0x07, 0x00, 0x06, 0x00, 0x02, 0x00, 0x04, 0x00, 0x01, 0x00, 0x03, 0x00, 0x00, 0x00, 0x02, 0x00, /* ................ */
    0xfc, 0xff, 0x05, 0x00, 0x05, 0x00, 0x06, 0x00, 0xff, 0xff, 0x03, 0x00, 0x00, 0x00, 0x02, 0x00, /* ................ */
    0xf6, 0xff, 0x07, 0x00, 0xfe, 0xff, 0x04, 0x00, 0x01, 0x00, 0x03, 0x00, 0x00, 0x00, 0x02, 0x00, /* ................ */
    0xf7, 0xff, 0x07, 0x00, 0xfd, 0xff, 0x05, 0x00, 0xff, 0xff, 0x03, 0x00, 0x00, 0x00, 0x02, 0x00, /* ................ */
    0xf5, 0xff, 0x07, 0x00, 0x02, 0x00, 0x04, 0x00, 0x01, 0x00, 0x03, 0x00, 0x00, 0x00, 0x02, 0x00, /* ................ */
    0x04, 0x00, 0x05, 0x00, 0xf8, 0xff, 0x07, 0x00, 0xff, 0xff, 0x03, 0x00, 0x00, 0x00, 0x02, 0x00, /* ................ */
    0x00, 0x80, 0x07, 0x00, 0xfe, 0xff, 0x04, 0x00, 0x01, 0x00, 0x03, 0x00, 0x00, 0x00, 0x02, 0x00, /* ................ */
    0xfa, 0xff, 0x06, 0x00, 0x03, 0x00, 0x05, 0x00, 0xff, 0xff, 0x03, 0x00, 0x00, 0x00, 0x02, 0x00, /* ................ */
    0xf9, 0xff, 0x06, 0x00, 0x02, 0x00, 0x04, 0x00, 0x01, 0x00, 0x03, 0x00, 0x00, 0x00, 0x02, 0x00, /* ................ */
    0xfc, 0xff, 0x05, 0x00, 0xfb, 0xff, 0x06, 0x00, 0xff, 0xff, 0x03, 0x00, 0x00, 0x00, 0x02, 0x00, /* ................ */
    0xe6, 0xff, 0x0a, 0x00, 0xfe, 0xff, 0x04, 0x00, 0x01, 0x00, 0x03, 0x00, 0x00, 0x00, 0x02, 0x00, /* ................ */
    0x0d, 0x00, 0x08, 0x00, 0xfd, 0xff, 0x05, 0x00, 0xff, 0xff, 0x03, 0x00, 0x00, 0x00, 0x02, 0x00, /* ................ */
    0x16, 0x00, 0x09, 0x00, 0x02, 0x00, 0x04, 0x00, 0x01, 0x00, 0x03, 0x00, 0x00, 0x00, 0x02, 0x00, /* ................ */
    0x04, 0x00, 0x05, 0x00, 0x11, 0x00, 0x09, 0x00, 0xff, 0xff, 0x03, 0x00, 0x00, 0x00, 0x02, 0x00, /* ................ */
    0x15, 0x00, 0x09, 0x00, 0xfe, 0xff, 0x04, 0x00, 0x01, 0x00, 0x03, 0x00, 0x00, 0x00, 0x02, 0x00, /* ................ */
    0x06, 0x00, 0x06, 0x00, 0x03, 0x00, 0x05, 0x00, 0xff, 0xff, 0x03, 0x00, 0x00, 0x00, 0x02, 0x00, /* ................ */
    0x07, 0x00, 0x06, 0x00, 0x02, 0x00, 0x04, 0x00, 0x01, 0x00, 0x03, 0x00, 0x00, 0x00, 0x02, 0x00, /* ................ */
    0xfc, 0xff, 0x05, 0x00, 0x05, 0x00, 0x06, 0x00, 0xff, 0xff, 0x03, 0x00, 0x00, 0x00, 0x02, 0x00, /* ................ */
    0x0a, 0x00, 0x07, 0x00, 0xfe, 0xff, 0x04, 0x00, 0x01, 0x00, 0x03, 0x00, 0x00, 0x00, 0x02, 0x00, /* ................ */
    0x09, 0x00, 0x07, 0x00, 0xfd, 0xff, 0x05, 0x00, 0xff, 0xff, 0x03, 0x00, 0x00, 0x00, 0x02, 0x00, /* ................ */
    0x0b, 0x00, 0x07, 0x00, 0x02, 0x00, 0x04, 0x00, 0x01, 0x00, 0x03, 0x00, 0x00, 0x00, 0x02, 0x00, /* ................ */
    0x04, 0x00, 0x05, 0x00, 0x08, 0x00, 0x07, 0x00, 0xff, 0xff, 0x03, 0x00, 0x00, 0x00, 0x02, 0x00, /* ................ */
    0x14, 0x00, 0x09, 0x00, 0xfe, 0xff, 0x04, 0x00, 0x01, 0x00, 0x03, 0x00, 0x00, 0x00, 0x02, 0x00, /* ................ */
    0xfa, 0xff, 0x06, 0x00, 0x03, 0x00, 0x05, 0x00, 0xff, 0xff, 0x03, 0x00, 0x00, 0x00, 0x02, 0x00, /* ................ */
    0xf9, 0xff, 0x06, 0x00, 0x02, 0x00, 0x04, 0x00, 0x01, 0x00, 0x03, 0x00, 0x00, 0x00, 0x02, 0x00, /* ................ */
    0xfc, 0xff, 0x05, 0x00, 0xfb, 0xff, 0x06, 0x00, 0xff, 0xff, 0x03, 0x00, 0x00, 0x00, 0x02, 0x00, /* ................ */
    0xf2, 0xff, 0x08, 0x00, 0xfe, 0xff, 0x04, 0x00, 0x01, 0x00, 0x03, 0x00, 0x00, 0x00, 0x02, 0x00, /* ................ */
    0x12, 0x00, 0x09, 0x00, 0xfd, 0xff, 0x05, 0x00, 0xff, 0xff, 0x03, 0x00, 0x00, 0x00, 0x02, 0x00, /* ................ */
    0xf0, 0xff, 0x08, 0x00, 0x02, 0x00, 0x04, 0x00, 0x01, 0x00, 0x03, 0x00, 0x00, 0x00, 0x02, 0x00, /* ................ */
    0x04, 0x00, 0x05, 0x00, 0xf4, 0xff, 0x08, 0x00, 0xff, 0xff, 0x03, 0x00, 0x00, 0x00, 0x02, 0x00, /* ................ */
    0xf1, 0xff, 0x08, 0x00, 0xfe, 0xff, 0x04, 0x00, 0x01, 0x00, 0x03, 0x00, 0x00, 0x00, 0x02, 0x00, /* ................ */
    0x06, 0x00, 0x06, 0x00, 0x03, 0x00, 0x05, 0x00, 0xff, 0xff, 0x03, 0x00, 0x00, 0x00, 0x02, 0x00, /* ................ */
    0x07, 0x00, 0x06, 0x00, 0x02, 0x00, 0x04, 0x00, 0x01, 0x00, 0x03, 0x00, 0x00, 0x00, 0x02, 0x00, /* ................ */
    0xfc, 0xff, 0x05, 0x00, 0x05, 0x00, 0x06, 0x00, 0xff, 0xff, 0x03, 0x00, 0x00, 0x00, 0x02, 0x00, /* ................ */
    0xf6, 0xff, 0x07, 0x00, 0xfe, 0xff, 0x04, 0x00, 0x01, 0x00, 0x03, 0x00, 0x00, 0x00, 0x02, 0x00, /* ................ */
    0xf7, 0xff, 0x07, 0x00, 0xfd, 0xff, 0x05, 0x00, 0xff, 0xff, 0x03, 0x00, 0x00, 0x00, 0x02, 0x00, /* ................ */
    0xf5, 0xff, 0x07, 0x00, 0x02, 0x00, 0x04, 0x00, 0x01, 0x00, 0x03, 0x00, 0x00, 0x00, 0x02, 0x00, /* ................ */
    0x04, 0x00, 0x05, 0x00, 0xf8, 0xff, 0x07, 0x00, 0xff, 0xff, 0x03, 0x00, 0x00, 0x00, 0x02, 0x00, /* ................ */
    0x00, 0x80, 0x07, 0x00, 0xfe, 0xff, 0x04, 0x00, 0x01, 0x00, 0x03, 0x00, 0x00, 0x00, 0x02, 0x00, /* ................ */
    0xfa, 0xff, 0x06, 0x00, 0x03, 0x00, 0x05, 0x00, 0xff, 0xff, 0x03, 0x00, 0x00, 0x00, 0x02, 0x00, /* ................ */
    0xf9, 0xff, 0x06, 0x00, 0x02, 0x00, 0x04, 0x00, 0x01, 0x00, 0x03, 0x00, 0x00, 0x00, 0x02, 0x00, /* ................ */
    0xfc, 0xff, 0x05, 0x00, 0xfb, 0xff, 0x06, 0x00, 0xff, 0xff, 0x03, 0x00, 0x00, 0x00, 0x02, 0x00, /* ................ */
    0x13, 0x00, 0x09, 0x00, 0xfe, 0xff, 0x04, 0x00, 0x01, 0x00, 0x03, 0x00, 0x00, 0x00, 0x02, 0x00, /* ................ */
    0xf3, 0xff, 0x08, 0x00, 0xfd, 0xff, 0x05, 0x00, 0xff, 0xff, 0x03, 0x00, 0x00, 0x00, 0x02, 0x00, /* ................ */
    0xe3, 0xff, 0x0a, 0x00, 0x02, 0x00, 0x04, 0x00, 0x01, 0x00, 0x03, 0x00, 0x00, 0x00, 0x02, 0x00, /* ................ */
    0x04, 0x00, 0x05, 0x00, 0xe9, 0xff, 0x0a, 0x00, 0xff, 0xff, 0x03, 0x00, 0x00, 0x00, 0x02, 0x00, /* ................ */
    0xe4, 0xff, 0x0a, 0x00, 0xfe, 0xff, 0x04, 0x00, 0x01, 0x00, 0x03, 0x00, 0x00, 0x00, 0x02, 0x00, /* ................ */
    0x06, 0x00, 0x06, 0x00, 0x03, 0x00, 0x05, 0x00, 0xff, 0xff, 0x03, 0x00, 0x00, 0x00, 0x02, 0x00, /* ................ */
    0x07, 0x00, 0x06, 0x00, 0x02, 0x00, 0x04, 0x00, 0x01, 0x00, 0x03, 0x00, 0x00, 0x00, 0x02, 0x00, /* ................ */
    0xfc, 0xff, 0x05, 0x00, 0x05, 0x00, 0x06, 0x00, 0xff, 0xff, 0x03, 0x00, 0x00, 0x00, 0x02, 0x00, /* ................ */
    0x0a, 0x00, 0x07, 0x00, 0xfe, 0xff, 0x04, 0x00, 0x01, 0x00, 0x03, 0x00, 0x00, 0x00, 0x02, 0x00, /* ................ */
    0x09, 0x00, 0x07, 0x00, 0xfd, 0xff, 0x05, 0x00, 0xff, 0xff, 0x03, 0x00, 0x00, 0x00, 0x02, 0x00, /* ................ */
    0x0b, 0x00, 0x07, 0x00, 0x02, 0x00, 0x04, 0x00, 0x01, 0x00, 0x03, 0x00, 0x00, 0x00, 0x02, 0x00, /* ................ */
    0x04, 0x00, 0x05, 0x00, 0x08, 0x00, 0x07, 0x00, 0xff, 0xff, 0x03, 0x00, 0x00, 0x00, 0x02, 0x00, /* ................ */
    0xe5, 0xff, 0x0a, 0x00, 0xfe, 0xff, 0x04, 0x00, 0x01, 0x00, 0x03, 0x00, 0x00, 0x00, 0x02, 0x00, /* ................ */
    0xfa, 0xff, 0x06, 0x00, 0x03, 0x00, 0x05, 0x00, 0xff, 0xff, 0x03, 0x00, 0x00, 0x00, 0x02, 0x00, /* ................ */
    0xf9, 0xff, 0x06, 0x00, 0x02, 0x00, 0x04, 0x00, 0x01, 0x00, 0x03, 0x00, 0x00, 0x00, 0x02, 0x00, /* ................ */
    0xfc, 0xff, 0x05, 0x00, 0xfb, 0xff, 0x06, 0x00, 0xff, 0xff, 0x03, 0x00, 0x00, 0x00, 0x02, 0x00, /* ................ */
    0x0e, 0x00, 0x08, 0x00, 0xfe, 0xff, 0x04, 0x00, 0x01, 0x00, 0x03, 0x00, 0x00, 0x00, 0x02, 0x00, /* ................ */
    0xe8, 0xff, 0x0a, 0x00, 0xfd, 0xff, 0x05, 0x00, 0xff, 0xff, 0x03, 0x00, 0x00, 0x00, 0x02, 0x00, /* ................ */
    0x10, 0x00, 0x08, 0x00, 0x02, 0x00, 0x04, 0x00, 0x01, 0x00, 0x03, 0x00, 0x00, 0x00, 0x02, 0x00, /* ................ */
    0x04, 0x00, 0x05, 0x00, 0x0c, 0x00, 0x08, 0x00, 0xff, 0xff, 0x03, 0x00, 0x00, 0x00, 0x02, 0x00, /* ................ */
    0x0f, 0x00, 0x08, 0x00, 0xfe, 0xff, 0x04, 0x00, 0x01, 0x00, 0x03, 0x00, 0x00, 0x00, 0x02, 0x00, /* ................ */
    0x06, 0x00, 0x06, 0x00, 0x03, 0x00, 0x05, 0x00, 0xff, 0xff, 0x03, 0x00, 0x00, 0x00, 0x02, 0x00, /* ................ */
    0x07, 0x00, 0x06, 0x00, 0x02, 0x00, 0x04, 0x00, 0x01, 0x00, 0x03, 0x00, 0x00, 0x00, 0x02, 0x00, /* ................ */
    0xfc, 0xff, 0x05, 0x00, 0x05, 0x00, 0x06, 0x00, 0xff, 0xff, 0x03, 0x00, 0x00, 0x00, 0x02, 0x00, /* ................ */
    0xf6, 0xff, 0x07, 0x00, 0xfe, 0xff, 0x04, 0x00, 0x01, 0x00, 0x03, 0x00, 0x00, 0x00, 0x02, 0x00, /* ................ */
    0xf7, 0xff, 0x07, 0x00, 0xfd, 0xff, 0x05, 0x00, 0xff, 0xff, 0x03, 0x00, 0x00, 0x00, 0x02, 0x00, /* ................ */
    0xf5, 0xff, 0x07, 0x00, 0x02, 0x00, 0x04, 0x00, 0x01, 0x00, 0x03, 0x00, 0x00, 0x00, 0x02, 0x00, /* ................ */
    0x04, 0x00, 0x05, 0x00, 0xf8, 0xff, 0x07, 0x00, 0xff, 0xff, 0x03, 0x00, 0x00, 0x00, 0x02, 0x00, /* ................ */
    0x00, 0x80, 0x07, 0x00, 0xfe, 0xff, 0x04, 0x00, 0x01, 0x00, 0x03, 0x00, 0x00, 0x00, 0x02, 0x00, /* ................ */
    0xfa, 0xff, 0x06, 0x00, 0x03, 0x00, 0x05, 0x00, 0xff, 0xff, 0x03, 0x00, 0x00, 0x00, 0x02, 0x00, /* ................ */
    0xf9, 0xff, 0x06, 0x00, 0x02, 0x00, 0x04, 0x00, 0x01, 0x00, 0x03, 0x00, 0x00, 0x00, 0x02, 0x00, /* ................ */
    0xfc, 0xff, 0x05, 0x00, 0xfb, 0xff, 0x06, 0x00, 0xff, 0xff, 0x03, 0x00, 0x00, 0x00, 0x02, 0x00, /* ................ */
    0xe0, 0xff, 0x0b, 0x00, 0xfe, 0xff, 0x04, 0x00, 0x01, 0x00, 0x03, 0x00, 0x00, 0x00, 0x02, 0x00, /* ................ */
    0x0d, 0x00, 0x08, 0x00, 0xfd, 0xff, 0x05, 0x00, 0xff, 0xff, 0x03, 0x00, 0x00, 0x00, 0x02, 0x00, /* ................ */
    0xea, 0xff, 0x09, 0x00, 0x02, 0x00, 0x04, 0x00, 0x01, 0x00, 0x03, 0x00, 0x00, 0x00, 0x02, 0x00, /* ................ */
    0x04, 0x00, 0x05, 0x00, 0xef, 0xff, 0x09, 0x00, 0xff, 0xff, 0x03, 0x00, 0x00, 0x00, 0x02, 0x00, /* ................ */
    0xeb, 0xff, 0x09, 0x00, 0xfe, 0xff, 0x04, 0x00, 0x01, 0x00, 0x03, 0x00, 0x00, 0x00, 0x02, 0x00, /* ................ */
    0x06, 0x00, 0x06, 0x00, 0x03, 0x00, 0x05, 0x00, 0xff, 0xff, 0x03, 0x00, 0x00, 0x00, 0x02, 0x00, /* ................ */
    0x07, 0x00, 0x06, 0x00, 0x02, 0x00, 0x04, 0x00, 0x01, 0x00, 0x03, 0x00, 0x00, 0x00, 0x02, 0x00, /* ................ */
    0xfc, 0xff, 0x05, 0x00, 0x05, 0x00, 0x06, 0x00, 0xff, 0xff, 0x03, 0x00, 0x00, 0x00, 0x02, 0x00, /* ................ */
    0x0a, 0x00, 0x07, 0x00, 0xfe, 0xff, 0x04, 0x00, 0x01, 0x00, 0x03, 0x00, 0x00, 0x00, 0x02, 0x00, /* ................ */
    0x09, 0x00, 0x07, 0x00, 0xfd, 0xff, 0x05, 0x00, 0xff, 0xff, 0x03, 0x00, 0x00, 0x00, 0x02, 0x00, /* ................ */
    0x0b, 0x00, 0x07, 0x00, 0x02, 0x00, 0x04, 0x00, 0x01, 0x00, 0x03, 0x00, 0x00, 0x00, 0x02, 0x00, /* ................ */
    0x04, 0x00, 0x05, 0x00, 0x08, 0x00, 0x07, 0x00, 0xff, 0xff, 0x03, 0x00, 0x00, 0x00, 0x02, 0x00, /* ................ */
    0xec, 0xff, 0x09, 0x00, 0xfe, 0xff, 0x04, 0x00, 0x01, 0x00, 0x03, 0x00, 0x00, 0x00, 0x02, 0x00, /* ................ */
    0xfa, 0xff, 0x06, 0x00, 0x03, 0x00, 0x05, 0x00, 0xff, 0xff, 0x03, 0x00, 0x00, 0x00, 0x02, 0x00, /* ................ */
    0xf9, 0xff, 0x06, 0x00, 0x02, 0x00, 0x04, 0x00, 0x01, 0x00, 0x03, 0x00, 0x00, 0x00, 0x02, 0x00, /* ................ */
    0xfc, 0xff, 0x05, 0x00, 0xfb, 0xff, 0x06, 0x00, 0xff, 0xff, 0x03, 0x00, 0x00, 0x00, 0x02, 0x00, /* ................ */
    0xf2, 0xff, 0x08, 0x00, 0xfe, 0xff, 0x04, 0x00, 0x01, 0x00, 0x03, 0x00, 0x00, 0x00, 0x02, 0x00, /* ................ */
    0xee, 0xff, 0x09, 0x00, 0xfd, 0xff, 0x05, 0x00, 0xff, 0xff, 0x03, 0x00, 0x00, 0x00, 0x02, 0x00, /* ................ */
    0xf0, 0xff, 0x08, 0x00, 0x02, 0x00, 0x04, 0x00, 0x01, 0x00, 0x03, 0x00, 0x00, 0x00, 0x02, 0x00, /* ................ */
    0x04, 0x00, 0x05, 0x00, 0xf4, 0xff, 0x08, 0x00, 0xff, 0xff, 0x03, 0x00, 0x00, 0x00, 0x02, 0x00, /* ................ */
    0xf1, 0xff, 0x08, 0x00, 0xfe, 0xff, 0x04, 0x00, 0x01, 0x00, 0x03, 0x00, 0x00, 0x00, 0x02, 0x00, /* ................ */
    0x06, 0x00, 0x06, 0x00, 0x03, 0x00, 0x05, 0x00, 0xff, 0xff, 0x03, 0x00, 0x00, 0x00, 0x02, 0x00, /* ................ */
    0x07, 0x00, 0x06, 0x00, 0x02, 0x00, 0x04, 0x00, 0x01, 0x00, 0x03, 0x00, 0x00, 0x00, 0x02, 0x00, /* ................ */
    0xfc, 0xff, 0x05, 0x00, 0x05, 0x00, 0x06, 0x00, 0xff, 0xff, 0x03, 0x00, 0x00, 0x00, 0x02, 0x00, /* ................ */
    0xf6, 0xff, 0x07, 0x00, 0xfe, 0xff, 0x04, 0x00, 0x01, 0x00, 0x03, 0x00, 0x00, 0x00, 0x02, 0x00, /* ................ */
    0xf7, 0xff, 0x07, 0x00, 0xfd, 0xff, 0x05, 0x00, 0xff, 0xff, 0x03, 0x00, 0x00, 0x00, 0x02, 0x00, /* ................ */
    0xf5, 0xff, 0x07, 0x00, 0x02, 0x00, 0x04, 0x00, 0x01, 0x00, 0x03, 0x00, 0x00, 0x00, 0x02, 0x00, /* ................ */
    0x04, 0x00, 0x05, 0x00, 0xf8, 0xff, 0x07, 0x00, 0xff, 0xff, 0x03, 0x00, 0x00, 0x00, 0x02, 0x00, /* ................ */
    0x00, 0x80, 0x07, 0x00, 0xfe, 0xff, 0x04, 0x00, 0x01, 0x00, 0x03, 0x00, 0x00, 0x00, 0x02, 0x00, /* ................ */
    0xfa, 0xff, 0x06, 0x00, 0x03, 0x00, 0x05, 0x00, 0xff, 0xff, 0x03, 0x00, 0x00, 0x00, 0x02, 0x00, /* ................ */
    0xf9, 0xff, 0x06, 0x00, 0x02, 0x00, 0x04, 0x00, 0x01, 0x00, 0x03, 0x00, 0x00, 0x00, 0x02, 0x00, /* ................ */
    0xfc, 0xff, 0x05, 0x00, 0xfb, 0xff, 0x06, 0x00, 0xff, 0xff, 0x03, 0x00, 0x00, 0x00, 0x02, 0x00, /* ................ */
    0xed, 0xff, 0x09, 0x00, 0xfe, 0xff, 0x04, 0x00, 0x01, 0x00, 0x03, 0x00, 0x00, 0x00, 0x02, 0x00, /* ................ */
    0xf3, 0xff, 0x08, 0x00, 0xfd, 0xff, 0x05, 0x00, 0xff, 0xff, 0x03, 0x00, 0x00, 0x00, 0x02, 0x00, /* ................ */
    0x1e, 0x00, 0x0a, 0x00, 0x02, 0x00, 0x04, 0x00, 0x01, 0x00, 0x03, 0x00, 0x00, 0x00, 0x02, 0x00, /* ................ */
    0x04, 0x00, 0x05, 0x00, 0x1f, 0x00, 0x0b, 0x00, 0xff, 0xff, 0x03, 0x00, 0x00, 0x00, 0x02, 0x00, /* ................ */
    0x25, 0x00, 0x0b, 0x00, 0xfe, 0xff, 0x04, 0x00, 0x01, 0x00, 0x03, 0x00, 0x00, 0x00, 0x02, 0x00, /* %............... */
    0x06, 0x00, 0x06, 0x00, 0x03, 0x00, 0x05, 0x00, 0xff, 0xff, 0x03, 0x00, 0x00, 0x00, 0x02, 0x00, /* ................ */
    0x07, 0x00, 0x06, 0x00, 0x02, 0x00, 0x04, 0x00, 0x01, 0x00, 0x03, 0x00, 0x00, 0x00, 0x02, 0x00, /* ................ */
    0xfc, 0xff, 0x05, 0x00, 0x05, 0x00, 0x06, 0x00, 0xff, 0xff, 0x03, 0x00, 0x00, 0x00, 0x02, 0x00, /* ................ */
    0x0a, 0x00, 0x07, 0x00, 0xfe, 0xff, 0x04, 0x00, 0x01, 0x00, 0x03, 0x00, 0x00, 0x00, 0x02, 0x00, /* ................ */
    0x09, 0x00, 0x07, 0x00, 0xfd, 0xff, 0x05, 0x00, 0xff, 0xff, 0x03, 0x00, 0x00, 0x00, 0x02, 0x00, /* ................ */
    0x0b, 0x00, 0x07, 0x00, 0x02, 0x00, 0x04, 0x00, 0x01, 0x00, 0x03, 0x00, 0x00, 0x00, 0x02, 0x00, /* ................ */
    0x04, 0x00, 0x05, 0x00, 0x08, 0x00, 0x07, 0x00, 0xff, 0xff, 0x03, 0x00, 0x00, 0x00, 0x02, 0x00, /* ................ */
    0x23, 0x00, 0x0b, 0x00, 0xfe, 0xff, 0x04, 0x00, 0x01, 0x00, 0x03, 0x00, 0x00, 0x00, 0x02, 0x00, /* #............... */
    0xfa, 0xff, 0x06, 0x00, 0x03, 0x00, 0x05, 0x00, 0xff, 0xff, 0x03, 0x00, 0x00, 0x00, 0x02, 0x00, /* ................ */
    0xf9, 0xff, 0x06, 0x00, 0x02, 0x00, 0x04, 0x00, 0x01, 0x00, 0x03, 0x00, 0x00, 0x00, 0x02, 0x00, /* ................ */
    0xfc, 0xff, 0x05, 0x00, 0xfb, 0xff, 0x06, 0x00, 0xff, 0xff, 0x03, 0x00, 0x00, 0x00, 0x02, 0x00, /* ................ */
    0x0e, 0x00, 0x08, 0x00, 0xfe, 0xff, 0x04, 0x00, 0x01, 0x00, 0x03, 0x00, 0x00, 0x00, 0x02, 0x00, /* ................ */
    0x19, 0x00, 0x0a, 0x00, 0xfd, 0xff, 0x05, 0x00, 0xff, 0xff, 0x03, 0x00, 0x00, 0x00, 0x02, 0x00, /* ................ */
    0x10, 0x00, 0x08, 0x00, 0x02, 0x00, 0x04, 0x00, 0x01, 0x00, 0x03, 0x00, 0x00, 0x00, 0x02, 0x00, /* ................ */
    0x04, 0x00, 0x05, 0x00, 0x0c, 0x00, 0x08, 0x00, 0xff, 0xff, 0x03, 0x00, 0x00, 0x00, 0x02, 0x00, /* ................ */
    0x0f, 0x00, 0x08, 0x00, 0xfe, 0xff, 0x04, 0x00, 0x01, 0x00, 0x03, 0x00, 0x00, 0x00, 0x02, 0x00, /* ................ */
    0x06, 0x00, 0x06, 0x00, 0x03, 0x00, 0x05, 0x00, 0xff, 0xff, 0x03, 0x00, 0x00, 0x00, 0x02, 0x00, /* ................ */
    0x07, 0x00, 0x06, 0x00, 0x02, 0x00, 0x04, 0x00, 0x01, 0x00, 0x03, 0x00, 0x00, 0x00, 0x02, 0x00, /* ................ */
    0xfc, 0xff, 0x05, 0x00, 0x05, 0x00, 0x06, 0x00, 0xff, 0xff, 0x03, 0x00, 0x00, 0x00, 0x02, 0x00, /* ................ */
    0xf6, 0xff, 0x07, 0x00, 0xfe, 0xff, 0x04, 0x00, 0x01, 0x00, 0x03, 0x00, 0x00, 0x00, 0x02, 0x00, /* ................ */
    0xf7, 0xff, 0x07, 0x00, 0xfd, 0xff, 0x05, 0x00, 0xff, 0xff, 0x03, 0x00, 0x00, 0x00, 0x02, 0x00, /* ................ */
    0xf5, 0xff, 0x07, 0x00, 0x02, 0x00, 0x04, 0x00, 0x01, 0x00, 0x03, 0x00, 0x00, 0x00, 0x02, 0x00, /* ................ */
    0x04, 0x00, 0x05, 0x00, 0xf8, 0xff, 0x07, 0x00, 0xff, 0xff, 0x03, 0x00, 0x00, 0x00, 0x02, 0x00, /* ................ */
    0x00, 0x80, 0x07, 0x00, 0xfe, 0xff, 0x04, 0x00, 0x01, 0x00, 0x03, 0x00, 0x00, 0x00, 0x02, 0x00, /* ................ */
    0xfa, 0xff, 0x06, 0x00, 0x03, 0x00, 0x05, 0x00, 0xff, 0xff, 0x03, 0x00, 0x00, 0x00, 0x02, 0x00, /* ................ */
    0xf9, 0xff, 0x06, 0x00, 0x02, 0x00, 0x04, 0x00, 0x01, 0x00, 0x03, 0x00, 0x00, 0x00, 0x02, 0x00, /* ................ */
    0xfc, 0xff, 0x05, 0x00, 0xfb, 0xff, 0x06, 0x00, 0xff, 0xff, 0x03, 0x00, 0x00, 0x00, 0x02, 0x00, /* ................ */
    0x1a, 0x00, 0x0a, 0x00, 0xfe, 0xff, 0x04, 0x00, 0x01, 0x00, 0x03, 0x00, 0x00, 0x00, 0x02, 0x00, /* ................ */
    0x0d, 0x00, 0x08, 0x00, 0xfd, 0xff, 0x05, 0x00, 0xff, 0xff, 0x03, 0x00, 0x00, 0x00, 0x02, 0x00, /* ................ */
    0x16, 0x00, 0x09, 0x00, 0x02, 0x00, 0x04, 0x00, 0x01, 0x00, 0x03, 0x00, 0x00, 0x00, 0x02, 0x00, /* ................ */
    0x04, 0x00, 0x05, 0x00, 0x11, 0x00, 0x09, 0x00, 0xff, 0xff, 0x03, 0x00, 0x00, 0x00, 0x02, 0x00, /* ................ */
    0x15, 0x00, 0x09, 0x00, 0xfe, 0xff, 0x04, 0x00, 0x01, 0x00, 0x03, 0x00, 0x00, 0x00, 0x02, 0x00, /* ................ */
    0x06, 0x00, 0x06, 0x00, 0x03, 0x00, 0x05, 0x00, 0xff, 0xff, 0x03, 0x00, 0x00, 0x00, 0x02, 0x00, /* ................ */
    0x07, 0x00, 0x06, 0x00, 0x02, 0x00, 0x04, 0x00, 0x01, 0x00, 0x03, 0x00, 0x00, 0x00, 0x02, 0x00, /* ................ */
    0xfc, 0xff, 0x05, 0x00, 0x05, 0x00, 0x06, 0x00, 0xff, 0xff, 0x03, 0x00, 0x00, 0x00, 0x02, 0x00, /* ................ */
    0x0a, 0x00, 0x07, 0x00, 0xfe, 0xff, 0x04, 0x00, 0x01, 0x00, 0x03, 0x00, 0x00, 0x00, 0x02, 0x00, /* ................ */
    0x09, 0x00, 0x07, 0x00, 0xfd, 0xff, 0x05, 0x00, 0xff, 0xff, 0x03, 0x00, 0x00, 0x00, 0x02, 0x00, /* ................ */
    0x0b, 0x00, 0x07, 0x00, 0x02, 0x00, 0x04, 0x00, 0x01, 0x00, 0x03, 0x00, 0x00, 0x00, 0x02, 0x00, /* ................ */
    0x04, 0x00, 0x05, 0x00, 0x08, 0x00, 0x07, 0x00, 0xff, 0xff, 0x03, 0x00, 0x00, 0x00, 0x02, 0x00, /* ................ */
    0x14, 0x00, 0x09, 0x00, 0xfe, 0xff, 0x04, 0x00, 0x01, 0x00, 0x03, 0x00, 0x00, 0x00, 0x02, 0x00, /* ................ */
    0xfa, 0xff, 0x06, 0x00, 0x03, 0x00, 0x05, 0x00, 0xff, 0xff, 0x03, 0x00, 0x00, 0x00, 0x02, 0x00, /* ................ */
    0xf9, 0xff, 0x06, 0x00, 0x02, 0x00, 0x04, 0x00, 0x01, 0x00, 0x03, 0x00, 0x00, 0x00, 0x02, 0x00, /* ................ */
    0xfc, 0xff, 0x05, 0x00, 0xfb, 0xff, 0x06, 0x00, 0xff, 0xff, 0x03, 0x00, 0x00, 0x00, 0x02, 0x00, /* ................ */
    0xf2, 0xff, 0x08, 0x00, 0xfe, 0xff, 0x04, 0x00, 0x01, 0x00, 0x03, 0x00, 0x00, 0x00, 0x02, 0x00, /* ................ */
    0x12, 0x00, 0x09, 0x00, 0xfd, 0xff, 0x05, 0x00, 0xff, 0xff, 0x03, 0x00, 0x00, 0x00, 0x02, 0x00, /* ................ */
    0xf0, 0xff, 0x08, 0x00, 0x02, 0x00, 0x04, 0x00, 0x01, 0x00, 0x03, 0x00, 0x00, 0x00, 0x02, 0x00, /* ................ */
    0x04, 0x00, 0x05, 0x00, 0xf4, 0xff, 0x08, 0x00, 0xff, 0xff, 0x03, 0x00, 0x00, 0x00, 0x02, 0x00, /* ................ */
    0xf1, 0xff, 0x08, 0x00, 0xfe, 0xff, 0x04, 0x00, 0x01, 0x00, 0x03, 0x00, 0x00, 0x00, 0x02, 0x00, /* ................ */
    0x06, 0x00, 0x06, 0x00, 0x03, 0x00, 0x05, 0x00, 0xff, 0xff, 0x03, 0x00, 0x00, 0x00, 0x02, 0x00, /* ................ */
    0x07, 0x00, 0x06, 0x00, 0x02, 0x00, 0x04, 0x00, 0x01, 0x00, 0x03, 0x00, 0x00, 0x00, 0x02, 0x00, /* ................ */
    0xfc, 0xff, 0x05, 0x00, 0x05, 0x00, 0x06, 0x00, 0xff, 0xff, 0x03, 0x00, 0x00, 0x00, 0x02, 0x00, /* ................ */
    0xf6, 0xff, 0x07, 0x00, 0xfe, 0xff, 0x04, 0x00, 0x01, 0x00, 0x03, 0x00, 0x00, 0x00, 0x02, 0x00, /* ................ */
    0xf7, 0xff, 0x07, 0x00, 0xfd, 0xff, 0x05, 0x00, 0xff, 0xff, 0x03, 0x00, 0x00, 0x00, 0x02, 0x00, /* ................ */
    0xf5, 0xff, 0x07, 0x00, 0x02, 0x00, 0x04, 0x00, 0x01, 0x00, 0x03, 0x00, 0x00, 0x00, 0x02, 0x00, /* ................ */
    0x04, 0x00, 0x05, 0x00, 0xf8, 0xff, 0x07, 0x00, 0xff, 0xff, 0x03, 0x00, 0x00, 0x00, 0x02, 0x00, /* ................ */
    0x00, 0x80, 0x07, 0x00, 0xfe, 0xff, 0x04, 0x00, 0x01, 0x00, 0x03, 0x00, 0x00, 0x00, 0x02, 0x00, /* ................ */
    0xfa, 0xff, 0x06, 0x00, 0x03, 0x00, 0x05, 0x00, 0xff, 0xff, 0x03, 0x00, 0x00, 0x00, 0x02, 0x00, /* ................ */
    0xf9, 0xff, 0x06, 0x00, 0x02, 0x00, 0x04, 0x00, 0x01, 0x00, 0x03, 0x00, 0x00, 0x00, 0x02, 0x00, /* ................ */
    0xfc, 0xff, 0x05, 0x00, 0xfb, 0xff, 0x06, 0x00, 0xff, 0xff, 0x03, 0x00, 0x00, 0x00, 0x02, 0x00, /* ................ */
    0x13, 0x00, 0x09, 0x00, 0xfe, 0xff, 0x04, 0x00, 0x01, 0x00, 0x03, 0x00, 0x00, 0x00, 0x02, 0x00, /* ................ */
    0xf3, 0xff, 0x08, 0x00, 0xfd, 0xff, 0x05, 0x00, 0xff, 0xff, 0x03, 0x00, 0x00, 0x00, 0x02, 0x00, /* ................ */
    0x1d, 0x00, 0x0a, 0x00, 0x02, 0x00, 0x04, 0x00, 0x01, 0x00, 0x03, 0x00, 0x00, 0x00, 0x02, 0x00, /* ................ */
    0x04, 0x00, 0x05, 0x00, 0x17, 0x00, 0x0a, 0x00, 0xff, 0xff, 0x03, 0x00, 0x00, 0x00, 0x02, 0x00, /* ................ */
    0x1c, 0x00, 0x0a, 0x00, 0xfe, 0xff, 0x04, 0x00, 0x01, 0x00, 0x03, 0x00, 0x00, 0x00, 0x02, 0x00, /* ................ */
    0x06, 0x00, 0x06, 0x00, 0x03, 0x00, 0x05, 0x00, 0xff, 0xff, 0x03, 0x00, 0x00, 0x00, 0x02, 0x00, /* ................ */
    0x07, 0x00, 0x06, 0x00, 0x02, 0x00, 0x04, 0x00, 0x01, 0x00, 0x03, 0x00, 0x00, 0x00, 0x02, 0x00, /* ................ */
    0xfc, 0xff, 0x05, 0x00, 0x05, 0x00, 0x06, 0x00, 0xff, 0xff, 0x03, 0x00, 0x00, 0x00, 0x02, 0x00, /* ................ */
    0x0a, 0x00, 0x07, 0x00, 0xfe, 0xff, 0x04, 0x00, 0x01, 0x00, 0x03, 0x00, 0x00, 0x00, 0x02, 0x00, /* ................ */
    0x09, 0x00, 0x07, 0x00, 0xfd, 0xff, 0x05, 0x00, 0xff, 0xff, 0x03, 0x00, 0x00, 0x00, 0x02, 0x00, /* ................ */
    0x0b, 0x00, 0x07, 0x00, 0x02, 0x00, 0x04, 0x00, 0x01, 0x00, 0x03, 0x00, 0x00, 0x00, 0x02, 0x00, /* ................ */
    0x04, 0x00, 0x05, 0x00, 0x08, 0x00, 0x07, 0x00, 0xff, 0xff, 0x03, 0x00, 0x00, 0x00, 0x02, 0x00, /* ................ */
    0x1b, 0x00, 0x0a, 0x00, 0xfe, 0xff, 0x04, 0x00, 0x01, 0x00, 0x03, 0x00, 0x00, 0x00, 0x02, 0x00, /* ................ */
    0xfa, 0xff, 0x06, 0x00, 0x03, 0x00, 0x05, 0x00, 0xff, 0xff, 0x03, 0x00, 0x00, 0x00, 0x02, 0x00, /* ................ */
    0xf9, 0xff, 0x06, 0x00, 0x02, 0x00, 0x04, 0x00, 0x01, 0x00, 0x03, 0x00, 0x00, 0x00, 0x02, 0x00, /* ................ */
    0xfc, 0xff, 0x05, 0x00, 0xfb, 0xff, 0x06, 0x00, 0xff, 0xff, 0x03, 0x00, 0x00, 0x00, 0x02, 0x00, /* ................ */
    0x0e, 0x00, 0x08, 0x00, 0xfe, 0xff, 0x04, 0x00, 0x01, 0x00, 0x03, 0x00, 0x00, 0x00, 0x02, 0x00, /* ................ */
    0x18, 0x00, 0x0a, 0x00, 0xfd, 0xff, 0x05, 0x00, 0xff, 0xff, 0x03, 0x00, 0x00, 0x00, 0x02, 0x00, /* ................ */
    0x10, 0x00, 0x08, 0x00, 0x02, 0x00, 0x04, 0x00, 0x01, 0x00, 0x03, 0x00, 0x00, 0x00, 0x02, 0x00, /* ................ */
    0x04, 0x00, 0x05, 0x00, 0x0c, 0x00, 0x08, 0x00, 0xff, 0xff, 0x03, 0x00, 0x00, 0x00, 0x02, 0x00, /* ................ */
    0x0f, 0x00, 0x08, 0x00, 0xfe, 0xff, 0x04, 0x00, 0x01, 0x00, 0x03, 0x00, 0x00, 0x00, 0x02, 0x00, /* ................ */
    0x06, 0x00, 0x06, 0x00, 0x03, 0x00, 0x05, 0x00, 0xff, 0xff, 0x03, 0x00, 0x00, 0x00, 0x02, 0x00, /* ................ */
    0x07, 0x00, 0x06, 0x00, 0x02, 0x00, 0x04, 0x00, 0x01, 0x00, 0x03, 0x00, 0x00, 0x00, 0x02, 0x00, /* ................ */
    0xfc, 0xff, 0x05, 0x00, 0x05, 0x00, 0x06, 0x00, 0xff, 0xff, 0x03, 0x00, 0x00, 0x00, 0x02, 0x00, /* ................ */
    0xf6, 0xff, 0x07, 0x00, 0xfe, 0xff, 0x04, 0x00, 0x01, 0x00, 0x03, 0x00, 0x00, 0x00, 0x02, 0x00, /* ................ */
    0xf7, 0xff, 0x07, 0x00, 0xfd, 0xff, 0x05, 0x00, 0xff, 0xff, 0x03, 0x00, 0x00, 0x00, 0x02, 0x00, /* ................ */
    0xf5, 0xff, 0x07, 0x00, 0x02, 0x00, 0x04, 0x00, 0x01, 0x00, 0x03, 0x00, 0x00, 0x00, 0x02, 0x00, /* ................ */
    0x04, 0x00, 0x05, 0x00, 0xf8, 0xff, 0x07, 0x00, 0xff, 0xff, 0x03, 0x00, 0x00, 0x00, 0x02, 0x00, /* ................ */
    0x00, 0x80, 0x07, 0x00, 0xfe, 0xff, 0x04, 0x00, 0x01, 0x00, 0x03, 0x00, 0x00, 0x00, 0x02, 0x00, /* ................ */
    0xfa, 0xff, 0x06, 0x00, 0x03, 0x00, 0x05, 0x00, 0xff, 0xff, 0x03, 0x00, 0x00, 0x00, 0x02, 0x00, /* ................ */
    0xf9, 0xff, 0x06, 0x00, 0x02, 0x00, 0x04, 0x00, 0x01, 0x00, 0x03, 0x00, 0x00, 0x00, 0x02, 0x00, /* ................ */
    0xfc, 0xff, 0x05, 0x00, 0xfb, 0xff, 0x06, 0x00, 0xff, 0xff, 0x03, 0x00, 0x00, 0x00, 0x02, 0x00, /* ................ */
    0x21, 0x00, 0x0b, 0x00, 0xfe, 0xff, 0x04, 0x00, 0x01, 0x00, 0x03, 0x00, 0x00, 0x00, 0x02, 0x00, /* !............... */
    0x0d, 0x00, 0x08, 0x00, 0xfd, 0xff, 0x05, 0x00, 0xff, 0xff, 0x03, 0x00, 0x00, 0x00, 0x02, 0x00, /* ................ */
    0xea, 0xff, 0x09, 0x00, 0x02, 0x00, 0x04, 0x00, 0x01, 0x00, 0x03, 0x00, 0x00, 0x00, 0x02, 0x00, /* ................ */
    0x04, 0x00, 0x05, 0x00, 0xef, 0xff, 0x09, 0x00, 0xff, 0xff, 0x03, 0x00, 0x00, 0x00, 0x02, 0x00, /* ................ */
    0xeb, 0xff, 0x09, 0x00, 0xfe, 0xff, 0x04, 0x00, 0x01, 0x00, 0x03, 0x00, 0x00, 0x00, 0x02, 0x00, /* ................ */
    0x06, 0x00, 0x06, 0x00, 0x03, 0x00, 0x05, 0x00, 0xff, 0xff, 0x03, 0x00, 0x00, 0x00, 0x02, 0x00, /* ................ */
    0x07, 0x00, 0x06, 0x00, 0x02, 0x00, 0x04, 0x00, 0x01, 0x00, 0x03, 0x00, 0x00, 0x00, 0x02, 0x00, /* ................ */
    0xfc, 0xff, 0x05, 0x00, 0x05, 0x00, 0x06, 0x00, 0xff, 0xff, 0x03, 0x00, 0x00, 0x00, 0x02, 0x00, /* ................ */
    0x0a, 0x00, 0x07, 0x00, 0xfe, 0xff, 0x04, 0x00, 0x01, 0x00, 0x03, 0x00, 0x00, 0x00, 0x02, 0x00, /* ................ */
    0x09, 0x00, 0x07, 0x00, 0xfd, 0xff, 0x05, 0x00, 0xff, 0xff, 0x03, 0x00, 0x00, 0x00, 0x02, 0x00, /* ................ */
    0x0b, 0x00, 0x07, 0x00, 0x02, 0x00, 0x04, 0x00, 0x01, 0x00, 0x03, 0x00, 0x00, 0x00, 0x02, 0x00, /* ................ */
    0x04, 0x00, 0x05, 0x00, 0x08, 0x00, 0x07, 0x00, 0xff, 0xff, 0x03, 0x00, 0x00, 0x00, 0x02, 0x00, /* ................ */
    0xec, 0xff, 0x09, 0x00, 0xfe, 0xff, 0x04, 0x00, 0x01, 0x00, 0x03, 0x00, 0x00, 0x00, 0x02, 0x00, /* ................ */
    0xfa, 0xff, 0x06, 0x00, 0x03, 0x00, 0x05, 0x00, 0xff, 0xff, 0x03, 0x00, 0x00, 0x00, 0x02, 0x00, /* ................ */
    0xf9, 0xff, 0x06, 0x00, 0x02, 0x00, 0x04, 0x00, 0x01, 0x00, 0x03, 0x00, 0x00, 0x00, 0x02, 0x00, /* ................ */
    0xfc, 0xff, 0x05, 0x00, 0xfb, 0xff, 0x06, 0x00, 0xff, 0xff, 0x03, 0x00, 0x00, 0x00, 0x02, 0x00, /* ................ */
    0xf2, 0xff, 0x08, 0x00, 0xfe, 0xff, 0x04, 0x00, 0x01, 0x00, 0x03, 0x00, 0x00, 0x00, 0x02, 0x00, /* ................ */
    0xee, 0xff, 0x09, 0x00, 0xfd, 0xff, 0x05, 0x00, 0xff, 0xff, 0x03, 0x00, 0x00, 0x00, 0x02, 0x00, /* ................ */
    0xf0, 0xff, 0x08, 0x00, 0x02, 0x00, 0x04, 0x00, 0x01, 0x00, 0x03, 0x00, 0x00, 0x00, 0x02, 0x00, /* ................ */
    0x04, 0x00, 0x05, 0x00, 0xf4, 0xff, 0x08, 0x00, 0xff, 0xff, 0x03, 0x00, 0x00, 0x00, 0x02, 0x00, /* ................ */
    0xf1, 0xff, 0x08, 0x00, 0xfe, 0xff, 0x04, 0x00, 0x01, 0x00, 0x03, 0x00, 0x00, 0x00, 0x02, 0x00, /* ................ */
    0x06, 0x00, 0x06, 0x00, 0x03, 0x00, 0x05, 0x00, 0xff, 0xff, 0x03, 0x00, 0x00, 0x00, 0x02, 0x00, /* ................ */
    0x07, 0x00, 0x06, 0x00, 0x02, 0x00, 0x04, 0x00, 0x01, 0x00, 0x03, 0x00, 0x00, 0x00, 0x02, 0x00, /* ................ */
    0xfc, 0xff, 0x05, 0x00, 0x05, 0x00, 0x06, 0x00, 0xff, 0xff, 0x03, 0x00, 0x00, 0x00, 0x02, 0x00, /* ................ */
    0xf6, 0xff, 0x07, 0x00, 0xfe, 0xff, 0x04, 0x00, 0x01, 0x00, 0x03, 0x00, 0x00, 0x00, 0x02, 0x00, /* ................ */
    0xf7, 0xff, 0x07, 0x00, 0xfd, 0xff, 0x05, 0x00, 0xff, 0xff, 0x03, 0x00, 0x00, 0x00, 0x02, 0x00, /* ................ */
    0xf5, 0xff, 0x07, 0x00, 0x02, 0x00, 0x04, 0x00, 0x01, 0x00, 0x03, 0x00, 0x00, 0x00, 0x02, 0x00, /* ................ */
    0x04, 0x00, 0x05, 0x00, 0xf8, 0xff, 0x07, 0x00, 0xff, 0xff, 0x03, 0x00, 0x00, 0x00, 0x02, 0x00, /* ................ */
    0x00, 0x80, 0x07, 0x00, 0xfe, 0xff, 0x04, 0x00, 0x01, 0x00, 0x03, 0x00, 0x00, 0x00, 0x02, 0x00, /* ................ */
    0xfa, 0xff, 0x06, 0x00, 0x03, 0x00, 0x05, 0x00, 0xff, 0xff, 0x03, 0x00, 0x00, 0x00, 0x02, 0x00, /* ................ */
    0xf9, 0xff, 0x06, 0x00, 0x02, 0x00, 0x04, 0x00, 0x01, 0x00, 0x03, 0x00, 0x00, 0x00, 0x02, 0x00, /* ................ */
    0xfc, 0xff, 0x05, 0x00, 0xfb, 0xff, 0x06, 0x00, 0xff, 0xff, 0x03, 0x00, 0x00, 0x00, 0x02, 0x00, /* ................ */
    0xed, 0xff, 0x09, 0x00, 0xfe, 0xff, 0x04, 0x00, 0x01, 0x00, 0x03, 0x00, 0x00, 0x00, 0x02, 0x00, /* ................ */
    0xf3, 0xff, 0x08, 0x00, 0xfd, 0xff, 0x05, 0x00, 0xff, 0xff, 0x03, 0x00, 0x00, 0x00, 0x02, 0x00, /* ................ */
    0xe2, 0xff, 0x0a, 0x00, 0x02, 0x00, 0x04, 0x00, 0x01, 0x00, 0x03, 0x00, 0x00, 0x00, 0x02, 0x00, /* ................ */
    0x04, 0x00, 0x05, 0x00, 0xd9, 0xff, 0x0c, 0x00, 0xff, 0xff, 0x03, 0x00, 0x00, 0x00, 0x02, 0x00, /* ................ */
    0x24, 0x00, 0x0b, 0x00, 0xfe, 0xff, 0x04, 0x00, 0x01, 0x00, 0x03, 0x00, 0x00, 0x00, 0x02, 0x00, /* $............... */
    0x06, 0x00, 0x06, 0x00, 0x03, 0x00, 0x05, 0x00, 0xff, 0xff, 0x03, 0x00, 0x00, 0x00, 0x02, 0x00, /* ................ */
    0x07, 0x00, 0x06, 0x00, 0x02, 0x00, 0x04, 0x00, 0x01, 0x00, 0x03, 0x00, 0x00, 0x00, 0x02, 0x00, /* ................ */
    0xfc, 0xff, 0x05, 0x00, 0x05, 0x00, 0x06, 0x00, 0xff, 0xff, 0x03, 0x00, 0x00, 0x00, 0x02, 0x00, /* ................ */
    0x0a, 0x00, 0x07, 0x00, 0xfe, 0xff, 0x04, 0x00, 0x01, 0x00, 0x03, 0x00, 0x00, 0x00, 0x02, 0x00, /* ................ */
    0x09, 0x00, 0x07, 0x00, 0xfd, 0xff, 0x05, 0x00, 0xff, 0xff, 0x03, 0x00, 0x00, 0x00, 0x02, 0x00, /* ................ */
    0x0b, 0x00, 0x07, 0x00, 0x02, 0x00, 0x04, 0x00, 0x01, 0x00, 0x03, 0x00, 0x00, 0x00, 0x02, 0x00, /* ................ */
    0x04, 0x00, 0x05, 0x00, 0x08, 0x00, 0x07, 0x00, 0xff, 0xff, 0x03, 0x00, 0x00, 0x00, 0x02, 0x00, /* ................ */
    0x22, 0x00, 0x0b, 0x00, 0xfe, 0xff, 0x04, 0x00, 0x01, 0x00, 0x03, 0x00, 0x00, 0x00, 0x02, 0x00, /* "............... */
    0xfa, 0xff, 0x06, 0x00, 0x03, 0x00, 0x05, 0x00, 0xff, 0xff, 0x03, 0x00, 0x00, 0x00, 0x02, 0x00, /* ................ */
    0xf9, 0xff, 0x06, 0x00, 0x02, 0x00, 0x04, 0x00, 0x01, 0x00, 0x03, 0x00, 0x00, 0x00, 0x02, 0x00, /* ................ */
    0xfc, 0xff, 0x05, 0x00, 0xfb, 0xff, 0x06, 0x00, 0xff, 0xff, 0x03, 0x00, 0x00, 0x00, 0x02, 0x00, /* ................ */
    0x0e, 0x00, 0x08, 0x00, 0xfe, 0xff, 0x04, 0x00, 0x01, 0x00, 0x03, 0x00, 0x00, 0x00, 0x02, 0x00, /* ................ */
    0xe7, 0xff, 0x0a, 0x00, 0xfd, 0xff, 0x05, 0x00, 0xff, 0xff, 0x03, 0x00, 0x00, 0x00, 0x02, 0x00, /* ................ */
    0x10, 0x00, 0x08, 0x00, 0x02, 0x00, 0x04, 0x00, 0x01, 0x00, 0x03, 0x00, 0x00, 0x00, 0x02, 0x00, /* ................ */
    0x04, 0x00, 0x05, 0x00, 0x0c, 0x00, 0x08, 0x00, 0xff, 0xff, 0x03, 0x00, 0x00, 0x00, 0x02, 0x00, /* ................ */
    0x0f, 0x00, 0x08, 0x00, 0xfe, 0xff, 0x04, 0x00, 0x01, 0x00, 0x03, 0x00, 0x00, 0x00, 0x02, 0x00, /* ................ */
    0x06, 0x00, 0x06, 0x00, 0x03, 0x00, 0x05, 0x00, 0xff, 0xff, 0x03, 0x00, 0x00, 0x00, 0x02, 0x00, /* ................ */
    0x07, 0x00, 0x06, 0x00, 0x02, 0x00, 0x04, 0x00, 0x01, 0x00, 0x03, 0x00, 0x00, 0x00, 0x02, 0x00, /* ................ */
    0xfc, 0xff, 0x05, 0x00, 0x05, 0x00, 0x06, 0x00, 0xff, 0xff, 0x03, 0x00, 0x00, 0x00, 0x02, 0x00, /* ................ */
    0xf6, 0xff, 0x07, 0x00, 0xfe, 0xff, 0x04, 0x00, 0x01, 0x00, 0x03, 0x00, 0x00, 0x00, 0x02, 0x00, /* ................ */
    0xf7, 0xff, 0x07, 0x00, 0xfd, 0xff, 0x05, 0x00, 0xff, 0xff, 0x03, 0x00, 0x00, 0x00, 0x02, 0x00, /* ................ */
    0xf5, 0xff, 0x07, 0x00, 0x02, 0x00, 0x04, 0x00, 0x01, 0x00, 0x03, 0x00, 0x00, 0x00, 0x02, 0x00, /* ................ */
    0x04, 0x00, 0x05, 0x00, 0xf8, 0xff, 0x07, 0x00, 0xff, 0xff, 0x03, 0x00, 0x00, 0x00, 0x02, 0x00, /* ................ */
    0x00, 0x80, 0x07, 0x00, 0xfe, 0xff, 0x04, 0x00, 0x01, 0x00, 0x03, 0x00, 0x00, 0x00, 0x02, 0x00, /* ................ */
    0xfa, 0xff, 0x06, 0x00, 0x03, 0x00, 0x05, 0x00, 0xff, 0xff, 0x03, 0x00, 0x00, 0x00, 0x02, 0x00, /* ................ */
    0xf9, 0xff, 0x06, 0x00, 0x02, 0x00, 0x04, 0x00, 0x01, 0x00, 0x03, 0x00, 0x00, 0x00, 0x02, 0x00, /* ................ */
    0xfc, 0xff, 0x05, 0x00, 0xfb, 0xff, 0x06, 0x00, 0xff, 0xff, 0x03, 0x00, 0x00, 0x00, 0x02, 0x00, /* ................ */
    0xe6, 0xff, 0x0a, 0x00, 0xfe, 0xff, 0x04, 0x00, 0x01, 0x00, 0x03, 0x00, 0x00, 0x00, 0x02, 0x00, /* ................ */
    0x0d, 0x00, 0x08, 0x00, 0xfd, 0xff, 0x05, 0x00, 0xff, 0xff, 0x03, 0x00, 0x00, 0x00, 0x02, 0x00, /* ................ */
    0x16, 0x00, 0x09, 0x00, 0x02, 0x00, 0x04, 0x00, 0x01, 0x00, 0x03, 0x00, 0x00, 0x00, 0x02, 0x00, /* ................ */
    0x04, 0x00, 0x05, 0x00, 0x11, 0x00, 0x09, 0x00, 0xff, 0xff, 0x03, 0x00, 0x00, 0x00, 0x02, 0x00, /* ................ */
    0x15, 0x00, 0x09, 0x00, 0xfe, 0xff, 0x04, 0x00, 0x01, 0x00, 0x03, 0x00, 0x00, 0x00, 0x02, 0x00, /* ................ */
    0x06, 0x00, 0x06, 0x00, 0x03, 0x00, 0x05, 0x00, 0xff, 0xff, 0x03, 0x00, 0x00, 0x00, 0x02, 0x00, /* ................ */
    0x07, 0x00, 0x06, 0x00, 0x02, 0x00, 0x04, 0x00, 0x01, 0x00, 0x03, 0x00, 0x00, 0x00, 0x02, 0x00, /* ................ */
    0xfc, 0xff, 0x05, 0x00, 0x05, 0x00, 0x06, 0x00, 0xff, 0xff, 0x03, 0x00, 0x00, 0x00, 0x02, 0x00, /* ................ */
    0x0a, 0x00, 0x07, 0x00, 0xfe, 0xff, 0x04, 0x00, 0x01, 0x00, 0x03, 0x00, 0x00, 0x00, 0x02, 0x00, /* ................ */
    0x09, 0x00, 0x07, 0x00, 0xfd, 0xff, 0x05, 0x00, 0xff, 0xff, 0x03, 0x00, 0x00, 0x00, 0x02, 0x00, /* ................ */
    0x0b, 0x00, 0x07, 0x00, 0x02, 0x00, 0x04, 0x00, 0x01, 0x00, 0x03, 0x00, 0x00, 0x00, 0x02, 0x00, /* ................ */
    0x04, 0x00, 0x05, 0x00, 0x08, 0x00, 0x07, 0x00, 0xff, 0xff, 0x03, 0x00, 0x00, 0x00, 0x02, 0x00, /* ................ */
    0x14, 0x00, 0x09, 0x00, 0xfe, 0xff, 0x04, 0x00, 0x01, 0x00, 0x03, 0x00, 0x00, 0x00, 0x02, 0x00, /* ................ */
    0xfa, 0xff, 0x06, 0x00, 0x03, 0x00, 0x05, 0x00, 0xff, 0xff, 0x03, 0x00, 0x00, 0x00, 0x02, 0x00, /* ................ */
    0xf9, 0xff, 0x06, 0x00, 0x02, 0x00, 0x04, 0x00, 0x01, 0x00, 0x03, 0x00, 0x00, 0x00, 0x02, 0x00, /* ................ */
    0xfc, 0xff, 0x05, 0x00, 0xfb, 0xff, 0x06, 0x00, 0xff, 0xff, 0x03, 0x00, 0x00, 0x00, 0x02, 0x00, /* ................ */
    0xf2, 0xff, 0x08, 0x00, 0xfe, 0xff, 0x04, 0x00, 0x01, 0x00, 0x03, 0x00, 0x00, 0x00, 0x02, 0x00, /* ................ */
    0x12, 0x00, 0x09, 0x00, 0xfd, 0xff, 0x05, 0x00, 0xff, 0xff, 0x03, 0x00, 0x00, 0x00, 0x02, 0x00, /* ................ */
    0xf0, 0xff, 0x08, 0x00, 0x02, 0x00, 0x04, 0x00, 0x01, 0x00, 0x03, 0x00, 0x00, 0x00, 0x02, 0x00, /* ................ */
    0x04, 0x00, 0x05, 0x00, 0xf4, 0xff, 0x08, 0x00, 0xff, 0xff, 0x03, 0x00, 0x00, 0x00, 0x02, 0x00, /* ................ */
    0xf1, 0xff, 0x08, 0x00, 0xfe, 0xff, 0x04, 0x00, 0x01, 0x00, 0x03, 0x00, 0x00, 0x00, 0x02, 0x00, /* ................ */
    0x06, 0x00, 0x06, 0x00, 0x03, 0x00, 0x05, 0x00, 0xff, 0xff, 0x03, 0x00, 0x00, 0x00, 0x02, 0x00, /* ................ */
    0x07, 0x00, 0x06, 0x00, 0x02, 0x00, 0x04, 0x00, 0x01, 0x00, 0x03, 0x00, 0x00, 0x00, 0x02, 0x00, /* ................ */
    0xfc, 0xff, 0x05, 0x00, 0x05, 0x00, 0x06, 0x00, 0xff, 0xff, 0x03, 0x00, 0x00, 0x00, 0x02, 0x00, /* ................ */
    0xf6, 0xff, 0x07, 0x00, 0xfe, 0xff, 0x04, 0x00, 0x01, 0x00, 0x03, 0x00, 0x00, 0x00, 0x02, 0x00, /* ................ */
    0xf7, 0xff, 0x07, 0x00, 0xfd, 0xff, 0x05, 0x00, 0xff, 0xff, 0x03, 0x00, 0x00, 0x00, 0x02, 0x00, /* ................ */
    0xf5, 0xff, 0x07, 0x00, 0x02, 0x00, 0x04, 0x00, 0x01, 0x00, 0x03, 0x00, 0x00, 0x00, 0x02, 0x00, /* ................ */
    0x04, 0x00, 0x05, 0x00, 0xf8, 0xff, 0x07, 0x00, 0xff, 0xff, 0x03, 0x00, 0x00, 0x00, 0x02, 0x00, /* ................ */
    0x00, 0x80, 0x07, 0x00, 0xfe, 0xff, 0x04, 0x00, 0x01, 0x00, 0x03, 0x00, 0x00, 0x00, 0x02, 0x00, /* ................ */
    0xfa, 0xff, 0x06, 0x00, 0x03, 0x00, 0x05, 0x00, 0xff, 0xff, 0x03, 0x00, 0x00, 0x00, 0x02, 0x00, /* ................ */
    0xf9, 0xff, 0x06, 0x00, 0x02, 0x00, 0x04, 0x00, 0x01, 0x00, 0x03, 0x00, 0x00, 0x00, 0x02, 0x00, /* ................ */
    0xfc, 0xff, 0x05, 0x00, 0xfb, 0xff, 0x06, 0x00, 0xff, 0xff, 0x03, 0x00, 0x00, 0x00, 0x02, 0x00, /* ................ */
    0x13, 0x00, 0x09, 0x00, 0xfe, 0xff, 0x04, 0x00, 0x01, 0x00, 0x03, 0x00, 0x00, 0x00, 0x02, 0x00, /* ................ */
    0xf3, 0xff, 0x08, 0x00, 0xfd, 0xff, 0x05, 0x00, 0xff, 0xff, 0x03, 0x00, 0x00, 0x00, 0x02, 0x00, /* ................ */
    0xe3, 0xff, 0x0a, 0x00, 0x02, 0x00, 0x04, 0x00, 0x01, 0x00, 0x03, 0x00, 0x00, 0x00, 0x02, 0x00, /* ................ */
    0x04, 0x00, 0x05, 0x00, 0xe9, 0xff, 0x0a, 0x00, 0xff, 0xff, 0x03, 0x00, 0x00, 0x00, 0x02, 0x00, /* ................ */
    0xe4, 0xff, 0x0a, 0x00, 0xfe, 0xff, 0x04, 0x00, 0x01, 0x00, 0x03, 0x00, 0x00, 0x00, 0x02, 0x00, /* ................ */
    0x06, 0x00, 0x06, 0x00, 0x03, 0x00, 0x05, 0x00, 0xff, 0xff, 0x03, 0x00, 0x00, 0x00, 0x02, 0x00, /* ................ */
    0x07, 0x00, 0x06, 0x00, 0x02, 0x00, 0x04, 0x00, 0x01, 0x00, 0x03, 0x00, 0x00, 0x00, 0x02, 0x00, /* ................ */
    0xfc, 0xff, 0x05, 0x00, 0x05, 0x00, 0x06, 0x00, 0xff, 0xff, 0x03, 0x00, 0x00, 0x00, 0x02, 0x00, /* ................ */
    0x0a, 0x00, 0x07, 0x00, 0xfe, 0xff, 0x04, 0x00, 0x01, 0x00, 0x03, 0x00, 0x00, 0x00, 0x02, 0x00, /* ................ */
    0x09, 0x00, 0x07, 0x00, 0xfd, 0xff, 0x05, 0x00, 0xff, 0xff, 0x03, 0x00, 0x00, 0x00, 0x02, 0x00, /* ................ */
    0x0b, 0x00, 0x07, 0x00, 0x02, 0x00, 0x04, 0x00, 0x01, 0x00, 0x03, 0x00, 0x00, 0x00, 0x02, 0x00, /* ................ */
    0x04, 0x00, 0x05, 0x00, 0x08, 0x00, 0x07, 0x00, 0xff, 0xff, 0x03, 0x00, 0x00, 0x00, 0x02, 0x00, /* ................ */
    0xe5, 0xff, 0x0a, 0x00, 0xfe, 0xff, 0x04, 0x00, 0x01, 0x00, 0x03, 0x00, 0x00, 0x00, 0x02, 0x00, /* ................ */
    0xfa, 0xff, 0x06, 0x00, 0x03, 0x00, 0x05, 0x00, 0xff, 0xff, 0x03, 0x00, 0x00, 0x00, 0x02, 0x00, /* ................ */
    0xf9, 0xff, 0x06, 0x00, 0x02, 0x00, 0x04, 0x00, 0x01, 0x00, 0x03, 0x00, 0x00, 0x00, 0x02, 0x00, /* ................ */
    0xfc, 0xff, 0x05, 0x00, 0xfb, 0xff, 0x06, 0x00, 0xff, 0xff, 0x03, 0x00, 0x00, 0x00, 0x02, 0x00, /* ................ */
    0x0e, 0x00, 0x08, 0x00, 0xfe, 0xff, 0x04, 0x00, 0x01, 0x00, 0x03, 0x00, 0x00, 0x00, 0x02, 0x00, /* ................ */
    0xe8, 0xff, 0x0a, 0x00, 0xfd, 0xff, 0x05, 0x00, 0xff, 0xff, 0x03, 0x00, 0x00, 0x00, 0x02, 0x00, /* ................ */
    0x10, 0x00, 0x08, 0x00, 0x02, 0x00, 0x04, 0x00, 0x01, 0x00, 0x03, 0x00, 0x00, 0x00, 0x02, 0x00, /* ................ */
    0x04, 0x00, 0x05, 0x00, 0x0c, 0x00, 0x08, 0x00, 0xff, 0xff, 0x03, 0x00, 0x00, 0x00, 0x02, 0x00, /* ................ */
    0x0f, 0x00, 0x08, 0x00, 0xfe, 0xff, 0x04, 0x00, 0x01, 0x00, 0x03, 0x00, 0x00, 0x00, 0x02, 0x00, /* ................ */
    0x06, 0x00, 0x06, 0x00, 0x03, 0x00, 0x05, 0x00, 0xff, 0xff, 0x03, 0x00, 0x00, 0x00, 0x02, 0x00, /* ................ */
    0x07, 0x00, 0x06, 0x00, 0x02, 0x00, 0x04, 0x00, 0x01, 0x00, 0x03, 0x00, 0x00, 0x00, 0x02, 0x00, /* ................ */
    0xfc, 0xff, 0x05, 0x00, 0x05, 0x00, 0x06, 0x00, 0xff, 0xff, 0x03, 0x00, 0x00, 0x00, 0x02, 0x00, /* ................ */
    0xf6, 0xff, 0x07, 0x00, 0xfe, 0xff, 0x04, 0x00, 0x01, 0x00, 0x03, 0x00, 0x00, 0x00, 0x02, 0x00, /* ................ */
    0xf7, 0xff, 0x07, 0x00, 0xfd, 0xff, 0x05, 0x00, 0xff, 0xff, 0x03, 0x00, 0x00, 0x00, 0x02, 0x00, /* ................ */
    0xf5, 0xff, 0x07, 0x00, 0x02, 0x00, 0x04, 0x00, 0x01, 0x00, 0x03, 0x00, 0x00, 0x00, 0x02, 0x00, /* ................ */
    0x04, 0x00, 0x05, 0x00, 0xf8, 0xff, 0x07, 0x00, 0xff, 0xff, 0x03, 0x00, 0x00, 0x00, 0x02, 0x00, /* ................ */
    0x00, 0x80, 0x07, 0x00, 0xfe, 0xff, 0x04, 0x00, 0x01, 0x00, 0x03, 0x00, 0x00, 0x00, 0x02, 0x00, /* ................ */
    0xfa, 0xff, 0x06, 0x00, 0x03, 0x00, 0x05, 0x00, 0xff, 0xff, 0x03, 0x00, 0x00, 0x00, 0x02, 0x00, /* ................ */
    0xf9, 0xff, 0x06, 0x00, 0x02, 0x00, 0x04, 0x00, 0x01, 0x00, 0x03, 0x00, 0x00, 0x00, 0x02, 0x00, /* ................ */
    0xfc, 0xff, 0x05, 0x00, 0xfb, 0xff, 0x06, 0x00, 0xff, 0xff, 0x03, 0x00, 0x00, 0x00, 0x02, 0x00, /* ................ */
    0x20, 0x00, 0x0b, 0x00, 0xfe, 0xff, 0x04, 0x00, 0x01, 0x00, 0x03, 0x00, 0x00, 0x00, 0x02, 0x00, /*  ............... */
    0x0d, 0x00, 0x08, 0x00, 0xfd, 0xff, 0x05, 0x00, 0xff, 0xff, 0x03, 0x00, 0x00, 0x00, 0x02, 0x00, /* ................ */
    0xea, 0xff, 0x09, 0x00, 0x02, 0x00, 0x04, 0x00, 0x01, 0x00, 0x03, 0x00, 0x00, 0x00, 0x02, 0x00, /* ................ */
    0x04, 0x00, 0x05, 0x00, 0xef, 0xff, 0x09, 0x00, 0xff, 0xff, 0x03, 0x00, 0x00, 0x00, 0x02, 0x00, /* ................ */
    0xeb, 0xff, 0x09, 0x00, 0xfe, 0xff, 0x04, 0x00, 0x01, 0x00, 0x03, 0x00, 0x00, 0x00, 0x02, 0x00, /* ................ */
    0x06, 0x00, 0x06, 0x00, 0x03, 0x00, 0x05, 0x00, 0xff, 0xff, 0x03, 0x00, 0x00, 0x00, 0x02, 0x00, /* ................ */
    0x07, 0x00, 0x06, 0x00, 0x02, 0x00, 0x04, 0x00, 0x01, 0x00, 0x03, 0x00, 0x00, 0x00, 0x02, 0x00, /* ................ */
    0xfc, 0xff, 0x05, 0x00, 0x05, 0x00, 0x06, 0x00, 0xff, 0xff, 0x03, 0x00, 0x00, 0x00, 0x02, 0x00, /* ................ */
    0x0a, 0x00, 0x07, 0x00, 0xfe, 0xff, 0x04, 0x00, 0x01, 0x00, 0x03, 0x00, 0x00, 0x00, 0x02, 0x00, /* ................ */
    0x09, 0x00, 0x07, 0x00, 0xfd, 0xff, 0x05, 0x00, 0xff, 0xff, 0x03, 0x00, 0x00, 0x00, 0x02, 0x00, /* ................ */
    0x0b, 0x00, 0x07, 0x00, 0x02, 0x00, 0x04, 0x00, 0x01, 0x00, 0x03, 0x00, 0x00, 0x00, 0x02, 0x00, /* ................ */
    0x04, 0x00, 0x05, 0x00, 0x08, 0x00, 0x07, 0x00, 0xff, 0xff, 0x03, 0x00, 0x00, 0x00, 0x02, 0x00, /* ................ */
    0xec, 0xff, 0x09, 0x00, 0xfe, 0xff, 0x04, 0x00, 0x01, 0x00, 0x03, 0x00, 0x00, 0x00, 0x02, 0x00, /* ................ */
    0xfa, 0xff, 0x06, 0x00, 0x03, 0x00, 0x05, 0x00, 0xff, 0xff, 0x03, 0x00, 0x00, 0x00, 0x02, 0x00, /* ................ */
    0xf9, 0xff, 0x06, 0x00, 0x02, 0x00, 0x04, 0x00, 0x01, 0x00, 0x03, 0x00, 0x00, 0x00, 0x02, 0x00, /* ................ */
    0xfc, 0xff, 0x05, 0x00, 0xfb, 0xff, 0x06, 0x00, 0xff, 0xff, 0x03, 0x00, 0x00, 0x00, 0x02, 0x00, /* ................ */
    0xf2, 0xff, 0x08, 0x00, 0xfe, 0xff, 0x04, 0x00, 0x01, 0x00, 0x03, 0x00, 0x00, 0x00, 0x02, 0x00, /* ................ */
    0xee, 0xff, 0x09, 0x00, 0xfd, 0xff, 0x05, 0x00, 0xff, 0xff, 0x03, 0x00, 0x00, 0x00, 0x02, 0x00, /* ................ */
    0xf0, 0xff, 0x08, 0x00, 0x02, 0x00, 0x04, 0x00, 0x01, 0x00, 0x03, 0x00, 0x00, 0x00, 0x02, 0x00, /* ................ */
    0x04, 0x00, 0x05, 0x00, 0xf4, 0xff, 0x08, 0x00, 0xff, 0xff, 0x03, 0x00, 0x00, 0x00, 0x02, 0x00, /* ................ */
    0xf1, 0xff, 0x08, 0x00, 0xfe, 0xff, 0x04, 0x00, 0x01, 0x00, 0x03, 0x00, 0x00, 0x00, 0x02, 0x00, /* ................ */
    0x06, 0x00, 0x06, 0x00, 0x03, 0x00, 0x05, 0x00, 0xff, 0xff, 0x03, 0x00, 0x00, 0x00, 0x02, 0x00, /* ................ */
    0x07, 0x00, 0x06, 0x00, 0x02, 0x00, 0x04, 0x00, 0x01, 0x00, 0x03, 0x00, 0x00, 0x00, 0x02, 0x00, /* ................ */
    0xfc, 0xff, 0x05, 0x00, 0x05, 0x00, 0x06, 0x00, 0xff, 0xff, 0x03, 0x00, 0x00, 0x00, 0x02, 0x00, /* ................ */
    0xf6, 0xff, 0x07, 0x00, 0xfe, 0xff, 0x04, 0x00, 0x01, 0x00, 0x03, 0x00, 0x00, 0x00, 0x02, 0x00, /* ................ */
    0xf7, 0xff, 0x07, 0x00, 0xfd, 0xff, 0x05, 0x00, 0xff, 0xff, 0x03, 0x00, 0x00, 0x00, 0x02, 0x00, /* ................ */
    0xf5, 0xff, 0x07, 0x00, 0x02, 0x00, 0x04, 0x00, 0x01, 0x00, 0x03, 0x00, 0x00, 0x00, 0x02, 0x00, /* ................ */
    0x04, 0x00, 0x05, 0x00, 0xf8, 0xff, 0x07, 0x00, 0xff, 0xff, 0x03, 0x00, 0x00, 0x00, 0x02, 0x00, /* ................ */
    0x00, 0x80, 0x07, 0x00, 0xfe, 0xff, 0x04, 0x00, 0x01, 0x00, 0x03, 0x00, 0x00, 0x00, 0x02, 0x00, /* ................ */
    0xfa, 0xff, 0x06, 0x00, 0x03, 0x00, 0x05, 0x00, 0xff, 0xff, 0x03, 0x00, 0x00, 0x00, 0x02, 0x00, /* ................ */
    0xf9, 0xff, 0x06, 0x00, 0x02, 0x00, 0x04, 0x00, 0x01, 0x00, 0x03, 0x00, 0x00, 0x00, 0x02, 0x00, /* ................ */
    0xfc, 0xff, 0x05, 0x00, 0xfb, 0xff, 0x06, 0x00, 0xff, 0xff, 0x03, 0x00, 0x00, 0x00, 0x02, 0x00, /* ................ */
    0xed, 0xff, 0x09, 0x00, 0xfe, 0xff, 0x04, 0x00, 0x01, 0x00, 0x03, 0x00, 0x00, 0x00, 0x02, 0x00, /* ................ */
    0xf3, 0xff, 0x08, 0x00, 0xfd, 0xff, 0x05, 0x00, 0xff, 0xff, 0x03, 0x00, 0x00, 0x00, 0x02, 0x00, /* ................ */
    0x1e, 0x00, 0x0a, 0x00, 0x02, 0x00, 0x04, 0x00, 0x01, 0x00, 0x03, 0x00, 0x00, 0x00, 0x02, 0x00, /* ................ */
    0x04, 0x00, 0x05, 0x00, 0xe1, 0xff, 0x0b, 0x00, 0xff, 0xff, 0x03, 0x00, 0x00, 0x00, 0x02, 0x00, /* ................ */
    0xdb, 0xff, 0x0b, 0x00, 0xfe, 0xff, 0x04, 0x00, 0x01, 0x00, 0x03, 0x00, 0x00, 0x00, 0x02, 0x00, /* ................ */
    0x06, 0x00, 0x06, 0x00, 0x03, 0x00, 0x05, 0x00, 0xff, 0xff, 0x03, 0x00, 0x00, 0x00, 0x02, 0x00, /* ................ */
    0x07, 0x00, 0x06, 0x00, 0x02, 0x00, 0x04, 0x00, 0x01, 0x00, 0x03, 0x00, 0x00, 0x00, 0x02, 0x00, /* ................ */
    0xfc, 0xff, 0x05, 0x00, 0x05, 0x00, 0x06, 0x00, 0xff, 0xff, 0x03, 0x00, 0x00, 0x00, 0x02, 0x00, /* ................ */
    0x0a, 0x00, 0x07, 0x00, 0xfe, 0xff, 0x04, 0x00, 0x01, 0x00, 0x03, 0x00, 0x00, 0x00, 0x02, 0x00, /* ................ */
    0x09, 0x00, 0x07, 0x00, 0xfd, 0xff, 0x05, 0x00, 0xff, 0xff, 0x03, 0x00, 0x00, 0x00, 0x02, 0x00, /* ................ */
    0x0b, 0x00, 0x07, 0x00, 0x02, 0x00, 0x04, 0x00, 0x01, 0x00, 0x03, 0x00, 0x00, 0x00, 0x02, 0x00, /* ................ */
    0x04, 0x00, 0x05, 0x00, 0x08, 0x00, 0x07, 0x00, 0xff, 0xff, 0x03, 0x00, 0x00, 0x00, 0x02, 0x00, /* ................ */
    0xdd, 0xff, 0x0b, 0x00, 0xfe, 0xff, 0x04, 0x00, 0x01, 0x00, 0x03, 0x00, 0x00, 0x00, 0x02, 0x00, /* ................ */
    0xfa, 0xff, 0x06, 0x00, 0x03, 0x00, 0x05, 0x00, 0xff, 0xff, 0x03, 0x00, 0x00, 0x00, 0x02, 0x00, /* ................ */
    0xf9, 0xff, 0x06, 0x00, 0x02, 0x00, 0x04, 0x00, 0x01, 0x00, 0x03, 0x00, 0x00, 0x00, 0x02, 0x00, /* ................ */
    0xfc, 0xff, 0x05, 0x00, 0xfb, 0xff, 0x06, 0x00, 0xff, 0xff, 0x03, 0x00, 0x00, 0x00, 0x02, 0x00, /* ................ */
    0x0e, 0x00, 0x08, 0x00, 0xfe, 0xff, 0x04, 0x00, 0x01, 0x00, 0x03, 0x00, 0x00, 0x00, 0x02, 0x00, /* ................ */
    0x19, 0x00, 0x0a, 0x00, 0xfd, 0xff, 0x05, 0x00, 0xff, 0xff, 0x03, 0x00, 0x00, 0x00, 0x02, 0x00, /* ................ */
    0x10, 0x00, 0x08, 0x00, 0x02, 0x00, 0x04, 0x00, 0x01, 0x00, 0x03, 0x00, 0x00, 0x00, 0x02, 0x00, /* ................ */
    0x04, 0x00, 0x05, 0x00, 0x0c, 0x00, 0x08, 0x00, 0xff, 0xff, 0x03, 0x00, 0x00, 0x00, 0x02, 0x00, /* ................ */
    0x0f, 0x00, 0x08, 0x00, 0xfe, 0xff, 0x04, 0x00, 0x01, 0x00, 0x03, 0x00, 0x00, 0x00, 0x02, 0x00, /* ................ */
    0x06, 0x00, 0x06, 0x00, 0x03, 0x00, 0x05, 0x00, 0xff, 0xff, 0x03, 0x00, 0x00, 0x00, 0x02, 0x00, /* ................ */
    0x07, 0x00, 0x06, 0x00, 0x02, 0x00, 0x04, 0x00, 0x01, 0x00, 0x03, 0x00, 0x00, 0x00, 0x02, 0x00, /* ................ */
    0xfc, 0xff, 0x05, 0x00, 0x05, 0x00, 0x06, 0x00, 0xff, 0xff, 0x03, 0x00, 0x00, 0x00, 0x02, 0x00, /* ................ */
    0xf6, 0xff, 0x07, 0x00, 0xfe, 0xff, 0x04, 0x00, 0x01, 0x00, 0x03, 0x00, 0x00, 0x00, 0x02, 0x00, /* ................ */
    0xf7, 0xff, 0x07, 0x00, 0xfd, 0xff, 0x05, 0x00, 0xff, 0xff, 0x03, 0x00, 0x00, 0x00, 0x02, 0x00, /* ................ */
    0xf5, 0xff, 0x07, 0x00, 0x02, 0x00, 0x04, 0x00, 0x01, 0x00, 0x03, 0x00, 0x00, 0x00, 0x02, 0x00, /* ................ */
    0x04, 0x00, 0x05, 0x00, 0xf8, 0xff, 0x07, 0x00, 0xff, 0xff, 0x03, 0x00, 0x00, 0x00, 0x02, 0x00, /* ................ */
    0x00, 0x80, 0x07, 0x00, 0xfe, 0xff, 0x04, 0x00, 0x01, 0x00, 0x03, 0x00, 0x00, 0x00, 0x02, 0x00, /* ................ */
    0xfa, 0xff, 0x06, 0x00, 0x03, 0x00, 0x05, 0x00, 0xff, 0xff, 0x03, 0x00, 0x00, 0x00, 0x02, 0x00, /* ................ */
    0xf9, 0xff, 0x06, 0x00, 0x02, 0x00, 0x04, 0x00, 0x01, 0x00, 0x03, 0x00, 0x00, 0x00, 0x02, 0x00, /* ................ */
    0xfc, 0xff, 0x05, 0x00, 0xfb, 0xff, 0x06, 0x00, 0xff, 0xff, 0x03, 0x00, 0x00, 0x00, 0x02, 0x00, /* ................ */
    0x1a, 0x00, 0x0a, 0x00, 0xfe, 0xff, 0x04, 0x00, 0x01, 0x00, 0x03, 0x00, 0x00, 0x00, 0x02, 0x00, /* ................ */
    0x0d, 0x00, 0x08, 0x00, 0xfd, 0xff, 0x05, 0x00, 0xff, 0xff, 0x03, 0x00, 0x00, 0x00, 0x02, 0x00, /* ................ */
    0x16, 0x00, 0x09, 0x00, 0x02, 0x00, 0x04, 0x00, 0x01, 0x00, 0x03, 0x00, 0x00, 0x00, 0x02, 0x00, /* ................ */
    0x04, 0x00, 0x05, 0x00, 0x11, 0x00, 0x09, 0x00, 0xff, 0xff, 0x03, 0x00, 0x00, 0x00, 0x02, 0x00, /* ................ */
    0x15, 0x00, 0x09, 0x00, 0xfe, 0xff, 0x04, 0x00, 0x01, 0x00, 0x03, 0x00, 0x00, 0x00, 0x02, 0x00, /* ................ */
    0x06, 0x00, 0x06, 0x00, 0x03, 0x00, 0x05, 0x00, 0xff, 0xff, 0x03, 0x00, 0x00, 0x00, 0x02, 0x00, /* ................ */
    0x07, 0x00, 0x06, 0x00, 0x02, 0x00, 0x04, 0x00, 0x01, 0x00, 0x03, 0x00, 0x00, 0x00, 0x02, 0x00, /* ................ */
    0xfc, 0xff, 0x05, 0x00, 0x05, 0x00, 0x06, 0x00, 0xff, 0xff, 0x03, 0x00, 0x00, 0x00, 0x02, 0x00, /* ................ */
    0x0a, 0x00, 0x07, 0x00, 0xfe, 0xff, 0x04, 0x00, 0x01, 0x00, 0x03, 0x00, 0x00, 0x00, 0x02, 0x00, /* ................ */
    0x09, 0x00, 0x07, 0x00, 0xfd, 0xff, 0x05, 0x00, 0xff, 0xff, 0x03, 0x00, 0x00, 0x00, 0x02, 0x00, /* ................ */
    0x0b, 0x00, 0x07, 0x00, 0x02, 0x00, 0x04, 0x00, 0x01, 0x00, 0x03, 0x00, 0x00, 0x00, 0x02, 0x00, /* ................ */
    0x04, 0x00, 0x05, 0x00, 0x08, 0x00, 0x07, 0x00, 0xff, 0xff, 0x03, 0x00, 0x00, 0x00, 0x02, 0x00, /* ................ */
    0x14, 0x00, 0x09, 0x00, 0xfe, 0xff, 0x04, 0x00, 0x01, 0x00, 0x03, 0x00, 0x00, 0x00, 0x02, 0x00, /* ................ */
    0xfa, 0xff, 0x06, 0x00, 0x03, 0x00, 0x05, 0x00, 0xff, 0xff, 0x03, 0x00, 0x00, 0x00, 0x02, 0x00, /* ................ */
    0xf9, 0xff, 0x06, 0x00, 0x02, 0x00, 0x04, 0x00, 0x01, 0x00, 0x03, 0x00, 0x00, 0x00, 0x02, 0x00, /* ................ */
    0xfc, 0xff, 0x05, 0x00, 0xfb, 0xff, 0x06, 0x00, 0xff, 0xff, 0x03, 0x00, 0x00, 0x00, 0x02, 0x00, /* ................ */
    0xf2, 0xff, 0x08, 0x00, 0xfe, 0xff, 0x04, 0x00, 0x01, 0x00, 0x03, 0x00, 0x00, 0x00, 0x02, 0x00, /* ................ */
    0x12, 0x00, 0x09, 0x00, 0xfd, 0xff, 0x05, 0x00, 0xff, 0xff, 0x03, 0x00, 0x00, 0x00, 0x02, 0x00, /* ................ */
    0xf0, 0xff, 0x08, 0x00, 0x02, 0x00, 0x04, 0x00, 0x01, 0x00, 0x03, 0x00, 0x00, 0x00, 0x02, 0x00, /* ................ */
    0x04, 0x00, 0x05, 0x00, 0xf4, 0xff, 0x08, 0x00, 0xff, 0xff, 0x03, 0x00, 0x00, 0x00, 0x02, 0x00, /* ................ */
    0xf1, 0xff, 0x08, 0x00, 0xfe, 0xff, 0x04, 0x00, 0x01, 0x00, 0x03, 0x00, 0x00, 0x00, 0x02, 0x00, /* ................ */
    0x06, 0x00, 0x06, 0x00, 0x03, 0x00, 0x05, 0x00, 0xff, 0xff, 0x03, 0x00, 0x00, 0x00, 0x02, 0x00, /* ................ */
    0x07, 0x00, 0x06, 0x00, 0x02, 0x00, 0x04, 0x00, 0x01, 0x00, 0x03, 0x00, 0x00, 0x00, 0x02, 0x00, /* ................ */
    0xfc, 0xff, 0x05, 0x00, 0x05, 0x00, 0x06, 0x00, 0xff, 0xff, 0x03, 0x00, 0x00, 0x00, 0x02, 0x00, /* ................ */
    0xf6, 0xff, 0x07, 0x00, 0xfe, 0xff, 0x04, 0x00, 0x01, 0x00, 0x03, 0x00, 0x00, 0x00, 0x02, 0x00, /* ................ */
    0xf7, 0xff, 0x07, 0x00, 0xfd, 0xff, 0x05, 0x00, 0xff, 0xff, 0x03, 0x00, 0x00, 0x00, 0x02, 0x00, /* ................ */
    0xf5, 0xff, 0x07, 0x00, 0x02, 0x00, 0x04, 0x00, 0x01, 0x00, 0x03, 0x00, 0x00, 0x00, 0x02, 0x00, /* ................ */
    0x04, 0x00, 0x05, 0x00, 0xf8, 0xff, 0x07, 0x00, 0xff, 0xff, 0x03, 0x00, 0x00, 0x00, 0x02, 0x00, /* ................ */
    0x00, 0x80, 0x07, 0x00, 0xfe, 0xff, 0x04, 0x00, 0x01, 0x00, 0x03, 0x00, 0x00, 0x00, 0x02, 0x00, /* ................ */
    0xfa, 0xff, 0x06, 0x00, 0x03, 0x00, 0x05, 0x00, 0xff, 0xff, 0x03, 0x00, 0x00, 0x00, 0x02, 0x00, /* ................ */
    0xf9, 0xff, 0x06, 0x00, 0x02, 0x00, 0x04, 0x00, 0x01, 0x00, 0x03, 0x00, 0x00, 0x00, 0x02, 0x00, /* ................ */
    0xfc, 0xff, 0x05, 0x00, 0xfb, 0xff, 0x06, 0x00, 0xff, 0xff, 0x03, 0x00, 0x00, 0x00, 0x02, 0x00, /* ................ */
    0x13, 0x00, 0x09, 0x00, 0xfe, 0xff, 0x04, 0x00, 0x01, 0x00, 0x03, 0x00, 0x00, 0x00, 0x02, 0x00, /* ................ */
    0xf3, 0xff, 0x08, 0x00, 0xfd, 0xff, 0x05, 0x00, 0xff, 0xff, 0x03, 0x00, 0x00, 0x00, 0x02, 0x00, /* ................ */
    0x1d, 0x00, 0x0a, 0x00, 0x02, 0x00, 0x04, 0x00, 0x01, 0x00, 0x03, 0x00, 0x00, 0x00, 0x02, 0x00, /* ................ */
    0x04, 0x00, 0x05, 0x00, 0x17, 0x00, 0x0a, 0x00, 0xff, 0xff, 0x03, 0x00, 0x00, 0x00, 0x02, 0x00, /* ................ */
    0x1c, 0x00, 0x0a, 0x00, 0xfe, 0xff, 0x04, 0x00, 0x01, 0x00, 0x03, 0x00, 0x00, 0x00, 0x02, 0x00, /* ................ */
    0x06, 0x00, 0x06, 0x00, 0x03, 0x00, 0x05, 0x00, 0xff, 0xff, 0x03, 0x00, 0x00, 0x00, 0x02, 0x00, /* ................ */
    0x07, 0x00, 0x06, 0x00, 0x02, 0x00, 0x04, 0x00, 0x01, 0x00, 0x03, 0x00, 0x00, 0x00, 0x02, 0x00, /* ................ */
    0xfc, 0xff, 0x05, 0x00, 0x05, 0x00, 0x06, 0x00, 0xff, 0xff, 0x03, 0x00, 0x00, 0x00, 0x02, 0x00, /* ................ */
    0x0a, 0x00, 0x07, 0x00, 0xfe, 0xff, 0x04, 0x00, 0x01, 0x00, 0x03, 0x00, 0x00, 0x00, 0x02, 0x00, /* ................ */
    0x09, 0x00, 0x07, 0x00, 0xfd, 0xff, 0x05, 0x00, 0xff, 0xff, 0x03, 0x00, 0x00, 0x00, 0x02, 0x00, /* ................ */
    0x0b, 0x00, 0x07, 0x00, 0x02, 0x00, 0x04, 0x00, 0x01, 0x00, 0x03, 0x00, 0x00, 0x00, 0x02, 0x00, /* ................ */
    0x04, 0x00, 0x05, 0x00, 0x08, 0x00, 0x07, 0x00, 0xff, 0xff, 0x03, 0x00, 0x00, 0x00, 0x02, 0x00, /* ................ */
    0x1b, 0x00, 0x0a, 0x00, 0xfe, 0xff, 0x04, 0x00, 0x01, 0x00, 0x03, 0x00, 0x00, 0x00, 0x02, 0x00, /* ................ */
    0xfa, 0xff, 0x06, 0x00, 0x03, 0x00, 0x05, 0x00, 0xff, 0xff, 0x03, 0x00, 0x00, 0x00, 0x02, 0x00, /* ................ */
    0xf9, 0xff, 0x06, 0x00, 0x02, 0x00, 0x04, 0x00, 0x01, 0x00, 0x03, 0x00, 0x00, 0x00, 0x02, 0x00, /* ................ */
    0xfc, 0xff, 0x05, 0x00, 0xfb, 0xff, 0x06, 0x00, 0xff, 0xff, 0x03, 0x00, 0x00, 0x00, 0x02, 0x00, /* ................ */
    0x0e, 0x00, 0x08, 0x00, 0xfe, 0xff, 0x04, 0x00, 0x01, 0x00, 0x03, 0x00, 0x00, 0x00, 0x02, 0x00, /* ................ */
    0x18, 0x00, 0x0a, 0x00, 0xfd, 0xff, 0x05, 0x00, 0xff, 0xff, 0x03, 0x00, 0x00, 0x00, 0x02, 0x00, /* ................ */
    0x10, 0x00, 0x08, 0x00, 0x02, 0x00, 0x04, 0x00, 0x01, 0x00, 0x03, 0x00, 0x00, 0x00, 0x02, 0x00, /* ................ */
    0x04, 0x00, 0x05, 0x00, 0x0c, 0x00, 0x08, 0x00, 0xff, 0xff, 0x03, 0x00, 0x00, 0x00, 0x02, 0x00, /* ................ */
    0x0f, 0x00, 0x08, 0x00, 0xfe, 0xff, 0x04, 0x00, 0x01, 0x00, 0x03, 0x00, 0x00, 0x00, 0x02, 0x00, /* ................ */
    0x06, 0x00, 0x06, 0x00, 0x03, 0x00, 0x05, 0x00, 0xff, 0xff, 0x03, 0x00, 0x00, 0x00, 0x02, 0x00, /* ................ */
    0x07, 0x00, 0x06, 0x00, 0x02, 0x00, 0x04, 0x00, 0x01, 0x00, 0x03, 0x00, 0x00, 0x00, 0x02, 0x00, /* ................ */
    0xfc, 0xff, 0x05, 0x00, 0x05, 0x00, 0x06, 0x00, 0xff, 0xff, 0x03, 0x00, 0x00, 0x00, 0x02, 0x00, /* ................ */
    0xf6, 0xff, 0x07, 0x00, 0xfe, 0xff, 0x04, 0x00, 0x01, 0x00, 0x03, 0x00, 0x00, 0x00, 0x02, 0x00, /* ................ */
    0xf7, 0xff, 0x07, 0x00, 0xfd, 0xff, 0x05, 0x00, 0xff, 0xff, 0x03, 0x00, 0x00, 0x00, 0x02, 0x00, /* ................ */
    0xf5, 0xff, 0x07, 0x00, 0x02, 0x00, 0x04, 0x00, 0x01, 0x00, 0x03, 0x00, 0x00, 0x00, 0x02, 0x00, /* ................ */
    0x04, 0x00, 0x05, 0x00, 0xf8, 0xff, 0x07, 0x00, 0xff, 0xff, 0x03, 0x00, 0x00, 0x00, 0x02, 0x00, /* ................ */
    0x00, 0x80, 0x07, 0x00, 0xfe, 0xff, 0x04, 0x00, 0x01, 0x00, 0x03, 0x00, 0x00, 0x00, 0x02, 0x00, /* ................ */
    0xfa, 0xff, 0x06, 0x00, 0x03, 0x00, 0x05, 0x00, 0xff, 0xff, 0x03, 0x00, 0x00, 0x00, 0x02, 0x00, /* ................ */
    0xf9, 0xff, 0x06, 0x00, 0x02, 0x00, 0x04, 0x00, 0x01, 0x00, 0x03, 0x00, 0x00, 0x00, 0x02, 0x00, /* ................ */
    0xfc, 0xff, 0x05, 0x00, 0xfb, 0xff, 0x06, 0x00, 0xff, 0xff, 0x03, 0x00, 0x00, 0x00, 0x02, 0x00, /* ................ */
    0xdf, 0xff, 0x0b, 0x00, 0xfe, 0xff, 0x04, 0x00, 0x01, 0x00, 0x03, 0x00, 0x00, 0x00, 0x02, 0x00, /* ................ */
    0x0d, 0x00, 0x08, 0x00, 0xfd, 0xff, 0x05, 0x00, 0xff, 0xff, 0x03, 0x00, 0x00, 0x00, 0x02, 0x00, /* ................ */
    0xea, 0xff, 0x09, 0x00, 0x02, 0x00, 0x04, 0x00, 0x01, 0x00, 0x03, 0x00, 0x00, 0x00, 0x02, 0x00, /* ................ */
    0x04, 0x00, 0x05, 0x00, 0xef, 0xff, 0x09, 0x00, 0xff, 0xff, 0x03, 0x00, 0x00, 0x00, 0x02, 0x00, /* ................ */
    0xeb, 0xff, 0x09, 0x00, 0xfe, 0xff, 0x04, 0x00, 0x01, 0x00, 0x03, 0x00, 0x00, 0x00, 0x02, 0x00, /* ................ */
    0x06, 0x00, 0x06, 0x00, 0x03, 0x00, 0x05, 0x00, 0xff, 0xff, 0x03, 0x00, 0x00, 0x00, 0x02, 0x00, /* ................ */
    0x07, 0x00, 0x06, 0x00, 0x02, 0x00, 0x04, 0x00, 0x01, 0x00, 0x03, 0x00, 0x00, 0x00, 0x02, 0x00, /* ................ */
    0xfc, 0xff, 0x05, 0x00, 0x05, 0x00, 0x06, 0x00, 0xff, 0xff, 0x03, 0x00, 0x00, 0x00, 0x02, 0x00, /* ................ */
    0x0a, 0x00, 0x07, 0x00, 0xfe, 0xff, 0x04, 0x00, 0x01, 0x00, 0x03, 0x00, 0x00, 0x00, 0x02, 0x00, /* ................ */
    0x09, 0x00, 0x07, 0x00, 0xfd, 0xff, 0x05, 0x00, 0xff, 0xff, 0x03, 0x00, 0x00, 0x00, 0x02, 0x00, /* ................ */
    0x0b, 0x00, 0x07, 0x00, 0x02, 0x00, 0x04, 0x00, 0x01, 0x00, 0x03, 0x00, 0x00, 0x00, 0x02, 0x00, /* ................ */
    0x04, 0x00, 0x05, 0x00, 0x08, 0x00, 0x07, 0x00, 0xff, 0xff, 0x03, 0x00, 0x00, 0x00, 0x02, 0x00, /* ................ */
    0xec, 0xff, 0x09, 0x00, 0xfe, 0xff, 0x04, 0x00, 0x01, 0x00, 0x03, 0x00, 0x00, 0x00, 0x02, 0x00, /* ................ */
    0xfa, 0xff, 0x06, 0x00, 0x03, 0x00, 0x05, 0x00, 0xff, 0xff, 0x03, 0x00, 0x00, 0x00, 0x02, 0x00, /* ................ */
    0xf9, 0xff, 0x06, 0x00, 0x02, 0x00, 0x04, 0x00, 0x01, 0x00, 0x03, 0x00, 0x00, 0x00, 0x02, 0x00, /* ................ */
    0xfc, 0xff, 0x05, 0x00, 0xfb, 0xff, 0x06, 0x00, 0xff, 0xff, 0x03, 0x00, 0x00, 0x00, 0x02, 0x00, /* ................ */
    0xf2, 0xff, 0x08, 0x00, 0xfe, 0xff, 0x04, 0x00, 0x01, 0x00, 0x03, 0x00, 0x00, 0x00, 0x02, 0x00, /* ................ */
    0xee, 0xff, 0x09, 0x00, 0xfd, 0xff, 0x05, 0x00, 0xff, 0xff, 0x03, 0x00, 0x00, 0x00, 0x02, 0x00, /* ................ */
    0xf0, 0xff, 0x08, 0x00, 0x02, 0x00, 0x04, 0x00, 0x01, 0x00, 0x03, 0x00, 0x00, 0x00, 0x02, 0x00, /* ................ */
    0x04, 0x00, 0x05, 0x00, 0xf4, 0xff, 0x08, 0x00, 0xff, 0xff, 0x03, 0x00, 0x00, 0x00, 0x02, 0x00, /* ................ */
    0xf1, 0xff, 0x08, 0x00, 0xfe, 0xff, 0x04, 0x00, 0x01, 0x00, 0x03, 0x00, 0x00, 0x00, 0x02, 0x00, /* ................ */
    0x06, 0x00, 0x06, 0x00, 0x03, 0x00, 0x05, 0x00, 0xff, 0xff, 0x03, 0x00, 0x00, 0x00, 0x02, 0x00, /* ................ */
    0x07, 0x00, 0x06, 0x00, 0x02, 0x00, 0x04, 0x00, 0x01, 0x00, 0x03, 0x00, 0x00, 0x00, 0x02, 0x00, /* ................ */
    0xfc, 0xff, 0x05, 0x00, 0x05, 0x00, 0x06, 0x00, 0xff, 0xff, 0x03, 0x00, 0x00, 0x00, 0x02, 0x00, /* ................ */
    0xf6, 0xff, 0x07, 0x00, 0xfe, 0xff, 0x04, 0x00, 0x01, 0x00, 0x03, 0x00, 0x00, 0x00, 0x02, 0x00, /* ................ */
    0xf7, 0xff, 0x07, 0x00, 0xfd, 0xff, 0x05, 0x00, 0xff, 0xff, 0x03, 0x00, 0x00, 0x00, 0x02, 0x00, /* ................ */
    0xf5, 0xff, 0x07, 0x00, 0x02, 0x00, 0x04, 0x00, 0x01, 0x00, 0x03, 0x00, 0x00, 0x00, 0x02, 0x00, /* ................ */
    0x04, 0x00, 0x05, 0x00, 0xf8, 0xff, 0x07, 0x00, 0xff, 0xff, 0x03, 0x00, 0x00, 0x00, 0x02, 0x00, /* ................ */
    0x00, 0x80, 0x07, 0x00, 0xfe, 0xff, 0x04, 0x00, 0x01, 0x00, 0x03, 0x00, 0x00, 0x00, 0x02, 0x00, /* ................ */
    0xfa, 0xff, 0x06, 0x00, 0x03, 0x00, 0x05, 0x00, 0xff, 0xff, 0x03, 0x00, 0x00, 0x00, 0x02, 0x00, /* ................ */
    0xf9, 0xff, 0x06, 0x00, 0x02, 0x00, 0x04, 0x00, 0x01, 0x00, 0x03, 0x00, 0x00, 0x00, 0x02, 0x00, /* ................ */
    0xfc, 0xff, 0x05, 0x00, 0xfb, 0xff, 0x06, 0x00, 0xff, 0xff, 0x03, 0x00, 0x00, 0x00, 0x02, 0x00, /* ................ */
    0xed, 0xff, 0x09, 0x00, 0xfe, 0xff, 0x04, 0x00, 0x01, 0x00, 0x03, 0x00, 0x00, 0x00, 0x02, 0x00, /* ................ */
    0xf3, 0xff, 0x08, 0x00, 0xfd, 0xff, 0x05, 0x00, 0xff, 0xff, 0x03, 0x00, 0x00, 0x00, 0x02, 0x00, /* ................ */
    0xe2, 0xff, 0x0a, 0x00, 0x02, 0x00, 0x04, 0x00, 0x01, 0x00, 0x03, 0x00, 0x00, 0x00, 0x02, 0x00, /* ................ */
    0x04, 0x00, 0x05, 0x00, 0xda, 0xff, 0x0c, 0x00, 0xff, 0xff, 0x03, 0x00, 0x00, 0x00, 0x02, 0x00, /* ................ */
    0xdc, 0xff, 0x0b, 0x00, 0xfe, 0xff, 0x04, 0x00, 0x01, 0x00, 0x03, 0x00, 0x00, 0x00, 0x02, 0x00, /* ................ */
    0x06, 0x00, 0x06, 0x00, 0x03, 0x00, 0x05, 0x00, 0xff, 0xff, 0x03, 0x00, 0x00, 0x00, 0x02, 0x00, /* ................ */
    0x07, 0x00, 0x06, 0x00, 0x02, 0x00, 0x04, 0x00, 0x01, 0x00, 0x03, 0x00, 0x00, 0x00, 0x02, 0x00, /* ................ */
    0xfc, 0xff, 0x05, 0x00, 0x05, 0x00, 0x06, 0x00, 0xff, 0xff, 0x03, 0x00, 0x00, 0x00, 0x02, 0x00, /* ................ */
    0x0a, 0x00, 0x07, 0x00, 0xfe, 0xff, 0x04, 0x00, 0x01, 0x00, 0x03, 0x00, 0x00, 0x00, 0x02, 0x00, /* ................ */
    0x09, 0x00, 0x07, 0x00, 0xfd, 0xff, 0x05, 0x00, 0xff, 0xff, 0x03, 0x00, 0x00, 0x00, 0x02, 0x00, /* ................ */
    0x0b, 0x00, 0x07, 0x00, 0x02, 0x00, 0x04, 0x00, 0x01, 0x00, 0x03, 0x00, 0x00, 0x00, 0x02, 0x00, /* ................ */
    0x04, 0x00, 0x05, 0x00, 0x08, 0x00, 0x07, 0x00, 0xff, 0xff, 0x03, 0x00, 0x00, 0x00, 0x02, 0x00, /* ................ */
    0xde, 0xff, 0x0b, 0x00, 0xfe, 0xff, 0x04, 0x00, 0x01, 0x00, 0x03, 0x00, 0x00, 0x00, 0x02, 0x00, /* ................ */
    0xfa, 0xff, 0x06, 0x00, 0x03, 0x00, 0x05, 0x00, 0xff, 0xff, 0x03, 0x00, 0x00, 0x00, 0x02, 0x00, /* ................ */
    0xf9, 0xff, 0x06, 0x00, 0x02, 0x00, 0x04, 0x00, 0x01, 0x00, 0x03, 0x00, 0x00, 0x00, 0x02, 0x00, /* ................ */
    0xfc, 0xff, 0x05, 0x00, 0xfb, 0xff, 0x06, 0x00, 0xff, 0xff, 0x03, 0x00, 0x00, 0x00, 0x02, 0x00, /* ................ */
    0x0e, 0x00, 0x08, 0x00, 0xfe, 0xff, 0x04, 0x00, 0x01, 0x00, 0x03, 0x00, 0x00, 0x00, 0x02, 0x00, /* ................ */
    0xe7, 0xff, 0x0a, 0x00, 0xfd, 0xff, 0x05, 0x00, 0xff, 0xff, 0x03, 0x00, 0x00, 0x00, 0x02, 0x00, /* ................ */
    0x10, 0x00, 0x08, 0x00, 0x02, 0x00, 0x04, 0x00, 0x01, 0x00, 0x03, 0x00, 0x00, 0x00, 0x02, 0x00, /* ................ */
    0x04, 0x00, 0x05, 0x00, 0x0c, 0x00, 0x08, 0x00, 0xff, 0xff, 0x03, 0x00, 0x00, 0x00, 0x02, 0x00, /* ................ */
    0x0f, 0x00, 0x08, 0x00, 0xfe, 0xff, 0x04, 0x00, 0x01, 0x00, 0x03, 0x00, 0x00, 0x00, 0x02, 0x00, /* ................ */
    0x06, 0x00, 0x06, 0x00, 0x03, 0x00, 0x05, 0x00, 0xff, 0xff, 0x03, 0x00, 0x00, 0x00, 0x02, 0x00, /* ................ */
    0x07, 0x00, 0x06, 0x00, 0x02, 0x00, 0x04, 0x00, 0x01, 0x00, 0x03, 0x00, 0x00, 0x00, 0x02, 0x00, /* ................ */
    0xfc, 0xff, 0x05, 0x00, 0x05, 0x00, 0x06, 0x00, 0xff, 0xff, 0x03, 0x00, 0x00, 0x00, 0x02, 0x00, /* ................ */
    0xf6, 0xff, 0x07, 0x00, 0xfe, 0xff, 0x04, 0x00, 0x01, 0x00, 0x03, 0x00, 0x00, 0x00, 0x02, 0x00, /* ................ */
    0xf7, 0xff, 0x07, 0x00, 0xfd, 0xff, 0x05, 0x00, 0xff, 0xff, 0x03, 0x00, 0x00, 0x00, 0x02, 0x00, /* ................ */
    0xf5, 0xff, 0x07, 0x00, 0x02, 0x00, 0x04, 0x00, 0x01, 0x00, 0x03, 0x00, 0x00, 0x00, 0x02, 0x00, /* ................ */
    0x04, 0x00, 0x05, 0x00, 0xf8, 0xff, 0x07, 0x00, 0xff, 0xff, 0x03, 0x00, 0x00, 0x00, 0x02, 0x00, /* ................ */
    0x00, 0x80, 0x07, 0x00, 0xfe, 0xff, 0x04, 0x00, 0x01, 0x00, 0x03, 0x00, 0x00, 0x00, 0x02, 0x00, /* ................ */
    0xfa, 0xff, 0x06, 0x00, 0x03, 0x00, 0x05, 0x00, 0xff, 0xff, 0x03, 0x00, 0x00, 0x00, 0x02, 0x00, /* ................ */
    0xf9, 0xff, 0x06, 0x00, 0x02, 0x00, 0x04, 0x00, 0x01, 0x00, 0x03, 0x00, 0x00, 0x00, 0x02, 0x00, /* ................ */
    0xfc, 0xff, 0x05, 0x00, 0xfb, 0xff, 0x06, 0x00, 0xff, 0xff, 0x03, 0x00, 0x00, 0x00, 0x02, 0x00, /* ................ */
    0xe6, 0xff, 0x0a, 0x00, 0xfe, 0xff, 0x04, 0x00, 0x01, 0x00, 0x03, 0x00, 0x00, 0x00, 0x02, 0x00, /* ................ */
    0x0d, 0x00, 0x08, 0x00, 0xfd, 0xff, 0x05, 0x00, 0xff, 0xff, 0x03, 0x00, 0x00, 0x00, 0x02, 0x00, /* ................ */
    0x16, 0x00, 0x09, 0x00, 0x02, 0x00, 0x04, 0x00, 0x01, 0x00, 0x03, 0x00, 0x00, 0x00, 0x02, 0x00, /* ................ */
    0x04, 0x00, 0x05, 0x00, 0x11, 0x00, 0x09, 0x00, 0xff, 0xff, 0x03, 0x00, 0x00, 0x00, 0x02, 0x00, /* ................ */
    0x15, 0x00, 0x09, 0x00, 0xfe, 0xff, 0x04, 0x00, 0x01, 0x00, 0x03, 0x00, 0x00, 0x00, 0x02, 0x00, /* ................ */
    0x06, 0x00, 0x06, 0x00, 0x03, 0x00, 0x05, 0x00, 0xff, 0xff, 0x03, 0x00, 0x00, 0x00, 0x02, 0x00, /* ................ */
    0x07, 0x00, 0x06, 0x00, 0x02, 0x00, 0x04, 0x00, 0x01, 0x00, 0x03, 0x00, 0x00, 0x00, 0x02, 0x00, /* ................ */
    0xfc, 0xff, 0x05, 0x00, 0x05, 0x00, 0x06, 0x00, 0xff, 0xff, 0x03, 0x00, 0x00, 0x00, 0x02, 0x00, /* ................ */
    0x0a, 0x00, 0x07, 0x00, 0xfe, 0xff, 0x04, 0x00, 0x01, 0x00, 0x03, 0x00, 0x00, 0x00, 0x02, 0x00, /* ................ */
    0x09, 0x00, 0x07, 0x00, 0xfd, 0xff, 0x05, 0x00, 0xff, 0xff, 0x03, 0x00, 0x00, 0x00, 0x02, 0x00, /* ................ */
    0x0b, 0x00, 0x07, 0x00, 0x02, 0x00, 0x04, 0x00, 0x01, 0x00, 0x03, 0x00, 0x00, 0x00, 0x02, 0x00, /* ................ */
    0x04, 0x00, 0x05, 0x00, 0x08, 0x00, 0x07, 0x00, 0xff, 0xff, 0x03, 0x00, 0x00, 0x00, 0x02, 0x00, /* ................ */
    0x14, 0x00, 0x09, 0x00, 0xfe, 0xff, 0x04, 0x00, 0x01, 0x00, 0x03, 0x00, 0x00, 0x00, 0x02, 0x00, /* ................ */
    0xfa, 0xff, 0x06, 0x00, 0x03, 0x00, 0x05, 0x00, 0xff, 0xff, 0x03, 0x00, 0x00, 0x00, 0x02, 0x00, /* ................ */
    0xf9, 0xff, 0x06, 0x00, 0x02, 0x00, 0x04, 0x00, 0x01, 0x00, 0x03, 0x00, 0x00, 0x00, 0x02, 0x00, /* ................ */
    0xfc, 0xff, 0x05, 0x00, 0xfb, 0xff, 0x06, 0x00, 0xff, 0xff, 0x03, 0x00, 0x00, 0x00, 0x02, 0x00, /* ................ */
    0xf2, 0xff, 0x08, 0x00, 0xfe, 0xff, 0x04, 0x00, 0x01, 0x00, 0x03, 0x00, 0x00, 0x00, 0x02, 0x00, /* ................ */
    0x12, 0x00, 0x09, 0x00, 0xfd, 0xff, 0x05, 0x00, 0xff, 0xff, 0x03, 0x00, 0x00, 0x00, 0x02, 0x00, /* ................ */
    0xf0, 0xff, 0x08, 0x00, 0x02, 0x00, 0x04, 0x00, 0x01, 0x00, 0x03, 0x00, 0x00, 0x00, 0x02, 0x00, /* ................ */
    0x04, 0x00, 0x05, 0x00, 0xf4, 0xff, 0x08, 0x00, 0xff, 0xff, 0x03, 0x00, 0x00, 0x00, 0x02, 0x00, /* ................ */
    0xf1, 0xff, 0x08, 0x00, 0xfe, 0xff, 0x04, 0x00, 0x01, 0x00, 0x03, 0x00, 0x00, 0x00, 0x02, 0x00, /* ................ */
    0x06, 0x00, 0x06, 0x00, 0x03, 0x00, 0x05, 0x00, 0xff, 0xff, 0x03, 0x00, 0x00, 0x00, 0x02, 0x00, /* ................ */
    0x07, 0x00, 0x06, 0x00, 0x02, 0x00, 0x04, 0x00, 0x01, 0x00, 0x03, 0x00, 0x00, 0x00, 0x02, 0x00, /* ................ */
    0xfc, 0xff, 0x05, 0x00, 0x05, 0x00, 0x06, 0x00, 0xff, 0xff, 0x03, 0x00, 0x00, 0x00, 0x02, 0x00, /* ................ */
    0xf6, 0xff, 0x07, 0x00, 0xfe, 0xff, 0x04, 0x00, 0x01, 0x00, 0x03, 0x00, 0x00, 0x00, 0x02, 0x00, /* ................ */
    0xf7, 0xff, 0x07, 0x00, 0xfd, 0xff, 0x05, 0x00, 0xff, 0xff, 0x03, 0x00, 0x00, 0x00, 0x02, 0x00, /* ................ */
    0xf5, 0xff, 0x07, 0x00, 0x02, 0x00, 0x04, 0x00, 0x01, 0x00, 0x03, 0x00, 0x00, 0x00, 0x02, 0x00, /* ................ */
    0x04, 0x00, 0x05, 0x00, 0xf8, 0xff, 0x07, 0x00, 0xff, 0xff, 0x03, 0x00, 0x00, 0x00, 0x02, 0x00, /* ................ */
    0x00, 0x80, 0x07, 0x00, 0xfe, 0xff, 0x04, 0x00, 0x01, 0x00, 0x03, 0x00, 0x00, 0x00, 0x02, 0x00, /* ................ */
    0xfa, 0xff, 0x06, 0x00, 0x03, 0x00, 0x05, 0x00, 0xff, 0xff, 0x03, 0x00, 0x00, 0x00, 0x02, 0x00, /* ................ */
    0xf9, 0xff, 0x06, 0x00, 0x02, 0x00, 0x04, 0x00, 0x01, 0x00, 0x03, 0x00, 0x00, 0x00, 0x02, 0x00, /* ................ */
    0xfc, 0xff, 0x05, 0x00, 0xfb, 0xff, 0x06, 0x00, 0xff, 0xff, 0x03, 0x00, 0x00, 0x00, 0x02, 0x00, /* ................ */
    0x13, 0x00, 0x09, 0x00, 0xfe, 0xff, 0x04, 0x00, 0x01, 0x00, 0x03, 0x00, 0x00, 0x00, 0x02, 0x00, /* ................ */
    0xf3, 0xff, 0x08, 0x00, 0xfd, 0xff, 0x05, 0x00, 0xff, 0xff, 0x03, 0x00, 0x00, 0x00, 0x02, 0x00, /* ................ */
    0xe3, 0xff, 0x0a, 0x00, 0x02, 0x00, 0x04, 0x00, 0x01, 0x00, 0x03, 0x00, 0x00, 0x00, 0x02, 0x00, /* ................ */
    0x04, 0x00, 0x05, 0x00, 0xe9, 0xff, 0x0a, 0x00, 0xff, 0xff, 0x03, 0x00, 0x00, 0x00, 0x02, 0x00, /* ................ */
    0xe4, 0xff, 0x0a, 0x00, 0xfe, 0xff, 0x04, 0x00, 0x01, 0x00, 0x03, 0x00, 0x00, 0x00, 0x02, 0x00, /* ................ */
    0x06, 0x00, 0x06, 0x00, 0x03, 0x00, 0x05, 0x00, 0xff, 0xff, 0x03, 0x00, 0x00, 0x00, 0x02, 0x00, /* ................ */
    0x07, 0x00, 0x06, 0x00, 0x02, 0x00, 0x04, 0x00, 0x01, 0x00, 0x03, 0x00, 0x00, 0x00, 0x02, 0x00, /* ................ */
    0xfc, 0xff, 0x05, 0x00, 0x05, 0x00, 0x06, 0x00, 0xff, 0xff, 0x03, 0x00, 0x00, 0x00, 0x02, 0x00, /* ................ */
    0x0a, 0x00, 0x07, 0x00, 0xfe, 0xff, 0x04, 0x00, 0x01, 0x00, 0x03, 0x00, 0x00, 0x00, 0x02, 0x00, /* ................ */
    0x09, 0x00, 0x07, 0x00, 0xfd, 0xff, 0x05, 0x00, 0xff, 0xff, 0x03, 0x00, 0x00, 0x00, 0x02, 0x00, /* ................ */
    0x0b, 0x00, 0x07, 0x00, 0x02, 0x00, 0x04, 0x00, 0x01, 0x00, 0x03, 0x00, 0x00, 0x00, 0x02, 0x00, /* ................ */
    0x04, 0x00, 0x05, 0x00, 0x08, 0x00, 0x07, 0x00, 0xff, 0xff, 0x03, 0x00, 0x00, 0x00, 0x02, 0x00, /* ................ */
    0xe5, 0xff, 0x0a, 0x00, 0xfe, 0xff, 0x04, 0x00, 0x01, 0x00, 0x03, 0x00, 0x00, 0x00, 0x02, 0x00, /* ................ */
    0xfa, 0xff, 0x06, 0x00, 0x03, 0x00, 0x05, 0x00, 0xff, 0xff, 0x03, 0x00, 0x00, 0x00, 0x02, 0x00, /* ................ */
    0xf9, 0xff, 0x06, 0x00, 0x02, 0x00, 0x04, 0x00, 0x01, 0x00, 0x03, 0x00, 0x00, 0x00, 0x02, 0x00, /* ................ */
    0xfc, 0xff, 0x05, 0x00, 0xfb, 0xff, 0x06, 0x00, 0xff, 0xff, 0x03, 0x00, 0x00, 0x00, 0x02, 0x00, /* ................ */
    0x0e, 0x00, 0x08, 0x00, 0xfe, 0xff, 0x04, 0x00, 0x01, 0x00, 0x03, 0x00, 0x00, 0x00, 0x02, 0x00, /* ................ */
    0xe8, 0xff, 0x0a, 0x00, 0xfd, 0xff, 0x05, 0x00, 0xff, 0xff, 0x03, 0x00, 0x00, 0x00, 0x02, 0x00, /* ................ */
    0x10, 0x00, 0x08, 0x00, 0x02, 0x00, 0x04, 0x00, 0x01, 0x00, 0x03, 0x00, 0x00, 0x00, 0x02, 0x00, /* ................ */
    0x04, 0x00, 0x05, 0x00, 0x0c, 0x00, 0x08, 0x00, 0xff, 0xff, 0x03, 0x00, 0x00, 0x00, 0x02, 0x00, /* ................ */
    0x0f, 0x00, 0x08, 0x00, 0xfe, 0xff, 0x04, 0x00, 0x01, 0x00, 0x03, 0x00, 0x00, 0x00, 0x02, 0x00, /* ................ */
    0x06, 0x00, 0x06, 0x00, 0x03, 0x00, 0x05, 0x00, 0xff, 0xff, 0x03, 0x00, 0x00, 0x00, 0x02, 0x00, /* ................ */
    0x07, 0x00, 0x06, 0x00, 0x02, 0x00, 0x04, 0x00, 0x01, 0x00, 0x03, 0x00, 0x00, 0x00, 0x02, 0x00, /* ................ */
    0xfc, 0xff, 0x05, 0x00, 0x05, 0x00, 0x06, 0x00, 0xff, 0xff, 0x03, 0x00, 0x00, 0x00, 0x02, 0x00, /* ................ */
    0xf6, 0xff, 0x07, 0x00, 0xfe, 0xff, 0x04, 0x00, 0x01, 0x00, 0x03, 0x00, 0x00, 0x00, 0x02, 0x00, /* ................ */
    0xf7, 0xff, 0x07, 0x00, 0xfd, 0xff, 0x05, 0x00, 0xff, 0xff, 0x03, 0x00, 0x00, 0x00, 0x02, 0x00, /* ................ */
    0xf5, 0xff, 0x07, 0x00, 0x02, 0x00, 0x04, 0x00, 0x01, 0x00, 0x03, 0x00, 0x00, 0x00, 0x02, 0x00, /* ................ */
    0x04, 0x00, 0x05, 0x00, 0xf8, 0xff, 0x07, 0x00, 0xff, 0xff, 0x03, 0x00, 0x00, 0x00, 0x02, 0x00, /* ................ */
    0x00, 0x80, 0x07, 0x00, 0xfe, 0xff, 0x04, 0x00, 0x01, 0x00, 0x03, 0x00, 0x00, 0x00, 0x02, 0x00, /* ................ */
    0xfa, 0xff, 0x06, 0x00, 0x03, 0x00, 0x05, 0x00, 0xff, 0xff, 0x03, 0x00, 0x00, 0x00, 0x02, 0x00, /* ................ */
    0xf9, 0xff, 0x06, 0x00, 0x02, 0x00, 0x04, 0x00, 0x01, 0x00, 0x03, 0x00, 0x00, 0x00, 0x02, 0x00, /* ................ */
    0xfc, 0xff, 0x05, 0x00, 0xfb, 0xff, 0x06, 0x00, 0xff, 0xff, 0x03, 0x00, 0x00, 0x00, 0x02, 0x00, /* ................ */
    0xe0, 0xff, 0x0b, 0x00, 0xfe, 0xff, 0x04, 0x00, 0x01, 0x00, 0x03, 0x00, 0x00, 0x00, 0x02, 0x00, /* ................ */
    0x0d, 0x00, 0x08, 0x00, 0xfd, 0xff, 0x05, 0x00, 0xff, 0xff, 0x03, 0x00, 0x00, 0x00, 0x02, 0x00, /* ................ */
    0xea, 0xff, 0x09, 0x00, 0x02, 0x00, 0x04, 0x00, 0x01, 0x00, 0x03, 0x00, 0x00, 0x00, 0x02, 0x00, /* ................ */
    0x04, 0x00, 0x05, 0x00, 0xef, 0xff, 0x09, 0x00, 0xff, 0xff, 0x03, 0x00, 0x00, 0x00, 0x02, 0x00, /* ................ */
    0xeb, 0xff, 0x09, 0x00, 0xfe, 0xff, 0x04, 0x00, 0x01, 0x00, 0x03, 0x00, 0x00, 0x00, 0x02, 0x00, /* ................ */
    0x06, 0x00, 0x06, 0x00, 0x03, 0x00, 0x05, 0x00, 0xff, 0xff, 0x03, 0x00, 0x00, 0x00, 0x02, 0x00, /* ................ */
    0x07, 0x00, 0x06, 0x00, 0x02, 0x00, 0x04, 0x00, 0x01, 0x00, 0x03, 0x00, 0x00, 0x00, 0x02, 0x00, /* ................ */
    0xfc, 0xff, 0x05, 0x00, 0x05, 0x00, 0x06, 0x00, 0xff, 0xff, 0x03, 0x00, 0x00, 0x00, 0x02, 0x00, /* ................ */
    0x0a, 0x00, 0x07, 0x00, 0xfe, 0xff, 0x04, 0x00, 0x01, 0x00, 0x03, 0x00, 0x00, 0x00, 0x02, 0x00, /* ................ */
    0x09, 0x00, 0x07, 0x00, 0xfd, 0xff, 0x05, 0x00, 0xff, 0xff, 0x03, 0x00, 0x00, 0x00, 0x02, 0x00, /* ................ */
    0x0b, 0x00, 0x07, 0x00, 0x02, 0x00, 0x04, 0x00, 0x01, 0x00, 0x03, 0x00, 0x00, 0x00, 0x02, 0x00, /* ................ */
    0x04, 0x00, 0x05, 0x00, 0x08, 0x00, 0x07, 0x00, 0xff, 0xff, 0x03, 0x00, 0x00, 0x00, 0x02, 0x00, /* ................ */
    0xec, 0xff, 0x09, 0x00, 0xfe, 0xff, 0x04, 0x00, 0x01, 0x00, 0x03, 0x00, 0x00, 0x00, 0x02, 0x00, /* ................ */
    0xfa, 0xff, 0x06, 0x00, 0x03, 0x00, 0x05, 0x00, 0xff, 0xff, 0x03, 0x00, 0x00, 0x00, 0x02, 0x00, /* ................ */
    0xf9, 0xff, 0x06, 0x00, 0x02, 0x00, 0x04, 0x00, 0x01, 0x00, 0x03, 0x00, 0x00, 0x00, 0x02, 0x00, /* ................ */
    0xfc, 0xff, 0x05, 0x00, 0xfb, 0xff, 0x06, 0x00, 0xff, 0xff, 0x03, 0x00, 0x00, 0x00, 0x02, 0x00, /* ................ */
    0xf2, 0xff, 0x08, 0x00, 0xfe, 0xff, 0x04, 0x00, 0x01, 0x00, 0x03, 0x00, 0x00, 0x00, 0x02, 0x00, /* ................ */
    0xee, 0xff, 0x09, 0x00, 0xfd, 0xff, 0x05, 0x00, 0xff, 0xff, 0x03, 0x00, 0x00, 0x00, 0x02, 0x00, /* ................ */
    0xf0, 0xff, 0x08, 0x00, 0x02, 0x00, 0x04, 0x00, 0x01, 0x00, 0x03, 0x00, 0x00, 0x00, 0x02, 0x00, /* ................ */
    0x04, 0x00, 0x05, 0x00, 0xf4, 0xff, 0x08, 0x00, 0xff, 0xff, 0x03, 0x00, 0x00, 0x00, 0x02, 0x00, /* ................ */
    0xf1, 0xff, 0x08, 0x00, 0xfe, 0xff, 0x04, 0x00, 0x01, 0x00, 0x03, 0x00, 0x00, 0x00, 0x02, 0x00, /* ................ */
    0x06, 0x00, 0x06, 0x00, 0x03, 0x00, 0x05, 0x00, 0xff, 0xff, 0x03, 0x00, 0x00, 0x00, 0x02, 0x00, /* ................ */
    0x07, 0x00, 0x06, 0x00, 0x02, 0x00, 0x04, 0x00, 0x01, 0x00, 0x03, 0x00, 0x00, 0x00, 0x02, 0x00, /* ................ */
    0xfc, 0xff, 0x05, 0x00, 0x05, 0x00, 0x06, 0x00, 0xff, 0xff, 0x03, 0x00, 0x00, 0x00, 0x02, 0x00, /* ................ */
    0xf6, 0xff, 0x07, 0x00, 0xfe, 0xff, 0x04, 0x00, 0x01, 0x00, 0x03, 0x00, 0x00, 0x00, 0x02, 0x00, /* ................ */
    0xf7, 0xff, 0x07, 0x00, 0xfd, 0xff, 0x05, 0x00, 0xff, 0xff, 0x03, 0x00, 0x00, 0x00, 0x02, 0x00, /* ................ */
    0xf5, 0xff, 0x07, 0x00, 0x02, 0x00, 0x04, 0x00, 0x01, 0x00, 0x03, 0x00, 0x00, 0x00, 0x02, 0x00, /* ................ */
    0x04, 0x00, 0x05, 0x00, 0xf8, 0xff, 0x07, 0x00, 0xff, 0xff, 0x03, 0x00, 0x00, 0x00, 0x02, 0x00, /* ................ */
    0x00, 0x80, 0x07, 0x00, 0xfe, 0xff, 0x04, 0x00, 0x01, 0x00, 0x03, 0x00, 0x00, 0x00, 0x02, 0x00, /* ................ */
    0xfa, 0xff, 0x06, 0x00, 0x03, 0x00, 0x05, 0x00, 0xff, 0xff, 0x03, 0x00, 0x00, 0x00, 0x02, 0x00, /* ................ */
    0xf9, 0xff, 0x06, 0x00, 0x02, 0x00, 0x04, 0x00, 0x01, 0x00, 0x03, 0x00, 0x00, 0x00, 0x02, 0x00, /* ................ */
    0xfc, 0xff, 0x05, 0x00, 0xfb, 0xff, 0x06, 0x00, 0xff, 0xff, 0x03, 0x00, 0x00, 0x00, 0x02, 0x00, /* ................ */
    0xed, 0xff, 0x09, 0x00, 0xfe, 0xff, 0x04, 0x00, 0x01, 0x00, 0x03, 0x00, 0x00, 0x00, 0x02, 0x00, /* ................ */
    0xf3, 0xff, 0x08, 0x00, 0xfd, 0xff, 0x05, 0x00, 0xff, 0xff, 0x03, 0x00, 0x00, 0x00, 0x02, 0x00 /* ................ */
};

/* 0x002fb100 */
const unsigned char waveletDecodeBlue[16384] = {
    0x0c, 0x00, 0x06, 0x00, 0x00, 0x00, 0x03, 0x00, 0x0a, 0x00, 0x06, 0x00, 0x07, 0x00, 0x06, 0x00, /* ................ */
    0x04, 0x00, 0x05, 0x00, 0x02, 0x00, 0x05, 0x00, 0x09, 0x00, 0x06, 0x00, 0x01, 0x00, 0x05, 0x00, /* ................ */
    0x22, 0x00, 0x08, 0x00, 0x00, 0x00, 0x03, 0x00, 0x03, 0x00, 0x05, 0x00, 0x06, 0x00, 0x06, 0x00, /* "............... */
    0x2f, 0x00, 0x09, 0x00, 0x1c, 0x00, 0x08, 0x00, 0x1d, 0x00, 0x08, 0x00, 0x0d, 0x00, 0x07, 0x00, /* /............... */
    0x41, 0x00, 0x0a, 0x00, 0x00, 0x00, 0x03, 0x00, 0x13, 0x00, 0x07, 0x00, 0x1a, 0x00, 0x08, 0x00, /* A............... */
    0xfc, 0xff, 0x05, 0x00, 0xfe, 0xff, 0x05, 0x00, 0x12, 0x00, 0x07, 0x00, 0xff, 0xff, 0x05, 0x00, /* ................ */
    0x0b, 0x00, 0x06, 0x00, 0x00, 0x00, 0x03, 0x00, 0xfd, 0xff, 0x05, 0x00, 0x0e, 0x00, 0x07, 0x00, /* ................ */
    0x2e, 0x00, 0x09, 0x00, 0x1b, 0x00, 0x08, 0x00, 0x08, 0x00, 0x06, 0x00, 0x05, 0x00, 0x06, 0x00, /* ................ */
    0xf4, 0xff, 0x06, 0x00, 0x00, 0x00, 0x03, 0x00, 0xf6, 0xff, 0x06, 0x00, 0xf9, 0xff, 0x06, 0x00, /* ................ */
    0x04, 0x00, 0x05, 0x00, 0x02, 0x00, 0x05, 0x00, 0xf7, 0xff, 0x06, 0x00, 0x01, 0x00, 0x05, 0x00, /* ................ */
    0x15, 0x00, 0x07, 0x00, 0x00, 0x00, 0x03, 0x00, 0x03, 0x00, 0x05, 0x00, 0xfa, 0xff, 0x06, 0x00, /* ................ */
    0x14, 0x00, 0x07, 0x00, 0x10, 0x00, 0x07, 0x00, 0x11, 0x00, 0x07, 0x00, 0x17, 0x00, 0x08, 0x00, /* ................ */
    0x16, 0x00, 0x07, 0x00, 0x00, 0x00, 0x03, 0x00, 0x2d, 0x00, 0x09, 0x00, 0x19, 0x00, 0x08, 0x00, /* ........-....... */
    0xfc, 0xff, 0x05, 0x00, 0xfe, 0xff, 0x05, 0x00, 0x2c, 0x00, 0x09, 0x00, 0xff, 0xff, 0x05, 0x00, /* ........,....... */
    0xf5, 0xff, 0x06, 0x00, 0x00, 0x00, 0x03, 0x00, 0xfd, 0xff, 0x05, 0x00, 0x18, 0x00, 0x08, 0x00, /* ................ */
    0x00, 0x80, 0x06, 0x00, 0x0f, 0x00, 0x07, 0x00, 0xf8, 0xff, 0x06, 0x00, 0xfb, 0xff, 0x06, 0x00, /* ................ */
    0x0c, 0x00, 0x06, 0x00, 0x00, 0x00, 0x03, 0x00, 0x0a, 0x00, 0x06, 0x00, 0x07, 0x00, 0x06, 0x00, /* ................ */
    0x04, 0x00, 0x05, 0x00, 0x02, 0x00, 0x05, 0x00, 0x09, 0x00, 0x06, 0x00, 0x01, 0x00, 0x05, 0x00, /* ................ */
    0x21, 0x00, 0x08, 0x00, 0x00, 0x00, 0x03, 0x00, 0x03, 0x00, 0x05, 0x00, 0x06, 0x00, 0x06, 0x00, /* !............... */
    0x20, 0x00, 0x08, 0x00, 0x38, 0x00, 0x0a, 0x00, 0x39, 0x00, 0x0a, 0x00, 0xf3, 0xff, 0x07, 0x00, /*  ...8...9....... */
    0x30, 0x00, 0x09, 0x00, 0x00, 0x00, 0x03, 0x00, 0xed, 0xff, 0x07, 0x00, 0x46, 0x00, 0x0b, 0x00, /* 0...........F... */
    0xfc, 0xff, 0x05, 0x00, 0xfe, 0xff, 0x05, 0x00, 0xee, 0xff, 0x07, 0x00, 0xff, 0xff, 0x05, 0x00, /* ................ */
    0x0b, 0x00, 0x06, 0x00, 0x00, 0x00, 0x03, 0x00, 0xfd, 0xff, 0x05, 0x00, 0xf2, 0xff, 0x07, 0x00, /* ................ */
    0x1f, 0x00, 0x08, 0x00, 0x37, 0x00, 0x0a, 0x00, 0x08, 0x00, 0x06, 0x00, 0x05, 0x00, 0x06, 0x00, /* ....7........... */
    0xf4, 0xff, 0x06, 0x00, 0x00, 0x00, 0x03, 0x00, 0xf6, 0xff, 0x06, 0x00, 0xf9, 0xff, 0x06, 0x00, /* ................ */
    0x04, 0x00, 0x05, 0x00, 0x02, 0x00, 0x05, 0x00, 0xf7, 0xff, 0x06, 0x00, 0x01, 0x00, 0x05, 0x00, /* ................ */
    0xeb, 0xff, 0x07, 0x00, 0x00, 0x00, 0x03, 0x00, 0x03, 0x00, 0x05, 0x00, 0xfa, 0xff, 0x06, 0x00, /* ................ */
    0xec, 0xff, 0x07, 0x00, 0xf0, 0xff, 0x07, 0x00, 0xef, 0xff, 0x07, 0x00, 0x42, 0x00, 0x0b, 0x00, /* ............B... */
    0xea, 0xff, 0x07, 0x00, 0x00, 0x00, 0x03, 0x00, 0x1e, 0x00, 0x08, 0x00, 0x45, 0x00, 0x0b, 0x00, /* ............E... */
    0xfc, 0xff, 0x05, 0x00, 0xfe, 0xff, 0x05, 0x00, 0x2b, 0x00, 0x09, 0x00, 0xff, 0xff, 0x05, 0x00, /* ........+....... */
    0xf5, 0xff, 0x06, 0x00, 0x00, 0x00, 0x03, 0x00, 0xfd, 0xff, 0x05, 0x00, 0x25, 0x00, 0x09, 0x00, /* ............%... */
    0x00, 0x80, 0x06, 0x00, 0xf1, 0xff, 0x07, 0x00, 0xf8, 0xff, 0x06, 0x00, 0xfb, 0xff, 0x06, 0x00, /* ................ */
    0x0c, 0x00, 0x06, 0x00, 0x00, 0x00, 0x03, 0x00, 0x0a, 0x00, 0x06, 0x00, 0x07, 0x00, 0x06, 0x00, /* ................ */
    0x04, 0x00, 0x05, 0x00, 0x02, 0x00, 0x05, 0x00, 0x09, 0x00, 0x06, 0x00, 0x01, 0x00, 0x05, 0x00, /* ................ */
    0xde, 0xff, 0x08, 0x00, 0x00, 0x00, 0x03, 0x00, 0x03, 0x00, 0x05, 0x00, 0x06, 0x00, 0x06, 0x00, /* ................ */
    0x3e, 0x00, 0x0a, 0x00, 0xe4, 0xff, 0x08, 0x00, 0xe3, 0xff, 0x08, 0x00, 0x0d, 0x00, 0x07, 0x00, /* >............... */
    0x31, 0x00, 0x09, 0x00, 0x00, 0x00, 0x03, 0x00, 0x13, 0x00, 0x07, 0x00, 0xe6, 0xff, 0x08, 0x00, /* 1............... */
    0xfc, 0xff, 0x05, 0x00, 0xfe, 0xff, 0x05, 0x00, 0x12, 0x00, 0x07, 0x00, 0xff, 0xff, 0x05, 0x00, /* ................ */
    0x0b, 0x00, 0x06, 0x00, 0x00, 0x00, 0x03, 0x00, 0xfd, 0xff, 0x05, 0x00, 0x0e, 0x00, 0x07, 0x00, /* ................ */
    0x3d, 0x00, 0x0a, 0x00, 0xe5, 0xff, 0x08, 0x00, 0x08, 0x00, 0x06, 0x00, 0x05, 0x00, 0x06, 0x00, /* =............... */
    0xf4, 0xff, 0x06, 0x00, 0x00, 0x00, 0x03, 0x00, 0xf6, 0xff, 0x06, 0x00, 0xf9, 0xff, 0x06, 0x00, /* ................ */
    0x04, 0x00, 0x05, 0x00, 0x02, 0x00, 0x05, 0x00, 0xf7, 0xff, 0x06, 0x00, 0x01, 0x00, 0x05, 0x00, /* ................ */
    0x15, 0x00, 0x07, 0x00, 0x00, 0x00, 0x03, 0x00, 0x03, 0x00, 0x05, 0x00, 0xfa, 0xff, 0x06, 0x00, /* ................ */
    0x14, 0x00, 0x07, 0x00, 0x10, 0x00, 0x07, 0x00, 0x11, 0x00, 0x07, 0x00, 0xe9, 0xff, 0x08, 0x00, /* ................ */
    0x16, 0x00, 0x07, 0x00, 0x00, 0x00, 0x03, 0x00, 0x4d, 0x00, 0x0b, 0x00, 0xe7, 0xff, 0x08, 0x00, /* ........M....... */
    0xfc, 0xff, 0x05, 0x00, 0xfe, 0xff, 0x05, 0x00, 0x4b, 0x00, 0x0b, 0x00, 0xff, 0xff, 0x05, 0x00, /* ........K....... */
    0xf5, 0xff, 0x06, 0x00, 0x00, 0x00, 0x03, 0x00, 0xfd, 0xff, 0x05, 0x00, 0xe8, 0xff, 0x08, 0x00, /* ................ */
    0x00, 0x80, 0x06, 0x00, 0x0f, 0x00, 0x07, 0x00, 0xf8, 0xff, 0x06, 0x00, 0xfb, 0xff, 0x06, 0x00, /* ................ */
    0x0c, 0x00, 0x06, 0x00, 0x00, 0x00, 0x03, 0x00, 0x0a, 0x00, 0x06, 0x00, 0x07, 0x00, 0x06, 0x00, /* ................ */
    0x04, 0x00, 0x05, 0x00, 0x02, 0x00, 0x05, 0x00, 0x09, 0x00, 0x06, 0x00, 0x01, 0x00, 0x05, 0x00, /* ................ */
    0xdf, 0xff, 0x08, 0x00, 0x00, 0x00, 0x03, 0x00, 0x03, 0x00, 0x05, 0x00, 0x06, 0x00, 0x06, 0x00, /* ................ */
    0xe0, 0xff, 0x08, 0x00, 0x28, 0x00, 0x09, 0x00, 0x29, 0x00, 0x09, 0x00, 0xf3, 0xff, 0x07, 0x00, /* ....(...)....... */
    0x51, 0x00, 0x0b, 0x00, 0x00, 0x00, 0x03, 0x00, 0xed, 0xff, 0x07, 0x00, 0x26, 0x00, 0x09, 0x00, /* Q...........&... */
    0xfc, 0xff, 0x05, 0x00, 0xfe, 0xff, 0x05, 0x00, 0xee, 0xff, 0x07, 0x00, 0xff, 0xff, 0x05, 0x00, /* ................ */
    0x0b, 0x00, 0x06, 0x00, 0x00, 0x00, 0x03, 0x00, 0xfd, 0xff, 0x05, 0x00, 0xf2, 0xff, 0x07, 0x00, /* ................ */
    0xe1, 0xff, 0x08, 0x00, 0x27, 0x00, 0x09, 0x00, 0x08, 0x00, 0x06, 0x00, 0x05, 0x00, 0x06, 0x00, /* ....'........... */
    0xf4, 0xff, 0x06, 0x00, 0x00, 0x00, 0x03, 0x00, 0xf6, 0xff, 0x06, 0x00, 0xf9, 0xff, 0x06, 0x00, /* ................ */
    0x04, 0x00, 0x05, 0x00, 0x02, 0x00, 0x05, 0x00, 0xf7, 0xff, 0x06, 0x00, 0x01, 0x00, 0x05, 0x00, /* ................ */
    0xeb, 0xff, 0x07, 0x00, 0x00, 0x00, 0x03, 0x00, 0x03, 0x00, 0x05, 0x00, 0xfa, 0xff, 0x06, 0x00, /* ................ */
    0xec, 0xff, 0x07, 0x00, 0xf0, 0xff, 0x07, 0x00, 0xef, 0xff, 0x07, 0x00, 0x23, 0x00, 0x09, 0x00, /* ............#... */
    0xea, 0xff, 0x07, 0x00, 0x00, 0x00, 0x03, 0x00, 0xe2, 0xff, 0x08, 0x00, 0x55, 0x00, 0x0c, 0x00, /* ............U... */
    0xfc, 0xff, 0x05, 0x00, 0xfe, 0xff, 0x05, 0x00, 0x2a, 0x00, 0x09, 0x00, 0xff, 0xff, 0x05, 0x00, /* ........*....... */
    0xf5, 0xff, 0x06, 0x00, 0x00, 0x00, 0x03, 0x00, 0xfd, 0xff, 0x05, 0x00, 0x24, 0x00, 0x09, 0x00, /* ............$... */
    0x00, 0x80, 0x06, 0x00, 0xf1, 0xff, 0x07, 0x00, 0xf8, 0xff, 0x06, 0x00, 0xfb, 0xff, 0x06, 0x00, /* ................ */
    0x0c, 0x00, 0x06, 0x00, 0x00, 0x00, 0x03, 0x00, 0x0a, 0x00, 0x06, 0x00, 0x07, 0x00, 0x06, 0x00, /* ................ */
    0x04, 0x00, 0x05, 0x00, 0x02, 0x00, 0x05, 0x00, 0x09, 0x00, 0x06, 0x00, 0x01, 0x00, 0x05, 0x00, /* ................ */
    0x22, 0x00, 0x08, 0x00, 0x00, 0x00, 0x03, 0x00, 0x03, 0x00, 0x05, 0x00, 0x06, 0x00, 0x06, 0x00, /* "............... */
    0xd1, 0xff, 0x09, 0x00, 0x1c, 0x00, 0x08, 0x00, 0x1d, 0x00, 0x08, 0x00, 0x0d, 0x00, 0x07, 0x00, /* ................ */
    0x40, 0x00, 0x0a, 0x00, 0x00, 0x00, 0x03, 0x00, 0x13, 0x00, 0x07, 0x00, 0x1a, 0x00, 0x08, 0x00, /* @............... */
    0xfc, 0xff, 0x05, 0x00, 0xfe, 0xff, 0x05, 0x00, 0x12, 0x00, 0x07, 0x00, 0xff, 0xff, 0x05, 0x00, /* ................ */
    0x0b, 0x00, 0x06, 0x00, 0x00, 0x00, 0x03, 0x00, 0xfd, 0xff, 0x05, 0x00, 0x0e, 0x00, 0x07, 0x00, /* ................ */
    0xd2, 0xff, 0x09, 0x00, 0x1b, 0x00, 0x08, 0x00, 0x08, 0x00, 0x06, 0x00, 0x05, 0x00, 0x06, 0x00, /* ................ */
    0xf4, 0xff, 0x06, 0x00, 0x00, 0x00, 0x03, 0x00, 0xf6, 0xff, 0x06, 0x00, 0xf9, 0xff, 0x06, 0x00, /* ................ */
    0x04, 0x00, 0x05, 0x00, 0x02, 0x00, 0x05, 0x00, 0xf7, 0xff, 0x06, 0x00, 0x01, 0x00, 0x05, 0x00, /* ................ */
    0x15, 0x00, 0x07, 0x00, 0x00, 0x00, 0x03, 0x00, 0x03, 0x00, 0x05, 0x00, 0xfa, 0xff, 0x06, 0x00, /* ................ */
    0x14, 0x00, 0x07, 0x00, 0x10, 0x00, 0x07, 0x00, 0x11, 0x00, 0x07, 0x00, 0x17, 0x00, 0x08, 0x00, /* ................ */
    0x16, 0x00, 0x07, 0x00, 0x00, 0x00, 0x03, 0x00, 0xd3, 0xff, 0x09, 0x00, 0x19, 0x00, 0x08, 0x00, /* ................ */
    0xfc, 0xff, 0x05, 0x00, 0xfe, 0xff, 0x05, 0x00, 0xd4, 0xff, 0x09, 0x00, 0xff, 0xff, 0x05, 0x00, /* ................ */
    0xf5, 0xff, 0x06, 0x00, 0x00, 0x00, 0x03, 0x00, 0xfd, 0xff, 0x05, 0x00, 0x18, 0x00, 0x08, 0x00, /* ................ */
    0x00, 0x80, 0x06, 0x00, 0x0f, 0x00, 0x07, 0x00, 0xf8, 0xff, 0x06, 0x00, 0xfb, 0xff, 0x06, 0x00, /* ................ */
    0x0c, 0x00, 0x06, 0x00, 0x00, 0x00, 0x03, 0x00, 0x0a, 0x00, 0x06, 0x00, 0x07, 0x00, 0x06, 0x00, /* ................ */
    0x04, 0x00, 0x05, 0x00, 0x02, 0x00, 0x05, 0x00, 0x09, 0x00, 0x06, 0x00, 0x01, 0x00, 0x05, 0x00, /* ................ */
    0x21, 0x00, 0x08, 0x00, 0x00, 0x00, 0x03, 0x00, 0x03, 0x00, 0x05, 0x00, 0x06, 0x00, 0x06, 0x00, /* !............... */
    0x20, 0x00, 0x08, 0x00, 0x59, 0x00, 0x0c, 0x00, 0x49, 0x00, 0x0b, 0x00, 0xf3, 0xff, 0x07, 0x00, /*  ...Y...I....... */
    0xd0, 0xff, 0x09, 0x00, 0x00, 0x00, 0x03, 0x00, 0xed, 0xff, 0x07, 0x00, 0x35, 0x00, 0x0a, 0x00, /* ............5... */
    0xfc, 0xff, 0x05, 0x00, 0xfe, 0xff, 0x05, 0x00, 0xee, 0xff, 0x07, 0x00, 0xff, 0xff, 0x05, 0x00, /* ................ */
    0x0b, 0x00, 0x06, 0x00, 0x00, 0x00, 0x03, 0x00, 0xfd, 0xff, 0x05, 0x00, 0xf2, 0xff, 0x07, 0x00, /* ................ */
    0x1f, 0x00, 0x08, 0x00, 0x36, 0x00, 0x0a, 0x00, 0x08, 0x00, 0x06, 0x00, 0x05, 0x00, 0x06, 0x00, /* ....6........... */
    0xf4, 0xff, 0x06, 0x00, 0x00, 0x00, 0x03, 0x00, 0xf6, 0xff, 0x06, 0x00, 0xf9, 0xff, 0x06, 0x00, /* ................ */
    0x04, 0x00, 0x05, 0x00, 0x02, 0x00, 0x05, 0x00, 0xf7, 0xff, 0x06, 0x00, 0x01, 0x00, 0x05, 0x00, /* ................ */
    0xeb, 0xff, 0x07, 0x00, 0x00, 0x00, 0x03, 0x00, 0x03, 0x00, 0x05, 0x00, 0xfa, 0xff, 0x06, 0x00, /* ................ */
    0xec, 0xff, 0x07, 0x00, 0xf0, 0xff, 0x07, 0x00, 0xef, 0xff, 0x07, 0x00, 0x32, 0x00, 0x0a, 0x00, /* ............2... */
    0xea, 0xff, 0x07, 0x00, 0x00, 0x00, 0x03, 0x00, 0x1e, 0x00, 0x08, 0x00, 0x34, 0x00, 0x0a, 0x00, /* ............4... */
    0xfc, 0xff, 0x05, 0x00, 0xfe, 0xff, 0x05, 0x00, 0xd5, 0xff, 0x09, 0x00, 0xff, 0xff, 0x05, 0x00, /* ................ */
    0xf5, 0xff, 0x06, 0x00, 0x00, 0x00, 0x03, 0x00, 0xfd, 0xff, 0x05, 0x00, 0xdb, 0xff, 0x09, 0x00, /* ................ */
    0x00, 0x80, 0x06, 0x00, 0xf1, 0xff, 0x07, 0x00, 0xf8, 0xff, 0x06, 0x00, 0xfb, 0xff, 0x06, 0x00, /* ................ */
    0x0c, 0x00, 0x06, 0x00, 0x00, 0x00, 0x03, 0x00, 0x0a, 0x00, 0x06, 0x00, 0x07, 0x00, 0x06, 0x00, /* ................ */
    0x04, 0x00, 0x05, 0x00, 0x02, 0x00, 0x05, 0x00, 0x09, 0x00, 0x06, 0x00, 0x01, 0x00, 0x05, 0x00, /* ................ */
    0xde, 0xff, 0x08, 0x00, 0x00, 0x00, 0x03, 0x00, 0x03, 0x00, 0x05, 0x00, 0x06, 0x00, 0x06, 0x00, /* ................ */
    0x4f, 0x00, 0x0b, 0x00, 0xe4, 0xff, 0x08, 0x00, 0xe3, 0xff, 0x08, 0x00, 0x0d, 0x00, 0x07, 0x00, /* O............... */
    0xcf, 0xff, 0x09, 0x00, 0x00, 0x00, 0x03, 0x00, 0x13, 0x00, 0x07, 0x00, 0xe6, 0xff, 0x08, 0x00, /* ................ */
    0xfc, 0xff, 0x05, 0x00, 0xfe, 0xff, 0x05, 0x00, 0x12, 0x00, 0x07, 0x00, 0xff, 0xff, 0x05, 0x00, /* ................ */
    0x0b, 0x00, 0x06, 0x00, 0x00, 0x00, 0x03, 0x00, 0xfd, 0xff, 0x05, 0x00, 0x0e, 0x00, 0x07, 0x00, /* ................ */
    0x3c, 0x00, 0x0a, 0x00, 0xe5, 0xff, 0x08, 0x00, 0x08, 0x00, 0x06, 0x00, 0x05, 0x00, 0x06, 0x00, /* <............... */
    0xf4, 0xff, 0x06, 0x00, 0x00, 0x00, 0x03, 0x00, 0xf6, 0xff, 0x06, 0x00, 0xf9, 0xff, 0x06, 0x00, /* ................ */
    0x04, 0x00, 0x05, 0x00, 0x02, 0x00, 0x05, 0x00, 0xf7, 0xff, 0x06, 0x00, 0x01, 0x00, 0x05, 0x00, /* ................ */
    0x15, 0x00, 0x07, 0x00, 0x00, 0x00, 0x03, 0x00, 0x03, 0x00, 0x05, 0x00, 0xfa, 0xff, 0x06, 0x00, /* ................ */
    0x14, 0x00, 0x07, 0x00, 0x10, 0x00, 0x07, 0x00, 0x11, 0x00, 0x07, 0x00, 0xe9, 0xff, 0x08, 0x00, /* ................ */
    0x16, 0x00, 0x07, 0x00, 0x00, 0x00, 0x03, 0x00, 0x3b, 0x00, 0x0a, 0x00, 0xe7, 0xff, 0x08, 0x00, /* ........;....... */
    0xfc, 0xff, 0x05, 0x00, 0xfe, 0xff, 0x05, 0x00, 0x3a, 0x00, 0x0a, 0x00, 0xff, 0xff, 0x05, 0x00, /* ........:....... */
    0xf5, 0xff, 0x06, 0x00, 0x00, 0x00, 0x03, 0x00, 0xfd, 0xff, 0x05, 0x00, 0xe8, 0xff, 0x08, 0x00, /* ................ */
    0x00, 0x80, 0x06, 0x00, 0x0f, 0x00, 0x07, 0x00, 0xf8, 0xff, 0x06, 0x00, 0xfb, 0xff, 0x06, 0x00, /* ................ */
    0x0c, 0x00, 0x06, 0x00, 0x00, 0x00, 0x03, 0x00, 0x0a, 0x00, 0x06, 0x00, 0x07, 0x00, 0x06, 0x00, /* ................ */
    0x04, 0x00, 0x05, 0x00, 0x02, 0x00, 0x05, 0x00, 0x09, 0x00, 0x06, 0x00, 0x01, 0x00, 0x05, 0x00, /* ................ */
    0xdf, 0xff, 0x08, 0x00, 0x00, 0x00, 0x03, 0x00, 0x03, 0x00, 0x05, 0x00, 0x06, 0x00, 0x06, 0x00, /* ................ */
    0xe0, 0xff, 0x08, 0x00, 0xd8, 0xff, 0x09, 0x00, 0xd7, 0xff, 0x09, 0x00, 0xf3, 0xff, 0x07, 0x00, /* ................ */
    0x3f, 0x00, 0x0a, 0x00, 0x00, 0x00, 0x03, 0x00, 0xed, 0xff, 0x07, 0x00, 0xda, 0xff, 0x09, 0x00, /* ?............... */
    0xfc, 0xff, 0x05, 0x00, 0xfe, 0xff, 0x05, 0x00, 0xee, 0xff, 0x07, 0x00, 0xff, 0xff, 0x05, 0x00, /* ................ */
    0x0b, 0x00, 0x06, 0x00, 0x00, 0x00, 0x03, 0x00, 0xfd, 0xff, 0x05, 0x00, 0xf2, 0xff, 0x07, 0x00, /* ................ */
    0xe1, 0xff, 0x08, 0x00, 0xd9, 0xff, 0x09, 0x00, 0x08, 0x00, 0x06, 0x00, 0x05, 0x00, 0x06, 0x00, /* ................ */
    0xf4, 0xff, 0x06, 0x00, 0x00, 0x00, 0x03, 0x00, 0xf6, 0xff, 0x06, 0x00, 0xf9, 0xff, 0x06, 0x00, /* ................ */
    0x04, 0x00, 0x05, 0x00, 0x02, 0x00, 0x05, 0x00, 0xf7, 0xff, 0x06, 0x00, 0x01, 0x00, 0x05, 0x00, /* ................ */
    0xeb, 0xff, 0x07, 0x00, 0x00, 0x00, 0x03, 0x00, 0x03, 0x00, 0x05, 0x00, 0xfa, 0xff, 0x06, 0x00, /* ................ */
    0xec, 0xff, 0x07, 0x00, 0xf0, 0xff, 0x07, 0x00, 0xef, 0xff, 0x07, 0x00, 0xdd, 0xff, 0x09, 0x00, /* ................ */
    0xea, 0xff, 0x07, 0x00, 0x00, 0x00, 0x03, 0x00, 0xe2, 0xff, 0x08, 0x00, 0x33, 0x00, 0x0a, 0x00, /* ............3... */
    0xfc, 0xff, 0x05, 0x00, 0xfe, 0xff, 0x05, 0x00, 0xd6, 0xff, 0x09, 0x00, 0xff, 0xff, 0x05, 0x00, /* ................ */
    0xf5, 0xff, 0x06, 0x00, 0x00, 0x00, 0x03, 0x00, 0xfd, 0xff, 0x05, 0x00, 0xdc, 0xff, 0x09, 0x00, /* ................ */
    0x00, 0x80, 0x06, 0x00, 0xf1, 0xff, 0x07, 0x00, 0xf8, 0xff, 0x06, 0x00, 0xfb, 0xff, 0x06, 0x00, /* ................ */
    0x0c, 0x00, 0x06, 0x00, 0x00, 0x00, 0x03, 0x00, 0x0a, 0x00, 0x06, 0x00, 0x07, 0x00, 0x06, 0x00, /* ................ */
    0x04, 0x00, 0x05, 0x00, 0x02, 0x00, 0x05, 0x00, 0x09, 0x00, 0x06, 0x00, 0x01, 0x00, 0x05, 0x00, /* ................ */
    0x22, 0x00, 0x08, 0x00, 0x00, 0x00, 0x03, 0x00, 0x03, 0x00, 0x05, 0x00, 0x06, 0x00, 0x06, 0x00, /* "............... */
    0x2f, 0x00, 0x09, 0x00, 0x1c, 0x00, 0x08, 0x00, 0x1d, 0x00, 0x08, 0x00, 0x0d, 0x00, 0x07, 0x00, /* /............... */
    0xbf, 0xff, 0x0a, 0x00, 0x00, 0x00, 0x03, 0x00, 0x13, 0x00, 0x07, 0x00, 0x1a, 0x00, 0x08, 0x00, /* ................ */
    0xfc, 0xff, 0x05, 0x00, 0xfe, 0xff, 0x05, 0x00, 0x12, 0x00, 0x07, 0x00, 0xff, 0xff, 0x05, 0x00, /* ................ */
    0x0b, 0x00, 0x06, 0x00, 0x00, 0x00, 0x03, 0x00, 0xfd, 0xff, 0x05, 0x00, 0x0e, 0x00, 0x07, 0x00, /* ................ */
    0x2e, 0x00, 0x09, 0x00, 0x1b, 0x00, 0x08, 0x00, 0x08, 0x00, 0x06, 0x00, 0x05, 0x00, 0x06, 0x00, /* ................ */
    0xf4, 0xff, 0x06, 0x00, 0x00, 0x00, 0x03, 0x00, 0xf6, 0xff, 0x06, 0x00, 0xf9, 0xff, 0x06, 0x00, /* ................ */
    0x04, 0x00, 0x05, 0x00, 0x02, 0x00, 0x05, 0x00, 0xf7, 0xff, 0x06, 0x00, 0x01, 0x00, 0x05, 0x00, /* ................ */
    0x15, 0x00, 0x07, 0x00, 0x00, 0x00, 0x03, 0x00, 0x03, 0x00, 0x05, 0x00, 0xfa, 0xff, 0x06, 0x00, /* ................ */
    0x14, 0x00, 0x07, 0x00, 0x10, 0x00, 0x07, 0x00, 0x11, 0x00, 0x07, 0x00, 0x17, 0x00, 0x08, 0x00, /* ................ */
    0x16, 0x00, 0x07, 0x00, 0x00, 0x00, 0x03, 0x00, 0x2d, 0x00, 0x09, 0x00, 0x19, 0x00, 0x08, 0x00, /* ........-....... */
    0xfc, 0xff, 0x05, 0x00, 0xfe, 0xff, 0x05, 0x00, 0x2c, 0x00, 0x09, 0x00, 0xff, 0xff, 0x05, 0x00, /* ........,....... */
    0xf5, 0xff, 0x06, 0x00, 0x00, 0x00, 0x03, 0x00, 0xfd, 0xff, 0x05, 0x00, 0x18, 0x00, 0x08, 0x00, /* ................ */
    0x00, 0x80, 0x06, 0x00, 0x0f, 0x00, 0x07, 0x00, 0xf8, 0xff, 0x06, 0x00, 0xfb, 0xff, 0x06, 0x00, /* ................ */
    0x0c, 0x00, 0x06, 0x00, 0x00, 0x00, 0x03, 0x00, 0x0a, 0x00, 0x06, 0x00, 0x07, 0x00, 0x06, 0x00, /* ................ */
    0x04, 0x00, 0x05, 0x00, 0x02, 0x00, 0x05, 0x00, 0x09, 0x00, 0x06, 0x00, 0x01, 0x00, 0x05, 0x00, /* ................ */
    0x21, 0x00, 0x08, 0x00, 0x00, 0x00, 0x03, 0x00, 0x03, 0x00, 0x05, 0x00, 0x06, 0x00, 0x06, 0x00, /* !............... */
    0x20, 0x00, 0x08, 0x00, 0xc8, 0xff, 0x0a, 0x00, 0xc7, 0xff, 0x0a, 0x00, 0xf3, 0xff, 0x07, 0x00, /*  ............... */
    0x30, 0x00, 0x09, 0x00, 0x00, 0x00, 0x03, 0x00, 0xed, 0xff, 0x07, 0x00, 0x57, 0x00, 0x0c, 0x00, /* 0...........W... */
    0xfc, 0xff, 0x05, 0x00, 0xfe, 0xff, 0x05, 0x00, 0xee, 0xff, 0x07, 0x00, 0xff, 0xff, 0x05, 0x00, /* ................ */
    0x0b, 0x00, 0x06, 0x00, 0x00, 0x00, 0x03, 0x00, 0xfd, 0xff, 0x05, 0x00, 0xf2, 0xff, 0x07, 0x00, /* ................ */
    0x1f, 0x00, 0x08, 0x00, 0xc9, 0xff, 0x0a, 0x00, 0x08, 0x00, 0x06, 0x00, 0x05, 0x00, 0x06, 0x00, /* ................ */
    0xf4, 0xff, 0x06, 0x00, 0x00, 0x00, 0x03, 0x00, 0xf6, 0xff, 0x06, 0x00, 0xf9, 0xff, 0x06, 0x00, /* ................ */
    0x04, 0x00, 0x05, 0x00, 0x02, 0x00, 0x05, 0x00, 0xf7, 0xff, 0x06, 0x00, 0x01, 0x00, 0x05, 0x00, /* ................ */
    0xeb, 0xff, 0x07, 0x00, 0x00, 0x00, 0x03, 0x00, 0x03, 0x00, 0x05, 0x00, 0xfa, 0xff, 0x06, 0x00, /* ................ */
    0xec, 0xff, 0x07, 0x00, 0xf0, 0xff, 0x07, 0x00, 0xef, 0xff, 0x07, 0x00, 0x53, 0x00, 0x0c, 0x00, /* ............S... */
    0xea, 0xff, 0x07, 0x00, 0x00, 0x00, 0x03, 0x00, 0x1e, 0x00, 0x08, 0x00, 0x44, 0x00, 0x0b, 0x00, /* ............D... */
    0xfc, 0xff, 0x05, 0x00, 0xfe, 0xff, 0x05, 0x00, 0x2b, 0x00, 0x09, 0x00, 0xff, 0xff, 0x05, 0x00, /* ........+....... */
    0xf5, 0xff, 0x06, 0x00, 0x00, 0x00, 0x03, 0x00, 0xfd, 0xff, 0x05, 0x00, 0x25, 0x00, 0x09, 0x00, /* ............%... */
    0x00, 0x80, 0x06, 0x00, 0xf1, 0xff, 0x07, 0x00, 0xf8, 0xff, 0x06, 0x00, 0xfb, 0xff, 0x06, 0x00, /* ................ */
    0x0c, 0x00, 0x06, 0x00, 0x00, 0x00, 0x03, 0x00, 0x0a, 0x00, 0x06, 0x00, 0x07, 0x00, 0x06, 0x00, /* ................ */
    0x04, 0x00, 0x05, 0x00, 0x02, 0x00, 0x05, 0x00, 0x09, 0x00, 0x06, 0x00, 0x01, 0x00, 0x05, 0x00, /* ................ */
    0xde, 0xff, 0x08, 0x00, 0x00, 0x00, 0x03, 0x00, 0x03, 0x00, 0x05, 0x00, 0x06, 0x00, 0x06, 0x00, /* ................ */
    0xc2, 0xff, 0x0a, 0x00, 0xe4, 0xff, 0x08, 0x00, 0xe3, 0xff, 0x08, 0x00, 0x0d, 0x00, 0x07, 0x00, /* ................ */
    0x31, 0x00, 0x09, 0x00, 0x00, 0x00, 0x03, 0x00, 0x13, 0x00, 0x07, 0x00, 0xe6, 0xff, 0x08, 0x00, /* 1............... */
    0xfc, 0xff, 0x05, 0x00, 0xfe, 0xff, 0x05, 0x00, 0x12, 0x00, 0x07, 0x00, 0xff, 0xff, 0x05, 0x00, /* ................ */
    0x0b, 0x00, 0x06, 0x00, 0x00, 0x00, 0x03, 0x00, 0xfd, 0xff, 0x05, 0x00, 0x0e, 0x00, 0x07, 0x00, /* ................ */
    0xc3, 0xff, 0x0a, 0x00, 0xe5, 0xff, 0x08, 0x00, 0x08, 0x00, 0x06, 0x00, 0x05, 0x00, 0x06, 0x00, /* ................ */
    0xf4, 0xff, 0x06, 0x00, 0x00, 0x00, 0x03, 0x00, 0xf6, 0xff, 0x06, 0x00, 0xf9, 0xff, 0x06, 0x00, /* ................ */
    0x04, 0x00, 0x05, 0x00, 0x02, 0x00, 0x05, 0x00, 0xf7, 0xff, 0x06, 0x00, 0x01, 0x00, 0x05, 0x00, /* ................ */
    0x15, 0x00, 0x07, 0x00, 0x00, 0x00, 0x03, 0x00, 0x03, 0x00, 0x05, 0x00, 0xfa, 0xff, 0x06, 0x00, /* ................ */
    0x14, 0x00, 0x07, 0x00, 0x10, 0x00, 0x07, 0x00, 0x11, 0x00, 0x07, 0x00, 0xe9, 0xff, 0x08, 0x00, /* ................ */
    0x16, 0x00, 0x07, 0x00, 0x00, 0x00, 0x03, 0x00, 0x4c, 0x00, 0x0b, 0x00, 0xe7, 0xff, 0x08, 0x00, /* ........L....... */
    0xfc, 0xff, 0x05, 0x00, 0xfe, 0xff, 0x05, 0x00, 0x4a, 0x00, 0x0b, 0x00, 0xff, 0xff, 0x05, 0x00, /* ........J....... */
    0xf5, 0xff, 0x06, 0x00, 0x00, 0x00, 0x03, 0x00, 0xfd, 0xff, 0x05, 0x00, 0xe8, 0xff, 0x08, 0x00, /* ................ */
    0x00, 0x80, 0x06, 0x00, 0x0f, 0x00, 0x07, 0x00, 0xf8, 0xff, 0x06, 0x00, 0xfb, 0xff, 0x06, 0x00, /* ................ */
    0x0c, 0x00, 0x06, 0x00, 0x00, 0x00, 0x03, 0x00, 0x0a, 0x00, 0x06, 0x00, 0x07, 0x00, 0x06, 0x00, /* ................ */
    0x04, 0x00, 0x05, 0x00, 0x02, 0x00, 0x05, 0x00, 0x09, 0x00, 0x06, 0x00, 0x01, 0x00, 0x05, 0x00, /* ................ */
    0xdf, 0xff, 0x08, 0x00, 0x00, 0x00, 0x03, 0x00, 0x03, 0x00, 0x05, 0x00, 0x06, 0x00, 0x06, 0x00, /* ................ */
    0xe0, 0xff, 0x08, 0x00, 0x28, 0x00, 0x09, 0x00, 0x29, 0x00, 0x09, 0x00, 0xf3, 0xff, 0x07, 0x00, /* ....(...)....... */
    0x50, 0x00, 0x0b, 0x00, 0x00, 0x00, 0x03, 0x00, 0xed, 0xff, 0x07, 0x00, 0x26, 0x00, 0x09, 0x00, /* P...........&... */
    0xfc, 0xff, 0x05, 0x00, 0xfe, 0xff, 0x05, 0x00, 0xee, 0xff, 0x07, 0x00, 0xff, 0xff, 0x05, 0x00, /* ................ */
    0x0b, 0x00, 0x06, 0x00, 0x00, 0x00, 0x03, 0x00, 0xfd, 0xff, 0x05, 0x00, 0xf2, 0xff, 0x07, 0x00, /* ................ */
    0xe1, 0xff, 0x08, 0x00, 0x27, 0x00, 0x09, 0x00, 0x08, 0x00, 0x06, 0x00, 0x05, 0x00, 0x06, 0x00, /* ....'........... */
    0xf4, 0xff, 0x06, 0x00, 0x00, 0x00, 0x03, 0x00, 0xf6, 0xff, 0x06, 0x00, 0xf9, 0xff, 0x06, 0x00, /* ................ */
    0x04, 0x00, 0x05, 0x00, 0x02, 0x00, 0x05, 0x00, 0xf7, 0xff, 0x06, 0x00, 0x01, 0x00, 0x05, 0x00, /* ................ */
    0xeb, 0xff, 0x07, 0x00, 0x00, 0x00, 0x03, 0x00, 0x03, 0x00, 0x05, 0x00, 0xfa, 0xff, 0x06, 0x00, /* ................ */
    0xec, 0xff, 0x07, 0x00, 0xf0, 0xff, 0x07, 0x00, 0xef, 0xff, 0x07, 0x00, 0x23, 0x00, 0x09, 0x00, /* ............#... */
    0xea, 0xff, 0x07, 0x00, 0x00, 0x00, 0x03, 0x00, 0xe2, 0xff, 0x08, 0x00, 0x43, 0x00, 0x0b, 0x00, /* ............C... */
    0xfc, 0xff, 0x05, 0x00, 0xfe, 0xff, 0x05, 0x00, 0x2a, 0x00, 0x09, 0x00, 0xff, 0xff, 0x05, 0x00, /* ........*....... */
    0xf5, 0xff, 0x06, 0x00, 0x00, 0x00, 0x03, 0x00, 0xfd, 0xff, 0x05, 0x00, 0x24, 0x00, 0x09, 0x00, /* ............$... */
    0x00, 0x80, 0x06, 0x00, 0xf1, 0xff, 0x07, 0x00, 0xf8, 0xff, 0x06, 0x00, 0xfb, 0xff, 0x06, 0x00, /* ................ */
    0x0c, 0x00, 0x06, 0x00, 0x00, 0x00, 0x03, 0x00, 0x0a, 0x00, 0x06, 0x00, 0x07, 0x00, 0x06, 0x00, /* ................ */
    0x04, 0x00, 0x05, 0x00, 0x02, 0x00, 0x05, 0x00, 0x09, 0x00, 0x06, 0x00, 0x01, 0x00, 0x05, 0x00, /* ................ */
    0x22, 0x00, 0x08, 0x00, 0x00, 0x00, 0x03, 0x00, 0x03, 0x00, 0x05, 0x00, 0x06, 0x00, 0x06, 0x00, /* "............... */
    0xd1, 0xff, 0x09, 0x00, 0x1c, 0x00, 0x08, 0x00, 0x1d, 0x00, 0x08, 0x00, 0x0d, 0x00, 0x07, 0x00, /* ................ */
    0xc0, 0xff, 0x0a, 0x00, 0x00, 0x00, 0x03, 0x00, 0x13, 0x00, 0x07, 0x00, 0x1a, 0x00, 0x08, 0x00, /* ................ */
    0xfc, 0xff, 0x05, 0x00, 0xfe, 0xff, 0x05, 0x00, 0x12, 0x00, 0x07, 0x00, 0xff, 0xff, 0x05, 0x00, /* ................ */
    0x0b, 0x00, 0x06, 0x00, 0x00, 0x00, 0x03, 0x00, 0xfd, 0xff, 0x05, 0x00, 0x0e, 0x00, 0x07, 0x00, /* ................ */
    0xd2, 0xff, 0x09, 0x00, 0x1b, 0x00, 0x08, 0x00, 0x08, 0x00, 0x06, 0x00, 0x05, 0x00, 0x06, 0x00, /* ................ */
    0xf4, 0xff, 0x06, 0x00, 0x00, 0x00, 0x03, 0x00, 0xf6, 0xff, 0x06, 0x00, 0xf9, 0xff, 0x06, 0x00, /* ................ */
    0x04, 0x00, 0x05, 0x00, 0x02, 0x00, 0x05, 0x00, 0xf7, 0xff, 0x06, 0x00, 0x01, 0x00, 0x05, 0x00, /* ................ */
    0x15, 0x00, 0x07, 0x00, 0x00, 0x00, 0x03, 0x00, 0x03, 0x00, 0x05, 0x00, 0xfa, 0xff, 0x06, 0x00, /* ................ */
    0x14, 0x00, 0x07, 0x00, 0x10, 0x00, 0x07, 0x00, 0x11, 0x00, 0x07, 0x00, 0x17, 0x00, 0x08, 0x00, /* ................ */
    0x16, 0x00, 0x07, 0x00, 0x00, 0x00, 0x03, 0x00, 0xd3, 0xff, 0x09, 0x00, 0x19, 0x00, 0x08, 0x00, /* ................ */
    0xfc, 0xff, 0x05, 0x00, 0xfe, 0xff, 0x05, 0x00, 0xd4, 0xff, 0x09, 0x00, 0xff, 0xff, 0x05, 0x00, /* ................ */
    0xf5, 0xff, 0x06, 0x00, 0x00, 0x00, 0x03, 0x00, 0xfd, 0xff, 0x05, 0x00, 0x18, 0x00, 0x08, 0x00, /* ................ */
    0x00, 0x80, 0x06, 0x00, 0x0f, 0x00, 0x07, 0x00, 0xf8, 0xff, 0x06, 0x00, 0xfb, 0xff, 0x06, 0x00, /* ................ */
    0x0c, 0x00, 0x06, 0x00, 0x00, 0x00, 0x03, 0x00, 0x0a, 0x00, 0x06, 0x00, 0x07, 0x00, 0x06, 0x00, /* ................ */
    0x04, 0x00, 0x05, 0x00, 0x02, 0x00, 0x05, 0x00, 0x09, 0x00, 0x06, 0x00, 0x01, 0x00, 0x05, 0x00, /* ................ */
    0x21, 0x00, 0x08, 0x00, 0x00, 0x00, 0x03, 0x00, 0x03, 0x00, 0x05, 0x00, 0x06, 0x00, 0x06, 0x00, /* !............... */
    0x20, 0x00, 0x08, 0x00, 0x47, 0x00, 0x0b, 0x00, 0x48, 0x00, 0x0b, 0x00, 0xf3, 0xff, 0x07, 0x00, /*  ...G...H....... */
    0xd0, 0xff, 0x09, 0x00, 0x00, 0x00, 0x03, 0x00, 0xed, 0xff, 0x07, 0x00, 0xcb, 0xff, 0x0a, 0x00, /* ................ */
    0xfc, 0xff, 0x05, 0x00, 0xfe, 0xff, 0x05, 0x00, 0xee, 0xff, 0x07, 0x00, 0xff, 0xff, 0x05, 0x00, /* ................ */
    0x0b, 0x00, 0x06, 0x00, 0x00, 0x00, 0x03, 0x00, 0xfd, 0xff, 0x05, 0x00, 0xf2, 0xff, 0x07, 0x00, /* ................ */
    0x1f, 0x00, 0x08, 0x00, 0xca, 0xff, 0x0a, 0x00, 0x08, 0x00, 0x06, 0x00, 0x05, 0x00, 0x06, 0x00, /* ................ */
    0xf4, 0xff, 0x06, 0x00, 0x00, 0x00, 0x03, 0x00, 0xf6, 0xff, 0x06, 0x00, 0xf9, 0xff, 0x06, 0x00, /* ................ */
    0x04, 0x00, 0x05, 0x00, 0x02, 0x00, 0x05, 0x00, 0xf7, 0xff, 0x06, 0x00, 0x01, 0x00, 0x05, 0x00, /* ................ */
    0xeb, 0xff, 0x07, 0x00, 0x00, 0x00, 0x03, 0x00, 0x03, 0x00, 0x05, 0x00, 0xfa, 0xff, 0x06, 0x00, /* ................ */
    0xec, 0xff, 0x07, 0x00, 0xf0, 0xff, 0x07, 0x00, 0xef, 0xff, 0x07, 0x00, 0xce, 0xff, 0x0a, 0x00, /* ................ */
    0xea, 0xff, 0x07, 0x00, 0x00, 0x00, 0x03, 0x00, 0x1e, 0x00, 0x08, 0x00, 0xcc, 0xff, 0x0a, 0x00, /* ................ */
    0xfc, 0xff, 0x05, 0x00, 0xfe, 0xff, 0x05, 0x00, 0xd5, 0xff, 0x09, 0x00, 0xff, 0xff, 0x05, 0x00, /* ................ */
    0xf5, 0xff, 0x06, 0x00, 0x00, 0x00, 0x03, 0x00, 0xfd, 0xff, 0x05, 0x00, 0xdb, 0xff, 0x09, 0x00, /* ................ */
    0x00, 0x80, 0x06, 0x00, 0xf1, 0xff, 0x07, 0x00, 0xf8, 0xff, 0x06, 0x00, 0xfb, 0xff, 0x06, 0x00, /* ................ */
    0x0c, 0x00, 0x06, 0x00, 0x00, 0x00, 0x03, 0x00, 0x0a, 0x00, 0x06, 0x00, 0x07, 0x00, 0x06, 0x00, /* ................ */
    0x04, 0x00, 0x05, 0x00, 0x02, 0x00, 0x05, 0x00, 0x09, 0x00, 0x06, 0x00, 0x01, 0x00, 0x05, 0x00, /* ................ */
    0xde, 0xff, 0x08, 0x00, 0x00, 0x00, 0x03, 0x00, 0x03, 0x00, 0x05, 0x00, 0x06, 0x00, 0x06, 0x00, /* ................ */
    0x4e, 0x00, 0x0b, 0x00, 0xe4, 0xff, 0x08, 0x00, 0xe3, 0xff, 0x08, 0x00, 0x0d, 0x00, 0x07, 0x00, /* N............... */
    0xcf, 0xff, 0x09, 0x00, 0x00, 0x00, 0x03, 0x00, 0x13, 0x00, 0x07, 0x00, 0xe6, 0xff, 0x08, 0x00, /* ................ */
    0xfc, 0xff, 0x05, 0x00, 0xfe, 0xff, 0x05, 0x00, 0x12, 0x00, 0x07, 0x00, 0xff, 0xff, 0x05, 0x00, /* ................ */
    0x0b, 0x00, 0x06, 0x00, 0x00, 0x00, 0x03, 0x00, 0xfd, 0xff, 0x05, 0x00, 0x0e, 0x00, 0x07, 0x00, /* ................ */
    0xc4, 0xff, 0x0a, 0x00, 0xe5, 0xff, 0x08, 0x00, 0x08, 0x00, 0x06, 0x00, 0x05, 0x00, 0x06, 0x00, /* ................ */
    0xf4, 0xff, 0x06, 0x00, 0x00, 0x00, 0x03, 0x00, 0xf6, 0xff, 0x06, 0x00, 0xf9, 0xff, 0x06, 0x00, /* ................ */
    0x04, 0x00, 0x05, 0x00, 0x02, 0x00, 0x05, 0x00, 0xf7, 0xff, 0x06, 0x00, 0x01, 0x00, 0x05, 0x00, /* ................ */
    0x15, 0x00, 0x07, 0x00, 0x00, 0x00, 0x03, 0x00, 0x03, 0x00, 0x05, 0x00, 0xfa, 0xff, 0x06, 0x00, /* ................ */
    0x14, 0x00, 0x07, 0x00, 0x10, 0x00, 0x07, 0x00, 0x11, 0x00, 0x07, 0x00, 0xe9, 0xff, 0x08, 0x00, /* ................ */
    0x16, 0x00, 0x07, 0x00, 0x00, 0x00, 0x03, 0x00, 0xc5, 0xff, 0x0a, 0x00, 0xe7, 0xff, 0x08, 0x00, /* ................ */
    0xfc, 0xff, 0x05, 0x00, 0xfe, 0xff, 0x05, 0x00, 0xc6, 0xff, 0x0a, 0x00, 0xff, 0xff, 0x05, 0x00, /* ................ */
    0xf5, 0xff, 0x06, 0x00, 0x00, 0x00, 0x03, 0x00, 0xfd, 0xff, 0x05, 0x00, 0xe8, 0xff, 0x08, 0x00, /* ................ */
    0x00, 0x80, 0x06, 0x00, 0x0f, 0x00, 0x07, 0x00, 0xf8, 0xff, 0x06, 0x00, 0xfb, 0xff, 0x06, 0x00, /* ................ */
    0x0c, 0x00, 0x06, 0x00, 0x00, 0x00, 0x03, 0x00, 0x0a, 0x00, 0x06, 0x00, 0x07, 0x00, 0x06, 0x00, /* ................ */
    0x04, 0x00, 0x05, 0x00, 0x02, 0x00, 0x05, 0x00, 0x09, 0x00, 0x06, 0x00, 0x01, 0x00, 0x05, 0x00, /* ................ */
    0xdf, 0xff, 0x08, 0x00, 0x00, 0x00, 0x03, 0x00, 0x03, 0x00, 0x05, 0x00, 0x06, 0x00, 0x06, 0x00, /* ................ */
    0xe0, 0xff, 0x08, 0x00, 0xd8, 0xff, 0x09, 0x00, 0xd7, 0xff, 0x09, 0x00, 0xf3, 0xff, 0x07, 0x00, /* ................ */
    0xc1, 0xff, 0x0a, 0x00, 0x00, 0x00, 0x03, 0x00, 0xed, 0xff, 0x07, 0x00, 0xda, 0xff, 0x09, 0x00, /* ................ */
    0xfc, 0xff, 0x05, 0x00, 0xfe, 0xff, 0x05, 0x00, 0xee, 0xff, 0x07, 0x00, 0xff, 0xff, 0x05, 0x00, /* ................ */
    0x0b, 0x00, 0x06, 0x00, 0x00, 0x00, 0x03, 0x00, 0xfd, 0xff, 0x05, 0x00, 0xf2, 0xff, 0x07, 0x00, /* ................ */
    0xe1, 0xff, 0x08, 0x00, 0xd9, 0xff, 0x09, 0x00, 0x08, 0x00, 0x06, 0x00, 0x05, 0x00, 0x06, 0x00, /* ................ */
    0xf4, 0xff, 0x06, 0x00, 0x00, 0x00, 0x03, 0x00, 0xf6, 0xff, 0x06, 0x00, 0xf9, 0xff, 0x06, 0x00, /* ................ */
    0x04, 0x00, 0x05, 0x00, 0x02, 0x00, 0x05, 0x00, 0xf7, 0xff, 0x06, 0x00, 0x01, 0x00, 0x05, 0x00, /* ................ */
    0xeb, 0xff, 0x07, 0x00, 0x00, 0x00, 0x03, 0x00, 0x03, 0x00, 0x05, 0x00, 0xfa, 0xff, 0x06, 0x00, /* ................ */
    0xec, 0xff, 0x07, 0x00, 0xf0, 0xff, 0x07, 0x00, 0xef, 0xff, 0x07, 0x00, 0xdd, 0xff, 0x09, 0x00, /* ................ */
    0xea, 0xff, 0x07, 0x00, 0x00, 0x00, 0x03, 0x00, 0xe2, 0xff, 0x08, 0x00, 0xcd, 0xff, 0x0a, 0x00, /* ................ */
    0xfc, 0xff, 0x05, 0x00, 0xfe, 0xff, 0x05, 0x00, 0xd6, 0xff, 0x09, 0x00, 0xff, 0xff, 0x05, 0x00, /* ................ */
    0xf5, 0xff, 0x06, 0x00, 0x00, 0x00, 0x03, 0x00, 0xfd, 0xff, 0x05, 0x00, 0xdc, 0xff, 0x09, 0x00, /* ................ */
    0x00, 0x80, 0x06, 0x00, 0xf1, 0xff, 0x07, 0x00, 0xf8, 0xff, 0x06, 0x00, 0xfb, 0xff, 0x06, 0x00, /* ................ */
    0x0c, 0x00, 0x06, 0x00, 0x00, 0x00, 0x03, 0x00, 0x0a, 0x00, 0x06, 0x00, 0x07, 0x00, 0x06, 0x00, /* ................ */
    0x04, 0x00, 0x05, 0x00, 0x02, 0x00, 0x05, 0x00, 0x09, 0x00, 0x06, 0x00, 0x01, 0x00, 0x05, 0x00, /* ................ */
    0x22, 0x00, 0x08, 0x00, 0x00, 0x00, 0x03, 0x00, 0x03, 0x00, 0x05, 0x00, 0x06, 0x00, 0x06, 0x00, /* "............... */
    0x2f, 0x00, 0x09, 0x00, 0x1c, 0x00, 0x08, 0x00, 0x1d, 0x00, 0x08, 0x00, 0x0d, 0x00, 0x07, 0x00, /* /............... */
    0x41, 0x00, 0x0a, 0x00, 0x00, 0x00, 0x03, 0x00, 0x13, 0x00, 0x07, 0x00, 0x1a, 0x00, 0x08, 0x00, /* A............... */
    0xfc, 0xff, 0x05, 0x00, 0xfe, 0xff, 0x05, 0x00, 0x12, 0x00, 0x07, 0x00, 0xff, 0xff, 0x05, 0x00, /* ................ */
    0x0b, 0x00, 0x06, 0x00, 0x00, 0x00, 0x03, 0x00, 0xfd, 0xff, 0x05, 0x00, 0x0e, 0x00, 0x07, 0x00, /* ................ */
    0x2e, 0x00, 0x09, 0x00, 0x1b, 0x00, 0x08, 0x00, 0x08, 0x00, 0x06, 0x00, 0x05, 0x00, 0x06, 0x00, /* ................ */
    0xf4, 0xff, 0x06, 0x00, 0x00, 0x00, 0x03, 0x00, 0xf6, 0xff, 0x06, 0x00, 0xf9, 0xff, 0x06, 0x00, /* ................ */
    0x04, 0x00, 0x05, 0x00, 0x02, 0x00, 0x05, 0x00, 0xf7, 0xff, 0x06, 0x00, 0x01, 0x00, 0x05, 0x00, /* ................ */
    0x15, 0x00, 0x07, 0x00, 0x00, 0x00, 0x03, 0x00, 0x03, 0x00, 0x05, 0x00, 0xfa, 0xff, 0x06, 0x00, /* ................ */
    0x14, 0x00, 0x07, 0x00, 0x10, 0x00, 0x07, 0x00, 0x11, 0x00, 0x07, 0x00, 0x17, 0x00, 0x08, 0x00, /* ................ */
    0x16, 0x00, 0x07, 0x00, 0x00, 0x00, 0x03, 0x00, 0x2d, 0x00, 0x09, 0x00, 0x19, 0x00, 0x08, 0x00, /* ........-....... */
    0xfc, 0xff, 0x05, 0x00, 0xfe, 0xff, 0x05, 0x00, 0x2c, 0x00, 0x09, 0x00, 0xff, 0xff, 0x05, 0x00, /* ........,....... */
    0xf5, 0xff, 0x06, 0x00, 0x00, 0x00, 0x03, 0x00, 0xfd, 0xff, 0x05, 0x00, 0x18, 0x00, 0x08, 0x00, /* ................ */
    0x00, 0x80, 0x06, 0x00, 0x0f, 0x00, 0x07, 0x00, 0xf8, 0xff, 0x06, 0x00, 0xfb, 0xff, 0x06, 0x00, /* ................ */
    0x0c, 0x00, 0x06, 0x00, 0x00, 0x00, 0x03, 0x00, 0x0a, 0x00, 0x06, 0x00, 0x07, 0x00, 0x06, 0x00, /* ................ */
    0x04, 0x00, 0x05, 0x00, 0x02, 0x00, 0x05, 0x00, 0x09, 0x00, 0x06, 0x00, 0x01, 0x00, 0x05, 0x00, /* ................ */
    0x21, 0x00, 0x08, 0x00, 0x00, 0x00, 0x03, 0x00, 0x03, 0x00, 0x05, 0x00, 0x06, 0x00, 0x06, 0x00, /* !............... */
    0x20, 0x00, 0x08, 0x00, 0x38, 0x00, 0x0a, 0x00, 0x39, 0x00, 0x0a, 0x00, 0xf3, 0xff, 0x07, 0x00, /*  ...8...9....... */
    0x30, 0x00, 0x09, 0x00, 0x00, 0x00, 0x03, 0x00, 0xed, 0xff, 0x07, 0x00, 0xba, 0xff, 0x0b, 0x00, /* 0............... */
    0xfc, 0xff, 0x05, 0x00, 0xfe, 0xff, 0x05, 0x00, 0xee, 0xff, 0x07, 0x00, 0xff, 0xff, 0x05, 0x00, /* ................ */
    0x0b, 0x00, 0x06, 0x00, 0x00, 0x00, 0x03, 0x00, 0xfd, 0xff, 0x05, 0x00, 0xf2, 0xff, 0x07, 0x00, /* ................ */
    0x1f, 0x00, 0x08, 0x00, 0x37, 0x00, 0x0a, 0x00, 0x08, 0x00, 0x06, 0x00, 0x05, 0x00, 0x06, 0x00, /* ....7........... */
    0xf4, 0xff, 0x06, 0x00, 0x00, 0x00, 0x03, 0x00, 0xf6, 0xff, 0x06, 0x00, 0xf9, 0xff, 0x06, 0x00, /* ................ */
    0x04, 0x00, 0x05, 0x00, 0x02, 0x00, 0x05, 0x00, 0xf7, 0xff, 0x06, 0x00, 0x01, 0x00, 0x05, 0x00, /* ................ */
    0xeb, 0xff, 0x07, 0x00, 0x00, 0x00, 0x03, 0x00, 0x03, 0x00, 0x05, 0x00, 0xfa, 0xff, 0x06, 0x00, /* ................ */
    0xec, 0xff, 0x07, 0x00, 0xf0, 0xff, 0x07, 0x00, 0xef, 0xff, 0x07, 0x00, 0xbe, 0xff, 0x0b, 0x00, /* ................ */
    0xea, 0xff, 0x07, 0x00, 0x00, 0x00, 0x03, 0x00, 0x1e, 0x00, 0x08, 0x00, 0xbb, 0xff, 0x0b, 0x00, /* ................ */
    0xfc, 0xff, 0x05, 0x00, 0xfe, 0xff, 0x05, 0x00, 0x2b, 0x00, 0x09, 0x00, 0xff, 0xff, 0x05, 0x00, /* ........+....... */
    0xf5, 0xff, 0x06, 0x00, 0x00, 0x00, 0x03, 0x00, 0xfd, 0xff, 0x05, 0x00, 0x25, 0x00, 0x09, 0x00, /* ............%... */
    0x00, 0x80, 0x06, 0x00, 0xf1, 0xff, 0x07, 0x00, 0xf8, 0xff, 0x06, 0x00, 0xfb, 0xff, 0x06, 0x00, /* ................ */
    0x0c, 0x00, 0x06, 0x00, 0x00, 0x00, 0x03, 0x00, 0x0a, 0x00, 0x06, 0x00, 0x07, 0x00, 0x06, 0x00, /* ................ */
    0x04, 0x00, 0x05, 0x00, 0x02, 0x00, 0x05, 0x00, 0x09, 0x00, 0x06, 0x00, 0x01, 0x00, 0x05, 0x00, /* ................ */
    0xde, 0xff, 0x08, 0x00, 0x00, 0x00, 0x03, 0x00, 0x03, 0x00, 0x05, 0x00, 0x06, 0x00, 0x06, 0x00, /* ................ */
    0x3e, 0x00, 0x0a, 0x00, 0xe4, 0xff, 0x08, 0x00, 0xe3, 0xff, 0x08, 0x00, 0x0d, 0x00, 0x07, 0x00, /* >............... */
    0x31, 0x00, 0x09, 0x00, 0x00, 0x00, 0x03, 0x00, 0x13, 0x00, 0x07, 0x00, 0xe6, 0xff, 0x08, 0x00, /* 1............... */
    0xfc, 0xff, 0x05, 0x00, 0xfe, 0xff, 0x05, 0x00, 0x12, 0x00, 0x07, 0x00, 0xff, 0xff, 0x05, 0x00, /* ................ */
    0x0b, 0x00, 0x06, 0x00, 0x00, 0x00, 0x03, 0x00, 0xfd, 0xff, 0x05, 0x00, 0x0e, 0x00, 0x07, 0x00, /* ................ */
    0x3d, 0x00, 0x0a, 0x00, 0xe5, 0xff, 0x08, 0x00, 0x08, 0x00, 0x06, 0x00, 0x05, 0x00, 0x06, 0x00, /* =............... */
    0xf4, 0xff, 0x06, 0x00, 0x00, 0x00, 0x03, 0x00, 0xf6, 0xff, 0x06, 0x00, 0xf9, 0xff, 0x06, 0x00, /* ................ */
    0x04, 0x00, 0x05, 0x00, 0x02, 0x00, 0x05, 0x00, 0xf7, 0xff, 0x06, 0x00, 0x01, 0x00, 0x05, 0x00, /* ................ */
    0x15, 0x00, 0x07, 0x00, 0x00, 0x00, 0x03, 0x00, 0x03, 0x00, 0x05, 0x00, 0xfa, 0xff, 0x06, 0x00, /* ................ */
    0x14, 0x00, 0x07, 0x00, 0x10, 0x00, 0x07, 0x00, 0x11, 0x00, 0x07, 0x00, 0xe9, 0xff, 0x08, 0x00, /* ................ */
    0x16, 0x00, 0x07, 0x00, 0x00, 0x00, 0x03, 0x00, 0xb3, 0xff, 0x0b, 0x00, 0xe7, 0xff, 0x08, 0x00, /* ................ */
    0xfc, 0xff, 0x05, 0x00, 0xfe, 0xff, 0x05, 0x00, 0xb5, 0xff, 0x0b, 0x00, 0xff, 0xff, 0x05, 0x00, /* ................ */
    0xf5, 0xff, 0x06, 0x00, 0x00, 0x00, 0x03, 0x00, 0xfd, 0xff, 0x05, 0x00, 0xe8, 0xff, 0x08, 0x00, /* ................ */
    0x00, 0x80, 0x06, 0x00, 0x0f, 0x00, 0x07, 0x00, 0xf8, 0xff, 0x06, 0x00, 0xfb, 0xff, 0x06, 0x00, /* ................ */
    0x0c, 0x00, 0x06, 0x00, 0x00, 0x00, 0x03, 0x00, 0x0a, 0x00, 0x06, 0x00, 0x07, 0x00, 0x06, 0x00, /* ................ */
    0x04, 0x00, 0x05, 0x00, 0x02, 0x00, 0x05, 0x00, 0x09, 0x00, 0x06, 0x00, 0x01, 0x00, 0x05, 0x00, /* ................ */
    0xdf, 0xff, 0x08, 0x00, 0x00, 0x00, 0x03, 0x00, 0x03, 0x00, 0x05, 0x00, 0x06, 0x00, 0x06, 0x00, /* ................ */
    0xe0, 0xff, 0x08, 0x00, 0x28, 0x00, 0x09, 0x00, 0x29, 0x00, 0x09, 0x00, 0xf3, 0xff, 0x07, 0x00, /* ....(...)....... */
    0xaf, 0xff, 0x0b, 0x00, 0x00, 0x00, 0x03, 0x00, 0xed, 0xff, 0x07, 0x00, 0x26, 0x00, 0x09, 0x00, /* ............&... */
    0xfc, 0xff, 0x05, 0x00, 0xfe, 0xff, 0x05, 0x00, 0xee, 0xff, 0x07, 0x00, 0xff, 0xff, 0x05, 0x00, /* ................ */
    0x0b, 0x00, 0x06, 0x00, 0x00, 0x00, 0x03, 0x00, 0xfd, 0xff, 0x05, 0x00, 0xf2, 0xff, 0x07, 0x00, /* ................ */
    0xe1, 0xff, 0x08, 0x00, 0x27, 0x00, 0x09, 0x00, 0x08, 0x00, 0x06, 0x00, 0x05, 0x00, 0x06, 0x00, /* ....'........... */
    0xf4, 0xff, 0x06, 0x00, 0x00, 0x00, 0x03, 0x00, 0xf6, 0xff, 0x06, 0x00, 0xf9, 0xff, 0x06, 0x00, /* ................ */
    0x04, 0x00, 0x05, 0x00, 0x02, 0x00, 0x05, 0x00, 0xf7, 0xff, 0x06, 0x00, 0x01, 0x00, 0x05, 0x00, /* ................ */
    0xeb, 0xff, 0x07, 0x00, 0x00, 0x00, 0x03, 0x00, 0x03, 0x00, 0x05, 0x00, 0xfa, 0xff, 0x06, 0x00, /* ................ */
    0xec, 0xff, 0x07, 0x00, 0xf0, 0xff, 0x07, 0x00, 0xef, 0xff, 0x07, 0x00, 0x23, 0x00, 0x09, 0x00, /* ............#... */
    0xea, 0xff, 0x07, 0x00, 0x00, 0x00, 0x03, 0x00, 0xe2, 0xff, 0x08, 0x00, 0x54, 0x00, 0x0c, 0x00, /* ............T... */
    0xfc, 0xff, 0x05, 0x00, 0xfe, 0xff, 0x05, 0x00, 0x2a, 0x00, 0x09, 0x00, 0xff, 0xff, 0x05, 0x00, /* ........*....... */
    0xf5, 0xff, 0x06, 0x00, 0x00, 0x00, 0x03, 0x00, 0xfd, 0xff, 0x05, 0x00, 0x24, 0x00, 0x09, 0x00, /* ............$... */
    0x00, 0x80, 0x06, 0x00, 0xf1, 0xff, 0x07, 0x00, 0xf8, 0xff, 0x06, 0x00, 0xfb, 0xff, 0x06, 0x00, /* ................ */
    0x0c, 0x00, 0x06, 0x00, 0x00, 0x00, 0x03, 0x00, 0x0a, 0x00, 0x06, 0x00, 0x07, 0x00, 0x06, 0x00, /* ................ */
    0x04, 0x00, 0x05, 0x00, 0x02, 0x00, 0x05, 0x00, 0x09, 0x00, 0x06, 0x00, 0x01, 0x00, 0x05, 0x00, /* ................ */
    0x22, 0x00, 0x08, 0x00, 0x00, 0x00, 0x03, 0x00, 0x03, 0x00, 0x05, 0x00, 0x06, 0x00, 0x06, 0x00, /* "............... */
    0xd1, 0xff, 0x09, 0x00, 0x1c, 0x00, 0x08, 0x00, 0x1d, 0x00, 0x08, 0x00, 0x0d, 0x00, 0x07, 0x00, /* ................ */
    0x40, 0x00, 0x0a, 0x00, 0x00, 0x00, 0x03, 0x00, 0x13, 0x00, 0x07, 0x00, 0x1a, 0x00, 0x08, 0x00, /* @............... */
    0xfc, 0xff, 0x05, 0x00, 0xfe, 0xff, 0x05, 0x00, 0x12, 0x00, 0x07, 0x00, 0xff, 0xff, 0x05, 0x00, /* ................ */
    0x0b, 0x00, 0x06, 0x00, 0x00, 0x00, 0x03, 0x00, 0xfd, 0xff, 0x05, 0x00, 0x0e, 0x00, 0x07, 0x00, /* ................ */
    0xd2, 0xff, 0x09, 0x00, 0x1b, 0x00, 0x08, 0x00, 0x08, 0x00, 0x06, 0x00, 0x05, 0x00, 0x06, 0x00, /* ................ */
    0xf4, 0xff, 0x06, 0x00, 0x00, 0x00, 0x03, 0x00, 0xf6, 0xff, 0x06, 0x00, 0xf9, 0xff, 0x06, 0x00, /* ................ */
    0x04, 0x00, 0x05, 0x00, 0x02, 0x00, 0x05, 0x00, 0xf7, 0xff, 0x06, 0x00, 0x01, 0x00, 0x05, 0x00, /* ................ */
    0x15, 0x00, 0x07, 0x00, 0x00, 0x00, 0x03, 0x00, 0x03, 0x00, 0x05, 0x00, 0xfa, 0xff, 0x06, 0x00, /* ................ */
    0x14, 0x00, 0x07, 0x00, 0x10, 0x00, 0x07, 0x00, 0x11, 0x00, 0x07, 0x00, 0x17, 0x00, 0x08, 0x00, /* ................ */
    0x16, 0x00, 0x07, 0x00, 0x00, 0x00, 0x03, 0x00, 0xd3, 0xff, 0x09, 0x00, 0x19, 0x00, 0x08, 0x00, /* ................ */
    0xfc, 0xff, 0x05, 0x00, 0xfe, 0xff, 0x05, 0x00, 0xd4, 0xff, 0x09, 0x00, 0xff, 0xff, 0x05, 0x00, /* ................ */
    0xf5, 0xff, 0x06, 0x00, 0x00, 0x00, 0x03, 0x00, 0xfd, 0xff, 0x05, 0x00, 0x18, 0x00, 0x08, 0x00, /* ................ */
    0x00, 0x80, 0x06, 0x00, 0x0f, 0x00, 0x07, 0x00, 0xf8, 0xff, 0x06, 0x00, 0xfb, 0xff, 0x06, 0x00, /* ................ */
    0x0c, 0x00, 0x06, 0x00, 0x00, 0x00, 0x03, 0x00, 0x0a, 0x00, 0x06, 0x00, 0x07, 0x00, 0x06, 0x00, /* ................ */
    0x04, 0x00, 0x05, 0x00, 0x02, 0x00, 0x05, 0x00, 0x09, 0x00, 0x06, 0x00, 0x01, 0x00, 0x05, 0x00, /* ................ */
    0x21, 0x00, 0x08, 0x00, 0x00, 0x00, 0x03, 0x00, 0x03, 0x00, 0x05, 0x00, 0x06, 0x00, 0x06, 0x00, /* !............... */
    0x20, 0x00, 0x08, 0x00, 0x58, 0x00, 0x0c, 0x00, 0xb7, 0xff, 0x0b, 0x00, 0xf3, 0xff, 0x07, 0x00, /*  ...X........... */
    0xd0, 0xff, 0x09, 0x00, 0x00, 0x00, 0x03, 0x00, 0xed, 0xff, 0x07, 0x00, 0x35, 0x00, 0x0a, 0x00, /* ............5... */
    0xfc, 0xff, 0x05, 0x00, 0xfe, 0xff, 0x05, 0x00, 0xee, 0xff, 0x07, 0x00, 0xff, 0xff, 0x05, 0x00, /* ................ */
    0x0b, 0x00, 0x06, 0x00, 0x00, 0x00, 0x03, 0x00, 0xfd, 0xff, 0x05, 0x00, 0xf2, 0xff, 0x07, 0x00, /* ................ */
    0x1f, 0x00, 0x08, 0x00, 0x36, 0x00, 0x0a, 0x00, 0x08, 0x00, 0x06, 0x00, 0x05, 0x00, 0x06, 0x00, /* ....6........... */
    0xf4, 0xff, 0x06, 0x00, 0x00, 0x00, 0x03, 0x00, 0xf6, 0xff, 0x06, 0x00, 0xf9, 0xff, 0x06, 0x00, /* ................ */
    0x04, 0x00, 0x05, 0x00, 0x02, 0x00, 0x05, 0x00, 0xf7, 0xff, 0x06, 0x00, 0x01, 0x00, 0x05, 0x00, /* ................ */
    0xeb, 0xff, 0x07, 0x00, 0x00, 0x00, 0x03, 0x00, 0x03, 0x00, 0x05, 0x00, 0xfa, 0xff, 0x06, 0x00, /* ................ */
    0xec, 0xff, 0x07, 0x00, 0xf0, 0xff, 0x07, 0x00, 0xef, 0xff, 0x07, 0x00, 0x32, 0x00, 0x0a, 0x00, /* ............2... */
    0xea, 0xff, 0x07, 0x00, 0x00, 0x00, 0x03, 0x00, 0x1e, 0x00, 0x08, 0x00, 0x34, 0x00, 0x0a, 0x00, /* ............4... */
    0xfc, 0xff, 0x05, 0x00, 0xfe, 0xff, 0x05, 0x00, 0xd5, 0xff, 0x09, 0x00, 0xff, 0xff, 0x05, 0x00, /* ................ */
    0xf5, 0xff, 0x06, 0x00, 0x00, 0x00, 0x03, 0x00, 0xfd, 0xff, 0x05, 0x00, 0xdb, 0xff, 0x09, 0x00, /* ................ */
    0x00, 0x80, 0x06, 0x00, 0xf1, 0xff, 0x07, 0x00, 0xf8, 0xff, 0x06, 0x00, 0xfb, 0xff, 0x06, 0x00, /* ................ */
    0x0c, 0x00, 0x06, 0x00, 0x00, 0x00, 0x03, 0x00, 0x0a, 0x00, 0x06, 0x00, 0x07, 0x00, 0x06, 0x00, /* ................ */
    0x04, 0x00, 0x05, 0x00, 0x02, 0x00, 0x05, 0x00, 0x09, 0x00, 0x06, 0x00, 0x01, 0x00, 0x05, 0x00, /* ................ */
    0xde, 0xff, 0x08, 0x00, 0x00, 0x00, 0x03, 0x00, 0x03, 0x00, 0x05, 0x00, 0x06, 0x00, 0x06, 0x00, /* ................ */
    0xb1, 0xff, 0x0b, 0x00, 0xe4, 0xff, 0x08, 0x00, 0xe3, 0xff, 0x08, 0x00, 0x0d, 0x00, 0x07, 0x00, /* ................ */
    0xcf, 0xff, 0x09, 0x00, 0x00, 0x00, 0x03, 0x00, 0x13, 0x00, 0x07, 0x00, 0xe6, 0xff, 0x08, 0x00, /* ................ */
    0xfc, 0xff, 0x05, 0x00, 0xfe, 0xff, 0x05, 0x00, 0x12, 0x00, 0x07, 0x00, 0xff, 0xff, 0x05, 0x00, /* ................ */
    0x0b, 0x00, 0x06, 0x00, 0x00, 0x00, 0x03, 0x00, 0xfd, 0xff, 0x05, 0x00, 0x0e, 0x00, 0x07, 0x00, /* ................ */
    0x3c, 0x00, 0x0a, 0x00, 0xe5, 0xff, 0x08, 0x00, 0x08, 0x00, 0x06, 0x00, 0x05, 0x00, 0x06, 0x00, /* <............... */
    0xf4, 0xff, 0x06, 0x00, 0x00, 0x00, 0x03, 0x00, 0xf6, 0xff, 0x06, 0x00, 0xf9, 0xff, 0x06, 0x00, /* ................ */
    0x04, 0x00, 0x05, 0x00, 0x02, 0x00, 0x05, 0x00, 0xf7, 0xff, 0x06, 0x00, 0x01, 0x00, 0x05, 0x00, /* ................ */
    0x15, 0x00, 0x07, 0x00, 0x00, 0x00, 0x03, 0x00, 0x03, 0x00, 0x05, 0x00, 0xfa, 0xff, 0x06, 0x00, /* ................ */
    0x14, 0x00, 0x07, 0x00, 0x10, 0x00, 0x07, 0x00, 0x11, 0x00, 0x07, 0x00, 0xe9, 0xff, 0x08, 0x00, /* ................ */
    0x16, 0x00, 0x07, 0x00, 0x00, 0x00, 0x03, 0x00, 0x3b, 0x00, 0x0a, 0x00, 0xe7, 0xff, 0x08, 0x00, /* ........;....... */
    0xfc, 0xff, 0x05, 0x00, 0xfe, 0xff, 0x05, 0x00, 0x3a, 0x00, 0x0a, 0x00, 0xff, 0xff, 0x05, 0x00, /* ........:....... */
    0xf5, 0xff, 0x06, 0x00, 0x00, 0x00, 0x03, 0x00, 0xfd, 0xff, 0x05, 0x00, 0xe8, 0xff, 0x08, 0x00, /* ................ */
    0x00, 0x80, 0x06, 0x00, 0x0f, 0x00, 0x07, 0x00, 0xf8, 0xff, 0x06, 0x00, 0xfb, 0xff, 0x06, 0x00, /* ................ */
    0x0c, 0x00, 0x06, 0x00, 0x00, 0x00, 0x03, 0x00, 0x0a, 0x00, 0x06, 0x00, 0x07, 0x00, 0x06, 0x00, /* ................ */
    0x04, 0x00, 0x05, 0x00, 0x02, 0x00, 0x05, 0x00, 0x09, 0x00, 0x06, 0x00, 0x01, 0x00, 0x05, 0x00, /* ................ */
    0xdf, 0xff, 0x08, 0x00, 0x00, 0x00, 0x03, 0x00, 0x03, 0x00, 0x05, 0x00, 0x06, 0x00, 0x06, 0x00, /* ................ */
    0xe0, 0xff, 0x08, 0x00, 0xd8, 0xff, 0x09, 0x00, 0xd7, 0xff, 0x09, 0x00, 0xf3, 0xff, 0x07, 0x00, /* ................ */
    0x3f, 0x00, 0x0a, 0x00, 0x00, 0x00, 0x03, 0x00, 0xed, 0xff, 0x07, 0x00, 0xda, 0xff, 0x09, 0x00, /* ?............... */
    0xfc, 0xff, 0x05, 0x00, 0xfe, 0xff, 0x05, 0x00, 0xee, 0xff, 0x07, 0x00, 0xff, 0xff, 0x05, 0x00, /* ................ */
    0x0b, 0x00, 0x06, 0x00, 0x00, 0x00, 0x03, 0x00, 0xfd, 0xff, 0x05, 0x00, 0xf2, 0xff, 0x07, 0x00, /* ................ */
    0xe1, 0xff, 0x08, 0x00, 0xd9, 0xff, 0x09, 0x00, 0x08, 0x00, 0x06, 0x00, 0x05, 0x00, 0x06, 0x00, /* ................ */
    0xf4, 0xff, 0x06, 0x00, 0x00, 0x00, 0x03, 0x00, 0xf6, 0xff, 0x06, 0x00, 0xf9, 0xff, 0x06, 0x00, /* ................ */
    0x04, 0x00, 0x05, 0x00, 0x02, 0x00, 0x05, 0x00, 0xf7, 0xff, 0x06, 0x00, 0x01, 0x00, 0x05, 0x00, /* ................ */
    0xeb, 0xff, 0x07, 0x00, 0x00, 0x00, 0x03, 0x00, 0x03, 0x00, 0x05, 0x00, 0xfa, 0xff, 0x06, 0x00, /* ................ */
    0xec, 0xff, 0x07, 0x00, 0xf0, 0xff, 0x07, 0x00, 0xef, 0xff, 0x07, 0x00, 0xdd, 0xff, 0x09, 0x00, /* ................ */
    0xea, 0xff, 0x07, 0x00, 0x00, 0x00, 0x03, 0x00, 0xe2, 0xff, 0x08, 0x00, 0x33, 0x00, 0x0a, 0x00, /* ............3... */
    0xfc, 0xff, 0x05, 0x00, 0xfe, 0xff, 0x05, 0x00, 0xd6, 0xff, 0x09, 0x00, 0xff, 0xff, 0x05, 0x00, /* ................ */
    0xf5, 0xff, 0x06, 0x00, 0x00, 0x00, 0x03, 0x00, 0xfd, 0xff, 0x05, 0x00, 0xdc, 0xff, 0x09, 0x00, /* ................ */
    0x00, 0x80, 0x06, 0x00, 0xf1, 0xff, 0x07, 0x00, 0xf8, 0xff, 0x06, 0x00, 0xfb, 0xff, 0x06, 0x00, /* ................ */
    0x0c, 0x00, 0x06, 0x00, 0x00, 0x00, 0x03, 0x00, 0x0a, 0x00, 0x06, 0x00, 0x07, 0x00, 0x06, 0x00, /* ................ */
    0x04, 0x00, 0x05, 0x00, 0x02, 0x00, 0x05, 0x00, 0x09, 0x00, 0x06, 0x00, 0x01, 0x00, 0x05, 0x00, /* ................ */
    0x22, 0x00, 0x08, 0x00, 0x00, 0x00, 0x03, 0x00, 0x03, 0x00, 0x05, 0x00, 0x06, 0x00, 0x06, 0x00, /* "............... */
    0x2f, 0x00, 0x09, 0x00, 0x1c, 0x00, 0x08, 0x00, 0x1d, 0x00, 0x08, 0x00, 0x0d, 0x00, 0x07, 0x00, /* /............... */
    0xbf, 0xff, 0x0a, 0x00, 0x00, 0x00, 0x03, 0x00, 0x13, 0x00, 0x07, 0x00, 0x1a, 0x00, 0x08, 0x00, /* ................ */
    0xfc, 0xff, 0x05, 0x00, 0xfe, 0xff, 0x05, 0x00, 0x12, 0x00, 0x07, 0x00, 0xff, 0xff, 0x05, 0x00, /* ................ */
    0x0b, 0x00, 0x06, 0x00, 0x00, 0x00, 0x03, 0x00, 0xfd, 0xff, 0x05, 0x00, 0x0e, 0x00, 0x07, 0x00, /* ................ */
    0x2e, 0x00, 0x09, 0x00, 0x1b, 0x00, 0x08, 0x00, 0x08, 0x00, 0x06, 0x00, 0x05, 0x00, 0x06, 0x00, /* ................ */
    0xf4, 0xff, 0x06, 0x00, 0x00, 0x00, 0x03, 0x00, 0xf6, 0xff, 0x06, 0x00, 0xf9, 0xff, 0x06, 0x00, /* ................ */
    0x04, 0x00, 0x05, 0x00, 0x02, 0x00, 0x05, 0x00, 0xf7, 0xff, 0x06, 0x00, 0x01, 0x00, 0x05, 0x00, /* ................ */
    0x15, 0x00, 0x07, 0x00, 0x00, 0x00, 0x03, 0x00, 0x03, 0x00, 0x05, 0x00, 0xfa, 0xff, 0x06, 0x00, /* ................ */
    0x14, 0x00, 0x07, 0x00, 0x10, 0x00, 0x07, 0x00, 0x11, 0x00, 0x07, 0x00, 0x17, 0x00, 0x08, 0x00, /* ................ */
    0x16, 0x00, 0x07, 0x00, 0x00, 0x00, 0x03, 0x00, 0x2d, 0x00, 0x09, 0x00, 0x19, 0x00, 0x08, 0x00, /* ........-....... */
    0xfc, 0xff, 0x05, 0x00, 0xfe, 0xff, 0x05, 0x00, 0x2c, 0x00, 0x09, 0x00, 0xff, 0xff, 0x05, 0x00, /* ........,....... */
    0xf5, 0xff, 0x06, 0x00, 0x00, 0x00, 0x03, 0x00, 0xfd, 0xff, 0x05, 0x00, 0x18, 0x00, 0x08, 0x00, /* ................ */
    0x00, 0x80, 0x06, 0x00, 0x0f, 0x00, 0x07, 0x00, 0xf8, 0xff, 0x06, 0x00, 0xfb, 0xff, 0x06, 0x00, /* ................ */
    0x0c, 0x00, 0x06, 0x00, 0x00, 0x00, 0x03, 0x00, 0x0a, 0x00, 0x06, 0x00, 0x07, 0x00, 0x06, 0x00, /* ................ */
    0x04, 0x00, 0x05, 0x00, 0x02, 0x00, 0x05, 0x00, 0x09, 0x00, 0x06, 0x00, 0x01, 0x00, 0x05, 0x00, /* ................ */
    0x21, 0x00, 0x08, 0x00, 0x00, 0x00, 0x03, 0x00, 0x03, 0x00, 0x05, 0x00, 0x06, 0x00, 0x06, 0x00, /* !............... */
    0x20, 0x00, 0x08, 0x00, 0xc8, 0xff, 0x0a, 0x00, 0xc7, 0xff, 0x0a, 0x00, 0xf3, 0xff, 0x07, 0x00, /*  ............... */
    0x30, 0x00, 0x09, 0x00, 0x00, 0x00, 0x03, 0x00, 0xed, 0xff, 0x07, 0x00, 0x56, 0x00, 0x0c, 0x00, /* 0...........V... */
    0xfc, 0xff, 0x05, 0x00, 0xfe, 0xff, 0x05, 0x00, 0xee, 0xff, 0x07, 0x00, 0xff, 0xff, 0x05, 0x00, /* ................ */
    0x0b, 0x00, 0x06, 0x00, 0x00, 0x00, 0x03, 0x00, 0xfd, 0xff, 0x05, 0x00, 0xf2, 0xff, 0x07, 0x00, /* ................ */
    0x1f, 0x00, 0x08, 0x00, 0xc9, 0xff, 0x0a, 0x00, 0x08, 0x00, 0x06, 0x00, 0x05, 0x00, 0x06, 0x00, /* ................ */
    0xf4, 0xff, 0x06, 0x00, 0x00, 0x00, 0x03, 0x00, 0xf6, 0xff, 0x06, 0x00, 0xf9, 0xff, 0x06, 0x00, /* ................ */
    0x04, 0x00, 0x05, 0x00, 0x02, 0x00, 0x05, 0x00, 0xf7, 0xff, 0x06, 0x00, 0x01, 0x00, 0x05, 0x00, /* ................ */
    0xeb, 0xff, 0x07, 0x00, 0x00, 0x00, 0x03, 0x00, 0x03, 0x00, 0x05, 0x00, 0xfa, 0xff, 0x06, 0x00, /* ................ */
    0xec, 0xff, 0x07, 0x00, 0xf0, 0xff, 0x07, 0x00, 0xef, 0xff, 0x07, 0x00, 0x52, 0x00, 0x0c, 0x00, /* ............R... */
    0xea, 0xff, 0x07, 0x00, 0x00, 0x00, 0x03, 0x00, 0x1e, 0x00, 0x08, 0x00, 0xbc, 0xff, 0x0b, 0x00, /* ................ */
    0xfc, 0xff, 0x05, 0x00, 0xfe, 0xff, 0x05, 0x00, 0x2b, 0x00, 0x09, 0x00, 0xff, 0xff, 0x05, 0x00, /* ........+....... */
    0xf5, 0xff, 0x06, 0x00, 0x00, 0x00, 0x03, 0x00, 0xfd, 0xff, 0x05, 0x00, 0x25, 0x00, 0x09, 0x00, /* ............%... */
    0x00, 0x80, 0x06, 0x00, 0xf1, 0xff, 0x07, 0x00, 0xf8, 0xff, 0x06, 0x00, 0xfb, 0xff, 0x06, 0x00, /* ................ */
    0x0c, 0x00, 0x06, 0x00, 0x00, 0x00, 0x03, 0x00, 0x0a, 0x00, 0x06, 0x00, 0x07, 0x00, 0x06, 0x00, /* ................ */
    0x04, 0x00, 0x05, 0x00, 0x02, 0x00, 0x05, 0x00, 0x09, 0x00, 0x06, 0x00, 0x01, 0x00, 0x05, 0x00, /* ................ */
    0xde, 0xff, 0x08, 0x00, 0x00, 0x00, 0x03, 0x00, 0x03, 0x00, 0x05, 0x00, 0x06, 0x00, 0x06, 0x00, /* ................ */
    0xc2, 0xff, 0x0a, 0x00, 0xe4, 0xff, 0x08, 0x00, 0xe3, 0xff, 0x08, 0x00, 0x0d, 0x00, 0x07, 0x00, /* ................ */
    0x31, 0x00, 0x09, 0x00, 0x00, 0x00, 0x03, 0x00, 0x13, 0x00, 0x07, 0x00, 0xe6, 0xff, 0x08, 0x00, /* 1............... */
    0xfc, 0xff, 0x05, 0x00, 0xfe, 0xff, 0x05, 0x00, 0x12, 0x00, 0x07, 0x00, 0xff, 0xff, 0x05, 0x00, /* ................ */
    0x0b, 0x00, 0x06, 0x00, 0x00, 0x00, 0x03, 0x00, 0xfd, 0xff, 0x05, 0x00, 0x0e, 0x00, 0x07, 0x00, /* ................ */
    0xc3, 0xff, 0x0a, 0x00, 0xe5, 0xff, 0x08, 0x00, 0x08, 0x00, 0x06, 0x00, 0x05, 0x00, 0x06, 0x00, /* ................ */
    0xf4, 0xff, 0x06, 0x00, 0x00, 0x00, 0x03, 0x00, 0xf6, 0xff, 0x06, 0x00, 0xf9, 0xff, 0x06, 0x00, /* ................ */
    0x04, 0x00, 0x05, 0x00, 0x02, 0x00, 0x05, 0x00, 0xf7, 0xff, 0x06, 0x00, 0x01, 0x00, 0x05, 0x00, /* ................ */
    0x15, 0x00, 0x07, 0x00, 0x00, 0x00, 0x03, 0x00, 0x03, 0x00, 0x05, 0x00, 0xfa, 0xff, 0x06, 0x00, /* ................ */
    0x14, 0x00, 0x07, 0x00, 0x10, 0x00, 0x07, 0x00, 0x11, 0x00, 0x07, 0x00, 0xe9, 0xff, 0x08, 0x00, /* ................ */
    0x16, 0x00, 0x07, 0x00, 0x00, 0x00, 0x03, 0x00, 0xb4, 0xff, 0x0b, 0x00, 0xe7, 0xff, 0x08, 0x00, /* ................ */
    0xfc, 0xff, 0x05, 0x00, 0xfe, 0xff, 0x05, 0x00, 0xb6, 0xff, 0x0b, 0x00, 0xff, 0xff, 0x05, 0x00, /* ................ */
    0xf5, 0xff, 0x06, 0x00, 0x00, 0x00, 0x03, 0x00, 0xfd, 0xff, 0x05, 0x00, 0xe8, 0xff, 0x08, 0x00, /* ................ */
    0x00, 0x80, 0x06, 0x00, 0x0f, 0x00, 0x07, 0x00, 0xf8, 0xff, 0x06, 0x00, 0xfb, 0xff, 0x06, 0x00, /* ................ */
    0x0c, 0x00, 0x06, 0x00, 0x00, 0x00, 0x03, 0x00, 0x0a, 0x00, 0x06, 0x00, 0x07, 0x00, 0x06, 0x00, /* ................ */
    0x04, 0x00, 0x05, 0x00, 0x02, 0x00, 0x05, 0x00, 0x09, 0x00, 0x06, 0x00, 0x01, 0x00, 0x05, 0x00, /* ................ */
    0xdf, 0xff, 0x08, 0x00, 0x00, 0x00, 0x03, 0x00, 0x03, 0x00, 0x05, 0x00, 0x06, 0x00, 0x06, 0x00, /* ................ */
    0xe0, 0xff, 0x08, 0x00, 0x28, 0x00, 0x09, 0x00, 0x29, 0x00, 0x09, 0x00, 0xf3, 0xff, 0x07, 0x00, /* ....(...)....... */
    0xb0, 0xff, 0x0b, 0x00, 0x00, 0x00, 0x03, 0x00, 0xed, 0xff, 0x07, 0x00, 0x26, 0x00, 0x09, 0x00, /* ............&... */
    0xfc, 0xff, 0x05, 0x00, 0xfe, 0xff, 0x05, 0x00, 0xee, 0xff, 0x07, 0x00, 0xff, 0xff, 0x05, 0x00, /* ................ */
    0x0b, 0x00, 0x06, 0x00, 0x00, 0x00, 0x03, 0x00, 0xfd, 0xff, 0x05, 0x00, 0xf2, 0xff, 0x07, 0x00, /* ................ */
    0xe1, 0xff, 0x08, 0x00, 0x27, 0x00, 0x09, 0x00, 0x08, 0x00, 0x06, 0x00, 0x05, 0x00, 0x06, 0x00, /* ....'........... */
    0xf4, 0xff, 0x06, 0x00, 0x00, 0x00, 0x03, 0x00, 0xf6, 0xff, 0x06, 0x00, 0xf9, 0xff, 0x06, 0x00, /* ................ */
    0x04, 0x00, 0x05, 0x00, 0x02, 0x00, 0x05, 0x00, 0xf7, 0xff, 0x06, 0x00, 0x01, 0x00, 0x05, 0x00, /* ................ */
    0xeb, 0xff, 0x07, 0x00, 0x00, 0x00, 0x03, 0x00, 0x03, 0x00, 0x05, 0x00, 0xfa, 0xff, 0x06, 0x00, /* ................ */
    0xec, 0xff, 0x07, 0x00, 0xf0, 0xff, 0x07, 0x00, 0xef, 0xff, 0x07, 0x00, 0x23, 0x00, 0x09, 0x00, /* ............#... */
    0xea, 0xff, 0x07, 0x00, 0x00, 0x00, 0x03, 0x00, 0xe2, 0xff, 0x08, 0x00, 0xbd, 0xff, 0x0b, 0x00, /* ................ */
    0xfc, 0xff, 0x05, 0x00, 0xfe, 0xff, 0x05, 0x00, 0x2a, 0x00, 0x09, 0x00, 0xff, 0xff, 0x05, 0x00, /* ........*....... */
    0xf5, 0xff, 0x06, 0x00, 0x00, 0x00, 0x03, 0x00, 0xfd, 0xff, 0x05, 0x00, 0x24, 0x00, 0x09, 0x00, /* ............$... */
    0x00, 0x80, 0x06, 0x00, 0xf1, 0xff, 0x07, 0x00, 0xf8, 0xff, 0x06, 0x00, 0xfb, 0xff, 0x06, 0x00, /* ................ */
    0x0c, 0x00, 0x06, 0x00, 0x00, 0x00, 0x03, 0x00, 0x0a, 0x00, 0x06, 0x00, 0x07, 0x00, 0x06, 0x00, /* ................ */
    0x04, 0x00, 0x05, 0x00, 0x02, 0x00, 0x05, 0x00, 0x09, 0x00, 0x06, 0x00, 0x01, 0x00, 0x05, 0x00, /* ................ */
    0x22, 0x00, 0x08, 0x00, 0x00, 0x00, 0x03, 0x00, 0x03, 0x00, 0x05, 0x00, 0x06, 0x00, 0x06, 0x00, /* "............... */
    0xd1, 0xff, 0x09, 0x00, 0x1c, 0x00, 0x08, 0x00, 0x1d, 0x00, 0x08, 0x00, 0x0d, 0x00, 0x07, 0x00, /* ................ */
    0xc0, 0xff, 0x0a, 0x00, 0x00, 0x00, 0x03, 0x00, 0x13, 0x00, 0x07, 0x00, 0x1a, 0x00, 0x08, 0x00, /* ................ */
    0xfc, 0xff, 0x05, 0x00, 0xfe, 0xff, 0x05, 0x00, 0x12, 0x00, 0x07, 0x00, 0xff, 0xff, 0x05, 0x00, /* ................ */
    0x0b, 0x00, 0x06, 0x00, 0x00, 0x00, 0x03, 0x00, 0xfd, 0xff, 0x05, 0x00, 0x0e, 0x00, 0x07, 0x00, /* ................ */
    0xd2, 0xff, 0x09, 0x00, 0x1b, 0x00, 0x08, 0x00, 0x08, 0x00, 0x06, 0x00, 0x05, 0x00, 0x06, 0x00, /* ................ */
    0xf4, 0xff, 0x06, 0x00, 0x00, 0x00, 0x03, 0x00, 0xf6, 0xff, 0x06, 0x00, 0xf9, 0xff, 0x06, 0x00, /* ................ */
    0x04, 0x00, 0x05, 0x00, 0x02, 0x00, 0x05, 0x00, 0xf7, 0xff, 0x06, 0x00, 0x01, 0x00, 0x05, 0x00, /* ................ */
    0x15, 0x00, 0x07, 0x00, 0x00, 0x00, 0x03, 0x00, 0x03, 0x00, 0x05, 0x00, 0xfa, 0xff, 0x06, 0x00, /* ................ */
    0x14, 0x00, 0x07, 0x00, 0x10, 0x00, 0x07, 0x00, 0x11, 0x00, 0x07, 0x00, 0x17, 0x00, 0x08, 0x00, /* ................ */
    0x16, 0x00, 0x07, 0x00, 0x00, 0x00, 0x03, 0x00, 0xd3, 0xff, 0x09, 0x00, 0x19, 0x00, 0x08, 0x00, /* ................ */
    0xfc, 0xff, 0x05, 0x00, 0xfe, 0xff, 0x05, 0x00, 0xd4, 0xff, 0x09, 0x00, 0xff, 0xff, 0x05, 0x00, /* ................ */
    0xf5, 0xff, 0x06, 0x00, 0x00, 0x00, 0x03, 0x00, 0xfd, 0xff, 0x05, 0x00, 0x18, 0x00, 0x08, 0x00, /* ................ */
    0x00, 0x80, 0x06, 0x00, 0x0f, 0x00, 0x07, 0x00, 0xf8, 0xff, 0x06, 0x00, 0xfb, 0xff, 0x06, 0x00, /* ................ */
    0x0c, 0x00, 0x06, 0x00, 0x00, 0x00, 0x03, 0x00, 0x0a, 0x00, 0x06, 0x00, 0x07, 0x00, 0x06, 0x00, /* ................ */
    0x04, 0x00, 0x05, 0x00, 0x02, 0x00, 0x05, 0x00, 0x09, 0x00, 0x06, 0x00, 0x01, 0x00, 0x05, 0x00, /* ................ */
    0x21, 0x00, 0x08, 0x00, 0x00, 0x00, 0x03, 0x00, 0x03, 0x00, 0x05, 0x00, 0x06, 0x00, 0x06, 0x00, /* !............... */
    0x20, 0x00, 0x08, 0x00, 0xb9, 0xff, 0x0b, 0x00, 0xb8, 0xff, 0x0b, 0x00, 0xf3, 0xff, 0x07, 0x00, /*  ............... */
    0xd0, 0xff, 0x09, 0x00, 0x00, 0x00, 0x03, 0x00, 0xed, 0xff, 0x07, 0x00, 0xcb, 0xff, 0x0a, 0x00, /* ................ */
    0xfc, 0xff, 0x05, 0x00, 0xfe, 0xff, 0x05, 0x00, 0xee, 0xff, 0x07, 0x00, 0xff, 0xff, 0x05, 0x00, /* ................ */
    0x0b, 0x00, 0x06, 0x00, 0x00, 0x00, 0x03, 0x00, 0xfd, 0xff, 0x05, 0x00, 0xf2, 0xff, 0x07, 0x00, /* ................ */
    0x1f, 0x00, 0x08, 0x00, 0xca, 0xff, 0x0a, 0x00, 0x08, 0x00, 0x06, 0x00, 0x05, 0x00, 0x06, 0x00, /* ................ */
    0xf4, 0xff, 0x06, 0x00, 0x00, 0x00, 0x03, 0x00, 0xf6, 0xff, 0x06, 0x00, 0xf9, 0xff, 0x06, 0x00, /* ................ */
    0x04, 0x00, 0x05, 0x00, 0x02, 0x00, 0x05, 0x00, 0xf7, 0xff, 0x06, 0x00, 0x01, 0x00, 0x05, 0x00, /* ................ */
    0xeb, 0xff, 0x07, 0x00, 0x00, 0x00, 0x03, 0x00, 0x03, 0x00, 0x05, 0x00, 0xfa, 0xff, 0x06, 0x00, /* ................ */
    0xec, 0xff, 0x07, 0x00, 0xf0, 0xff, 0x07, 0x00, 0xef, 0xff, 0x07, 0x00, 0xce, 0xff, 0x0a, 0x00, /* ................ */
    0xea, 0xff, 0x07, 0x00, 0x00, 0x00, 0x03, 0x00, 0x1e, 0x00, 0x08, 0x00, 0xcc, 0xff, 0x0a, 0x00, /* ................ */
    0xfc, 0xff, 0x05, 0x00, 0xfe, 0xff, 0x05, 0x00, 0xd5, 0xff, 0x09, 0x00, 0xff, 0xff, 0x05, 0x00, /* ................ */
    0xf5, 0xff, 0x06, 0x00, 0x00, 0x00, 0x03, 0x00, 0xfd, 0xff, 0x05, 0x00, 0xdb, 0xff, 0x09, 0x00, /* ................ */
    0x00, 0x80, 0x06, 0x00, 0xf1, 0xff, 0x07, 0x00, 0xf8, 0xff, 0x06, 0x00, 0xfb, 0xff, 0x06, 0x00, /* ................ */
    0x0c, 0x00, 0x06, 0x00, 0x00, 0x00, 0x03, 0x00, 0x0a, 0x00, 0x06, 0x00, 0x07, 0x00, 0x06, 0x00, /* ................ */
    0x04, 0x00, 0x05, 0x00, 0x02, 0x00, 0x05, 0x00, 0x09, 0x00, 0x06, 0x00, 0x01, 0x00, 0x05, 0x00, /* ................ */
    0xde, 0xff, 0x08, 0x00, 0x00, 0x00, 0x03, 0x00, 0x03, 0x00, 0x05, 0x00, 0x06, 0x00, 0x06, 0x00, /* ................ */
    0xb2, 0xff, 0x0b, 0x00, 0xe4, 0xff, 0x08, 0x00, 0xe3, 0xff, 0x08, 0x00, 0x0d, 0x00, 0x07, 0x00, /* ................ */
    0xcf, 0xff, 0x09, 0x00, 0x00, 0x00, 0x03, 0x00, 0x13, 0x00, 0x07, 0x00, 0xe6, 0xff, 0x08, 0x00, /* ................ */
    0xfc, 0xff, 0x05, 0x00, 0xfe, 0xff, 0x05, 0x00, 0x12, 0x00, 0x07, 0x00, 0xff, 0xff, 0x05, 0x00, /* ................ */
    0x0b, 0x00, 0x06, 0x00, 0x00, 0x00, 0x03, 0x00, 0xfd, 0xff, 0x05, 0x00, 0x0e, 0x00, 0x07, 0x00, /* ................ */
    0xc4, 0xff, 0x0a, 0x00, 0xe5, 0xff, 0x08, 0x00, 0x08, 0x00, 0x06, 0x00, 0x05, 0x00, 0x06, 0x00, /* ................ */
    0xf4, 0xff, 0x06, 0x00, 0x00, 0x00, 0x03, 0x00, 0xf6, 0xff, 0x06, 0x00, 0xf9, 0xff, 0x06, 0x00, /* ................ */
    0x04, 0x00, 0x05, 0x00, 0x02, 0x00, 0x05, 0x00, 0xf7, 0xff, 0x06, 0x00, 0x01, 0x00, 0x05, 0x00, /* ................ */
    0x15, 0x00, 0x07, 0x00, 0x00, 0x00, 0x03, 0x00, 0x03, 0x00, 0x05, 0x00, 0xfa, 0xff, 0x06, 0x00, /* ................ */
    0x14, 0x00, 0x07, 0x00, 0x10, 0x00, 0x07, 0x00, 0x11, 0x00, 0x07, 0x00, 0xe9, 0xff, 0x08, 0x00, /* ................ */
    0x16, 0x00, 0x07, 0x00, 0x00, 0x00, 0x03, 0x00, 0xc5, 0xff, 0x0a, 0x00, 0xe7, 0xff, 0x08, 0x00, /* ................ */
    0xfc, 0xff, 0x05, 0x00, 0xfe, 0xff, 0x05, 0x00, 0xc6, 0xff, 0x0a, 0x00, 0xff, 0xff, 0x05, 0x00, /* ................ */
    0xf5, 0xff, 0x06, 0x00, 0x00, 0x00, 0x03, 0x00, 0xfd, 0xff, 0x05, 0x00, 0xe8, 0xff, 0x08, 0x00, /* ................ */
    0x00, 0x80, 0x06, 0x00, 0x0f, 0x00, 0x07, 0x00, 0xf8, 0xff, 0x06, 0x00, 0xfb, 0xff, 0x06, 0x00, /* ................ */
    0x0c, 0x00, 0x06, 0x00, 0x00, 0x00, 0x03, 0x00, 0x0a, 0x00, 0x06, 0x00, 0x07, 0x00, 0x06, 0x00, /* ................ */
    0x04, 0x00, 0x05, 0x00, 0x02, 0x00, 0x05, 0x00, 0x09, 0x00, 0x06, 0x00, 0x01, 0x00, 0x05, 0x00, /* ................ */
    0xdf, 0xff, 0x08, 0x00, 0x00, 0x00, 0x03, 0x00, 0x03, 0x00, 0x05, 0x00, 0x06, 0x00, 0x06, 0x00, /* ................ */
    0xe0, 0xff, 0x08, 0x00, 0xd8, 0xff, 0x09, 0x00, 0xd7, 0xff, 0x09, 0x00, 0xf3, 0xff, 0x07, 0x00, /* ................ */
    0xc1, 0xff, 0x0a, 0x00, 0x00, 0x00, 0x03, 0x00, 0xed, 0xff, 0x07, 0x00, 0xda, 0xff, 0x09, 0x00, /* ................ */
    0xfc, 0xff, 0x05, 0x00, 0xfe, 0xff, 0x05, 0x00, 0xee, 0xff, 0x07, 0x00, 0xff, 0xff, 0x05, 0x00, /* ................ */
    0x0b, 0x00, 0x06, 0x00, 0x00, 0x00, 0x03, 0x00, 0xfd, 0xff, 0x05, 0x00, 0xf2, 0xff, 0x07, 0x00, /* ................ */
    0xe1, 0xff, 0x08, 0x00, 0xd9, 0xff, 0x09, 0x00, 0x08, 0x00, 0x06, 0x00, 0x05, 0x00, 0x06, 0x00, /* ................ */
    0xf4, 0xff, 0x06, 0x00, 0x00, 0x00, 0x03, 0x00, 0xf6, 0xff, 0x06, 0x00, 0xf9, 0xff, 0x06, 0x00, /* ................ */
    0x04, 0x00, 0x05, 0x00, 0x02, 0x00, 0x05, 0x00, 0xf7, 0xff, 0x06, 0x00, 0x01, 0x00, 0x05, 0x00, /* ................ */
    0xeb, 0xff, 0x07, 0x00, 0x00, 0x00, 0x03, 0x00, 0x03, 0x00, 0x05, 0x00, 0xfa, 0xff, 0x06, 0x00, /* ................ */
    0xec, 0xff, 0x07, 0x00, 0xf0, 0xff, 0x07, 0x00, 0xef, 0xff, 0x07, 0x00, 0xdd, 0xff, 0x09, 0x00, /* ................ */
    0xea, 0xff, 0x07, 0x00, 0x00, 0x00, 0x03, 0x00, 0xe2, 0xff, 0x08, 0x00, 0xcd, 0xff, 0x0a, 0x00, /* ................ */
    0xfc, 0xff, 0x05, 0x00, 0xfe, 0xff, 0x05, 0x00, 0xd6, 0xff, 0x09, 0x00, 0xff, 0xff, 0x05, 0x00, /* ................ */
    0xf5, 0xff, 0x06, 0x00, 0x00, 0x00, 0x03, 0x00, 0xfd, 0xff, 0x05, 0x00, 0xdc, 0xff, 0x09, 0x00, /* ................ */
    0x00, 0x80, 0x06, 0x00, 0xf1, 0xff, 0x07, 0x00, 0xf8, 0xff, 0x06, 0x00, 0xfb, 0xff, 0x06, 0x00, /* ................ */
    0x0c, 0x00, 0x06, 0x00, 0x00, 0x00, 0x03, 0x00, 0x0a, 0x00, 0x06, 0x00, 0x07, 0x00, 0x06, 0x00, /* ................ */
    0x04, 0x00, 0x05, 0x00, 0x02, 0x00, 0x05, 0x00, 0x09, 0x00, 0x06, 0x00, 0x01, 0x00, 0x05, 0x00, /* ................ */
    0x22, 0x00, 0x08, 0x00, 0x00, 0x00, 0x03, 0x00, 0x03, 0x00, 0x05, 0x00, 0x06, 0x00, 0x06, 0x00, /* "............... */
    0x2f, 0x00, 0x09, 0x00, 0x1c, 0x00, 0x08, 0x00, 0x1d, 0x00, 0x08, 0x00, 0x0d, 0x00, 0x07, 0x00, /* /............... */
    0x41, 0x00, 0x0a, 0x00, 0x00, 0x00, 0x03, 0x00, 0x13, 0x00, 0x07, 0x00, 0x1a, 0x00, 0x08, 0x00, /* A............... */
    0xfc, 0xff, 0x05, 0x00, 0xfe, 0xff, 0x05, 0x00, 0x12, 0x00, 0x07, 0x00, 0xff, 0xff, 0x05, 0x00, /* ................ */
    0x0b, 0x00, 0x06, 0x00, 0x00, 0x00, 0x03, 0x00, 0xfd, 0xff, 0x05, 0x00, 0x0e, 0x00, 0x07, 0x00, /* ................ */
    0x2e, 0x00, 0x09, 0x00, 0x1b, 0x00, 0x08, 0x00, 0x08, 0x00, 0x06, 0x00, 0x05, 0x00, 0x06, 0x00, /* ................ */
    0xf4, 0xff, 0x06, 0x00, 0x00, 0x00, 0x03, 0x00, 0xf6, 0xff, 0x06, 0x00, 0xf9, 0xff, 0x06, 0x00, /* ................ */
    0x04, 0x00, 0x05, 0x00, 0x02, 0x00, 0x05, 0x00, 0xf7, 0xff, 0x06, 0x00, 0x01, 0x00, 0x05, 0x00, /* ................ */
    0x15, 0x00, 0x07, 0x00, 0x00, 0x00, 0x03, 0x00, 0x03, 0x00, 0x05, 0x00, 0xfa, 0xff, 0x06, 0x00, /* ................ */
    0x14, 0x00, 0x07, 0x00, 0x10, 0x00, 0x07, 0x00, 0x11, 0x00, 0x07, 0x00, 0x17, 0x00, 0x08, 0x00, /* ................ */
    0x16, 0x00, 0x07, 0x00, 0x00, 0x00, 0x03, 0x00, 0x2d, 0x00, 0x09, 0x00, 0x19, 0x00, 0x08, 0x00, /* ........-....... */
    0xfc, 0xff, 0x05, 0x00, 0xfe, 0xff, 0x05, 0x00, 0x2c, 0x00, 0x09, 0x00, 0xff, 0xff, 0x05, 0x00, /* ........,....... */
    0xf5, 0xff, 0x06, 0x00, 0x00, 0x00, 0x03, 0x00, 0xfd, 0xff, 0x05, 0x00, 0x18, 0x00, 0x08, 0x00, /* ................ */
    0x00, 0x80, 0x06, 0x00, 0x0f, 0x00, 0x07, 0x00, 0xf8, 0xff, 0x06, 0x00, 0xfb, 0xff, 0x06, 0x00, /* ................ */
    0x0c, 0x00, 0x06, 0x00, 0x00, 0x00, 0x03, 0x00, 0x0a, 0x00, 0x06, 0x00, 0x07, 0x00, 0x06, 0x00, /* ................ */
    0x04, 0x00, 0x05, 0x00, 0x02, 0x00, 0x05, 0x00, 0x09, 0x00, 0x06, 0x00, 0x01, 0x00, 0x05, 0x00, /* ................ */
    0x21, 0x00, 0x08, 0x00, 0x00, 0x00, 0x03, 0x00, 0x03, 0x00, 0x05, 0x00, 0x06, 0x00, 0x06, 0x00, /* !............... */
    0x20, 0x00, 0x08, 0x00, 0x38, 0x00, 0x0a, 0x00, 0x39, 0x00, 0x0a, 0x00, 0xf3, 0xff, 0x07, 0x00, /*  ...8...9....... */
    0x30, 0x00, 0x09, 0x00, 0x00, 0x00, 0x03, 0x00, 0xed, 0xff, 0x07, 0x00, 0x46, 0x00, 0x0b, 0x00, /* 0...........F... */
    0xfc, 0xff, 0x05, 0x00, 0xfe, 0xff, 0x05, 0x00, 0xee, 0xff, 0x07, 0x00, 0xff, 0xff, 0x05, 0x00, /* ................ */
    0x0b, 0x00, 0x06, 0x00, 0x00, 0x00, 0x03, 0x00, 0xfd, 0xff, 0x05, 0x00, 0xf2, 0xff, 0x07, 0x00, /* ................ */
    0x1f, 0x00, 0x08, 0x00, 0x37, 0x00, 0x0a, 0x00, 0x08, 0x00, 0x06, 0x00, 0x05, 0x00, 0x06, 0x00, /* ....7........... */
    0xf4, 0xff, 0x06, 0x00, 0x00, 0x00, 0x03, 0x00, 0xf6, 0xff, 0x06, 0x00, 0xf9, 0xff, 0x06, 0x00, /* ................ */
    0x04, 0x00, 0x05, 0x00, 0x02, 0x00, 0x05, 0x00, 0xf7, 0xff, 0x06, 0x00, 0x01, 0x00, 0x05, 0x00, /* ................ */
    0xeb, 0xff, 0x07, 0x00, 0x00, 0x00, 0x03, 0x00, 0x03, 0x00, 0x05, 0x00, 0xfa, 0xff, 0x06, 0x00, /* ................ */
    0xec, 0xff, 0x07, 0x00, 0xf0, 0xff, 0x07, 0x00, 0xef, 0xff, 0x07, 0x00, 0x42, 0x00, 0x0b, 0x00, /* ............B... */
    0xea, 0xff, 0x07, 0x00, 0x00, 0x00, 0x03, 0x00, 0x1e, 0x00, 0x08, 0x00, 0x45, 0x00, 0x0b, 0x00, /* ............E... */
    0xfc, 0xff, 0x05, 0x00, 0xfe, 0xff, 0x05, 0x00, 0x2b, 0x00, 0x09, 0x00, 0xff, 0xff, 0x05, 0x00, /* ........+....... */
    0xf5, 0xff, 0x06, 0x00, 0x00, 0x00, 0x03, 0x00, 0xfd, 0xff, 0x05, 0x00, 0x25, 0x00, 0x09, 0x00, /* ............%... */
    0x00, 0x80, 0x06, 0x00, 0xf1, 0xff, 0x07, 0x00, 0xf8, 0xff, 0x06, 0x00, 0xfb, 0xff, 0x06, 0x00, /* ................ */
    0x0c, 0x00, 0x06, 0x00, 0x00, 0x00, 0x03, 0x00, 0x0a, 0x00, 0x06, 0x00, 0x07, 0x00, 0x06, 0x00, /* ................ */
    0x04, 0x00, 0x05, 0x00, 0x02, 0x00, 0x05, 0x00, 0x09, 0x00, 0x06, 0x00, 0x01, 0x00, 0x05, 0x00, /* ................ */
    0xde, 0xff, 0x08, 0x00, 0x00, 0x00, 0x03, 0x00, 0x03, 0x00, 0x05, 0x00, 0x06, 0x00, 0x06, 0x00, /* ................ */
    0x3e, 0x00, 0x0a, 0x00, 0xe4, 0xff, 0x08, 0x00, 0xe3, 0xff, 0x08, 0x00, 0x0d, 0x00, 0x07, 0x00, /* >............... */
    0x31, 0x00, 0x09, 0x00, 0x00, 0x00, 0x03, 0x00, 0x13, 0x00, 0x07, 0x00, 0xe6, 0xff, 0x08, 0x00, /* 1............... */
    0xfc, 0xff, 0x05, 0x00, 0xfe, 0xff, 0x05, 0x00, 0x12, 0x00, 0x07, 0x00, 0xff, 0xff, 0x05, 0x00, /* ................ */
    0x0b, 0x00, 0x06, 0x00, 0x00, 0x00, 0x03, 0x00, 0xfd, 0xff, 0x05, 0x00, 0x0e, 0x00, 0x07, 0x00, /* ................ */
    0x3d, 0x00, 0x0a, 0x00, 0xe5, 0xff, 0x08, 0x00, 0x08, 0x00, 0x06, 0x00, 0x05, 0x00, 0x06, 0x00, /* =............... */
    0xf4, 0xff, 0x06, 0x00, 0x00, 0x00, 0x03, 0x00, 0xf6, 0xff, 0x06, 0x00, 0xf9, 0xff, 0x06, 0x00, /* ................ */
    0x04, 0x00, 0x05, 0x00, 0x02, 0x00, 0x05, 0x00, 0xf7, 0xff, 0x06, 0x00, 0x01, 0x00, 0x05, 0x00, /* ................ */
    0x15, 0x00, 0x07, 0x00, 0x00, 0x00, 0x03, 0x00, 0x03, 0x00, 0x05, 0x00, 0xfa, 0xff, 0x06, 0x00, /* ................ */
    0x14, 0x00, 0x07, 0x00, 0x10, 0x00, 0x07, 0x00, 0x11, 0x00, 0x07, 0x00, 0xe9, 0xff, 0x08, 0x00, /* ................ */
    0x16, 0x00, 0x07, 0x00, 0x00, 0x00, 0x03, 0x00, 0x4d, 0x00, 0x0b, 0x00, 0xe7, 0xff, 0x08, 0x00, /* ........M....... */
    0xfc, 0xff, 0x05, 0x00, 0xfe, 0xff, 0x05, 0x00, 0x4b, 0x00, 0x0b, 0x00, 0xff, 0xff, 0x05, 0x00, /* ........K....... */
    0xf5, 0xff, 0x06, 0x00, 0x00, 0x00, 0x03, 0x00, 0xfd, 0xff, 0x05, 0x00, 0xe8, 0xff, 0x08, 0x00, /* ................ */
    0x00, 0x80, 0x06, 0x00, 0x0f, 0x00, 0x07, 0x00, 0xf8, 0xff, 0x06, 0x00, 0xfb, 0xff, 0x06, 0x00, /* ................ */
    0x0c, 0x00, 0x06, 0x00, 0x00, 0x00, 0x03, 0x00, 0x0a, 0x00, 0x06, 0x00, 0x07, 0x00, 0x06, 0x00, /* ................ */
    0x04, 0x00, 0x05, 0x00, 0x02, 0x00, 0x05, 0x00, 0x09, 0x00, 0x06, 0x00, 0x01, 0x00, 0x05, 0x00, /* ................ */
    0xdf, 0xff, 0x08, 0x00, 0x00, 0x00, 0x03, 0x00, 0x03, 0x00, 0x05, 0x00, 0x06, 0x00, 0x06, 0x00, /* ................ */
    0xe0, 0xff, 0x08, 0x00, 0x28, 0x00, 0x09, 0x00, 0x29, 0x00, 0x09, 0x00, 0xf3, 0xff, 0x07, 0x00, /* ....(...)....... */
    0x51, 0x00, 0x0b, 0x00, 0x00, 0x00, 0x03, 0x00, 0xed, 0xff, 0x07, 0x00, 0x26, 0x00, 0x09, 0x00, /* Q...........&... */
    0xfc, 0xff, 0x05, 0x00, 0xfe, 0xff, 0x05, 0x00, 0xee, 0xff, 0x07, 0x00, 0xff, 0xff, 0x05, 0x00, /* ................ */
    0x0b, 0x00, 0x06, 0x00, 0x00, 0x00, 0x03, 0x00, 0xfd, 0xff, 0x05, 0x00, 0xf2, 0xff, 0x07, 0x00, /* ................ */
    0xe1, 0xff, 0x08, 0x00, 0x27, 0x00, 0x09, 0x00, 0x08, 0x00, 0x06, 0x00, 0x05, 0x00, 0x06, 0x00, /* ....'........... */
    0xf4, 0xff, 0x06, 0x00, 0x00, 0x00, 0x03, 0x00, 0xf6, 0xff, 0x06, 0x00, 0xf9, 0xff, 0x06, 0x00, /* ................ */
    0x04, 0x00, 0x05, 0x00, 0x02, 0x00, 0x05, 0x00, 0xf7, 0xff, 0x06, 0x00, 0x01, 0x00, 0x05, 0x00, /* ................ */
    0xeb, 0xff, 0x07, 0x00, 0x00, 0x00, 0x03, 0x00, 0x03, 0x00, 0x05, 0x00, 0xfa, 0xff, 0x06, 0x00, /* ................ */
    0xec, 0xff, 0x07, 0x00, 0xf0, 0xff, 0x07, 0x00, 0xef, 0xff, 0x07, 0x00, 0x23, 0x00, 0x09, 0x00, /* ............#... */
    0xea, 0xff, 0x07, 0x00, 0x00, 0x00, 0x03, 0x00, 0xe2, 0xff, 0x08, 0x00, 0xab, 0xff, 0x0c, 0x00, /* ................ */
    0xfc, 0xff, 0x05, 0x00, 0xfe, 0xff, 0x05, 0x00, 0x2a, 0x00, 0x09, 0x00, 0xff, 0xff, 0x05, 0x00, /* ........*....... */
    0xf5, 0xff, 0x06, 0x00, 0x00, 0x00, 0x03, 0x00, 0xfd, 0xff, 0x05, 0x00, 0x24, 0x00, 0x09, 0x00, /* ............$... */
    0x00, 0x80, 0x06, 0x00, 0xf1, 0xff, 0x07, 0x00, 0xf8, 0xff, 0x06, 0x00, 0xfb, 0xff, 0x06, 0x00, /* ................ */
    0x0c, 0x00, 0x06, 0x00, 0x00, 0x00, 0x03, 0x00, 0x0a, 0x00, 0x06, 0x00, 0x07, 0x00, 0x06, 0x00, /* ................ */
    0x04, 0x00, 0x05, 0x00, 0x02, 0x00, 0x05, 0x00, 0x09, 0x00, 0x06, 0x00, 0x01, 0x00, 0x05, 0x00, /* ................ */
    0x22, 0x00, 0x08, 0x00, 0x00, 0x00, 0x03, 0x00, 0x03, 0x00, 0x05, 0x00, 0x06, 0x00, 0x06, 0x00, /* "............... */
    0xd1, 0xff, 0x09, 0x00, 0x1c, 0x00, 0x08, 0x00, 0x1d, 0x00, 0x08, 0x00, 0x0d, 0x00, 0x07, 0x00, /* ................ */
    0x40, 0x00, 0x0a, 0x00, 0x00, 0x00, 0x03, 0x00, 0x13, 0x00, 0x07, 0x00, 0x1a, 0x00, 0x08, 0x00, /* @............... */
    0xfc, 0xff, 0x05, 0x00, 0xfe, 0xff, 0x05, 0x00, 0x12, 0x00, 0x07, 0x00, 0xff, 0xff, 0x05, 0x00, /* ................ */
    0x0b, 0x00, 0x06, 0x00, 0x00, 0x00, 0x03, 0x00, 0xfd, 0xff, 0x05, 0x00, 0x0e, 0x00, 0x07, 0x00, /* ................ */
    0xd2, 0xff, 0x09, 0x00, 0x1b, 0x00, 0x08, 0x00, 0x08, 0x00, 0x06, 0x00, 0x05, 0x00, 0x06, 0x00, /* ................ */
    0xf4, 0xff, 0x06, 0x00, 0x00, 0x00, 0x03, 0x00, 0xf6, 0xff, 0x06, 0x00, 0xf9, 0xff, 0x06, 0x00, /* ................ */
    0x04, 0x00, 0x05, 0x00, 0x02, 0x00, 0x05, 0x00, 0xf7, 0xff, 0x06, 0x00, 0x01, 0x00, 0x05, 0x00, /* ................ */
    0x15, 0x00, 0x07, 0x00, 0x00, 0x00, 0x03, 0x00, 0x03, 0x00, 0x05, 0x00, 0xfa, 0xff, 0x06, 0x00, /* ................ */
    0x14, 0x00, 0x07, 0x00, 0x10, 0x00, 0x07, 0x00, 0x11, 0x00, 0x07, 0x00, 0x17, 0x00, 0x08, 0x00, /* ................ */
    0x16, 0x00, 0x07, 0x00, 0x00, 0x00, 0x03, 0x00, 0xd3, 0xff, 0x09, 0x00, 0x19, 0x00, 0x08, 0x00, /* ................ */
    0xfc, 0xff, 0x05, 0x00, 0xfe, 0xff, 0x05, 0x00, 0xd4, 0xff, 0x09, 0x00, 0xff, 0xff, 0x05, 0x00, /* ................ */
    0xf5, 0xff, 0x06, 0x00, 0x00, 0x00, 0x03, 0x00, 0xfd, 0xff, 0x05, 0x00, 0x18, 0x00, 0x08, 0x00, /* ................ */
    0x00, 0x80, 0x06, 0x00, 0x0f, 0x00, 0x07, 0x00, 0xf8, 0xff, 0x06, 0x00, 0xfb, 0xff, 0x06, 0x00, /* ................ */
    0x0c, 0x00, 0x06, 0x00, 0x00, 0x00, 0x03, 0x00, 0x0a, 0x00, 0x06, 0x00, 0x07, 0x00, 0x06, 0x00, /* ................ */
    0x04, 0x00, 0x05, 0x00, 0x02, 0x00, 0x05, 0x00, 0x09, 0x00, 0x06, 0x00, 0x01, 0x00, 0x05, 0x00, /* ................ */
    0x21, 0x00, 0x08, 0x00, 0x00, 0x00, 0x03, 0x00, 0x03, 0x00, 0x05, 0x00, 0x06, 0x00, 0x06, 0x00, /* !............... */
    0x20, 0x00, 0x08, 0x00, 0xa7, 0xff, 0x0c, 0x00, 0x49, 0x00, 0x0b, 0x00, 0xf3, 0xff, 0x07, 0x00, /*  .......I....... */
    0xd0, 0xff, 0x09, 0x00, 0x00, 0x00, 0x03, 0x00, 0xed, 0xff, 0x07, 0x00, 0x35, 0x00, 0x0a, 0x00, /* ............5... */
    0xfc, 0xff, 0x05, 0x00, 0xfe, 0xff, 0x05, 0x00, 0xee, 0xff, 0x07, 0x00, 0xff, 0xff, 0x05, 0x00, /* ................ */
    0x0b, 0x00, 0x06, 0x00, 0x00, 0x00, 0x03, 0x00, 0xfd, 0xff, 0x05, 0x00, 0xf2, 0xff, 0x07, 0x00, /* ................ */
    0x1f, 0x00, 0x08, 0x00, 0x36, 0x00, 0x0a, 0x00, 0x08, 0x00, 0x06, 0x00, 0x05, 0x00, 0x06, 0x00, /* ....6........... */
    0xf4, 0xff, 0x06, 0x00, 0x00, 0x00, 0x03, 0x00, 0xf6, 0xff, 0x06, 0x00, 0xf9, 0xff, 0x06, 0x00, /* ................ */
    0x04, 0x00, 0x05, 0x00, 0x02, 0x00, 0x05, 0x00, 0xf7, 0xff, 0x06, 0x00, 0x01, 0x00, 0x05, 0x00, /* ................ */
    0xeb, 0xff, 0x07, 0x00, 0x00, 0x00, 0x03, 0x00, 0x03, 0x00, 0x05, 0x00, 0xfa, 0xff, 0x06, 0x00, /* ................ */
    0xec, 0xff, 0x07, 0x00, 0xf0, 0xff, 0x07, 0x00, 0xef, 0xff, 0x07, 0x00, 0x32, 0x00, 0x0a, 0x00, /* ............2... */
    0xea, 0xff, 0x07, 0x00, 0x00, 0x00, 0x03, 0x00, 0x1e, 0x00, 0x08, 0x00, 0x34, 0x00, 0x0a, 0x00, /* ............4... */
    0xfc, 0xff, 0x05, 0x00, 0xfe, 0xff, 0x05, 0x00, 0xd5, 0xff, 0x09, 0x00, 0xff, 0xff, 0x05, 0x00, /* ................ */
    0xf5, 0xff, 0x06, 0x00, 0x00, 0x00, 0x03, 0x00, 0xfd, 0xff, 0x05, 0x00, 0xdb, 0xff, 0x09, 0x00, /* ................ */
    0x00, 0x80, 0x06, 0x00, 0xf1, 0xff, 0x07, 0x00, 0xf8, 0xff, 0x06, 0x00, 0xfb, 0xff, 0x06, 0x00, /* ................ */
    0x0c, 0x00, 0x06, 0x00, 0x00, 0x00, 0x03, 0x00, 0x0a, 0x00, 0x06, 0x00, 0x07, 0x00, 0x06, 0x00, /* ................ */
    0x04, 0x00, 0x05, 0x00, 0x02, 0x00, 0x05, 0x00, 0x09, 0x00, 0x06, 0x00, 0x01, 0x00, 0x05, 0x00, /* ................ */
    0xde, 0xff, 0x08, 0x00, 0x00, 0x00, 0x03, 0x00, 0x03, 0x00, 0x05, 0x00, 0x06, 0x00, 0x06, 0x00, /* ................ */
    0x4f, 0x00, 0x0b, 0x00, 0xe4, 0xff, 0x08, 0x00, 0xe3, 0xff, 0x08, 0x00, 0x0d, 0x00, 0x07, 0x00, /* O............... */
    0xcf, 0xff, 0x09, 0x00, 0x00, 0x00, 0x03, 0x00, 0x13, 0x00, 0x07, 0x00, 0xe6, 0xff, 0x08, 0x00, /* ................ */
    0xfc, 0xff, 0x05, 0x00, 0xfe, 0xff, 0x05, 0x00, 0x12, 0x00, 0x07, 0x00, 0xff, 0xff, 0x05, 0x00, /* ................ */
    0x0b, 0x00, 0x06, 0x00, 0x00, 0x00, 0x03, 0x00, 0xfd, 0xff, 0x05, 0x00, 0x0e, 0x00, 0x07, 0x00, /* ................ */
    0x3c, 0x00, 0x0a, 0x00, 0xe5, 0xff, 0x08, 0x00, 0x08, 0x00, 0x06, 0x00, 0x05, 0x00, 0x06, 0x00, /* <............... */
    0xf4, 0xff, 0x06, 0x00, 0x00, 0x00, 0x03, 0x00, 0xf6, 0xff, 0x06, 0x00, 0xf9, 0xff, 0x06, 0x00, /* ................ */
    0x04, 0x00, 0x05, 0x00, 0x02, 0x00, 0x05, 0x00, 0xf7, 0xff, 0x06, 0x00, 0x01, 0x00, 0x05, 0x00, /* ................ */
    0x15, 0x00, 0x07, 0x00, 0x00, 0x00, 0x03, 0x00, 0x03, 0x00, 0x05, 0x00, 0xfa, 0xff, 0x06, 0x00, /* ................ */
    0x14, 0x00, 0x07, 0x00, 0x10, 0x00, 0x07, 0x00, 0x11, 0x00, 0x07, 0x00, 0xe9, 0xff, 0x08, 0x00, /* ................ */
    0x16, 0x00, 0x07, 0x00, 0x00, 0x00, 0x03, 0x00, 0x3b, 0x00, 0x0a, 0x00, 0xe7, 0xff, 0x08, 0x00, /* ........;....... */
    0xfc, 0xff, 0x05, 0x00, 0xfe, 0xff, 0x05, 0x00, 0x3a, 0x00, 0x0a, 0x00, 0xff, 0xff, 0x05, 0x00, /* ........:....... */
    0xf5, 0xff, 0x06, 0x00, 0x00, 0x00, 0x03, 0x00, 0xfd, 0xff, 0x05, 0x00, 0xe8, 0xff, 0x08, 0x00, /* ................ */
    0x00, 0x80, 0x06, 0x00, 0x0f, 0x00, 0x07, 0x00, 0xf8, 0xff, 0x06, 0x00, 0xfb, 0xff, 0x06, 0x00, /* ................ */
    0x0c, 0x00, 0x06, 0x00, 0x00, 0x00, 0x03, 0x00, 0x0a, 0x00, 0x06, 0x00, 0x07, 0x00, 0x06, 0x00, /* ................ */
    0x04, 0x00, 0x05, 0x00, 0x02, 0x00, 0x05, 0x00, 0x09, 0x00, 0x06, 0x00, 0x01, 0x00, 0x05, 0x00, /* ................ */
    0xdf, 0xff, 0x08, 0x00, 0x00, 0x00, 0x03, 0x00, 0x03, 0x00, 0x05, 0x00, 0x06, 0x00, 0x06, 0x00, /* ................ */
    0xe0, 0xff, 0x08, 0x00, 0xd8, 0xff, 0x09, 0x00, 0xd7, 0xff, 0x09, 0x00, 0xf3, 0xff, 0x07, 0x00, /* ................ */
    0x3f, 0x00, 0x0a, 0x00, 0x00, 0x00, 0x03, 0x00, 0xed, 0xff, 0x07, 0x00, 0xda, 0xff, 0x09, 0x00, /* ?............... */
    0xfc, 0xff, 0x05, 0x00, 0xfe, 0xff, 0x05, 0x00, 0xee, 0xff, 0x07, 0x00, 0xff, 0xff, 0x05, 0x00, /* ................ */
    0x0b, 0x00, 0x06, 0x00, 0x00, 0x00, 0x03, 0x00, 0xfd, 0xff, 0x05, 0x00, 0xf2, 0xff, 0x07, 0x00, /* ................ */
    0xe1, 0xff, 0x08, 0x00, 0xd9, 0xff, 0x09, 0x00, 0x08, 0x00, 0x06, 0x00, 0x05, 0x00, 0x06, 0x00, /* ................ */
    0xf4, 0xff, 0x06, 0x00, 0x00, 0x00, 0x03, 0x00, 0xf6, 0xff, 0x06, 0x00, 0xf9, 0xff, 0x06, 0x00, /* ................ */
    0x04, 0x00, 0x05, 0x00, 0x02, 0x00, 0x05, 0x00, 0xf7, 0xff, 0x06, 0x00, 0x01, 0x00, 0x05, 0x00, /* ................ */
    0xeb, 0xff, 0x07, 0x00, 0x00, 0x00, 0x03, 0x00, 0x03, 0x00, 0x05, 0x00, 0xfa, 0xff, 0x06, 0x00, /* ................ */
    0xec, 0xff, 0x07, 0x00, 0xf0, 0xff, 0x07, 0x00, 0xef, 0xff, 0x07, 0x00, 0xdd, 0xff, 0x09, 0x00, /* ................ */
    0xea, 0xff, 0x07, 0x00, 0x00, 0x00, 0x03, 0x00, 0xe2, 0xff, 0x08, 0x00, 0x33, 0x00, 0x0a, 0x00, /* ............3... */
    0xfc, 0xff, 0x05, 0x00, 0xfe, 0xff, 0x05, 0x00, 0xd6, 0xff, 0x09, 0x00, 0xff, 0xff, 0x05, 0x00, /* ................ */
    0xf5, 0xff, 0x06, 0x00, 0x00, 0x00, 0x03, 0x00, 0xfd, 0xff, 0x05, 0x00, 0xdc, 0xff, 0x09, 0x00, /* ................ */
    0x00, 0x80, 0x06, 0x00, 0xf1, 0xff, 0x07, 0x00, 0xf8, 0xff, 0x06, 0x00, 0xfb, 0xff, 0x06, 0x00, /* ................ */
    0x0c, 0x00, 0x06, 0x00, 0x00, 0x00, 0x03, 0x00, 0x0a, 0x00, 0x06, 0x00, 0x07, 0x00, 0x06, 0x00, /* ................ */
    0x04, 0x00, 0x05, 0x00, 0x02, 0x00, 0x05, 0x00, 0x09, 0x00, 0x06, 0x00, 0x01, 0x00, 0x05, 0x00, /* ................ */
    0x22, 0x00, 0x08, 0x00, 0x00, 0x00, 0x03, 0x00, 0x03, 0x00, 0x05, 0x00, 0x06, 0x00, 0x06, 0x00, /* "............... */
    0x2f, 0x00, 0x09, 0x00, 0x1c, 0x00, 0x08, 0x00, 0x1d, 0x00, 0x08, 0x00, 0x0d, 0x00, 0x07, 0x00, /* /............... */
    0xbf, 0xff, 0x0a, 0x00, 0x00, 0x00, 0x03, 0x00, 0x13, 0x00, 0x07, 0x00, 0x1a, 0x00, 0x08, 0x00, /* ................ */
    0xfc, 0xff, 0x05, 0x00, 0xfe, 0xff, 0x05, 0x00, 0x12, 0x00, 0x07, 0x00, 0xff, 0xff, 0x05, 0x00, /* ................ */
    0x0b, 0x00, 0x06, 0x00, 0x00, 0x00, 0x03, 0x00, 0xfd, 0xff, 0x05, 0x00, 0x0e, 0x00, 0x07, 0x00, /* ................ */
    0x2e, 0x00, 0x09, 0x00, 0x1b, 0x00, 0x08, 0x00, 0x08, 0x00, 0x06, 0x00, 0x05, 0x00, 0x06, 0x00, /* ................ */
    0xf4, 0xff, 0x06, 0x00, 0x00, 0x00, 0x03, 0x00, 0xf6, 0xff, 0x06, 0x00, 0xf9, 0xff, 0x06, 0x00, /* ................ */
    0x04, 0x00, 0x05, 0x00, 0x02, 0x00, 0x05, 0x00, 0xf7, 0xff, 0x06, 0x00, 0x01, 0x00, 0x05, 0x00, /* ................ */
    0x15, 0x00, 0x07, 0x00, 0x00, 0x00, 0x03, 0x00, 0x03, 0x00, 0x05, 0x00, 0xfa, 0xff, 0x06, 0x00, /* ................ */
    0x14, 0x00, 0x07, 0x00, 0x10, 0x00, 0x07, 0x00, 0x11, 0x00, 0x07, 0x00, 0x17, 0x00, 0x08, 0x00, /* ................ */
    0x16, 0x00, 0x07, 0x00, 0x00, 0x00, 0x03, 0x00, 0x2d, 0x00, 0x09, 0x00, 0x19, 0x00, 0x08, 0x00, /* ........-....... */
    0xfc, 0xff, 0x05, 0x00, 0xfe, 0xff, 0x05, 0x00, 0x2c, 0x00, 0x09, 0x00, 0xff, 0xff, 0x05, 0x00, /* ........,....... */
    0xf5, 0xff, 0x06, 0x00, 0x00, 0x00, 0x03, 0x00, 0xfd, 0xff, 0x05, 0x00, 0x18, 0x00, 0x08, 0x00, /* ................ */
    0x00, 0x80, 0x06, 0x00, 0x0f, 0x00, 0x07, 0x00, 0xf8, 0xff, 0x06, 0x00, 0xfb, 0xff, 0x06, 0x00, /* ................ */
    0x0c, 0x00, 0x06, 0x00, 0x00, 0x00, 0x03, 0x00, 0x0a, 0x00, 0x06, 0x00, 0x07, 0x00, 0x06, 0x00, /* ................ */
    0x04, 0x00, 0x05, 0x00, 0x02, 0x00, 0x05, 0x00, 0x09, 0x00, 0x06, 0x00, 0x01, 0x00, 0x05, 0x00, /* ................ */
    0x21, 0x00, 0x08, 0x00, 0x00, 0x00, 0x03, 0x00, 0x03, 0x00, 0x05, 0x00, 0x06, 0x00, 0x06, 0x00, /* !............... */
    0x20, 0x00, 0x08, 0x00, 0xc8, 0xff, 0x0a, 0x00, 0xc7, 0xff, 0x0a, 0x00, 0xf3, 0xff, 0x07, 0x00, /*  ............... */
    0x30, 0x00, 0x09, 0x00, 0x00, 0x00, 0x03, 0x00, 0xed, 0xff, 0x07, 0x00, 0xa9, 0xff, 0x0c, 0x00, /* 0............... */
    0xfc, 0xff, 0x05, 0x00, 0xfe, 0xff, 0x05, 0x00, 0xee, 0xff, 0x07, 0x00, 0xff, 0xff, 0x05, 0x00, /* ................ */
    0x0b, 0x00, 0x06, 0x00, 0x00, 0x00, 0x03, 0x00, 0xfd, 0xff, 0x05, 0x00, 0xf2, 0xff, 0x07, 0x00, /* ................ */
    0x1f, 0x00, 0x08, 0x00, 0xc9, 0xff, 0x0a, 0x00, 0x08, 0x00, 0x06, 0x00, 0x05, 0x00, 0x06, 0x00, /* ................ */
    0xf4, 0xff, 0x06, 0x00, 0x00, 0x00, 0x03, 0x00, 0xf6, 0xff, 0x06, 0x00, 0xf9, 0xff, 0x06, 0x00, /* ................ */
    0x04, 0x00, 0x05, 0x00, 0x02, 0x00, 0x05, 0x00, 0xf7, 0xff, 0x06, 0x00, 0x01, 0x00, 0x05, 0x00, /* ................ */
    0xeb, 0xff, 0x07, 0x00, 0x00, 0x00, 0x03, 0x00, 0x03, 0x00, 0x05, 0x00, 0xfa, 0xff, 0x06, 0x00, /* ................ */
    0xec, 0xff, 0x07, 0x00, 0xf0, 0xff, 0x07, 0x00, 0xef, 0xff, 0x07, 0x00, 0xad, 0xff, 0x0c, 0x00, /* ................ */
    0xea, 0xff, 0x07, 0x00, 0x00, 0x00, 0x03, 0x00, 0x1e, 0x00, 0x08, 0x00, 0x44, 0x00, 0x0b, 0x00, /* ............D... */
    0xfc, 0xff, 0x05, 0x00, 0xfe, 0xff, 0x05, 0x00, 0x2b, 0x00, 0x09, 0x00, 0xff, 0xff, 0x05, 0x00, /* ........+....... */
    0xf5, 0xff, 0x06, 0x00, 0x00, 0x00, 0x03, 0x00, 0xfd, 0xff, 0x05, 0x00, 0x25, 0x00, 0x09, 0x00, /* ............%... */
    0x00, 0x80, 0x06, 0x00, 0xf1, 0xff, 0x07, 0x00, 0xf8, 0xff, 0x06, 0x00, 0xfb, 0xff, 0x06, 0x00, /* ................ */
    0x0c, 0x00, 0x06, 0x00, 0x00, 0x00, 0x03, 0x00, 0x0a, 0x00, 0x06, 0x00, 0x07, 0x00, 0x06, 0x00, /* ................ */
    0x04, 0x00, 0x05, 0x00, 0x02, 0x00, 0x05, 0x00, 0x09, 0x00, 0x06, 0x00, 0x01, 0x00, 0x05, 0x00, /* ................ */
    0xde, 0xff, 0x08, 0x00, 0x00, 0x00, 0x03, 0x00, 0x03, 0x00, 0x05, 0x00, 0x06, 0x00, 0x06, 0x00, /* ................ */
    0xc2, 0xff, 0x0a, 0x00, 0xe4, 0xff, 0x08, 0x00, 0xe3, 0xff, 0x08, 0x00, 0x0d, 0x00, 0x07, 0x00, /* ................ */
    0x31, 0x00, 0x09, 0x00, 0x00, 0x00, 0x03, 0x00, 0x13, 0x00, 0x07, 0x00, 0xe6, 0xff, 0x08, 0x00, /* 1............... */
    0xfc, 0xff, 0x05, 0x00, 0xfe, 0xff, 0x05, 0x00, 0x12, 0x00, 0x07, 0x00, 0xff, 0xff, 0x05, 0x00, /* ................ */
    0x0b, 0x00, 0x06, 0x00, 0x00, 0x00, 0x03, 0x00, 0xfd, 0xff, 0x05, 0x00, 0x0e, 0x00, 0x07, 0x00, /* ................ */
    0xc3, 0xff, 0x0a, 0x00, 0xe5, 0xff, 0x08, 0x00, 0x08, 0x00, 0x06, 0x00, 0x05, 0x00, 0x06, 0x00, /* ................ */
    0xf4, 0xff, 0x06, 0x00, 0x00, 0x00, 0x03, 0x00, 0xf6, 0xff, 0x06, 0x00, 0xf9, 0xff, 0x06, 0x00, /* ................ */
    0x04, 0x00, 0x05, 0x00, 0x02, 0x00, 0x05, 0x00, 0xf7, 0xff, 0x06, 0x00, 0x01, 0x00, 0x05, 0x00, /* ................ */
    0x15, 0x00, 0x07, 0x00, 0x00, 0x00, 0x03, 0x00, 0x03, 0x00, 0x05, 0x00, 0xfa, 0xff, 0x06, 0x00, /* ................ */
    0x14, 0x00, 0x07, 0x00, 0x10, 0x00, 0x07, 0x00, 0x11, 0x00, 0x07, 0x00, 0xe9, 0xff, 0x08, 0x00, /* ................ */
    0x16, 0x00, 0x07, 0x00, 0x00, 0x00, 0x03, 0x00, 0x4c, 0x00, 0x0b, 0x00, 0xe7, 0xff, 0x08, 0x00, /* ........L....... */
    0xfc, 0xff, 0x05, 0x00, 0xfe, 0xff, 0x05, 0x00, 0x4a, 0x00, 0x0b, 0x00, 0xff, 0xff, 0x05, 0x00, /* ........J....... */
    0xf5, 0xff, 0x06, 0x00, 0x00, 0x00, 0x03, 0x00, 0xfd, 0xff, 0x05, 0x00, 0xe8, 0xff, 0x08, 0x00, /* ................ */
    0x00, 0x80, 0x06, 0x00, 0x0f, 0x00, 0x07, 0x00, 0xf8, 0xff, 0x06, 0x00, 0xfb, 0xff, 0x06, 0x00, /* ................ */
    0x0c, 0x00, 0x06, 0x00, 0x00, 0x00, 0x03, 0x00, 0x0a, 0x00, 0x06, 0x00, 0x07, 0x00, 0x06, 0x00, /* ................ */
    0x04, 0x00, 0x05, 0x00, 0x02, 0x00, 0x05, 0x00, 0x09, 0x00, 0x06, 0x00, 0x01, 0x00, 0x05, 0x00, /* ................ */
    0xdf, 0xff, 0x08, 0x00, 0x00, 0x00, 0x03, 0x00, 0x03, 0x00, 0x05, 0x00, 0x06, 0x00, 0x06, 0x00, /* ................ */
    0xe0, 0xff, 0x08, 0x00, 0x28, 0x00, 0x09, 0x00, 0x29, 0x00, 0x09, 0x00, 0xf3, 0xff, 0x07, 0x00, /* ....(...)....... */
    0x50, 0x00, 0x0b, 0x00, 0x00, 0x00, 0x03, 0x00, 0xed, 0xff, 0x07, 0x00, 0x26, 0x00, 0x09, 0x00, /* P...........&... */
    0xfc, 0xff, 0x05, 0x00, 0xfe, 0xff, 0x05, 0x00, 0xee, 0xff, 0x07, 0x00, 0xff, 0xff, 0x05, 0x00, /* ................ */
    0x0b, 0x00, 0x06, 0x00, 0x00, 0x00, 0x03, 0x00, 0xfd, 0xff, 0x05, 0x00, 0xf2, 0xff, 0x07, 0x00, /* ................ */
    0xe1, 0xff, 0x08, 0x00, 0x27, 0x00, 0x09, 0x00, 0x08, 0x00, 0x06, 0x00, 0x05, 0x00, 0x06, 0x00, /* ....'........... */
    0xf4, 0xff, 0x06, 0x00, 0x00, 0x00, 0x03, 0x00, 0xf6, 0xff, 0x06, 0x00, 0xf9, 0xff, 0x06, 0x00, /* ................ */
    0x04, 0x00, 0x05, 0x00, 0x02, 0x00, 0x05, 0x00, 0xf7, 0xff, 0x06, 0x00, 0x01, 0x00, 0x05, 0x00, /* ................ */
    0xeb, 0xff, 0x07, 0x00, 0x00, 0x00, 0x03, 0x00, 0x03, 0x00, 0x05, 0x00, 0xfa, 0xff, 0x06, 0x00, /* ................ */
    0xec, 0xff, 0x07, 0x00, 0xf0, 0xff, 0x07, 0x00, 0xef, 0xff, 0x07, 0x00, 0x23, 0x00, 0x09, 0x00, /* ............#... */
    0xea, 0xff, 0x07, 0x00, 0x00, 0x00, 0x03, 0x00, 0xe2, 0xff, 0x08, 0x00, 0x43, 0x00, 0x0b, 0x00, /* ............C... */
    0xfc, 0xff, 0x05, 0x00, 0xfe, 0xff, 0x05, 0x00, 0x2a, 0x00, 0x09, 0x00, 0xff, 0xff, 0x05, 0x00, /* ........*....... */
    0xf5, 0xff, 0x06, 0x00, 0x00, 0x00, 0x03, 0x00, 0xfd, 0xff, 0x05, 0x00, 0x24, 0x00, 0x09, 0x00, /* ............$... */
    0x00, 0x80, 0x06, 0x00, 0xf1, 0xff, 0x07, 0x00, 0xf8, 0xff, 0x06, 0x00, 0xfb, 0xff, 0x06, 0x00, /* ................ */
    0x0c, 0x00, 0x06, 0x00, 0x00, 0x00, 0x03, 0x00, 0x0a, 0x00, 0x06, 0x00, 0x07, 0x00, 0x06, 0x00, /* ................ */
    0x04, 0x00, 0x05, 0x00, 0x02, 0x00, 0x05, 0x00, 0x09, 0x00, 0x06, 0x00, 0x01, 0x00, 0x05, 0x00, /* ................ */
    0x22, 0x00, 0x08, 0x00, 0x00, 0x00, 0x03, 0x00, 0x03, 0x00, 0x05, 0x00, 0x06, 0x00, 0x06, 0x00, /* "............... */
    0xd1, 0xff, 0x09, 0x00, 0x1c, 0x00, 0x08, 0x00, 0x1d, 0x00, 0x08, 0x00, 0x0d, 0x00, 0x07, 0x00, /* ................ */
    0xc0, 0xff, 0x0a, 0x00, 0x00, 0x00, 0x03, 0x00, 0x13, 0x00, 0x07, 0x00, 0x1a, 0x00, 0x08, 0x00, /* ................ */
    0xfc, 0xff, 0x05, 0x00, 0xfe, 0xff, 0x05, 0x00, 0x12, 0x00, 0x07, 0x00, 0xff, 0xff, 0x05, 0x00, /* ................ */
    0x0b, 0x00, 0x06, 0x00, 0x00, 0x00, 0x03, 0x00, 0xfd, 0xff, 0x05, 0x00, 0x0e, 0x00, 0x07, 0x00, /* ................ */
    0xd2, 0xff, 0x09, 0x00, 0x1b, 0x00, 0x08, 0x00, 0x08, 0x00, 0x06, 0x00, 0x05, 0x00, 0x06, 0x00, /* ................ */
    0xf4, 0xff, 0x06, 0x00, 0x00, 0x00, 0x03, 0x00, 0xf6, 0xff, 0x06, 0x00, 0xf9, 0xff, 0x06, 0x00, /* ................ */
    0x04, 0x00, 0x05, 0x00, 0x02, 0x00, 0x05, 0x00, 0xf7, 0xff, 0x06, 0x00, 0x01, 0x00, 0x05, 0x00, /* ................ */
    0x15, 0x00, 0x07, 0x00, 0x00, 0x00, 0x03, 0x00, 0x03, 0x00, 0x05, 0x00, 0xfa, 0xff, 0x06, 0x00, /* ................ */
    0x14, 0x00, 0x07, 0x00, 0x10, 0x00, 0x07, 0x00, 0x11, 0x00, 0x07, 0x00, 0x17, 0x00, 0x08, 0x00, /* ................ */
    0x16, 0x00, 0x07, 0x00, 0x00, 0x00, 0x03, 0x00, 0xd3, 0xff, 0x09, 0x00, 0x19, 0x00, 0x08, 0x00, /* ................ */
    0xfc, 0xff, 0x05, 0x00, 0xfe, 0xff, 0x05, 0x00, 0xd4, 0xff, 0x09, 0x00, 0xff, 0xff, 0x05, 0x00, /* ................ */
    0xf5, 0xff, 0x06, 0x00, 0x00, 0x00, 0x03, 0x00, 0xfd, 0xff, 0x05, 0x00, 0x18, 0x00, 0x08, 0x00, /* ................ */
    0x00, 0x80, 0x06, 0x00, 0x0f, 0x00, 0x07, 0x00, 0xf8, 0xff, 0x06, 0x00, 0xfb, 0xff, 0x06, 0x00, /* ................ */
    0x0c, 0x00, 0x06, 0x00, 0x00, 0x00, 0x03, 0x00, 0x0a, 0x00, 0x06, 0x00, 0x07, 0x00, 0x06, 0x00, /* ................ */
    0x04, 0x00, 0x05, 0x00, 0x02, 0x00, 0x05, 0x00, 0x09, 0x00, 0x06, 0x00, 0x01, 0x00, 0x05, 0x00, /* ................ */
    0x21, 0x00, 0x08, 0x00, 0x00, 0x00, 0x03, 0x00, 0x03, 0x00, 0x05, 0x00, 0x06, 0x00, 0x06, 0x00, /* !............... */
    0x20, 0x00, 0x08, 0x00, 0x47, 0x00, 0x0b, 0x00, 0x48, 0x00, 0x0b, 0x00, 0xf3, 0xff, 0x07, 0x00, /*  ...G...H....... */
    0xd0, 0xff, 0x09, 0x00, 0x00, 0x00, 0x03, 0x00, 0xed, 0xff, 0x07, 0x00, 0xcb, 0xff, 0x0a, 0x00, /* ................ */
    0xfc, 0xff, 0x05, 0x00, 0xfe, 0xff, 0x05, 0x00, 0xee, 0xff, 0x07, 0x00, 0xff, 0xff, 0x05, 0x00, /* ................ */
    0x0b, 0x00, 0x06, 0x00, 0x00, 0x00, 0x03, 0x00, 0xfd, 0xff, 0x05, 0x00, 0xf2, 0xff, 0x07, 0x00, /* ................ */
    0x1f, 0x00, 0x08, 0x00, 0xca, 0xff, 0x0a, 0x00, 0x08, 0x00, 0x06, 0x00, 0x05, 0x00, 0x06, 0x00, /* ................ */
    0xf4, 0xff, 0x06, 0x00, 0x00, 0x00, 0x03, 0x00, 0xf6, 0xff, 0x06, 0x00, 0xf9, 0xff, 0x06, 0x00, /* ................ */
    0x04, 0x00, 0x05, 0x00, 0x02, 0x00, 0x05, 0x00, 0xf7, 0xff, 0x06, 0x00, 0x01, 0x00, 0x05, 0x00, /* ................ */
    0xeb, 0xff, 0x07, 0x00, 0x00, 0x00, 0x03, 0x00, 0x03, 0x00, 0x05, 0x00, 0xfa, 0xff, 0x06, 0x00, /* ................ */
    0xec, 0xff, 0x07, 0x00, 0xf0, 0xff, 0x07, 0x00, 0xef, 0xff, 0x07, 0x00, 0xce, 0xff, 0x0a, 0x00, /* ................ */
    0xea, 0xff, 0x07, 0x00, 0x00, 0x00, 0x03, 0x00, 0x1e, 0x00, 0x08, 0x00, 0xcc, 0xff, 0x0a, 0x00, /* ................ */
    0xfc, 0xff, 0x05, 0x00, 0xfe, 0xff, 0x05, 0x00, 0xd5, 0xff, 0x09, 0x00, 0xff, 0xff, 0x05, 0x00, /* ................ */
    0xf5, 0xff, 0x06, 0x00, 0x00, 0x00, 0x03, 0x00, 0xfd, 0xff, 0x05, 0x00, 0xdb, 0xff, 0x09, 0x00, /* ................ */
    0x00, 0x80, 0x06, 0x00, 0xf1, 0xff, 0x07, 0x00, 0xf8, 0xff, 0x06, 0x00, 0xfb, 0xff, 0x06, 0x00, /* ................ */
    0x0c, 0x00, 0x06, 0x00, 0x00, 0x00, 0x03, 0x00, 0x0a, 0x00, 0x06, 0x00, 0x07, 0x00, 0x06, 0x00, /* ................ */
    0x04, 0x00, 0x05, 0x00, 0x02, 0x00, 0x05, 0x00, 0x09, 0x00, 0x06, 0x00, 0x01, 0x00, 0x05, 0x00, /* ................ */
    0xde, 0xff, 0x08, 0x00, 0x00, 0x00, 0x03, 0x00, 0x03, 0x00, 0x05, 0x00, 0x06, 0x00, 0x06, 0x00, /* ................ */
    0x4e, 0x00, 0x0b, 0x00, 0xe4, 0xff, 0x08, 0x00, 0xe3, 0xff, 0x08, 0x00, 0x0d, 0x00, 0x07, 0x00, /* N............... */
    0xcf, 0xff, 0x09, 0x00, 0x00, 0x00, 0x03, 0x00, 0x13, 0x00, 0x07, 0x00, 0xe6, 0xff, 0x08, 0x00, /* ................ */
    0xfc, 0xff, 0x05, 0x00, 0xfe, 0xff, 0x05, 0x00, 0x12, 0x00, 0x07, 0x00, 0xff, 0xff, 0x05, 0x00, /* ................ */
    0x0b, 0x00, 0x06, 0x00, 0x00, 0x00, 0x03, 0x00, 0xfd, 0xff, 0x05, 0x00, 0x0e, 0x00, 0x07, 0x00, /* ................ */
    0xc4, 0xff, 0x0a, 0x00, 0xe5, 0xff, 0x08, 0x00, 0x08, 0x00, 0x06, 0x00, 0x05, 0x00, 0x06, 0x00, /* ................ */
    0xf4, 0xff, 0x06, 0x00, 0x00, 0x00, 0x03, 0x00, 0xf6, 0xff, 0x06, 0x00, 0xf9, 0xff, 0x06, 0x00, /* ................ */
    0x04, 0x00, 0x05, 0x00, 0x02, 0x00, 0x05, 0x00, 0xf7, 0xff, 0x06, 0x00, 0x01, 0x00, 0x05, 0x00, /* ................ */
    0x15, 0x00, 0x07, 0x00, 0x00, 0x00, 0x03, 0x00, 0x03, 0x00, 0x05, 0x00, 0xfa, 0xff, 0x06, 0x00, /* ................ */
    0x14, 0x00, 0x07, 0x00, 0x10, 0x00, 0x07, 0x00, 0x11, 0x00, 0x07, 0x00, 0xe9, 0xff, 0x08, 0x00, /* ................ */
    0x16, 0x00, 0x07, 0x00, 0x00, 0x00, 0x03, 0x00, 0xc5, 0xff, 0x0a, 0x00, 0xe7, 0xff, 0x08, 0x00, /* ................ */
    0xfc, 0xff, 0x05, 0x00, 0xfe, 0xff, 0x05, 0x00, 0xc6, 0xff, 0x0a, 0x00, 0xff, 0xff, 0x05, 0x00, /* ................ */
    0xf5, 0xff, 0x06, 0x00, 0x00, 0x00, 0x03, 0x00, 0xfd, 0xff, 0x05, 0x00, 0xe8, 0xff, 0x08, 0x00, /* ................ */
    0x00, 0x80, 0x06, 0x00, 0x0f, 0x00, 0x07, 0x00, 0xf8, 0xff, 0x06, 0x00, 0xfb, 0xff, 0x06, 0x00, /* ................ */
    0x0c, 0x00, 0x06, 0x00, 0x00, 0x00, 0x03, 0x00, 0x0a, 0x00, 0x06, 0x00, 0x07, 0x00, 0x06, 0x00, /* ................ */
    0x04, 0x00, 0x05, 0x00, 0x02, 0x00, 0x05, 0x00, 0x09, 0x00, 0x06, 0x00, 0x01, 0x00, 0x05, 0x00, /* ................ */
    0xdf, 0xff, 0x08, 0x00, 0x00, 0x00, 0x03, 0x00, 0x03, 0x00, 0x05, 0x00, 0x06, 0x00, 0x06, 0x00, /* ................ */
    0xe0, 0xff, 0x08, 0x00, 0xd8, 0xff, 0x09, 0x00, 0xd7, 0xff, 0x09, 0x00, 0xf3, 0xff, 0x07, 0x00, /* ................ */
    0xc1, 0xff, 0x0a, 0x00, 0x00, 0x00, 0x03, 0x00, 0xed, 0xff, 0x07, 0x00, 0xda, 0xff, 0x09, 0x00, /* ................ */
    0xfc, 0xff, 0x05, 0x00, 0xfe, 0xff, 0x05, 0x00, 0xee, 0xff, 0x07, 0x00, 0xff, 0xff, 0x05, 0x00, /* ................ */
    0x0b, 0x00, 0x06, 0x00, 0x00, 0x00, 0x03, 0x00, 0xfd, 0xff, 0x05, 0x00, 0xf2, 0xff, 0x07, 0x00, /* ................ */
    0xe1, 0xff, 0x08, 0x00, 0xd9, 0xff, 0x09, 0x00, 0x08, 0x00, 0x06, 0x00, 0x05, 0x00, 0x06, 0x00, /* ................ */
    0xf4, 0xff, 0x06, 0x00, 0x00, 0x00, 0x03, 0x00, 0xf6, 0xff, 0x06, 0x00, 0xf9, 0xff, 0x06, 0x00, /* ................ */
    0x04, 0x00, 0x05, 0x00, 0x02, 0x00, 0x05, 0x00, 0xf7, 0xff, 0x06, 0x00, 0x01, 0x00, 0x05, 0x00, /* ................ */
    0xeb, 0xff, 0x07, 0x00, 0x00, 0x00, 0x03, 0x00, 0x03, 0x00, 0x05, 0x00, 0xfa, 0xff, 0x06, 0x00, /* ................ */
    0xec, 0xff, 0x07, 0x00, 0xf0, 0xff, 0x07, 0x00, 0xef, 0xff, 0x07, 0x00, 0xdd, 0xff, 0x09, 0x00, /* ................ */
    0xea, 0xff, 0x07, 0x00, 0x00, 0x00, 0x03, 0x00, 0xe2, 0xff, 0x08, 0x00, 0xcd, 0xff, 0x0a, 0x00, /* ................ */
    0xfc, 0xff, 0x05, 0x00, 0xfe, 0xff, 0x05, 0x00, 0xd6, 0xff, 0x09, 0x00, 0xff, 0xff, 0x05, 0x00, /* ................ */
    0xf5, 0xff, 0x06, 0x00, 0x00, 0x00, 0x03, 0x00, 0xfd, 0xff, 0x05, 0x00, 0xdc, 0xff, 0x09, 0x00, /* ................ */
    0x00, 0x80, 0x06, 0x00, 0xf1, 0xff, 0x07, 0x00, 0xf8, 0xff, 0x06, 0x00, 0xfb, 0xff, 0x06, 0x00, /* ................ */
    0x0c, 0x00, 0x06, 0x00, 0x00, 0x00, 0x03, 0x00, 0x0a, 0x00, 0x06, 0x00, 0x07, 0x00, 0x06, 0x00, /* ................ */
    0x04, 0x00, 0x05, 0x00, 0x02, 0x00, 0x05, 0x00, 0x09, 0x00, 0x06, 0x00, 0x01, 0x00, 0x05, 0x00, /* ................ */
    0x22, 0x00, 0x08, 0x00, 0x00, 0x00, 0x03, 0x00, 0x03, 0x00, 0x05, 0x00, 0x06, 0x00, 0x06, 0x00, /* "............... */
    0x2f, 0x00, 0x09, 0x00, 0x1c, 0x00, 0x08, 0x00, 0x1d, 0x00, 0x08, 0x00, 0x0d, 0x00, 0x07, 0x00, /* /............... */
    0x41, 0x00, 0x0a, 0x00, 0x00, 0x00, 0x03, 0x00, 0x13, 0x00, 0x07, 0x00, 0x1a, 0x00, 0x08, 0x00, /* A............... */
    0xfc, 0xff, 0x05, 0x00, 0xfe, 0xff, 0x05, 0x00, 0x12, 0x00, 0x07, 0x00, 0xff, 0xff, 0x05, 0x00, /* ................ */
    0x0b, 0x00, 0x06, 0x00, 0x00, 0x00, 0x03, 0x00, 0xfd, 0xff, 0x05, 0x00, 0x0e, 0x00, 0x07, 0x00, /* ................ */
    0x2e, 0x00, 0x09, 0x00, 0x1b, 0x00, 0x08, 0x00, 0x08, 0x00, 0x06, 0x00, 0x05, 0x00, 0x06, 0x00, /* ................ */
    0xf4, 0xff, 0x06, 0x00, 0x00, 0x00, 0x03, 0x00, 0xf6, 0xff, 0x06, 0x00, 0xf9, 0xff, 0x06, 0x00, /* ................ */
    0x04, 0x00, 0x05, 0x00, 0x02, 0x00, 0x05, 0x00, 0xf7, 0xff, 0x06, 0x00, 0x01, 0x00, 0x05, 0x00, /* ................ */
    0x15, 0x00, 0x07, 0x00, 0x00, 0x00, 0x03, 0x00, 0x03, 0x00, 0x05, 0x00, 0xfa, 0xff, 0x06, 0x00, /* ................ */
    0x14, 0x00, 0x07, 0x00, 0x10, 0x00, 0x07, 0x00, 0x11, 0x00, 0x07, 0x00, 0x17, 0x00, 0x08, 0x00, /* ................ */
    0x16, 0x00, 0x07, 0x00, 0x00, 0x00, 0x03, 0x00, 0x2d, 0x00, 0x09, 0x00, 0x19, 0x00, 0x08, 0x00, /* ........-....... */
    0xfc, 0xff, 0x05, 0x00, 0xfe, 0xff, 0x05, 0x00, 0x2c, 0x00, 0x09, 0x00, 0xff, 0xff, 0x05, 0x00, /* ........,....... */
    0xf5, 0xff, 0x06, 0x00, 0x00, 0x00, 0x03, 0x00, 0xfd, 0xff, 0x05, 0x00, 0x18, 0x00, 0x08, 0x00, /* ................ */
    0x00, 0x80, 0x06, 0x00, 0x0f, 0x00, 0x07, 0x00, 0xf8, 0xff, 0x06, 0x00, 0xfb, 0xff, 0x06, 0x00, /* ................ */
    0x0c, 0x00, 0x06, 0x00, 0x00, 0x00, 0x03, 0x00, 0x0a, 0x00, 0x06, 0x00, 0x07, 0x00, 0x06, 0x00, /* ................ */
    0x04, 0x00, 0x05, 0x00, 0x02, 0x00, 0x05, 0x00, 0x09, 0x00, 0x06, 0x00, 0x01, 0x00, 0x05, 0x00, /* ................ */
    0x21, 0x00, 0x08, 0x00, 0x00, 0x00, 0x03, 0x00, 0x03, 0x00, 0x05, 0x00, 0x06, 0x00, 0x06, 0x00, /* !............... */
    0x20, 0x00, 0x08, 0x00, 0x38, 0x00, 0x0a, 0x00, 0x39, 0x00, 0x0a, 0x00, 0xf3, 0xff, 0x07, 0x00, /*  ...8...9....... */
    0x30, 0x00, 0x09, 0x00, 0x00, 0x00, 0x03, 0x00, 0xed, 0xff, 0x07, 0x00, 0xba, 0xff, 0x0b, 0x00, /* 0............... */
    0xfc, 0xff, 0x05, 0x00, 0xfe, 0xff, 0x05, 0x00, 0xee, 0xff, 0x07, 0x00, 0xff, 0xff, 0x05, 0x00, /* ................ */
    0x0b, 0x00, 0x06, 0x00, 0x00, 0x00, 0x03, 0x00, 0xfd, 0xff, 0x05, 0x00, 0xf2, 0xff, 0x07, 0x00, /* ................ */
    0x1f, 0x00, 0x08, 0x00, 0x37, 0x00, 0x0a, 0x00, 0x08, 0x00, 0x06, 0x00, 0x05, 0x00, 0x06, 0x00, /* ....7........... */
    0xf4, 0xff, 0x06, 0x00, 0x00, 0x00, 0x03, 0x00, 0xf6, 0xff, 0x06, 0x00, 0xf9, 0xff, 0x06, 0x00, /* ................ */
    0x04, 0x00, 0x05, 0x00, 0x02, 0x00, 0x05, 0x00, 0xf7, 0xff, 0x06, 0x00, 0x01, 0x00, 0x05, 0x00, /* ................ */
    0xeb, 0xff, 0x07, 0x00, 0x00, 0x00, 0x03, 0x00, 0x03, 0x00, 0x05, 0x00, 0xfa, 0xff, 0x06, 0x00, /* ................ */
    0xec, 0xff, 0x07, 0x00, 0xf0, 0xff, 0x07, 0x00, 0xef, 0xff, 0x07, 0x00, 0xbe, 0xff, 0x0b, 0x00, /* ................ */
    0xea, 0xff, 0x07, 0x00, 0x00, 0x00, 0x03, 0x00, 0x1e, 0x00, 0x08, 0x00, 0xbb, 0xff, 0x0b, 0x00, /* ................ */
    0xfc, 0xff, 0x05, 0x00, 0xfe, 0xff, 0x05, 0x00, 0x2b, 0x00, 0x09, 0x00, 0xff, 0xff, 0x05, 0x00, /* ........+....... */
    0xf5, 0xff, 0x06, 0x00, 0x00, 0x00, 0x03, 0x00, 0xfd, 0xff, 0x05, 0x00, 0x25, 0x00, 0x09, 0x00, /* ............%... */
    0x00, 0x80, 0x06, 0x00, 0xf1, 0xff, 0x07, 0x00, 0xf8, 0xff, 0x06, 0x00, 0xfb, 0xff, 0x06, 0x00, /* ................ */
    0x0c, 0x00, 0x06, 0x00, 0x00, 0x00, 0x03, 0x00, 0x0a, 0x00, 0x06, 0x00, 0x07, 0x00, 0x06, 0x00, /* ................ */
    0x04, 0x00, 0x05, 0x00, 0x02, 0x00, 0x05, 0x00, 0x09, 0x00, 0x06, 0x00, 0x01, 0x00, 0x05, 0x00, /* ................ */
    0xde, 0xff, 0x08, 0x00, 0x00, 0x00, 0x03, 0x00, 0x03, 0x00, 0x05, 0x00, 0x06, 0x00, 0x06, 0x00, /* ................ */
    0x3e, 0x00, 0x0a, 0x00, 0xe4, 0xff, 0x08, 0x00, 0xe3, 0xff, 0x08, 0x00, 0x0d, 0x00, 0x07, 0x00, /* >............... */
    0x31, 0x00, 0x09, 0x00, 0x00, 0x00, 0x03, 0x00, 0x13, 0x00, 0x07, 0x00, 0xe6, 0xff, 0x08, 0x00, /* 1............... */
    0xfc, 0xff, 0x05, 0x00, 0xfe, 0xff, 0x05, 0x00, 0x12, 0x00, 0x07, 0x00, 0xff, 0xff, 0x05, 0x00, /* ................ */
    0x0b, 0x00, 0x06, 0x00, 0x00, 0x00, 0x03, 0x00, 0xfd, 0xff, 0x05, 0x00, 0x0e, 0x00, 0x07, 0x00, /* ................ */
    0x3d, 0x00, 0x0a, 0x00, 0xe5, 0xff, 0x08, 0x00, 0x08, 0x00, 0x06, 0x00, 0x05, 0x00, 0x06, 0x00, /* =............... */
    0xf4, 0xff, 0x06, 0x00, 0x00, 0x00, 0x03, 0x00, 0xf6, 0xff, 0x06, 0x00, 0xf9, 0xff, 0x06, 0x00, /* ................ */
    0x04, 0x00, 0x05, 0x00, 0x02, 0x00, 0x05, 0x00, 0xf7, 0xff, 0x06, 0x00, 0x01, 0x00, 0x05, 0x00, /* ................ */
    0x15, 0x00, 0x07, 0x00, 0x00, 0x00, 0x03, 0x00, 0x03, 0x00, 0x05, 0x00, 0xfa, 0xff, 0x06, 0x00, /* ................ */
    0x14, 0x00, 0x07, 0x00, 0x10, 0x00, 0x07, 0x00, 0x11, 0x00, 0x07, 0x00, 0xe9, 0xff, 0x08, 0x00, /* ................ */
    0x16, 0x00, 0x07, 0x00, 0x00, 0x00, 0x03, 0x00, 0xb3, 0xff, 0x0b, 0x00, 0xe7, 0xff, 0x08, 0x00, /* ................ */
    0xfc, 0xff, 0x05, 0x00, 0xfe, 0xff, 0x05, 0x00, 0xb5, 0xff, 0x0b, 0x00, 0xff, 0xff, 0x05, 0x00, /* ................ */
    0xf5, 0xff, 0x06, 0x00, 0x00, 0x00, 0x03, 0x00, 0xfd, 0xff, 0x05, 0x00, 0xe8, 0xff, 0x08, 0x00, /* ................ */
    0x00, 0x80, 0x06, 0x00, 0x0f, 0x00, 0x07, 0x00, 0xf8, 0xff, 0x06, 0x00, 0xfb, 0xff, 0x06, 0x00, /* ................ */
    0x0c, 0x00, 0x06, 0x00, 0x00, 0x00, 0x03, 0x00, 0x0a, 0x00, 0x06, 0x00, 0x07, 0x00, 0x06, 0x00, /* ................ */
    0x04, 0x00, 0x05, 0x00, 0x02, 0x00, 0x05, 0x00, 0x09, 0x00, 0x06, 0x00, 0x01, 0x00, 0x05, 0x00, /* ................ */
    0xdf, 0xff, 0x08, 0x00, 0x00, 0x00, 0x03, 0x00, 0x03, 0x00, 0x05, 0x00, 0x06, 0x00, 0x06, 0x00, /* ................ */
    0xe0, 0xff, 0x08, 0x00, 0x28, 0x00, 0x09, 0x00, 0x29, 0x00, 0x09, 0x00, 0xf3, 0xff, 0x07, 0x00, /* ....(...)....... */
    0xaf, 0xff, 0x0b, 0x00, 0x00, 0x00, 0x03, 0x00, 0xed, 0xff, 0x07, 0x00, 0x26, 0x00, 0x09, 0x00, /* ............&... */
    0xfc, 0xff, 0x05, 0x00, 0xfe, 0xff, 0x05, 0x00, 0xee, 0xff, 0x07, 0x00, 0xff, 0xff, 0x05, 0x00, /* ................ */
    0x0b, 0x00, 0x06, 0x00, 0x00, 0x00, 0x03, 0x00, 0xfd, 0xff, 0x05, 0x00, 0xf2, 0xff, 0x07, 0x00, /* ................ */
    0xe1, 0xff, 0x08, 0x00, 0x27, 0x00, 0x09, 0x00, 0x08, 0x00, 0x06, 0x00, 0x05, 0x00, 0x06, 0x00, /* ....'........... */
    0xf4, 0xff, 0x06, 0x00, 0x00, 0x00, 0x03, 0x00, 0xf6, 0xff, 0x06, 0x00, 0xf9, 0xff, 0x06, 0x00, /* ................ */
    0x04, 0x00, 0x05, 0x00, 0x02, 0x00, 0x05, 0x00, 0xf7, 0xff, 0x06, 0x00, 0x01, 0x00, 0x05, 0x00, /* ................ */
    0xeb, 0xff, 0x07, 0x00, 0x00, 0x00, 0x03, 0x00, 0x03, 0x00, 0x05, 0x00, 0xfa, 0xff, 0x06, 0x00, /* ................ */
    0xec, 0xff, 0x07, 0x00, 0xf0, 0xff, 0x07, 0x00, 0xef, 0xff, 0x07, 0x00, 0x23, 0x00, 0x09, 0x00, /* ............#... */
    0xea, 0xff, 0x07, 0x00, 0x00, 0x00, 0x03, 0x00, 0xe2, 0xff, 0x08, 0x00, 0xac, 0xff, 0x0c, 0x00, /* ................ */
    0xfc, 0xff, 0x05, 0x00, 0xfe, 0xff, 0x05, 0x00, 0x2a, 0x00, 0x09, 0x00, 0xff, 0xff, 0x05, 0x00, /* ........*....... */
    0xf5, 0xff, 0x06, 0x00, 0x00, 0x00, 0x03, 0x00, 0xfd, 0xff, 0x05, 0x00, 0x24, 0x00, 0x09, 0x00, /* ............$... */
    0x00, 0x80, 0x06, 0x00, 0xf1, 0xff, 0x07, 0x00, 0xf8, 0xff, 0x06, 0x00, 0xfb, 0xff, 0x06, 0x00, /* ................ */
    0x0c, 0x00, 0x06, 0x00, 0x00, 0x00, 0x03, 0x00, 0x0a, 0x00, 0x06, 0x00, 0x07, 0x00, 0x06, 0x00, /* ................ */
    0x04, 0x00, 0x05, 0x00, 0x02, 0x00, 0x05, 0x00, 0x09, 0x00, 0x06, 0x00, 0x01, 0x00, 0x05, 0x00, /* ................ */
    0x22, 0x00, 0x08, 0x00, 0x00, 0x00, 0x03, 0x00, 0x03, 0x00, 0x05, 0x00, 0x06, 0x00, 0x06, 0x00, /* "............... */
    0xd1, 0xff, 0x09, 0x00, 0x1c, 0x00, 0x08, 0x00, 0x1d, 0x00, 0x08, 0x00, 0x0d, 0x00, 0x07, 0x00, /* ................ */
    0x40, 0x00, 0x0a, 0x00, 0x00, 0x00, 0x03, 0x00, 0x13, 0x00, 0x07, 0x00, 0x1a, 0x00, 0x08, 0x00, /* @............... */
    0xfc, 0xff, 0x05, 0x00, 0xfe, 0xff, 0x05, 0x00, 0x12, 0x00, 0x07, 0x00, 0xff, 0xff, 0x05, 0x00, /* ................ */
    0x0b, 0x00, 0x06, 0x00, 0x00, 0x00, 0x03, 0x00, 0xfd, 0xff, 0x05, 0x00, 0x0e, 0x00, 0x07, 0x00, /* ................ */
    0xd2, 0xff, 0x09, 0x00, 0x1b, 0x00, 0x08, 0x00, 0x08, 0x00, 0x06, 0x00, 0x05, 0x00, 0x06, 0x00, /* ................ */
    0xf4, 0xff, 0x06, 0x00, 0x00, 0x00, 0x03, 0x00, 0xf6, 0xff, 0x06, 0x00, 0xf9, 0xff, 0x06, 0x00, /* ................ */
    0x04, 0x00, 0x05, 0x00, 0x02, 0x00, 0x05, 0x00, 0xf7, 0xff, 0x06, 0x00, 0x01, 0x00, 0x05, 0x00, /* ................ */
    0x15, 0x00, 0x07, 0x00, 0x00, 0x00, 0x03, 0x00, 0x03, 0x00, 0x05, 0x00, 0xfa, 0xff, 0x06, 0x00, /* ................ */
    0x14, 0x00, 0x07, 0x00, 0x10, 0x00, 0x07, 0x00, 0x11, 0x00, 0x07, 0x00, 0x17, 0x00, 0x08, 0x00, /* ................ */
    0x16, 0x00, 0x07, 0x00, 0x00, 0x00, 0x03, 0x00, 0xd3, 0xff, 0x09, 0x00, 0x19, 0x00, 0x08, 0x00, /* ................ */
    0xfc, 0xff, 0x05, 0x00, 0xfe, 0xff, 0x05, 0x00, 0xd4, 0xff, 0x09, 0x00, 0xff, 0xff, 0x05, 0x00, /* ................ */
    0xf5, 0xff, 0x06, 0x00, 0x00, 0x00, 0x03, 0x00, 0xfd, 0xff, 0x05, 0x00, 0x18, 0x00, 0x08, 0x00, /* ................ */
    0x00, 0x80, 0x06, 0x00, 0x0f, 0x00, 0x07, 0x00, 0xf8, 0xff, 0x06, 0x00, 0xfb, 0xff, 0x06, 0x00, /* ................ */
    0x0c, 0x00, 0x06, 0x00, 0x00, 0x00, 0x03, 0x00, 0x0a, 0x00, 0x06, 0x00, 0x07, 0x00, 0x06, 0x00, /* ................ */
    0x04, 0x00, 0x05, 0x00, 0x02, 0x00, 0x05, 0x00, 0x09, 0x00, 0x06, 0x00, 0x01, 0x00, 0x05, 0x00, /* ................ */
    0x21, 0x00, 0x08, 0x00, 0x00, 0x00, 0x03, 0x00, 0x03, 0x00, 0x05, 0x00, 0x06, 0x00, 0x06, 0x00, /* !............... */
    0x20, 0x00, 0x08, 0x00, 0xa8, 0xff, 0x0c, 0x00, 0xb7, 0xff, 0x0b, 0x00, 0xf3, 0xff, 0x07, 0x00, /*  ............... */
    0xd0, 0xff, 0x09, 0x00, 0x00, 0x00, 0x03, 0x00, 0xed, 0xff, 0x07, 0x00, 0x35, 0x00, 0x0a, 0x00, /* ............5... */
    0xfc, 0xff, 0x05, 0x00, 0xfe, 0xff, 0x05, 0x00, 0xee, 0xff, 0x07, 0x00, 0xff, 0xff, 0x05, 0x00, /* ................ */
    0x0b, 0x00, 0x06, 0x00, 0x00, 0x00, 0x03, 0x00, 0xfd, 0xff, 0x05, 0x00, 0xf2, 0xff, 0x07, 0x00, /* ................ */
    0x1f, 0x00, 0x08, 0x00, 0x36, 0x00, 0x0a, 0x00, 0x08, 0x00, 0x06, 0x00, 0x05, 0x00, 0x06, 0x00, /* ....6........... */
    0xf4, 0xff, 0x06, 0x00, 0x00, 0x00, 0x03, 0x00, 0xf6, 0xff, 0x06, 0x00, 0xf9, 0xff, 0x06, 0x00, /* ................ */
    0x04, 0x00, 0x05, 0x00, 0x02, 0x00, 0x05, 0x00, 0xf7, 0xff, 0x06, 0x00, 0x01, 0x00, 0x05, 0x00, /* ................ */
    0xeb, 0xff, 0x07, 0x00, 0x00, 0x00, 0x03, 0x00, 0x03, 0x00, 0x05, 0x00, 0xfa, 0xff, 0x06, 0x00, /* ................ */
    0xec, 0xff, 0x07, 0x00, 0xf0, 0xff, 0x07, 0x00, 0xef, 0xff, 0x07, 0x00, 0x32, 0x00, 0x0a, 0x00, /* ............2... */
    0xea, 0xff, 0x07, 0x00, 0x00, 0x00, 0x03, 0x00, 0x1e, 0x00, 0x08, 0x00, 0x34, 0x00, 0x0a, 0x00, /* ............4... */
    0xfc, 0xff, 0x05, 0x00, 0xfe, 0xff, 0x05, 0x00, 0xd5, 0xff, 0x09, 0x00, 0xff, 0xff, 0x05, 0x00, /* ................ */
    0xf5, 0xff, 0x06, 0x00, 0x00, 0x00, 0x03, 0x00, 0xfd, 0xff, 0x05, 0x00, 0xdb, 0xff, 0x09, 0x00, /* ................ */
    0x00, 0x80, 0x06, 0x00, 0xf1, 0xff, 0x07, 0x00, 0xf8, 0xff, 0x06, 0x00, 0xfb, 0xff, 0x06, 0x00, /* ................ */
    0x0c, 0x00, 0x06, 0x00, 0x00, 0x00, 0x03, 0x00, 0x0a, 0x00, 0x06, 0x00, 0x07, 0x00, 0x06, 0x00, /* ................ */
    0x04, 0x00, 0x05, 0x00, 0x02, 0x00, 0x05, 0x00, 0x09, 0x00, 0x06, 0x00, 0x01, 0x00, 0x05, 0x00, /* ................ */
    0xde, 0xff, 0x08, 0x00, 0x00, 0x00, 0x03, 0x00, 0x03, 0x00, 0x05, 0x00, 0x06, 0x00, 0x06, 0x00, /* ................ */
    0xb1, 0xff, 0x0b, 0x00, 0xe4, 0xff, 0x08, 0x00, 0xe3, 0xff, 0x08, 0x00, 0x0d, 0x00, 0x07, 0x00, /* ................ */
    0xcf, 0xff, 0x09, 0x00, 0x00, 0x00, 0x03, 0x00, 0x13, 0x00, 0x07, 0x00, 0xe6, 0xff, 0x08, 0x00, /* ................ */
    0xfc, 0xff, 0x05, 0x00, 0xfe, 0xff, 0x05, 0x00, 0x12, 0x00, 0x07, 0x00, 0xff, 0xff, 0x05, 0x00, /* ................ */
    0x0b, 0x00, 0x06, 0x00, 0x00, 0x00, 0x03, 0x00, 0xfd, 0xff, 0x05, 0x00, 0x0e, 0x00, 0x07, 0x00, /* ................ */
    0x3c, 0x00, 0x0a, 0x00, 0xe5, 0xff, 0x08, 0x00, 0x08, 0x00, 0x06, 0x00, 0x05, 0x00, 0x06, 0x00, /* <............... */
    0xf4, 0xff, 0x06, 0x00, 0x00, 0x00, 0x03, 0x00, 0xf6, 0xff, 0x06, 0x00, 0xf9, 0xff, 0x06, 0x00, /* ................ */
    0x04, 0x00, 0x05, 0x00, 0x02, 0x00, 0x05, 0x00, 0xf7, 0xff, 0x06, 0x00, 0x01, 0x00, 0x05, 0x00, /* ................ */
    0x15, 0x00, 0x07, 0x00, 0x00, 0x00, 0x03, 0x00, 0x03, 0x00, 0x05, 0x00, 0xfa, 0xff, 0x06, 0x00, /* ................ */
    0x14, 0x00, 0x07, 0x00, 0x10, 0x00, 0x07, 0x00, 0x11, 0x00, 0x07, 0x00, 0xe9, 0xff, 0x08, 0x00, /* ................ */
    0x16, 0x00, 0x07, 0x00, 0x00, 0x00, 0x03, 0x00, 0x3b, 0x00, 0x0a, 0x00, 0xe7, 0xff, 0x08, 0x00, /* ........;....... */
    0xfc, 0xff, 0x05, 0x00, 0xfe, 0xff, 0x05, 0x00, 0x3a, 0x00, 0x0a, 0x00, 0xff, 0xff, 0x05, 0x00, /* ........:....... */
    0xf5, 0xff, 0x06, 0x00, 0x00, 0x00, 0x03, 0x00, 0xfd, 0xff, 0x05, 0x00, 0xe8, 0xff, 0x08, 0x00, /* ................ */
    0x00, 0x80, 0x06, 0x00, 0x0f, 0x00, 0x07, 0x00, 0xf8, 0xff, 0x06, 0x00, 0xfb, 0xff, 0x06, 0x00, /* ................ */
    0x0c, 0x00, 0x06, 0x00, 0x00, 0x00, 0x03, 0x00, 0x0a, 0x00, 0x06, 0x00, 0x07, 0x00, 0x06, 0x00, /* ................ */
    0x04, 0x00, 0x05, 0x00, 0x02, 0x00, 0x05, 0x00, 0x09, 0x00, 0x06, 0x00, 0x01, 0x00, 0x05, 0x00, /* ................ */
    0xdf, 0xff, 0x08, 0x00, 0x00, 0x00, 0x03, 0x00, 0x03, 0x00, 0x05, 0x00, 0x06, 0x00, 0x06, 0x00, /* ................ */
    0xe0, 0xff, 0x08, 0x00, 0xd8, 0xff, 0x09, 0x00, 0xd7, 0xff, 0x09, 0x00, 0xf3, 0xff, 0x07, 0x00, /* ................ */
    0x3f, 0x00, 0x0a, 0x00, 0x00, 0x00, 0x03, 0x00, 0xed, 0xff, 0x07, 0x00, 0xda, 0xff, 0x09, 0x00, /* ?............... */
    0xfc, 0xff, 0x05, 0x00, 0xfe, 0xff, 0x05, 0x00, 0xee, 0xff, 0x07, 0x00, 0xff, 0xff, 0x05, 0x00, /* ................ */
    0x0b, 0x00, 0x06, 0x00, 0x00, 0x00, 0x03, 0x00, 0xfd, 0xff, 0x05, 0x00, 0xf2, 0xff, 0x07, 0x00, /* ................ */
    0xe1, 0xff, 0x08, 0x00, 0xd9, 0xff, 0x09, 0x00, 0x08, 0x00, 0x06, 0x00, 0x05, 0x00, 0x06, 0x00, /* ................ */
    0xf4, 0xff, 0x06, 0x00, 0x00, 0x00, 0x03, 0x00, 0xf6, 0xff, 0x06, 0x00, 0xf9, 0xff, 0x06, 0x00, /* ................ */
    0x04, 0x00, 0x05, 0x00, 0x02, 0x00, 0x05, 0x00, 0xf7, 0xff, 0x06, 0x00, 0x01, 0x00, 0x05, 0x00, /* ................ */
    0xeb, 0xff, 0x07, 0x00, 0x00, 0x00, 0x03, 0x00, 0x03, 0x00, 0x05, 0x00, 0xfa, 0xff, 0x06, 0x00, /* ................ */
    0xec, 0xff, 0x07, 0x00, 0xf0, 0xff, 0x07, 0x00, 0xef, 0xff, 0x07, 0x00, 0xdd, 0xff, 0x09, 0x00, /* ................ */
    0xea, 0xff, 0x07, 0x00, 0x00, 0x00, 0x03, 0x00, 0xe2, 0xff, 0x08, 0x00, 0x33, 0x00, 0x0a, 0x00, /* ............3... */
    0xfc, 0xff, 0x05, 0x00, 0xfe, 0xff, 0x05, 0x00, 0xd6, 0xff, 0x09, 0x00, 0xff, 0xff, 0x05, 0x00, /* ................ */
    0xf5, 0xff, 0x06, 0x00, 0x00, 0x00, 0x03, 0x00, 0xfd, 0xff, 0x05, 0x00, 0xdc, 0xff, 0x09, 0x00, /* ................ */
    0x00, 0x80, 0x06, 0x00, 0xf1, 0xff, 0x07, 0x00, 0xf8, 0xff, 0x06, 0x00, 0xfb, 0xff, 0x06, 0x00, /* ................ */
    0x0c, 0x00, 0x06, 0x00, 0x00, 0x00, 0x03, 0x00, 0x0a, 0x00, 0x06, 0x00, 0x07, 0x00, 0x06, 0x00, /* ................ */
    0x04, 0x00, 0x05, 0x00, 0x02, 0x00, 0x05, 0x00, 0x09, 0x00, 0x06, 0x00, 0x01, 0x00, 0x05, 0x00, /* ................ */
    0x22, 0x00, 0x08, 0x00, 0x00, 0x00, 0x03, 0x00, 0x03, 0x00, 0x05, 0x00, 0x06, 0x00, 0x06, 0x00, /* "............... */
    0x2f, 0x00, 0x09, 0x00, 0x1c, 0x00, 0x08, 0x00, 0x1d, 0x00, 0x08, 0x00, 0x0d, 0x00, 0x07, 0x00, /* /............... */
    0xbf, 0xff, 0x0a, 0x00, 0x00, 0x00, 0x03, 0x00, 0x13, 0x00, 0x07, 0x00, 0x1a, 0x00, 0x08, 0x00, /* ................ */
    0xfc, 0xff, 0x05, 0x00, 0xfe, 0xff, 0x05, 0x00, 0x12, 0x00, 0x07, 0x00, 0xff, 0xff, 0x05, 0x00, /* ................ */
    0x0b, 0x00, 0x06, 0x00, 0x00, 0x00, 0x03, 0x00, 0xfd, 0xff, 0x05, 0x00, 0x0e, 0x00, 0x07, 0x00, /* ................ */
    0x2e, 0x00, 0x09, 0x00, 0x1b, 0x00, 0x08, 0x00, 0x08, 0x00, 0x06, 0x00, 0x05, 0x00, 0x06, 0x00, /* ................ */
    0xf4, 0xff, 0x06, 0x00, 0x00, 0x00, 0x03, 0x00, 0xf6, 0xff, 0x06, 0x00, 0xf9, 0xff, 0x06, 0x00, /* ................ */
    0x04, 0x00, 0x05, 0x00, 0x02, 0x00, 0x05, 0x00, 0xf7, 0xff, 0x06, 0x00, 0x01, 0x00, 0x05, 0x00, /* ................ */
    0x15, 0x00, 0x07, 0x00, 0x00, 0x00, 0x03, 0x00, 0x03, 0x00, 0x05, 0x00, 0xfa, 0xff, 0x06, 0x00, /* ................ */
    0x14, 0x00, 0x07, 0x00, 0x10, 0x00, 0x07, 0x00, 0x11, 0x00, 0x07, 0x00, 0x17, 0x00, 0x08, 0x00, /* ................ */
    0x16, 0x00, 0x07, 0x00, 0x00, 0x00, 0x03, 0x00, 0x2d, 0x00, 0x09, 0x00, 0x19, 0x00, 0x08, 0x00, /* ........-....... */
    0xfc, 0xff, 0x05, 0x00, 0xfe, 0xff, 0x05, 0x00, 0x2c, 0x00, 0x09, 0x00, 0xff, 0xff, 0x05, 0x00, /* ........,....... */
    0xf5, 0xff, 0x06, 0x00, 0x00, 0x00, 0x03, 0x00, 0xfd, 0xff, 0x05, 0x00, 0x18, 0x00, 0x08, 0x00, /* ................ */
    0x00, 0x80, 0x06, 0x00, 0x0f, 0x00, 0x07, 0x00, 0xf8, 0xff, 0x06, 0x00, 0xfb, 0xff, 0x06, 0x00, /* ................ */
    0x0c, 0x00, 0x06, 0x00, 0x00, 0x00, 0x03, 0x00, 0x0a, 0x00, 0x06, 0x00, 0x07, 0x00, 0x06, 0x00, /* ................ */
    0x04, 0x00, 0x05, 0x00, 0x02, 0x00, 0x05, 0x00, 0x09, 0x00, 0x06, 0x00, 0x01, 0x00, 0x05, 0x00, /* ................ */
    0x21, 0x00, 0x08, 0x00, 0x00, 0x00, 0x03, 0x00, 0x03, 0x00, 0x05, 0x00, 0x06, 0x00, 0x06, 0x00, /* !............... */
    0x20, 0x00, 0x08, 0x00, 0xc8, 0xff, 0x0a, 0x00, 0xc7, 0xff, 0x0a, 0x00, 0xf3, 0xff, 0x07, 0x00, /*  ............... */
    0x30, 0x00, 0x09, 0x00, 0x00, 0x00, 0x03, 0x00, 0xed, 0xff, 0x07, 0x00, 0xaa, 0xff, 0x0c, 0x00, /* 0............... */
    0xfc, 0xff, 0x05, 0x00, 0xfe, 0xff, 0x05, 0x00, 0xee, 0xff, 0x07, 0x00, 0xff, 0xff, 0x05, 0x00, /* ................ */
    0x0b, 0x00, 0x06, 0x00, 0x00, 0x00, 0x03, 0x00, 0xfd, 0xff, 0x05, 0x00, 0xf2, 0xff, 0x07, 0x00, /* ................ */
    0x1f, 0x00, 0x08, 0x00, 0xc9, 0xff, 0x0a, 0x00, 0x08, 0x00, 0x06, 0x00, 0x05, 0x00, 0x06, 0x00, /* ................ */
    0xf4, 0xff, 0x06, 0x00, 0x00, 0x00, 0x03, 0x00, 0xf6, 0xff, 0x06, 0x00, 0xf9, 0xff, 0x06, 0x00, /* ................ */
    0x04, 0x00, 0x05, 0x00, 0x02, 0x00, 0x05, 0x00, 0xf7, 0xff, 0x06, 0x00, 0x01, 0x00, 0x05, 0x00, /* ................ */
    0xeb, 0xff, 0x07, 0x00, 0x00, 0x00, 0x03, 0x00, 0x03, 0x00, 0x05, 0x00, 0xfa, 0xff, 0x06, 0x00, /* ................ */
    0xec, 0xff, 0x07, 0x00, 0xf0, 0xff, 0x07, 0x00, 0xef, 0xff, 0x07, 0x00, 0xae, 0xff, 0x0c, 0x00, /* ................ */
    0xea, 0xff, 0x07, 0x00, 0x00, 0x00, 0x03, 0x00, 0x1e, 0x00, 0x08, 0x00, 0xbc, 0xff, 0x0b, 0x00, /* ................ */
    0xfc, 0xff, 0x05, 0x00, 0xfe, 0xff, 0x05, 0x00, 0x2b, 0x00, 0x09, 0x00, 0xff, 0xff, 0x05, 0x00, /* ........+....... */
    0xf5, 0xff, 0x06, 0x00, 0x00, 0x00, 0x03, 0x00, 0xfd, 0xff, 0x05, 0x00, 0x25, 0x00, 0x09, 0x00, /* ............%... */
    0x00, 0x80, 0x06, 0x00, 0xf1, 0xff, 0x07, 0x00, 0xf8, 0xff, 0x06, 0x00, 0xfb, 0xff, 0x06, 0x00, /* ................ */
    0x0c, 0x00, 0x06, 0x00, 0x00, 0x00, 0x03, 0x00, 0x0a, 0x00, 0x06, 0x00, 0x07, 0x00, 0x06, 0x00, /* ................ */
    0x04, 0x00, 0x05, 0x00, 0x02, 0x00, 0x05, 0x00, 0x09, 0x00, 0x06, 0x00, 0x01, 0x00, 0x05, 0x00, /* ................ */
    0xde, 0xff, 0x08, 0x00, 0x00, 0x00, 0x03, 0x00, 0x03, 0x00, 0x05, 0x00, 0x06, 0x00, 0x06, 0x00, /* ................ */
    0xc2, 0xff, 0x0a, 0x00, 0xe4, 0xff, 0x08, 0x00, 0xe3, 0xff, 0x08, 0x00, 0x0d, 0x00, 0x07, 0x00, /* ................ */
    0x31, 0x00, 0x09, 0x00, 0x00, 0x00, 0x03, 0x00, 0x13, 0x00, 0x07, 0x00, 0xe6, 0xff, 0x08, 0x00, /* 1............... */
    0xfc, 0xff, 0x05, 0x00, 0xfe, 0xff, 0x05, 0x00, 0x12, 0x00, 0x07, 0x00, 0xff, 0xff, 0x05, 0x00, /* ................ */
    0x0b, 0x00, 0x06, 0x00, 0x00, 0x00, 0x03, 0x00, 0xfd, 0xff, 0x05, 0x00, 0x0e, 0x00, 0x07, 0x00, /* ................ */
    0xc3, 0xff, 0x0a, 0x00, 0xe5, 0xff, 0x08, 0x00, 0x08, 0x00, 0x06, 0x00, 0x05, 0x00, 0x06, 0x00, /* ................ */
    0xf4, 0xff, 0x06, 0x00, 0x00, 0x00, 0x03, 0x00, 0xf6, 0xff, 0x06, 0x00, 0xf9, 0xff, 0x06, 0x00, /* ................ */
    0x04, 0x00, 0x05, 0x00, 0x02, 0x00, 0x05, 0x00, 0xf7, 0xff, 0x06, 0x00, 0x01, 0x00, 0x05, 0x00, /* ................ */
    0x15, 0x00, 0x07, 0x00, 0x00, 0x00, 0x03, 0x00, 0x03, 0x00, 0x05, 0x00, 0xfa, 0xff, 0x06, 0x00, /* ................ */
    0x14, 0x00, 0x07, 0x00, 0x10, 0x00, 0x07, 0x00, 0x11, 0x00, 0x07, 0x00, 0xe9, 0xff, 0x08, 0x00, /* ................ */
    0x16, 0x00, 0x07, 0x00, 0x00, 0x00, 0x03, 0x00, 0xb4, 0xff, 0x0b, 0x00, 0xe7, 0xff, 0x08, 0x00, /* ................ */
    0xfc, 0xff, 0x05, 0x00, 0xfe, 0xff, 0x05, 0x00, 0xb6, 0xff, 0x0b, 0x00, 0xff, 0xff, 0x05, 0x00, /* ................ */
    0xf5, 0xff, 0x06, 0x00, 0x00, 0x00, 0x03, 0x00, 0xfd, 0xff, 0x05, 0x00, 0xe8, 0xff, 0x08, 0x00, /* ................ */
    0x00, 0x80, 0x06, 0x00, 0x0f, 0x00, 0x07, 0x00, 0xf8, 0xff, 0x06, 0x00, 0xfb, 0xff, 0x06, 0x00, /* ................ */
    0x0c, 0x00, 0x06, 0x00, 0x00, 0x00, 0x03, 0x00, 0x0a, 0x00, 0x06, 0x00, 0x07, 0x00, 0x06, 0x00, /* ................ */
    0x04, 0x00, 0x05, 0x00, 0x02, 0x00, 0x05, 0x00, 0x09, 0x00, 0x06, 0x00, 0x01, 0x00, 0x05, 0x00, /* ................ */
    0xdf, 0xff, 0x08, 0x00, 0x00, 0x00, 0x03, 0x00, 0x03, 0x00, 0x05, 0x00, 0x06, 0x00, 0x06, 0x00, /* ................ */
    0xe0, 0xff, 0x08, 0x00, 0x28, 0x00, 0x09, 0x00, 0x29, 0x00, 0x09, 0x00, 0xf3, 0xff, 0x07, 0x00, /* ....(...)....... */
    0xb0, 0xff, 0x0b, 0x00, 0x00, 0x00, 0x03, 0x00, 0xed, 0xff, 0x07, 0x00, 0x26, 0x00, 0x09, 0x00, /* ............&... */
    0xfc, 0xff, 0x05, 0x00, 0xfe, 0xff, 0x05, 0x00, 0xee, 0xff, 0x07, 0x00, 0xff, 0xff, 0x05, 0x00, /* ................ */
    0x0b, 0x00, 0x06, 0x00, 0x00, 0x00, 0x03, 0x00, 0xfd, 0xff, 0x05, 0x00, 0xf2, 0xff, 0x07, 0x00, /* ................ */
    0xe1, 0xff, 0x08, 0x00, 0x27, 0x00, 0x09, 0x00, 0x08, 0x00, 0x06, 0x00, 0x05, 0x00, 0x06, 0x00, /* ....'........... */
    0xf4, 0xff, 0x06, 0x00, 0x00, 0x00, 0x03, 0x00, 0xf6, 0xff, 0x06, 0x00, 0xf9, 0xff, 0x06, 0x00, /* ................ */
    0x04, 0x00, 0x05, 0x00, 0x02, 0x00, 0x05, 0x00, 0xf7, 0xff, 0x06, 0x00, 0x01, 0x00, 0x05, 0x00, /* ................ */
    0xeb, 0xff, 0x07, 0x00, 0x00, 0x00, 0x03, 0x00, 0x03, 0x00, 0x05, 0x00, 0xfa, 0xff, 0x06, 0x00, /* ................ */
    0xec, 0xff, 0x07, 0x00, 0xf0, 0xff, 0x07, 0x00, 0xef, 0xff, 0x07, 0x00, 0x23, 0x00, 0x09, 0x00, /* ............#... */
    0xea, 0xff, 0x07, 0x00, 0x00, 0x00, 0x03, 0x00, 0xe2, 0xff, 0x08, 0x00, 0xbd, 0xff, 0x0b, 0x00, /* ................ */
    0xfc, 0xff, 0x05, 0x00, 0xfe, 0xff, 0x05, 0x00, 0x2a, 0x00, 0x09, 0x00, 0xff, 0xff, 0x05, 0x00, /* ........*....... */
    0xf5, 0xff, 0x06, 0x00, 0x00, 0x00, 0x03, 0x00, 0xfd, 0xff, 0x05, 0x00, 0x24, 0x00, 0x09, 0x00, /* ............$... */
    0x00, 0x80, 0x06, 0x00, 0xf1, 0xff, 0x07, 0x00, 0xf8, 0xff, 0x06, 0x00, 0xfb, 0xff, 0x06, 0x00, /* ................ */
    0x0c, 0x00, 0x06, 0x00, 0x00, 0x00, 0x03, 0x00, 0x0a, 0x00, 0x06, 0x00, 0x07, 0x00, 0x06, 0x00, /* ................ */
    0x04, 0x00, 0x05, 0x00, 0x02, 0x00, 0x05, 0x00, 0x09, 0x00, 0x06, 0x00, 0x01, 0x00, 0x05, 0x00, /* ................ */
    0x22, 0x00, 0x08, 0x00, 0x00, 0x00, 0x03, 0x00, 0x03, 0x00, 0x05, 0x00, 0x06, 0x00, 0x06, 0x00, /* "............... */
    0xd1, 0xff, 0x09, 0x00, 0x1c, 0x00, 0x08, 0x00, 0x1d, 0x00, 0x08, 0x00, 0x0d, 0x00, 0x07, 0x00, /* ................ */
    0xc0, 0xff, 0x0a, 0x00, 0x00, 0x00, 0x03, 0x00, 0x13, 0x00, 0x07, 0x00, 0x1a, 0x00, 0x08, 0x00, /* ................ */
    0xfc, 0xff, 0x05, 0x00, 0xfe, 0xff, 0x05, 0x00, 0x12, 0x00, 0x07, 0x00, 0xff, 0xff, 0x05, 0x00, /* ................ */
    0x0b, 0x00, 0x06, 0x00, 0x00, 0x00, 0x03, 0x00, 0xfd, 0xff, 0x05, 0x00, 0x0e, 0x00, 0x07, 0x00, /* ................ */
    0xd2, 0xff, 0x09, 0x00, 0x1b, 0x00, 0x08, 0x00, 0x08, 0x00, 0x06, 0x00, 0x05, 0x00, 0x06, 0x00, /* ................ */
    0xf4, 0xff, 0x06, 0x00, 0x00, 0x00, 0x03, 0x00, 0xf6, 0xff, 0x06, 0x00, 0xf9, 0xff, 0x06, 0x00, /* ................ */
    0x04, 0x00, 0x05, 0x00, 0x02, 0x00, 0x05, 0x00, 0xf7, 0xff, 0x06, 0x00, 0x01, 0x00, 0x05, 0x00, /* ................ */
    0x15, 0x00, 0x07, 0x00, 0x00, 0x00, 0x03, 0x00, 0x03, 0x00, 0x05, 0x00, 0xfa, 0xff, 0x06, 0x00, /* ................ */
    0x14, 0x00, 0x07, 0x00, 0x10, 0x00, 0x07, 0x00, 0x11, 0x00, 0x07, 0x00, 0x17, 0x00, 0x08, 0x00, /* ................ */
    0x16, 0x00, 0x07, 0x00, 0x00, 0x00, 0x03, 0x00, 0xd3, 0xff, 0x09, 0x00, 0x19, 0x00, 0x08, 0x00, /* ................ */
    0xfc, 0xff, 0x05, 0x00, 0xfe, 0xff, 0x05, 0x00, 0xd4, 0xff, 0x09, 0x00, 0xff, 0xff, 0x05, 0x00, /* ................ */
    0xf5, 0xff, 0x06, 0x00, 0x00, 0x00, 0x03, 0x00, 0xfd, 0xff, 0x05, 0x00, 0x18, 0x00, 0x08, 0x00, /* ................ */
    0x00, 0x80, 0x06, 0x00, 0x0f, 0x00, 0x07, 0x00, 0xf8, 0xff, 0x06, 0x00, 0xfb, 0xff, 0x06, 0x00, /* ................ */
    0x0c, 0x00, 0x06, 0x00, 0x00, 0x00, 0x03, 0x00, 0x0a, 0x00, 0x06, 0x00, 0x07, 0x00, 0x06, 0x00, /* ................ */
    0x04, 0x00, 0x05, 0x00, 0x02, 0x00, 0x05, 0x00, 0x09, 0x00, 0x06, 0x00, 0x01, 0x00, 0x05, 0x00, /* ................ */
    0x21, 0x00, 0x08, 0x00, 0x00, 0x00, 0x03, 0x00, 0x03, 0x00, 0x05, 0x00, 0x06, 0x00, 0x06, 0x00, /* !............... */
    0x20, 0x00, 0x08, 0x00, 0xb9, 0xff, 0x0b, 0x00, 0xb8, 0xff, 0x0b, 0x00, 0xf3, 0xff, 0x07, 0x00, /*  ............... */
    0xd0, 0xff, 0x09, 0x00, 0x00, 0x00, 0x03, 0x00, 0xed, 0xff, 0x07, 0x00, 0xcb, 0xff, 0x0a, 0x00, /* ................ */
    0xfc, 0xff, 0x05, 0x00, 0xfe, 0xff, 0x05, 0x00, 0xee, 0xff, 0x07, 0x00, 0xff, 0xff, 0x05, 0x00, /* ................ */
    0x0b, 0x00, 0x06, 0x00, 0x00, 0x00, 0x03, 0x00, 0xfd, 0xff, 0x05, 0x00, 0xf2, 0xff, 0x07, 0x00, /* ................ */
    0x1f, 0x00, 0x08, 0x00, 0xca, 0xff, 0x0a, 0x00, 0x08, 0x00, 0x06, 0x00, 0x05, 0x00, 0x06, 0x00, /* ................ */
    0xf4, 0xff, 0x06, 0x00, 0x00, 0x00, 0x03, 0x00, 0xf6, 0xff, 0x06, 0x00, 0xf9, 0xff, 0x06, 0x00, /* ................ */
    0x04, 0x00, 0x05, 0x00, 0x02, 0x00, 0x05, 0x00, 0xf7, 0xff, 0x06, 0x00, 0x01, 0x00, 0x05, 0x00, /* ................ */
    0xeb, 0xff, 0x07, 0x00, 0x00, 0x00, 0x03, 0x00, 0x03, 0x00, 0x05, 0x00, 0xfa, 0xff, 0x06, 0x00, /* ................ */
    0xec, 0xff, 0x07, 0x00, 0xf0, 0xff, 0x07, 0x00, 0xef, 0xff, 0x07, 0x00, 0xce, 0xff, 0x0a, 0x00, /* ................ */
    0xea, 0xff, 0x07, 0x00, 0x00, 0x00, 0x03, 0x00, 0x1e, 0x00, 0x08, 0x00, 0xcc, 0xff, 0x0a, 0x00, /* ................ */
    0xfc, 0xff, 0x05, 0x00, 0xfe, 0xff, 0x05, 0x00, 0xd5, 0xff, 0x09, 0x00, 0xff, 0xff, 0x05, 0x00, /* ................ */
    0xf5, 0xff, 0x06, 0x00, 0x00, 0x00, 0x03, 0x00, 0xfd, 0xff, 0x05, 0x00, 0xdb, 0xff, 0x09, 0x00, /* ................ */
    0x00, 0x80, 0x06, 0x00, 0xf1, 0xff, 0x07, 0x00, 0xf8, 0xff, 0x06, 0x00, 0xfb, 0xff, 0x06, 0x00, /* ................ */
    0x0c, 0x00, 0x06, 0x00, 0x00, 0x00, 0x03, 0x00, 0x0a, 0x00, 0x06, 0x00, 0x07, 0x00, 0x06, 0x00, /* ................ */
    0x04, 0x00, 0x05, 0x00, 0x02, 0x00, 0x05, 0x00, 0x09, 0x00, 0x06, 0x00, 0x01, 0x00, 0x05, 0x00, /* ................ */
    0xde, 0xff, 0x08, 0x00, 0x00, 0x00, 0x03, 0x00, 0x03, 0x00, 0x05, 0x00, 0x06, 0x00, 0x06, 0x00, /* ................ */
    0xb2, 0xff, 0x0b, 0x00, 0xe4, 0xff, 0x08, 0x00, 0xe3, 0xff, 0x08, 0x00, 0x0d, 0x00, 0x07, 0x00, /* ................ */
    0xcf, 0xff, 0x09, 0x00, 0x00, 0x00, 0x03, 0x00, 0x13, 0x00, 0x07, 0x00, 0xe6, 0xff, 0x08, 0x00, /* ................ */
    0xfc, 0xff, 0x05, 0x00, 0xfe, 0xff, 0x05, 0x00, 0x12, 0x00, 0x07, 0x00, 0xff, 0xff, 0x05, 0x00, /* ................ */
    0x0b, 0x00, 0x06, 0x00, 0x00, 0x00, 0x03, 0x00, 0xfd, 0xff, 0x05, 0x00, 0x0e, 0x00, 0x07, 0x00, /* ................ */
    0xc4, 0xff, 0x0a, 0x00, 0xe5, 0xff, 0x08, 0x00, 0x08, 0x00, 0x06, 0x00, 0x05, 0x00, 0x06, 0x00, /* ................ */
    0xf4, 0xff, 0x06, 0x00, 0x00, 0x00, 0x03, 0x00, 0xf6, 0xff, 0x06, 0x00, 0xf9, 0xff, 0x06, 0x00, /* ................ */
    0x04, 0x00, 0x05, 0x00, 0x02, 0x00, 0x05, 0x00, 0xf7, 0xff, 0x06, 0x00, 0x01, 0x00, 0x05, 0x00, /* ................ */
    0x15, 0x00, 0x07, 0x00, 0x00, 0x00, 0x03, 0x00, 0x03, 0x00, 0x05, 0x00, 0xfa, 0xff, 0x06, 0x00, /* ................ */
    0x14, 0x00, 0x07, 0x00, 0x10, 0x00, 0x07, 0x00, 0x11, 0x00, 0x07, 0x00, 0xe9, 0xff, 0x08, 0x00, /* ................ */
    0x16, 0x00, 0x07, 0x00, 0x00, 0x00, 0x03, 0x00, 0xc5, 0xff, 0x0a, 0x00, 0xe7, 0xff, 0x08, 0x00, /* ................ */
    0xfc, 0xff, 0x05, 0x00, 0xfe, 0xff, 0x05, 0x00, 0xc6, 0xff, 0x0a, 0x00, 0xff, 0xff, 0x05, 0x00, /* ................ */
    0xf5, 0xff, 0x06, 0x00, 0x00, 0x00, 0x03, 0x00, 0xfd, 0xff, 0x05, 0x00, 0xe8, 0xff, 0x08, 0x00, /* ................ */
    0x00, 0x80, 0x06, 0x00, 0x0f, 0x00, 0x07, 0x00, 0xf8, 0xff, 0x06, 0x00, 0xfb, 0xff, 0x06, 0x00, /* ................ */
    0x0c, 0x00, 0x06, 0x00, 0x00, 0x00, 0x03, 0x00, 0x0a, 0x00, 0x06, 0x00, 0x07, 0x00, 0x06, 0x00, /* ................ */
    0x04, 0x00, 0x05, 0x00, 0x02, 0x00, 0x05, 0x00, 0x09, 0x00, 0x06, 0x00, 0x01, 0x00, 0x05, 0x00, /* ................ */
    0xdf, 0xff, 0x08, 0x00, 0x00, 0x00, 0x03, 0x00, 0x03, 0x00, 0x05, 0x00, 0x06, 0x00, 0x06, 0x00, /* ................ */
    0xe0, 0xff, 0x08, 0x00, 0xd8, 0xff, 0x09, 0x00, 0xd7, 0xff, 0x09, 0x00, 0xf3, 0xff, 0x07, 0x00, /* ................ */
    0xc1, 0xff, 0x0a, 0x00, 0x00, 0x00, 0x03, 0x00, 0xed, 0xff, 0x07, 0x00, 0xda, 0xff, 0x09, 0x00, /* ................ */
    0xfc, 0xff, 0x05, 0x00, 0xfe, 0xff, 0x05, 0x00, 0xee, 0xff, 0x07, 0x00, 0xff, 0xff, 0x05, 0x00, /* ................ */
    0x0b, 0x00, 0x06, 0x00, 0x00, 0x00, 0x03, 0x00, 0xfd, 0xff, 0x05, 0x00, 0xf2, 0xff, 0x07, 0x00, /* ................ */
    0xe1, 0xff, 0x08, 0x00, 0xd9, 0xff, 0x09, 0x00, 0x08, 0x00, 0x06, 0x00, 0x05, 0x00, 0x06, 0x00, /* ................ */
    0xf4, 0xff, 0x06, 0x00, 0x00, 0x00, 0x03, 0x00, 0xf6, 0xff, 0x06, 0x00, 0xf9, 0xff, 0x06, 0x00, /* ................ */
    0x04, 0x00, 0x05, 0x00, 0x02, 0x00, 0x05, 0x00, 0xf7, 0xff, 0x06, 0x00, 0x01, 0x00, 0x05, 0x00, /* ................ */
    0xeb, 0xff, 0x07, 0x00, 0x00, 0x00, 0x03, 0x00, 0x03, 0x00, 0x05, 0x00, 0xfa, 0xff, 0x06, 0x00, /* ................ */
    0xec, 0xff, 0x07, 0x00, 0xf0, 0xff, 0x07, 0x00, 0xef, 0xff, 0x07, 0x00, 0xdd, 0xff, 0x09, 0x00, /* ................ */
    0xea, 0xff, 0x07, 0x00, 0x00, 0x00, 0x03, 0x00, 0xe2, 0xff, 0x08, 0x00, 0xcd, 0xff, 0x0a, 0x00, /* ................ */
    0xfc, 0xff, 0x05, 0x00, 0xfe, 0xff, 0x05, 0x00, 0xd6, 0xff, 0x09, 0x00, 0xff, 0xff, 0x05, 0x00, /* ................ */
    0xf5, 0xff, 0x06, 0x00, 0x00, 0x00, 0x03, 0x00, 0xfd, 0xff, 0x05, 0x00, 0xdc, 0xff, 0x09, 0x00, /* ................ */
    0x00, 0x80, 0x06, 0x00, 0xf1, 0xff, 0x07, 0x00, 0xf8, 0xff, 0x06, 0x00, 0xfb, 0xff, 0x06, 0x00 /* ................ */
};

/* 0x002ff100 */
const unsigned char yydefgoto[64] = {
    0xfd, 0x00, 0x39, 0x00, 0xcb, 0x00, 0x2a, 0x00, 0x2b, 0x00, 0x2c, 0x00, 0x2d, 0x00, 0x2e, 0x00, /* ..9...*.+.,.-... */
    0x3a, 0x00, 0x3b, 0x00, 0x3c, 0x00, 0x8b, 0x00, 0x33, 0x00, 0xef, 0x00, 0x8c, 0x00, 0x8d, 0x00, /* :.;.<...3....... */
    0x38, 0x00, 0x3d, 0x00, 0xda, 0x00, 0xd2, 0x00, 0xd4, 0x00, 0xd6, 0x00, 0x84, 0x00, 0x36, 0x00, /* 8.=...........6. */
    0x37, 0x00, 0x03, 0x00, 0x00, 0x00, 0x00, 0x00, 0x00, 0x00, 0x00, 0x00, 0x00, 0x00, 0x00, 0x00 /* 7............... */
};

/* 0x002ff140 */
const unsigned char yypgoto[64] = {
    0x00, 0x80, 0x20, 0x00, 0x00, 0x80, 0x17, 0x00, 0x00, 0x80, 0x00, 0x80, 0xa1, 0x00, 0xda, 0xff, /* .. ............. */
    0x02, 0x00, 0xfe, 0xff, 0x10, 0x00, 0xba, 0x00, 0xde, 0xff, 0x00, 0x80, 0x06, 0x00, 0x72, 0x00, /* ..............r. */
    0xdc, 0xff, 0xa0, 0xff, 0x00, 0x80, 0x00, 0x80, 0x00, 0x80, 0x00, 0x80, 0x00, 0x80, 0x00, 0x80, /* ................ */
    0x00, 0x80, 0x00, 0x80, 0x00, 0x00, 0x00, 0x00, 0x00, 0x00, 0x00, 0x00, 0x00, 0x00, 0x00, 0x00 /* ................ */
};

/* 0x002ff180 */
const unsigned char yyr1[288] = {
    0x00, 0x00, 0x5a, 0x00, 0x5a, 0x00, 0x5a, 0x00, 0x5a, 0x00, 0x5b, 0x00, 0x5b, 0x00, 0x5b, 0x00, /* ..Z.Z.Z.Z.[.[.[. */
    0x5b, 0x00, 0x5b, 0x00, 0x5b, 0x00, 0x5b, 0x00, 0x5b, 0x00, 0x5b, 0x00, 0x5b, 0x00, 0x5b, 0x00, /* [.[.[.[.[.[.[.[. */
    0x5b, 0x00, 0x5b, 0x00, 0x5b, 0x00, 0x5b, 0x00, 0x5b, 0x00, 0x5b, 0x00, 0x5b, 0x00, 0x5b, 0x00, /* [.[.[.[.[.[.[.[. */
    0x5b, 0x00, 0x5b, 0x00, 0x5c, 0x00, 0x5c, 0x00, 0x5d, 0x00, 0x5d, 0x00, 0x5e, 0x00, 0x5e, 0x00, /* [.[.\.\.].].^.^. */
    0x5f, 0x00, 0x5f, 0x00, 0x60, 0x00, 0x60, 0x00, 0x61, 0x00, 0x61, 0x00, 0x62, 0x00, 0x62, 0x00, /* _._.`.`.a.a.b.b. */
    0x63, 0x00, 0x63, 0x00, 0x63, 0x00, 0x63, 0x00, 0x63, 0x00, 0x63, 0x00, 0x63, 0x00, 0x63, 0x00, /* c.c.c.c.c.c.c.c. */
    0x63, 0x00, 0x63, 0x00, 0x63, 0x00, 0x63, 0x00, 0x63, 0x00, 0x63, 0x00, 0x63, 0x00, 0x63, 0x00, /* c.c.c.c.c.c.c.c. */
    0x63, 0x00, 0x63, 0x00, 0x63, 0x00, 0x63, 0x00, 0x63, 0x00, 0x64, 0x00, 0x64, 0x00, 0x64, 0x00, /* c.c.c.c.c.d.d.d. */
    0x64, 0x00, 0x64, 0x00, 0x65, 0x00, 0x65, 0x00, 0x65, 0x00, 0x65, 0x00, 0x65, 0x00, 0x65, 0x00, /* d.d.e.e.e.e.e.e. */
    0x65, 0x00, 0x65, 0x00, 0x65, 0x00, 0x65, 0x00, 0x65, 0x00, 0x65, 0x00, 0x65, 0x00, 0x65, 0x00, /* e.e.e.e.e.e.e.e. */
    0x65, 0x00, 0x65, 0x00, 0x65, 0x00, 0x65, 0x00, 0x65, 0x00, 0x65, 0x00, 0x65, 0x00, 0x65, 0x00, /* e.e.e.e.e.e.e.e. */
    0x65, 0x00, 0x65, 0x00, 0x65, 0x00, 0x65, 0x00, 0x66, 0x00, 0x66, 0x00, 0x67, 0x00, 0x67, 0x00, /* e.e.e.e.f.f.g.g. */
    0x68, 0x00, 0x68, 0x00, 0x68, 0x00, 0x68, 0x00, 0x68, 0x00, 0x68, 0x00, 0x68, 0x00, 0x68, 0x00, /* h.h.h.h.h.h.h.h. */
    0x69, 0x00, 0x69, 0x00, 0x69, 0x00, 0x69, 0x00, 0x6a, 0x00, 0x6a, 0x00, 0x6b, 0x00, 0x6b, 0x00, /* i.i.i.i.j.j.k.k. */
    0x6b, 0x00, 0x6c, 0x00, 0x6c, 0x00, 0x6c, 0x00, 0x6d, 0x00, 0x6d, 0x00, 0x6e, 0x00, 0x6e, 0x00, /* k.l.l.l.m.m.n.n. */
    0x6f, 0x00, 0x6f, 0x00, 0x70, 0x00, 0x70, 0x00, 0x70, 0x00, 0x70, 0x00, 0x71, 0x00, 0x71, 0x00, /* o.o.p.p.p.p.q.q. */
    0x72, 0x00, 0x73, 0x00, 0x73, 0x00, 0x00, 0x00, 0x00, 0x00, 0x00, 0x00, 0x00, 0x00, 0x00, 0x00, /* r.s.s........... */
    0x00, 0x00, 0x00, 0x00, 0x00, 0x00, 0x00, 0x00, 0x00, 0x00, 0x00, 0x00, 0x00, 0x00, 0x00, 0x00 /* ................ */
};

/* 0x002ff2a0 */
const unsigned char yyr2[288] = {
    0x00, 0x00, 0x03, 0x00, 0x02, 0x00, 0x02, 0x00, 0x02, 0x00, 0x01, 0x00, 0x03, 0x00, 0x03, 0x00, /* ................ */
    0x03, 0x00, 0x03, 0x00, 0x03, 0x00, 0x03, 0x00, 0x03, 0x00, 0x03, 0x00, 0x03, 0x00, 0x03, 0x00, /* ................ */
    0x03, 0x00, 0x03, 0x00, 0x03, 0x00, 0x03, 0x00, 0x03, 0x00, 0x03, 0x00, 0x03, 0x00, 0x03, 0x00, /* ................ */
    0x02, 0x00, 0x02, 0x00, 0x01, 0x00, 0x00, 0x00, 0x01, 0x00, 0x01, 0x00, 0x03, 0x00, 0x01, 0x00, /* ................ */
    0x03, 0x00, 0x02, 0x00, 0x01, 0x00, 0x05, 0x00, 0x01, 0x00, 0x02, 0x00, 0x04, 0x00, 0x05, 0x00, /* ................ */
    0x03, 0x00, 0x01, 0x00, 0x01, 0x00, 0x02, 0x00, 0x02, 0x00, 0x01, 0x00, 0x01, 0x00, 0x01, 0x00, /* ................ */
    0x01, 0x00, 0x01, 0x00, 0x01, 0x00, 0x01, 0x00, 0x01, 0x00, 0x01, 0x00, 0x02, 0x00, 0x01, 0x00, /* ................ */
    0x02, 0x00, 0x02, 0x00, 0x01, 0x00, 0x01, 0x00, 0x01, 0x00, 0x03, 0x00, 0x04, 0x00, 0x01, 0x00, /* ................ */
    0x02, 0x00, 0x03, 0x00, 0x03, 0x00, 0x02, 0x00, 0x01, 0x00, 0x02, 0x00, 0x02, 0x00, 0x02, 0x00, /* ................ */
    0x03, 0x00, 0x03, 0x00, 0x03, 0x00, 0x03, 0x00, 0x03, 0x00, 0x03, 0x00, 0x03, 0x00, 0x03, 0x00, /* ................ */
    0x03, 0x00, 0x03, 0x00, 0x05, 0x00, 0x05, 0x00, 0x01, 0x00, 0x05, 0x00, 0x05, 0x00, 0x01, 0x00, /* ................ */
    0x01, 0x00, 0x01, 0x00, 0x04, 0x00, 0x04, 0x00, 0x01, 0x00, 0x01, 0x00, 0x00, 0x00, 0x01, 0x00, /* ................ */
    0x02, 0x00, 0x03, 0x00, 0x05, 0x00, 0x07, 0x00, 0x05, 0x00, 0x08, 0x00, 0x07, 0x00, 0x03, 0x00, /* ................ */
    0x01, 0x00, 0x03, 0x00, 0x02, 0x00, 0x01, 0x00, 0x02, 0x00, 0x00, 0x00, 0x03, 0x00, 0x01, 0x00, /* ................ */
    0x00, 0x00, 0x03, 0x00, 0x01, 0x00, 0x00, 0x00, 0x03, 0x00, 0x01, 0x00, 0x03, 0x00, 0x01, 0x00, /* ................ */
    0x03, 0x00, 0x01, 0x00, 0x07, 0x00, 0x05, 0x00, 0x01, 0x00, 0x01, 0x00, 0x02, 0x00, 0x00, 0x00, /* ................ */
    0x02, 0x00, 0x03, 0x00, 0x00, 0x00, 0x00, 0x00, 0x00, 0x00, 0x00, 0x00, 0x00, 0x00, 0x00, 0x00, /* ................ */
    0x00, 0x00, 0x00, 0x00, 0x00, 0x00, 0x00, 0x00, 0x00, 0x00, 0x00, 0x00, 0x00, 0x00, 0x00, 0x00 /* ................ */
};

/* 0x002ff3c0 */
const unsigned char yydefact[512] = {
    0x00, 0x00, 0x82, 0x00, 0x00, 0x00, 0x7f, 0x00, 0x3f, 0x00, 0x2d, 0x00, 0x2e, 0x00, 0x6d, 0x00, /* ........?.-...m. */
    0x70, 0x00, 0x00, 0x00, 0x00, 0x00, 0x00, 0x00, 0x00, 0x00, 0x00, 0x00, 0x29, 0x00, 0x2a, 0x00, /* p...........).*. */
    0x44, 0x00, 0x00, 0x00, 0x00, 0x00, 0x31, 0x00, 0x32, 0x00, 0x33, 0x00, 0x34, 0x00, 0x35, 0x00, /* D.....1.2.3.4.5. */
    0x00, 0x00, 0x00, 0x00, 0x00, 0x00, 0x3c, 0x00, 0x00, 0x00, 0x1d, 0x00, 0x54, 0x00, 0x00, 0x00, /* ......<.....T... */
    0x57, 0x00, 0x58, 0x00, 0x3a, 0x00, 0x3b, 0x00, 0x59, 0x00, 0x00, 0x00, 0x00, 0x00, 0x6d, 0x00, /* W.X.:.;.Y.....m. */
    0x00, 0x00, 0x02, 0x00, 0x00, 0x00, 0x22, 0x00, 0x37, 0x00, 0x24, 0x00, 0x00, 0x00, 0x2f, 0x00, /* ......".7.$.../. */
    0x05, 0x00, 0x30, 0x00, 0x03, 0x00, 0x00, 0x00, 0x04, 0x00, 0x00, 0x00, 0x01, 0x00, 0x00, 0x00, /* ..0............. */
    0x00, 0x00, 0x6f, 0x00, 0x2f, 0x00, 0x05, 0x00, 0x30, 0x00, 0x00, 0x00, 0x00, 0x00, 0x38, 0x00, /* ..o./...0.....8. */
    0x2b, 0x00, 0x2c, 0x00, 0x39, 0x00, 0x18, 0x00, 0x19, 0x00, 0x43, 0x00, 0x45, 0x00, 0x1c, 0x00, /* +.,.9.....C.E... */
    0x00, 0x00, 0x00, 0x00, 0x25, 0x00, 0x00, 0x00, 0x00, 0x00, 0x00, 0x00, 0x21, 0x00, 0x00, 0x00, /* ....%.......!... */
    0x00, 0x00, 0x00, 0x00, 0x00, 0x00, 0x40, 0x00, 0x00, 0x00, 0x00, 0x00, 0x00, 0x00, 0x00, 0x00, /* ......@......... */
    0x00, 0x00, 0x00, 0x00, 0x00, 0x00, 0x00, 0x00, 0x00, 0x00, 0x00, 0x00, 0x00, 0x00, 0x00, 0x00, /* ................ */
    0x00, 0x00, 0x00, 0x00, 0x00, 0x00, 0x00, 0x00, 0x00, 0x00, 0x00, 0x00, 0x00, 0x00, 0x70, 0x00, /* ..............p. */
    0x00, 0x00, 0x00, 0x00, 0x36, 0x00, 0x00, 0x00, 0x00, 0x00, 0x00, 0x00, 0x00, 0x00, 0x00, 0x00, /* ....6........... */
    0x00, 0x00, 0x46, 0x00, 0x47, 0x00, 0x00, 0x00, 0x00, 0x00, 0x00, 0x00, 0x00, 0x00, 0x00, 0x00, /* ..F.G........... */
    0x00, 0x00, 0x00, 0x00, 0x00, 0x00, 0x00, 0x00, 0x00, 0x00, 0x60, 0x00, 0x1c, 0x00, 0x80, 0x00, /* ..........`..... */
    0x00, 0x00, 0x00, 0x00, 0x7c, 0x00, 0x7d, 0x00, 0x7e, 0x00, 0x81, 0x00, 0x61, 0x00, 0x68, 0x00, /* ....|.}.~...a.h. */
    0x00, 0x00, 0x00, 0x00, 0x00, 0x00, 0x5d, 0x00, 0x6b, 0x00, 0x6c, 0x00, 0x28, 0x00, 0x00, 0x00, /* ......].k.l.(... */
    0x00, 0x00, 0x00, 0x00, 0x00, 0x00, 0x00, 0x00, 0x1b, 0x00, 0x00, 0x00, 0x00, 0x00, 0x00, 0x00, /* ................ */
    0x67, 0x00, 0x06, 0x00, 0x07, 0x00, 0x08, 0x00, 0x09, 0x00, 0x0a, 0x00, 0x0b, 0x00, 0x0c, 0x00, /* g............... */
    0x0d, 0x00, 0x0e, 0x00, 0x0f, 0x00, 0x10, 0x00, 0x11, 0x00, 0x12, 0x00, 0x13, 0x00, 0x14, 0x00, /* ................ */
    0x15, 0x00, 0x16, 0x00, 0x17, 0x00, 0x20, 0x00, 0x00, 0x00, 0x00, 0x00, 0x00, 0x00, 0x3d, 0x00, /* ...... .......=. */
    0x41, 0x00, 0x00, 0x00, 0x00, 0x00, 0x00, 0x00, 0x00, 0x00, 0x70, 0x00, 0x42, 0x00, 0x48, 0x00, /* A.........p.B.H. */
    0x49, 0x00, 0x4a, 0x00, 0x4b, 0x00, 0x4c, 0x00, 0x4d, 0x00, 0x4e, 0x00, 0x4f, 0x00, 0x50, 0x00, /* I.J.K.L.M.N.O.P. */
    0x51, 0x00, 0x73, 0x00, 0x00, 0x00, 0x00, 0x00, 0x6a, 0x00, 0x6e, 0x00, 0x00, 0x00, 0x1e, 0x00, /* Q.s.....j.n..... */
    0x00, 0x00, 0x00, 0x00, 0x1a, 0x00, 0x00, 0x00, 0x00, 0x00, 0x5a, 0x00, 0x5b, 0x00, 0x26, 0x00, /* ..........Z.[.&. */
    0x3e, 0x00, 0x75, 0x00, 0x00, 0x00, 0x77, 0x00, 0x00, 0x00, 0x79, 0x00, 0x00, 0x00, 0x00, 0x00, /* >.u...w...y..... */
    0x00, 0x00, 0x72, 0x00, 0x00, 0x00, 0x00, 0x00, 0x69, 0x00, 0x23, 0x00, 0x62, 0x00, 0x64, 0x00, /* ..r.....i.#.b.d. */
    0x5e, 0x00, 0x6d, 0x00, 0x52, 0x00, 0x00, 0x00, 0x53, 0x00, 0x00, 0x00, 0x55, 0x00, 0x00, 0x00, /* ^.m.R...S...U... */
    0x56, 0x00, 0x27, 0x00, 0x00, 0x00, 0x00, 0x00, 0x00, 0x00, 0x00, 0x00, 0x5f, 0x00, 0x00, 0x00, /* V.'........._... */
    0x00, 0x00, 0x74, 0x00, 0x76, 0x00, 0x78, 0x00, 0x6d, 0x00, 0x71, 0x00, 0x7b, 0x00, 0x63, 0x00, /* ..t.v.x.m.q.{.c. */
    0x00, 0x00, 0x66, 0x00, 0x00, 0x00, 0x65, 0x00, 0x7a, 0x00, 0x00, 0x00, 0x00, 0x00, 0x00, 0x00 /* ..f...e.z....... */
};

/* 0x002ff5c0 */
const unsigned char yytable[2656] = {
    0x30, 0x00, 0xe1, 0xff, 0x35, 0x00, 0x52, 0x00, 0x2f, 0x00, 0x80, 0x00, 0x8e, 0x00, 0xac, 0x00, /* 0...5.R./....... */
    0x34, 0x00, 0xaf, 0x00, 0x6f, 0x00, 0x7e, 0x00, 0x47, 0x00, 0xcf, 0x00, 0xa4, 0xff, 0x47, 0x00, /* 4...o.~.G.....G. */
    0x40, 0x00, 0x41, 0x00, 0x31, 0x00, 0x68, 0x00, 0xe2, 0x00, 0x6f, 0x00, 0x48, 0x00, 0x63, 0x00, /* @.A.1.h...o.H.c. */
    0x64, 0x00, 0x65, 0x00, 0x01, 0x00, 0xe4, 0x00, 0x02, 0x00, 0x47, 0x00, 0xe6, 0x00, 0xe9, 0x00, /* d.e.......G..... */
    0x8f, 0x00, 0x42, 0x00, 0x29, 0x00, 0x4b, 0x00, 0x68, 0x00, 0xea, 0x00, 0x4e, 0x00, 0x8f, 0x00, /* ..B.).K.h...N... */
    0x4c, 0x00, 0x49, 0x00, 0xa4, 0xff, 0x69, 0x00, 0x43, 0x00, 0x44, 0x00, 0xe3, 0x00, 0x4d, 0x00, /* L.I...i.C.D...M. */
    0x45, 0x00, 0x46, 0x00, 0xb0, 0x00, 0x12, 0x00, 0x4f, 0x00, 0xe5, 0x00, 0x8a, 0x00, 0x50, 0x00, /* E.F.....O.....P. */
    0xe7, 0x00, 0x8f, 0x00, 0x2f, 0x00, 0x51, 0x00, 0x69, 0x00, 0xe4, 0xff, 0x53, 0x00, 0xeb, 0x00, /* ..../.Q.i...S... */
    0x3e, 0x00, 0x3f, 0x00, 0x66, 0x00, 0x81, 0x00, 0x12, 0x00, 0x67, 0x00, 0xe1, 0xff, 0x49, 0x00, /* >.?.f.....g...I. */
    0x31, 0x00, 0x6a, 0x00, 0xa3, 0xff, 0x8a, 0x00, 0x7f, 0x00, 0x1d, 0x00, 0x1d, 0x00, 0x2f, 0x00, /* 1.j.........../. */
    0x8a, 0x00, 0x1d, 0x00, 0x49, 0x00, 0x7d, 0x00, 0x2f, 0x00, 0xd8, 0x00, 0x85, 0x00, 0x82, 0x00, /* ....I.}./....... */
    0x83, 0x00, 0x3e, 0x00, 0x6a, 0x00, 0x91, 0x00, 0x96, 0x00, 0x31, 0x00, 0x90, 0x00, 0x1d, 0x00, /* ..>.j.....1..... */
    0x6b, 0x00, 0x6c, 0x00, 0x31, 0x00, 0x6d, 0x00, 0x6f, 0x00, 0x97, 0x00, 0xab, 0x00, 0xb1, 0x00, /* k.l.1.m.o....... */
    0xb2, 0x00, 0x6e, 0x00, 0x47, 0x00, 0x92, 0x00, 0x93, 0x00, 0xb3, 0x00, 0xb4, 0x00, 0x95, 0x00, /* ..n.G........... */
    0xb5, 0x00, 0x68, 0x00, 0xc1, 0x00, 0xc2, 0x00, 0x99, 0x00, 0x9a, 0x00, 0x9b, 0x00, 0x9c, 0x00, /* ..h............. */
    0x9d, 0x00, 0x9e, 0x00, 0x9f, 0x00, 0xa0, 0x00, 0xa1, 0x00, 0xa2, 0x00, 0xa3, 0x00, 0xa4, 0x00, /* ................ */
    0xa5, 0x00, 0xa6, 0x00, 0xa7, 0x00, 0xa8, 0x00, 0xa9, 0x00, 0xaa, 0x00, 0xc3, 0x00, 0xc7, 0x00, /* ................ */
    0xae, 0x00, 0x69, 0x00, 0xcd, 0x00, 0xdc, 0x00, 0xce, 0x00, 0xc4, 0x00, 0xe2, 0xff, 0xd9, 0x00, /* ..i............. */
    0xb6, 0x00, 0x12, 0x00, 0xdb, 0x00, 0xb7, 0x00, 0xb8, 0x00, 0xb9, 0x00, 0xba, 0x00, 0xbb, 0x00, /* ................ */
    0xbc, 0x00, 0xbd, 0x00, 0xbe, 0x00, 0xbf, 0x00, 0xc0, 0x00, 0x6f, 0x00, 0xdd, 0x00, 0xe0, 0x00, /* ..........o..... */
    0xe1, 0x00, 0x49, 0x00, 0x61, 0x00, 0x62, 0x00, 0x63, 0x00, 0x64, 0x00, 0x65, 0x00, 0x6a, 0x00, /* ..I.a.b.c.d.e.j. */
    0xec, 0x00, 0xed, 0x00, 0xf1, 0x00, 0xf4, 0x00, 0x1d, 0x00, 0xf5, 0x00, 0xfe, 0x00, 0xc5, 0x00, /* ................ */
    0xf6, 0x00, 0xf8, 0x00, 0xff, 0x00, 0x4a, 0x00, 0xca, 0x00, 0x5f, 0x00, 0x60, 0x00, 0x61, 0x00, /* ......J..._.`.a. */
    0x62, 0x00, 0x63, 0x00, 0x64, 0x00, 0x65, 0x00, 0x32, 0x00, 0xf0, 0x00, 0xee, 0x00, 0x94, 0x00, /* b.c.d.e.2....... */
    0x00, 0x00, 0x00, 0x00, 0x00, 0x00, 0x00, 0x00, 0x00, 0x00, 0x00, 0x00, 0x8a, 0x00, 0x8a, 0x00, /* ................ */
    0x00, 0x00, 0x00, 0x00, 0x2f, 0x00, 0x2f, 0x00, 0x00, 0x00, 0x90, 0x00, 0xde, 0x00, 0xdf, 0x00, /* ...././......... */
    0xfa, 0x00, 0xd1, 0x00, 0xd3, 0x00, 0xd5, 0x00, 0xd7, 0x00, 0x00, 0x00, 0x00, 0x00, 0x00, 0x00, /* ................ */
    0x31, 0x00, 0x31, 0x00, 0x49, 0x00, 0x00, 0x00, 0x00, 0x00, 0x00, 0x00, 0x8a, 0x00, 0x00, 0x00, /* 1.1.I........... */
    0x00, 0x00, 0x00, 0x00, 0x2f, 0x00, 0x00, 0x00, 0x00, 0x00, 0x00, 0x00, 0x00, 0x00, 0x00, 0x00, /* ..../........... */
    0x00, 0x00, 0x00, 0x00, 0x00, 0x00, 0x8a, 0x00, 0x00, 0x00, 0x00, 0x00, 0x8a, 0x00, 0x2f, 0x00, /* ............../. */
    0x31, 0x00, 0x00, 0x00, 0x2f, 0x00, 0xf7, 0x00, 0x00, 0x00, 0x00, 0x00, 0x8a, 0x00, 0x00, 0x00, /* 1.../........... */
    0x8a, 0x00, 0x00, 0x00, 0x2f, 0x00, 0x00, 0x00, 0x2f, 0x00, 0x31, 0x00, 0xfb, 0x00, 0x00, 0x00, /* ..../.../.1..... */
    0x31, 0x00, 0x00, 0x00, 0x00, 0x00, 0x00, 0x00, 0x00, 0x00, 0xf2, 0x00, 0x70, 0x00, 0xf3, 0x00, /* 1...........p... */
    0x31, 0x00, 0x00, 0x00, 0x31, 0x00, 0x04, 0x00, 0x05, 0x00, 0x06, 0x00, 0x07, 0x00, 0x86, 0x00, /* 1...1........... */
    0x08, 0x00, 0x00, 0x00, 0x09, 0x00, 0x00, 0x00, 0x71, 0x00, 0x72, 0x00, 0x73, 0x00, 0x74, 0x00, /* ........q.r.s.t. */
    0x75, 0x00, 0x76, 0x00, 0x77, 0x00, 0x78, 0x00, 0x79, 0x00, 0x7a, 0x00, 0x7b, 0x00, 0x7c, 0x00, /* u.v.w.x.y.z.{.|. */
    0x00, 0x00, 0x00, 0x00, 0x0a, 0x00, 0x00, 0x00, 0x00, 0x00, 0x0b, 0x00, 0x00, 0x00, 0x00, 0x00, /* ................ */
    0x0e, 0x00, 0x0f, 0x00, 0x00, 0x00, 0x00, 0x00, 0x00, 0x00, 0x87, 0x00, 0x00, 0x00, 0x00, 0x00, /* ................ */
    0x10, 0x00, 0x11, 0x00, 0x12, 0x00, 0x13, 0x00, 0x14, 0x00, 0x15, 0x00, 0x16, 0x00, 0x17, 0x00, /* ................ */
    0x18, 0x00, 0x00, 0x00, 0x19, 0x00, 0x1a, 0x00, 0x58, 0x00, 0x59, 0x00, 0x5a, 0x00, 0x5b, 0x00, /* ........X.Y.Z.[. */
    0x5c, 0x00, 0x5d, 0x00, 0x5e, 0x00, 0x5f, 0x00, 0x60, 0x00, 0x61, 0x00, 0x62, 0x00, 0x63, 0x00, /* \.].^._.`.a.b.c. */
    0x64, 0x00, 0x65, 0x00, 0x1b, 0x00, 0x00, 0x00, 0x1c, 0x00, 0x1d, 0x00, 0x00, 0x00, 0x00, 0x00, /* d.e............. */
    0x1e, 0x00, 0x00, 0x00, 0x1f, 0x00, 0x88, 0x00, 0x89, 0x00, 0x20, 0x00, 0x21, 0x00, 0x00, 0x00, /* .......... .!... */
    0x22, 0x00, 0x23, 0x00, 0x24, 0x00, 0x25, 0x00, 0x26, 0x00, 0x27, 0x00, 0x00, 0x00, 0x28, 0x00, /* ".#.$.%.&.'...(. */
    0x04, 0x00, 0x05, 0x00, 0x06, 0x00, 0x07, 0x00, 0x00, 0x00, 0x08, 0x00, 0x00, 0x00, 0x09, 0x00, /* ................ */
    0x57, 0x00, 0x58, 0x00, 0x59, 0x00, 0x5a, 0x00, 0x5b, 0x00, 0x5c, 0x00, 0x5d, 0x00, 0x5e, 0x00, /* W.X.Y.Z.[.\.].^. */
    0x5f, 0x00, 0x60, 0x00, 0x61, 0x00, 0x62, 0x00, 0x63, 0x00, 0x64, 0x00, 0x65, 0x00, 0x0a, 0x00, /* _.`.a.b.c.d.e... */
    0x00, 0x00, 0x00, 0x00, 0x0b, 0x00, 0x00, 0x00, 0x00, 0x00, 0x0e, 0x00, 0x0f, 0x00, 0x00, 0x00, /* ................ */
    0x00, 0x00, 0x00, 0x00, 0x87, 0x00, 0x00, 0x00, 0x00, 0x00, 0x10, 0x00, 0x11, 0x00, 0x12, 0x00, /* ................ */
    0x13, 0x00, 0x14, 0x00, 0x15, 0x00, 0x16, 0x00, 0x17, 0x00, 0x18, 0x00, 0x00, 0x00, 0x19, 0x00, /* ................ */
    0x1a, 0x00, 0x59, 0x00, 0x5a, 0x00, 0x5b, 0x00, 0x5c, 0x00, 0x5d, 0x00, 0x5e, 0x00, 0x5f, 0x00, /* ..Y.Z.[.\.].^._. */
    0x60, 0x00, 0x61, 0x00, 0x62, 0x00, 0x63, 0x00, 0x64, 0x00, 0x65, 0x00, 0x00, 0x00, 0x1b, 0x00, /* `.a.b.c.d.e..... */
    0x00, 0x00, 0x1c, 0x00, 0x1d, 0x00, 0x00, 0x00, 0x00, 0x00, 0x1e, 0x00, 0x00, 0x00, 0x1f, 0x00, /* ................ */
    0x88, 0x00, 0x89, 0x00, 0x20, 0x00, 0x21, 0x00, 0x00, 0x00, 0x22, 0x00, 0x23, 0x00, 0x24, 0x00, /* .... .!...".#.$. */
    0x25, 0x00, 0x26, 0x00, 0x27, 0x00, 0x98, 0x00, 0x28, 0x00, 0x04, 0x00, 0x05, 0x00, 0x06, 0x00, /* %.&.'...(....... */
    0x07, 0x00, 0xf9, 0x00, 0x08, 0x00, 0x00, 0x00, 0x09, 0x00, 0x5b, 0x00, 0x5c, 0x00, 0x5d, 0x00, /* ..........[.\.]. */
    0x5e, 0x00, 0x5f, 0x00, 0x60, 0x00, 0x61, 0x00, 0x62, 0x00, 0x63, 0x00, 0x64, 0x00, 0x65, 0x00, /* ^._.`.a.b.c.d.e. */
    0x00, 0x00, 0x00, 0x00, 0x00, 0x00, 0x00, 0x00, 0x0a, 0x00, 0x00, 0x00, 0x00, 0x00, 0x0b, 0x00, /* ................ */
    0x00, 0x00, 0x00, 0x00, 0x0e, 0x00, 0x0f, 0x00, 0x00, 0x00, 0x00, 0x00, 0x00, 0x00, 0x87, 0x00, /* ................ */
    0x00, 0x00, 0x00, 0x00, 0x10, 0x00, 0x11, 0x00, 0x12, 0x00, 0x13, 0x00, 0x14, 0x00, 0x15, 0x00, /* ................ */
    0x16, 0x00, 0x17, 0x00, 0x18, 0x00, 0x00, 0x00, 0x19, 0x00, 0x1a, 0x00, 0x00, 0x00, 0x00, 0x00, /* ................ */
    0x00, 0x00, 0x00, 0x00, 0x00, 0x00, 0x00, 0x00, 0x00, 0x00, 0x00, 0x00, 0x00, 0x00, 0x00, 0x00, /* ................ */
    0x00, 0x00, 0x00, 0x00, 0x00, 0x00, 0x00, 0x00, 0x1b, 0x00, 0x00, 0x00, 0x1c, 0x00, 0x1d, 0x00, /* ................ */
    0x00, 0x00, 0x00, 0x00, 0x1e, 0x00, 0x00, 0x00, 0x1f, 0x00, 0x88, 0x00, 0x89, 0x00, 0x20, 0x00, /* .............. . */
    0x21, 0x00, 0x00, 0x00, 0x22, 0x00, 0x23, 0x00, 0x24, 0x00, 0x25, 0x00, 0x26, 0x00, 0x27, 0x00, /* !...".#.$.%.&.'. */
    0x00, 0x00, 0x28, 0x00, 0x04, 0x00, 0x05, 0x00, 0x06, 0x00, 0x07, 0x00, 0xfc, 0x00, 0x08, 0x00, /* ..(............. */
    0x00, 0x00, 0x09, 0x00, 0x00, 0x00, 0x00, 0x00, 0x00, 0x00, 0x00, 0x00, 0x00, 0x00, 0x00, 0x00, /* ................ */
    0x00, 0x00, 0x00, 0x00, 0x00, 0x00, 0x00, 0x00, 0x00, 0x00, 0x00, 0x00, 0x00, 0x00, 0x00, 0x00, /* ................ */
    0x00, 0x00, 0x0a, 0x00, 0x00, 0x00, 0x00, 0x00, 0x0b, 0x00, 0x00, 0x00, 0x00, 0x00, 0x0e, 0x00, /* ................ */
    0x0f, 0x00, 0x00, 0x00, 0x00, 0x00, 0x00, 0x00, 0x87, 0x00, 0x00, 0x00, 0x00, 0x00, 0x10, 0x00, /* ................ */
    0x11, 0x00, 0x12, 0x00, 0x13, 0x00, 0x14, 0x00, 0x15, 0x00, 0x16, 0x00, 0x17, 0x00, 0x18, 0x00, /* ................ */
    0x00, 0x00, 0x19, 0x00, 0x1a, 0x00, 0x00, 0x00, 0x00, 0x00, 0x00, 0x00, 0x00, 0x00, 0x00, 0x00, /* ................ */
    0x00, 0x00, 0x00, 0x00, 0x00, 0x00, 0x00, 0x00, 0x00, 0x00, 0x00, 0x00, 0x00, 0x00, 0x00, 0x00, /* ................ */
    0x00, 0x00, 0x1b, 0x00, 0x00, 0x00, 0x1c, 0x00, 0x1d, 0x00, 0x00, 0x00, 0x00, 0x00, 0x1e, 0x00, /* ................ */
    0x00, 0x00, 0x1f, 0x00, 0x88, 0x00, 0x89, 0x00, 0x20, 0x00, 0x21, 0x00, 0x00, 0x00, 0x22, 0x00, /* ........ .!...". */
    0x23, 0x00, 0x24, 0x00, 0x25, 0x00, 0x26, 0x00, 0x27, 0x00, 0x00, 0x00, 0x28, 0x00, 0x04, 0x00, /* #.$.%.&.'...(... */
    0x05, 0x00, 0x06, 0x00, 0x07, 0x00, 0x00, 0x00, 0x08, 0x00, 0x00, 0x00, 0x09, 0x00, 0x00, 0x00, /* ................ */
    0x00, 0x00, 0x00, 0x00, 0x00, 0x00, 0x00, 0x00, 0x00, 0x00, 0x00, 0x00, 0x00, 0x00, 0x00, 0x00, /* ................ */
    0x00, 0x00, 0x00, 0x00, 0x00, 0x00, 0x00, 0x00, 0x00, 0x00, 0x00, 0x00, 0x0a, 0x00, 0x00, 0x00, /* ................ */
    0x00, 0x00, 0x0b, 0x00, 0x00, 0x00, 0x00, 0x00, 0x0e, 0x00, 0x0f, 0x00, 0x00, 0x00, 0x00, 0x00, /* ................ */
    0x00, 0x00, 0x87, 0x00, 0x00, 0x00, 0x00, 0x00, 0x10, 0x00, 0x11, 0x00, 0x12, 0x00, 0x13, 0x00, /* ................ */
    0x14, 0x00, 0x15, 0x00, 0x16, 0x00, 0x17, 0x00, 0x18, 0x00, 0x00, 0x00, 0x19, 0x00, 0x1a, 0x00, /* ................ */
    0x00, 0x00, 0x00, 0x00, 0x00, 0x00, 0x00, 0x00, 0x00, 0x00, 0x00, 0x00, 0x00, 0x00, 0x00, 0x00, /* ................ */
    0x00, 0x00, 0x00, 0x00, 0x00, 0x00, 0x00, 0x00, 0x00, 0x00, 0x00, 0x00, 0x1b, 0x00, 0x00, 0x00, /* ................ */
    0x1c, 0x00, 0x1d, 0x00, 0x00, 0x00, 0x00, 0x00, 0x1e, 0x00, 0x00, 0x00, 0x1f, 0x00, 0x88, 0x00, /* ................ */
    0x89, 0x00, 0x20, 0x00, 0x21, 0x00, 0x00, 0x00, 0x22, 0x00, 0x23, 0x00, 0x24, 0x00, 0x25, 0x00, /* .. .!...".#.$.%. */
    0x26, 0x00, 0x27, 0x00, 0x00, 0x00, 0x28, 0x00, 0x04, 0x00, 0x05, 0x00, 0x06, 0x00, 0x07, 0x00, /* &.'...(......... */
    0x00, 0x00, 0x08, 0x00, 0x00, 0x00, 0x09, 0x00, 0x00, 0x00, 0x00, 0x00, 0x00, 0x00, 0x00, 0x00, /* ................ */
    0x00, 0x00, 0x00, 0x00, 0x00, 0x00, 0x00, 0x00, 0x00, 0x00, 0x00, 0x00, 0x00, 0x00, 0x00, 0x00, /* ................ */
    0x00, 0x00, 0x00, 0x00, 0x00, 0x00, 0x0a, 0x00, 0x00, 0x00, 0x00, 0x00, 0x0b, 0x00, 0x0c, 0x00, /* ................ */
    0x0d, 0x00, 0x0e, 0x00, 0x0f, 0x00, 0x00, 0x00, 0x00, 0x00, 0x00, 0x00, 0x00, 0x00, 0x00, 0x00, /* ................ */
    0x00, 0x00, 0x10, 0x00, 0x11, 0x00, 0x12, 0x00, 0x13, 0x00, 0x14, 0x00, 0x15, 0x00, 0x16, 0x00, /* ................ */
    0x17, 0x00, 0x18, 0x00, 0x00, 0x00, 0x19, 0x00, 0x1a, 0x00, 0x00, 0x00, 0x00, 0x00, 0x00, 0x00, /* ................ */
    0x00, 0x00, 0x00, 0x00, 0x00, 0x00, 0x00, 0x00, 0x00, 0x00, 0x00, 0x00, 0x00, 0x00, 0x00, 0x00, /* ................ */
    0x00, 0x00, 0x00, 0x00, 0x00, 0x00, 0x1b, 0x00, 0x00, 0x00, 0x1c, 0x00, 0x1d, 0x00, 0x00, 0x00, /* ................ */
    0x00, 0x00, 0x1e, 0x00, 0x00, 0x00, 0x1f, 0x00, 0x00, 0x00, 0x00, 0x00, 0x20, 0x00, 0x21, 0x00, /* ............ .!. */
    0x00, 0x00, 0x22, 0x00, 0x23, 0x00, 0x24, 0x00, 0x25, 0x00, 0x26, 0x00, 0x27, 0x00, 0x00, 0x00, /* ..".#.$.%.&.'... */
    0x28, 0x00, 0x04, 0x00, 0x05, 0x00, 0x06, 0x00, 0x07, 0x00, 0x00, 0x00, 0x08, 0x00, 0x00, 0x00, /* (............... */
    0x09, 0x00, 0x00, 0x00, 0x00, 0x00, 0x00, 0x00, 0x00, 0x00, 0x00, 0x00, 0x00, 0x00, 0x00, 0x00, /* ................ */
    0x00, 0x00, 0x00, 0x00, 0x00, 0x00, 0x00, 0x00, 0x00, 0x00, 0x00, 0x00, 0x00, 0x00, 0x00, 0x00, /* ................ */
    0x0a, 0x00, 0x00, 0x00, 0x00, 0x00, 0x0b, 0x00, 0x00, 0x00, 0x00, 0x00, 0x0e, 0x00, 0x0f, 0x00, /* ................ */
    0x00, 0x00, 0x00, 0x00, 0x00, 0x00, 0x00, 0x00, 0x00, 0x00, 0x00, 0x00, 0x10, 0x00, 0x11, 0x00, /* ................ */
    0x12, 0x00, 0x13, 0x00, 0x14, 0x00, 0x15, 0x00, 0x16, 0x00, 0x17, 0x00, 0x18, 0x00, 0x00, 0x00, /* ................ */
    0x19, 0x00, 0x1a, 0x00, 0x00, 0x00, 0x00, 0x00, 0x00, 0x00, 0x00, 0x00, 0x00, 0x00, 0x00, 0x00, /* ................ */
    0x00, 0x00, 0x00, 0x00, 0x00, 0x00, 0x00, 0x00, 0x00, 0x00, 0x00, 0x00, 0x00, 0x00, 0x00, 0x00, /* ................ */
    0x1b, 0x00, 0x00, 0x00, 0x1c, 0x00, 0x1d, 0x00, 0x00, 0x00, 0x00, 0x00, 0x1e, 0x00, 0x00, 0x00, /* ................ */
    0x1f, 0x00, 0x00, 0x00, 0x00, 0x00, 0x20, 0x00, 0x21, 0x00, 0x00, 0x00, 0x22, 0x00, 0x23, 0x00, /* ...... .!...".#. */
    0x24, 0x00, 0x25, 0x00, 0x26, 0x00, 0x27, 0x00, 0x00, 0x00, 0x28, 0x00, 0x04, 0x00, 0x05, 0x00, /* $.%.&.'...(..... */
    0x06, 0x00, 0x00, 0x00, 0x00, 0x00, 0x08, 0x00, 0x00, 0x00, 0x09, 0x00, 0x00, 0x00, 0x00, 0x00, /* ................ */
    0x00, 0x00, 0x00, 0x00, 0x00, 0x00, 0x00, 0x00, 0x00, 0x00, 0x00, 0x00, 0x00, 0x00, 0x00, 0x00, /* ................ */
    0x00, 0x00, 0x00, 0x00, 0x00, 0x00, 0x00, 0x00, 0x00, 0x00, 0x0a, 0x00, 0x00, 0x00, 0x00, 0x00, /* ................ */
    0x0b, 0x00, 0x00, 0x00, 0x00, 0x00, 0x0e, 0x00, 0x0f, 0x00, 0x00, 0x00, 0x00, 0x00, 0x00, 0x00, /* ................ */
    0x00, 0x00, 0x00, 0x00, 0x00, 0x00, 0x10, 0x00, 0x11, 0x00, 0x12, 0x00, 0x13, 0x00, 0x14, 0x00, /* ................ */
    0x15, 0x00, 0x16, 0x00, 0x17, 0x00, 0x54, 0x00, 0x55, 0x00, 0x56, 0x00, 0x57, 0x00, 0x58, 0x00, /* ......T.U.V.W.X. */
    0x59, 0x00, 0x5a, 0x00, 0x5b, 0x00, 0x5c, 0x00, 0x5d, 0x00, 0x5e, 0x00, 0x5f, 0x00, 0x60, 0x00, /* Y.Z.[.\.].^._.`. */
    0x61, 0x00, 0x62, 0x00, 0x63, 0x00, 0x64, 0x00, 0x65, 0x00, 0x1b, 0x00, 0x00, 0x00, 0x1c, 0x00, /* a.b.c.d.e....... */
    0x1d, 0x00, 0x00, 0x00, 0x00, 0x00, 0x1e, 0x00, 0x00, 0x00, 0x00, 0x00, 0x00, 0x00, 0x00, 0x00, /* ................ */
    0x20, 0x00, 0x21, 0x00, 0x00, 0x00, 0x22, 0x00, 0x23, 0x00, 0x24, 0x00, 0x25, 0x00, 0x26, 0x00, /*  .!...".#.$.%.&. */
    0x00, 0x00, 0x00, 0x00, 0x28, 0x00, 0x04, 0x00, 0x05, 0x00, 0x06, 0x00, 0x00, 0x00, 0x00, 0x00, /* ....(........... */
    0x08, 0x00, 0x00, 0x00, 0xad, 0x00, 0x3f, 0x00, 0x00, 0x00, 0x00, 0x00, 0x00, 0x00, 0x00, 0x00, /* ......?......... */
    0x00, 0x00, 0x00, 0x00, 0x00, 0x00, 0x00, 0x00, 0x00, 0x00, 0x00, 0x00, 0x00, 0x00, 0x00, 0x00, /* ................ */
    0x00, 0x00, 0x00, 0x00, 0x0a, 0x00, 0x00, 0x00, 0x00, 0x00, 0x0b, 0x00, 0x0c, 0x00, 0x0d, 0x00, /* ................ */
    0x0e, 0x00, 0x0f, 0x00, 0x04, 0x00, 0x05, 0x00, 0x06, 0x00, 0x00, 0x00, 0x00, 0x00, 0x08, 0x00, /* ................ */
    0x00, 0x00, 0x09, 0x00, 0x12, 0x00, 0x13, 0x00, 0x14, 0x00, 0x15, 0x00, 0x16, 0x00, 0x17, 0x00, /* ................ */
    0x00, 0x00, 0x00, 0x00, 0x00, 0x00, 0x00, 0x00, 0x00, 0x00, 0x00, 0x00, 0x00, 0x00, 0x00, 0x00, /* ................ */
    0x00, 0x00, 0x0a, 0x00, 0x00, 0x00, 0x00, 0x00, 0x0b, 0x00, 0x0c, 0x00, 0x0d, 0x00, 0x0e, 0x00, /* ................ */
    0x0f, 0x00, 0x00, 0x00, 0x1b, 0x00, 0x00, 0x00, 0x1c, 0x00, 0x1d, 0x00, 0x00, 0x00, 0x00, 0x00, /* ................ */
    0x00, 0x00, 0x12, 0x00, 0x13, 0x00, 0x14, 0x00, 0x15, 0x00, 0x16, 0x00, 0x17, 0x00, 0x00, 0x00, /* ................ */
    0x22, 0x00, 0x23, 0x00, 0x00, 0x00, 0x00, 0x00, 0x00, 0x00, 0x00, 0x00, 0x00, 0x00, 0x28, 0x00, /* ".#...........(. */
    0x00, 0x00, 0x00, 0x00, 0x00, 0x00, 0x00, 0x00, 0x00, 0x00, 0x00, 0x00, 0x00, 0x00, 0x00, 0x00, /* ................ */
    0x00, 0x00, 0x1b, 0x00, 0x00, 0x00, 0x1c, 0x00, 0x1d, 0x00, 0x04, 0x00, 0x05, 0x00, 0x06, 0x00, /* ................ */
    0x00, 0x00, 0x00, 0x00, 0x08, 0x00, 0x00, 0x00, 0xad, 0x00, 0x00, 0x00, 0x00, 0x00, 0x22, 0x00, /* ..............". */
    0x23, 0x00, 0x00, 0x00, 0x00, 0x00, 0x00, 0x00, 0x00, 0x00, 0x00, 0x00, 0x28, 0x00, 0x00, 0x00, /* #...........(... */
    0x00, 0x00, 0x00, 0x00, 0x00, 0x00, 0x00, 0x00, 0x0a, 0x00, 0x00, 0x00, 0x00, 0x00, 0x0b, 0x00, /* ................ */
    0x0c, 0x00, 0x0d, 0x00, 0x0e, 0x00, 0x0f, 0x00, 0x04, 0x00, 0x05, 0x00, 0x06, 0x00, 0x00, 0x00, /* ................ */
    0x00, 0x00, 0x08, 0x00, 0x00, 0x00, 0x09, 0x00, 0x12, 0x00, 0x13, 0x00, 0x14, 0x00, 0x15, 0x00, /* ................ */
    0x16, 0x00, 0x17, 0x00, 0x00, 0x00, 0x00, 0x00, 0x00, 0x00, 0x00, 0x00, 0x00, 0x00, 0x00, 0x00, /* ................ */
    0x00, 0x00, 0x00, 0x00, 0x00, 0x00, 0x0a, 0x00, 0x00, 0x00, 0x00, 0x00, 0x0b, 0x00, 0x00, 0x00, /* ................ */
    0x00, 0x00, 0x0e, 0x00, 0x0f, 0x00, 0x00, 0x00, 0x1b, 0x00, 0x00, 0x00, 0x1c, 0x00, 0x1d, 0x00, /* ................ */
    0x00, 0x00, 0x00, 0x00, 0x00, 0x00, 0x12, 0x00, 0x13, 0x00, 0x14, 0x00, 0x15, 0x00, 0x16, 0x00, /* ................ */
    0x17, 0x00, 0x00, 0x00, 0x22, 0x00, 0x23, 0x00, 0x00, 0x00, 0x00, 0x00, 0x00, 0x00, 0x00, 0x00, /* ....".#......... */
    0x00, 0x00, 0x28, 0x00, 0x00, 0x00, 0x00, 0x00, 0x00, 0x00, 0x00, 0x00, 0x00, 0x00, 0x00, 0x00, /* ..(............. */
    0x00, 0x00, 0x00, 0x00, 0x00, 0x00, 0x1b, 0x00, 0x00, 0x00, 0x1c, 0x00, 0x1d, 0x00, 0x00, 0x00, /* ................ */
    0x00, 0x00, 0x00, 0x00, 0x00, 0x00, 0x00, 0x00, 0x00, 0x00, 0x00, 0x00, 0x00, 0x00, 0x00, 0x00, /* ................ */
    0x00, 0x00, 0x22, 0x00, 0x23, 0x00, 0x00, 0x00, 0x00, 0x00, 0x00, 0x00, 0xc8, 0x00, 0x00, 0x00, /* ..".#........... */
    0x28, 0x00, 0x54, 0x00, 0x55, 0x00, 0x56, 0x00, 0x57, 0x00, 0x58, 0x00, 0x59, 0x00, 0x5a, 0x00, /* (.T.U.V.W.X.Y.Z. */
    0x5b, 0x00, 0x5c, 0x00, 0x5d, 0x00, 0x5e, 0x00, 0x5f, 0x00, 0x60, 0x00, 0x61, 0x00, 0x62, 0x00, /* [.\.].^._.`.a.b. */
    0x63, 0x00, 0x64, 0x00, 0x65, 0x00, 0xc9, 0x00, 0x00, 0x00, 0x00, 0x00, 0x54, 0x00, 0x55, 0x00, /* c.d.e.......T.U. */
    0x56, 0x00, 0x57, 0x00, 0x58, 0x00, 0x59, 0x00, 0x5a, 0x00, 0x5b, 0x00, 0x5c, 0x00, 0x5d, 0x00, /* V.W.X.Y.Z.[.\.]. */
    0x5e, 0x00, 0x5f, 0x00, 0x60, 0x00, 0x61, 0x00, 0x62, 0x00, 0x63, 0x00, 0x64, 0x00, 0x65, 0x00, /* ^._.`.a.b.c.d.e. */
    0xcc, 0x00, 0x00, 0x00, 0x00, 0x00, 0x54, 0x00, 0x55, 0x00, 0x56, 0x00, 0x57, 0x00, 0x58, 0x00, /* ......T.U.V.W.X. */
    0x59, 0x00, 0x5a, 0x00, 0x5b, 0x00, 0x5c, 0x00, 0x5d, 0x00, 0x5e, 0x00, 0x5f, 0x00, 0x60, 0x00, /* Y.Z.[.\.].^._.`. */
    0x61, 0x00, 0x62, 0x00, 0x63, 0x00, 0x64, 0x00, 0x65, 0x00, 0xe8, 0x00, 0x00, 0x00, 0x00, 0x00, /* a.b.c.d.e....... */
    0x54, 0x00, 0x55, 0x00, 0x56, 0x00, 0x57, 0x00, 0x58, 0x00, 0x59, 0x00, 0x5a, 0x00, 0x5b, 0x00, /* T.U.V.W.X.Y.Z.[. */
    0x5c, 0x00, 0x5d, 0x00, 0x5e, 0x00, 0x5f, 0x00, 0x60, 0x00, 0x61, 0x00, 0x62, 0x00, 0x63, 0x00, /* \.].^._.`.a.b.c. */
    0x64, 0x00, 0x65, 0x00, 0xc6, 0x00, 0x54, 0x00, 0x55, 0x00, 0x56, 0x00, 0x57, 0x00, 0x58, 0x00, /* d.e...T.U.V.W.X. */
    0x59, 0x00, 0x5a, 0x00, 0x5b, 0x00, 0x5c, 0x00, 0x5d, 0x00, 0x5e, 0x00, 0x5f, 0x00, 0x60, 0x00, /* Y.Z.[.\.].^._.`. */
    0x61, 0x00, 0x62, 0x00, 0x63, 0x00, 0x64, 0x00, 0x65, 0x00, 0xd0, 0x00, 0x54, 0x00, 0x55, 0x00, /* a.b.c.d.e...T.U. */
    0x56, 0x00, 0x57, 0x00, 0x58, 0x00, 0x59, 0x00, 0x5a, 0x00, 0x5b, 0x00, 0x5c, 0x00, 0x5d, 0x00, /* V.W.X.Y.Z.[.\.]. */
    0x5e, 0x00, 0x5f, 0x00, 0x60, 0x00, 0x61, 0x00, 0x62, 0x00, 0x63, 0x00, 0x64, 0x00, 0x65, 0x00, /* ^._.`.a.b.c.d.e. */
    0x55, 0x00, 0x56, 0x00, 0x57, 0x00, 0x58, 0x00, 0x59, 0x00, 0x5a, 0x00, 0x5b, 0x00, 0x5c, 0x00, /* U.V.W.X.Y.Z.[.\. */
    0x5d, 0x00, 0x5e, 0x00, 0x5f, 0x00, 0x60, 0x00, 0x61, 0x00, 0x62, 0x00, 0x63, 0x00, 0x64, 0x00, /* ].^._.`.a.b.c.d. */
    0x65, 0x00, 0x56, 0x00, 0x57, 0x00, 0x58, 0x00, 0x59, 0x00, 0x5a, 0x00, 0x5b, 0x00, 0x5c, 0x00, /* e.V.W.X.Y.Z.[.\. */
    0x5d, 0x00, 0x5e, 0x00, 0x5f, 0x00, 0x60, 0x00, 0x61, 0x00, 0x62, 0x00, 0x63, 0x00, 0x64, 0x00, /* ].^._.`.a.b.c.d. */
    0x65, 0x00, 0x00, 0x00, 0x00, 0x00, 0x00, 0x00, 0x00, 0x00, 0x00, 0x00, 0x00, 0x00, 0x00, 0x00, /* e............... */
    0x00, 0x00, 0x00, 0x00, 0x00, 0x00, 0x00, 0x00, 0x00, 0x00, 0x00, 0x00, 0x00, 0x00, 0x00, 0x00 /* ................ */
};

/* 0x00300020 */
const unsigned char yycheck[2656] = {
    0x02, 0x00, 0x09, 0x00, 0x44, 0x00, 0x27, 0x00, 0x02, 0x00, 0x04, 0x00, 0x0a, 0x00, 0x67, 0x00, /* ....D.'.......g. */
    0x02, 0x00, 0x04, 0x00, 0x30, 0x00, 0x04, 0x00, 0x04, 0x00, 0x0a, 0x00, 0x0a, 0x00, 0x04, 0x00, /* ....0........... */
    0x21, 0x00, 0x22, 0x00, 0x02, 0x00, 0x0b, 0x00, 0x0a, 0x00, 0x3b, 0x00, 0x0b, 0x00, 0x1c, 0x00, /* !.".......;..... */
    0x1d, 0x00, 0x1e, 0x00, 0x1a, 0x00, 0x0a, 0x00, 0x1c, 0x00, 0x04, 0x00, 0x0a, 0x00, 0x0a, 0x00, /* ................ */
    0x24, 0x00, 0x04, 0x00, 0x02, 0x00, 0x09, 0x00, 0x0b, 0x00, 0x0a, 0x00, 0x04, 0x00, 0x24, 0x00, /* $.............$. */
    0x09, 0x00, 0x12, 0x00, 0x26, 0x00, 0x23, 0x00, 0x0c, 0x00, 0x0d, 0x00, 0x24, 0x00, 0x09, 0x00, /* ....&.#.....$... */
    0x10, 0x00, 0x11, 0x00, 0x2d, 0x00, 0x2b, 0x00, 0x09, 0x00, 0x24, 0x00, 0x38, 0x00, 0x09, 0x00, /* ....-.+...$.8... */
    0x24, 0x00, 0x24, 0x00, 0x38, 0x00, 0x09, 0x00, 0x23, 0x00, 0x45, 0x00, 0x04, 0x00, 0x24, 0x00, /* $.$.8...#.E...$. */
    0x0b, 0x00, 0x0c, 0x00, 0x45, 0x00, 0x42, 0x00, 0x2b, 0x00, 0x09, 0x00, 0x09, 0x00, 0x30, 0x00, /* ....E.B.+.....0. */
    0x38, 0x00, 0x41, 0x00, 0x26, 0x00, 0x4d, 0x00, 0x35, 0x00, 0x46, 0x00, 0x46, 0x00, 0x4d, 0x00, /* 8.A.&.M.5.F.F.M. */
    0x52, 0x00, 0x46, 0x00, 0x3b, 0x00, 0x26, 0x00, 0x52, 0x00, 0xb5, 0x00, 0x26, 0x00, 0x56, 0x00, /* R.F.;.&.R...&.V. */
    0x57, 0x00, 0x0b, 0x00, 0x41, 0x00, 0x45, 0x00, 0x05, 0x00, 0x4d, 0x00, 0x3e, 0x00, 0x46, 0x00, /* W...A.E...M.>.F. */
    0x47, 0x00, 0x48, 0x00, 0x52, 0x00, 0x4a, 0x00, 0x8a, 0x00, 0x05, 0x00, 0x04, 0x00, 0x09, 0x00, /* G.H.R.J......... */
    0x09, 0x00, 0x50, 0x00, 0x04, 0x00, 0x4b, 0x00, 0x4c, 0x00, 0x09, 0x00, 0x09, 0x00, 0x4f, 0x00, /* ..P...K.L.....O. */
    0x09, 0x00, 0x0b, 0x00, 0x09, 0x00, 0x09, 0x00, 0x54, 0x00, 0x55, 0x00, 0x56, 0x00, 0x57, 0x00, /* ........T.U.V.W. */
    0x58, 0x00, 0x59, 0x00, 0x5a, 0x00, 0x5b, 0x00, 0x5c, 0x00, 0x5d, 0x00, 0x5e, 0x00, 0x5f, 0x00, /* X.Y.Z.[.\.].^._. */
    0x60, 0x00, 0x61, 0x00, 0x62, 0x00, 0x63, 0x00, 0x64, 0x00, 0x65, 0x00, 0x88, 0x00, 0x04, 0x00, /* `.a.b.c.d.e..... */
    0x68, 0x00, 0x23, 0x00, 0x0a, 0x00, 0x25, 0x00, 0x0a, 0x00, 0x25, 0x00, 0x09, 0x00, 0x04, 0x00, /* h.#...%...%..... */
    0x70, 0x00, 0x2b, 0x00, 0x05, 0x00, 0x73, 0x00, 0x74, 0x00, 0x75, 0x00, 0x76, 0x00, 0x77, 0x00, /* p.+...s.t.u.v.w. */
    0x78, 0x00, 0x79, 0x00, 0x7a, 0x00, 0x7b, 0x00, 0x7c, 0x00, 0xc3, 0x00, 0x0c, 0x00, 0x26, 0x00, /* x.y.z.{.|.....&. */
    0x07, 0x00, 0x8a, 0x00, 0x1a, 0x00, 0x1b, 0x00, 0x1c, 0x00, 0x1d, 0x00, 0x1e, 0x00, 0x41, 0x00, /* ..............A. */
    0x0a, 0x00, 0x32, 0x00, 0x04, 0x00, 0x07, 0x00, 0x46, 0x00, 0x04, 0x00, 0x00, 0x00, 0x8f, 0x00, /* ..2.....F....... */
    0x26, 0x00, 0x0a, 0x00, 0x00, 0x00, 0x12, 0x00, 0x94, 0x00, 0x18, 0x00, 0x19, 0x00, 0x1a, 0x00, /* &............... */
    0x1b, 0x00, 0x1c, 0x00, 0x1d, 0x00, 0x1e, 0x00, 0x02, 0x00, 0xe1, 0x00, 0xe0, 0x00, 0x4d, 0x00, /* ..............M. */
    0xff, 0xff, 0xff, 0xff, 0xff, 0xff, 0xff, 0xff, 0xff, 0xff, 0xff, 0xff, 0xc8, 0x00, 0xc9, 0x00, /* ................ */
    0xff, 0xff, 0xff, 0xff, 0xc8, 0x00, 0xc9, 0x00, 0xff, 0xff, 0xad, 0x00, 0xc8, 0x00, 0xc9, 0x00, /* ................ */
    0xf4, 0x00, 0xb1, 0x00, 0xb2, 0x00, 0xb3, 0x00, 0xb4, 0x00, 0xff, 0xff, 0xff, 0xff, 0xff, 0xff, /* ................ */
    0xc8, 0x00, 0xc9, 0x00, 0xc3, 0x00, 0xff, 0xff, 0xff, 0xff, 0xff, 0xff, 0xe0, 0x00, 0xff, 0xff, /* ................ */
    0xff, 0xff, 0xff, 0xff, 0xe0, 0x00, 0xff, 0xff, 0xff, 0xff, 0xff, 0xff, 0xff, 0xff, 0xff, 0xff, /* ................ */
    0xff, 0xff, 0xff, 0xff, 0xff, 0xff, 0xed, 0x00, 0xff, 0xff, 0xff, 0xff, 0xf0, 0x00, 0xed, 0x00, /* ................ */
    0xe0, 0x00, 0xff, 0xff, 0xf0, 0x00, 0xed, 0x00, 0xff, 0xff, 0xff, 0xff, 0xf8, 0x00, 0xff, 0xff, /* ................ */
    0xfa, 0x00, 0xff, 0xff, 0xf8, 0x00, 0xff, 0xff, 0xfa, 0x00, 0xed, 0x00, 0xf8, 0x00, 0xff, 0xff, /* ................ */
    0xf0, 0x00, 0xff, 0xff, 0xff, 0xff, 0xff, 0xff, 0xff, 0xff, 0xe5, 0x00, 0x27, 0x00, 0xe7, 0x00, /* ............'... */
    0xf8, 0x00, 0xff, 0xff, 0xfa, 0x00, 0x04, 0x00, 0x05, 0x00, 0x06, 0x00, 0x07, 0x00, 0x08, 0x00, /* ................ */
    0x09, 0x00, 0xff, 0xff, 0x0b, 0x00, 0xff, 0xff, 0x35, 0x00, 0x36, 0x00, 0x37, 0x00, 0x38, 0x00, /* ........5.6.7.8. */
    0x39, 0x00, 0x3a, 0x00, 0x3b, 0x00, 0x3c, 0x00, 0x3d, 0x00, 0x3e, 0x00, 0x3f, 0x00, 0x40, 0x00, /* 9.:.;.<.=.>.?.@. */
    0xff, 0xff, 0xff, 0xff, 0x1b, 0x00, 0xff, 0xff, 0xff, 0xff, 0x1e, 0x00, 0xff, 0xff, 0xff, 0xff, /* ................ */
    0x21, 0x00, 0x22, 0x00, 0xff, 0xff, 0xff, 0xff, 0xff, 0xff, 0x26, 0x00, 0xff, 0xff, 0xff, 0xff, /* !.".......&..... */
    0x29, 0x00, 0x2a, 0x00, 0x2b, 0x00, 0x2c, 0x00, 0x2d, 0x00, 0x2e, 0x00, 0x2f, 0x00, 0x30, 0x00, /* ).*.+.,.-.../.0. */
    0x31, 0x00, 0xff, 0xff, 0x33, 0x00, 0x34, 0x00, 0x11, 0x00, 0x12, 0x00, 0x13, 0x00, 0x14, 0x00, /* 1...3.4......... */
    0x15, 0x00, 0x16, 0x00, 0x17, 0x00, 0x18, 0x00, 0x19, 0x00, 0x1a, 0x00, 0x1b, 0x00, 0x1c, 0x00, /* ................ */
    0x1d, 0x00, 0x1e, 0x00, 0x43, 0x00, 0xff, 0xff, 0x45, 0x00, 0x46, 0x00, 0xff, 0xff, 0xff, 0xff, /* ....C...E.F..... */
    0x49, 0x00, 0xff, 0xff, 0x4b, 0x00, 0x4c, 0x00, 0x4d, 0x00, 0x4e, 0x00, 0x4f, 0x00, 0xff, 0xff, /* I...K.L.M.N.O... */
    0x51, 0x00, 0x52, 0x00, 0x53, 0x00, 0x54, 0x00, 0x55, 0x00, 0x56, 0x00, 0xff, 0xff, 0x58, 0x00, /* Q.R.S.T.U.V...X. */
    0x04, 0x00, 0x05, 0x00, 0x06, 0x00, 0x07, 0x00, 0xff, 0xff, 0x09, 0x00, 0xff, 0xff, 0x0b, 0x00, /* ................ */
    0x10, 0x00, 0x11, 0x00, 0x12, 0x00, 0x13, 0x00, 0x14, 0x00, 0x15, 0x00, 0x16, 0x00, 0x17, 0x00, /* ................ */
    0x18, 0x00, 0x19, 0x00, 0x1a, 0x00, 0x1b, 0x00, 0x1c, 0x00, 0x1d, 0x00, 0x1e, 0x00, 0x1b, 0x00, /* ................ */
    0xff, 0xff, 0xff, 0xff, 0x1e, 0x00, 0xff, 0xff, 0xff, 0xff, 0x21, 0x00, 0x22, 0x00, 0xff, 0xff, /* ..........!."... */
    0xff, 0xff, 0xff, 0xff, 0x26, 0x00, 0xff, 0xff, 0xff, 0xff, 0x29, 0x00, 0x2a, 0x00, 0x2b, 0x00, /* ....&.....).*.+. */
    0x2c, 0x00, 0x2d, 0x00, 0x2e, 0x00, 0x2f, 0x00, 0x30, 0x00, 0x31, 0x00, 0xff, 0xff, 0x33, 0x00, /* ,.-.../.0.1...3. */
    0x34, 0x00, 0x12, 0x00, 0x13, 0x00, 0x14, 0x00, 0x15, 0x00, 0x16, 0x00, 0x17, 0x00, 0x18, 0x00, /* 4............... */
    0x19, 0x00, 0x1a, 0x00, 0x1b, 0x00, 0x1c, 0x00, 0x1d, 0x00, 0x1e, 0x00, 0xff, 0xff, 0x43, 0x00, /* ..............C. */
    0xff, 0xff, 0x45, 0x00, 0x46, 0x00, 0xff, 0xff, 0xff, 0xff, 0x49, 0x00, 0xff, 0xff, 0x4b, 0x00, /* ..E.F.....I...K. */
    0x4c, 0x00, 0x4d, 0x00, 0x4e, 0x00, 0x4f, 0x00, 0xff, 0xff, 0x51, 0x00, 0x52, 0x00, 0x53, 0x00, /* L.M.N.O...Q.R.S. */
    0x54, 0x00, 0x55, 0x00, 0x56, 0x00, 0x57, 0x00, 0x58, 0x00, 0x04, 0x00, 0x05, 0x00, 0x06, 0x00, /* T.U.V.W.X....... */
    0x07, 0x00, 0x08, 0x00, 0x09, 0x00, 0xff, 0xff, 0x0b, 0x00, 0x14, 0x00, 0x15, 0x00, 0x16, 0x00, /* ................ */
    0x17, 0x00, 0x18, 0x00, 0x19, 0x00, 0x1a, 0x00, 0x1b, 0x00, 0x1c, 0x00, 0x1d, 0x00, 0x1e, 0x00, /* ................ */
    0xff, 0xff, 0xff, 0xff, 0xff, 0xff, 0xff, 0xff, 0x1b, 0x00, 0xff, 0xff, 0xff, 0xff, 0x1e, 0x00, /* ................ */
    0xff, 0xff, 0xff, 0xff, 0x21, 0x00, 0x22, 0x00, 0xff, 0xff, 0xff, 0xff, 0xff, 0xff, 0x26, 0x00, /* ....!.".......&. */
    0xff, 0xff, 0xff, 0xff, 0x29, 0x00, 0x2a, 0x00, 0x2b, 0x00, 0x2c, 0x00, 0x2d, 0x00, 0x2e, 0x00, /* ....).*.+.,.-... */
    0x2f, 0x00, 0x30, 0x00, 0x31, 0x00, 0xff, 0xff, 0x33, 0x00, 0x34, 0x00, 0xff, 0xff, 0xff, 0xff, /* /.0.1...3.4..... */
    0xff, 0xff, 0xff, 0xff, 0xff, 0xff, 0xff, 0xff, 0xff, 0xff, 0xff, 0xff, 0xff, 0xff, 0xff, 0xff, /* ................ */
    0xff, 0xff, 0xff, 0xff, 0xff, 0xff, 0xff, 0xff, 0x43, 0x00, 0xff, 0xff, 0x45, 0x00, 0x46, 0x00, /* ........C...E.F. */
    0xff, 0xff, 0xff, 0xff, 0x49, 0x00, 0xff, 0xff, 0x4b, 0x00, 0x4c, 0x00, 0x4d, 0x00, 0x4e, 0x00, /* ....I...K.L.M.N. */
    0x4f, 0x00, 0xff, 0xff, 0x51, 0x00, 0x52, 0x00, 0x53, 0x00, 0x54, 0x00, 0x55, 0x00, 0x56, 0x00, /* O...Q.R.S.T.U.V. */
    0xff, 0xff, 0x58, 0x00, 0x04, 0x00, 0x05, 0x00, 0x06, 0x00, 0x07, 0x00, 0x08, 0x00, 0x09, 0x00, /* ..X............. */
    0xff, 0xff, 0x0b, 0x00, 0xff, 0xff, 0xff, 0xff, 0xff, 0xff, 0xff, 0xff, 0xff, 0xff, 0xff, 0xff, /* ................ */
    0xff, 0xff, 0xff, 0xff, 0xff, 0xff, 0xff, 0xff, 0xff, 0xff, 0xff, 0xff, 0xff, 0xff, 0xff, 0xff, /* ................ */
    0xff, 0xff, 0x1b, 0x00, 0xff, 0xff, 0xff, 0xff, 0x1e, 0x00, 0xff, 0xff, 0xff, 0xff, 0x21, 0x00, /* ..............!. */
    0x22, 0x00, 0xff, 0xff, 0xff, 0xff, 0xff, 0xff, 0x26, 0x00, 0xff, 0xff, 0xff, 0xff, 0x29, 0x00, /* ".......&.....). */
    0x2a, 0x00, 0x2b, 0x00, 0x2c, 0x00, 0x2d, 0x00, 0x2e, 0x00, 0x2f, 0x00, 0x30, 0x00, 0x31, 0x00, /* *.+.,.-.../.0.1. */
    0xff, 0xff, 0x33, 0x00, 0x34, 0x00, 0xff, 0xff, 0xff, 0xff, 0xff, 0xff, 0xff, 0xff, 0xff, 0xff, /* ..3.4........... */
    0xff, 0xff, 0xff, 0xff, 0xff, 0xff, 0xff, 0xff, 0xff, 0xff, 0xff, 0xff, 0xff, 0xff, 0xff, 0xff, /* ................ */
    0xff, 0xff, 0x43, 0x00, 0xff, 0xff, 0x45, 0x00, 0x46, 0x00, 0xff, 0xff, 0xff, 0xff, 0x49, 0x00, /* ..C...E.F.....I. */
    0xff, 0xff, 0x4b, 0x00, 0x4c, 0x00, 0x4d, 0x00, 0x4e, 0x00, 0x4f, 0x00, 0xff, 0xff, 0x51, 0x00, /* ..K.L.M.N.O...Q. */
    0x52, 0x00, 0x53, 0x00, 0x54, 0x00, 0x55, 0x00, 0x56, 0x00, 0xff, 0xff, 0x58, 0x00, 0x04, 0x00, /* R.S.T.U.V...X... */
    0x05, 0x00, 0x06, 0x00, 0x07, 0x00, 0xff, 0xff, 0x09, 0x00, 0xff, 0xff, 0x0b, 0x00, 0xff, 0xff, /* ................ */
    0xff, 0xff, 0xff, 0xff, 0xff, 0xff, 0xff, 0xff, 0xff, 0xff, 0xff, 0xff, 0xff, 0xff, 0xff, 0xff, /* ................ */
    0xff, 0xff, 0xff, 0xff, 0xff, 0xff, 0xff, 0xff, 0xff, 0xff, 0xff, 0xff, 0x1b, 0x00, 0xff, 0xff, /* ................ */
    0xff, 0xff, 0x1e, 0x00, 0xff, 0xff, 0xff, 0xff, 0x21, 0x00, 0x22, 0x00, 0xff, 0xff, 0xff, 0xff, /* ........!."..... */
    0xff, 0xff, 0x26, 0x00, 0xff, 0xff, 0xff, 0xff, 0x29, 0x00, 0x2a, 0x00, 0x2b, 0x00, 0x2c, 0x00, /* ..&.....).*.+.,. */
    0x2d, 0x00, 0x2e, 0x00, 0x2f, 0x00, 0x30, 0x00, 0x31, 0x00, 0xff, 0xff, 0x33, 0x00, 0x34, 0x00, /* -.../.0.1...3.4. */
    0xff, 0xff, 0xff, 0xff, 0xff, 0xff, 0xff, 0xff, 0xff, 0xff, 0xff, 0xff, 0xff, 0xff, 0xff, 0xff, /* ................ */
    0xff, 0xff, 0xff, 0xff, 0xff, 0xff, 0xff, 0xff, 0xff, 0xff, 0xff, 0xff, 0x43, 0x00, 0xff, 0xff, /* ............C... */
    0x45, 0x00, 0x46, 0x00, 0xff, 0xff, 0xff, 0xff, 0x49, 0x00, 0xff, 0xff, 0x4b, 0x00, 0x4c, 0x00, /* E.F.....I...K.L. */
    0x4d, 0x00, 0x4e, 0x00, 0x4f, 0x00, 0xff, 0xff, 0x51, 0x00, 0x52, 0x00, 0x53, 0x00, 0x54, 0x00, /* M.N.O...Q.R.S.T. */
    0x55, 0x00, 0x56, 0x00, 0xff, 0xff, 0x58, 0x00, 0x04, 0x00, 0x05, 0x00, 0x06, 0x00, 0x07, 0x00, /* U.V...X......... */
    0xff, 0xff, 0x09, 0x00, 0xff, 0xff, 0x0b, 0x00, 0xff, 0xff, 0xff, 0xff, 0xff, 0xff, 0xff, 0xff, /* ................ */
    0xff, 0xff, 0xff, 0xff, 0xff, 0xff, 0xff, 0xff, 0xff, 0xff, 0xff, 0xff, 0xff, 0xff, 0xff, 0xff, /* ................ */
    0xff, 0xff, 0xff, 0xff, 0xff, 0xff, 0x1b, 0x00, 0xff, 0xff, 0xff, 0xff, 0x1e, 0x00, 0x1f, 0x00, /* ................ */
    0x20, 0x00, 0x21, 0x00, 0x22, 0x00, 0xff, 0xff, 0xff, 0xff, 0xff, 0xff, 0xff, 0xff, 0xff, 0xff, /*  .!."........... */
    0xff, 0xff, 0x29, 0x00, 0x2a, 0x00, 0x2b, 0x00, 0x2c, 0x00, 0x2d, 0x00, 0x2e, 0x00, 0x2f, 0x00, /* ..).*.+.,.-.../. */
    0x30, 0x00, 0x31, 0x00, 0xff, 0xff, 0x33, 0x00, 0x34, 0x00, 0xff, 0xff, 0xff, 0xff, 0xff, 0xff, /* 0.1...3.4....... */
    0xff, 0xff, 0xff, 0xff, 0xff, 0xff, 0xff, 0xff, 0xff, 0xff, 0xff, 0xff, 0xff, 0xff, 0xff, 0xff, /* ................ */
    0xff, 0xff, 0xff, 0xff, 0xff, 0xff, 0x43, 0x00, 0xff, 0xff, 0x45, 0x00, 0x46, 0x00, 0xff, 0xff, /* ......C...E.F... */
    0xff, 0xff, 0x49, 0x00, 0xff, 0xff, 0x4b, 0x00, 0xff, 0xff, 0xff, 0xff, 0x4e, 0x00, 0x4f, 0x00, /* ..I...K.....N.O. */
    0xff, 0xff, 0x51, 0x00, 0x52, 0x00, 0x53, 0x00, 0x54, 0x00, 0x55, 0x00, 0x56, 0x00, 0xff, 0xff, /* ..Q.R.S.T.U.V... */
    0x58, 0x00, 0x04, 0x00, 0x05, 0x00, 0x06, 0x00, 0x07, 0x00, 0xff, 0xff, 0x09, 0x00, 0xff, 0xff, /* X............... */
    0x0b, 0x00, 0xff, 0xff, 0xff, 0xff, 0xff, 0xff, 0xff, 0xff, 0xff, 0xff, 0xff, 0xff, 0xff, 0xff, /* ................ */
    0xff, 0xff, 0xff, 0xff, 0xff, 0xff, 0xff, 0xff, 0xff, 0xff, 0xff, 0xff, 0xff, 0xff, 0xff, 0xff, /* ................ */
    0x1b, 0x00, 0xff, 0xff, 0xff, 0xff, 0x1e, 0x00, 0xff, 0xff, 0xff, 0xff, 0x21, 0x00, 0x22, 0x00, /* ............!.". */
    0xff, 0xff, 0xff, 0xff, 0xff, 0xff, 0xff, 0xff, 0xff, 0xff, 0xff, 0xff, 0x29, 0x00, 0x2a, 0x00, /* ............).*. */
    0x2b, 0x00, 0x2c, 0x00, 0x2d, 0x00, 0x2e, 0x00, 0x2f, 0x00, 0x30, 0x00, 0x31, 0x00, 0xff, 0xff, /* +.,.-.../.0.1... */
    0x33, 0x00, 0x34, 0x00, 0xff, 0xff, 0xff, 0xff, 0xff, 0xff, 0xff, 0xff, 0xff, 0xff, 0xff, 0xff, /* 3.4............. */
    0xff, 0xff, 0xff, 0xff, 0xff, 0xff, 0xff, 0xff, 0xff, 0xff, 0xff, 0xff, 0xff, 0xff, 0xff, 0xff, /* ................ */
    0x43, 0x00, 0xff, 0xff, 0x45, 0x00, 0x46, 0x00, 0xff, 0xff, 0xff, 0xff, 0x49, 0x00, 0xff, 0xff, /* C...E.F.....I... */
    0x4b, 0x00, 0xff, 0xff, 0xff, 0xff, 0x4e, 0x00, 0x4f, 0x00, 0xff, 0xff, 0x51, 0x00, 0x52, 0x00, /* K.....N.O...Q.R. */
    0x53, 0x00, 0x54, 0x00, 0x55, 0x00, 0x56, 0x00, 0xff, 0xff, 0x58, 0x00, 0x04, 0x00, 0x05, 0x00, /* S.T.U.V...X..... */
    0x06, 0x00, 0xff, 0xff, 0xff, 0xff, 0x09, 0x00, 0xff, 0xff, 0x0b, 0x00, 0xff, 0xff, 0xff, 0xff, /* ................ */
    0xff, 0xff, 0xff, 0xff, 0xff, 0xff, 0xff, 0xff, 0xff, 0xff, 0xff, 0xff, 0xff, 0xff, 0xff, 0xff, /* ................ */
    0xff, 0xff, 0xff, 0xff, 0xff, 0xff, 0xff, 0xff, 0xff, 0xff, 0x1b, 0x00, 0xff, 0xff, 0xff, 0xff, /* ................ */
    0x1e, 0x00, 0xff, 0xff, 0xff, 0xff, 0x21, 0x00, 0x22, 0x00, 0xff, 0xff, 0xff, 0xff, 0xff, 0xff, /* ......!."....... */
    0xff, 0xff, 0xff, 0xff, 0xff, 0xff, 0x29, 0x00, 0x2a, 0x00, 0x2b, 0x00, 0x2c, 0x00, 0x2d, 0x00, /* ......).*.+.,.-. */
    0x2e, 0x00, 0x2f, 0x00, 0x30, 0x00, 0x0d, 0x00, 0x0e, 0x00, 0x0f, 0x00, 0x10, 0x00, 0x11, 0x00, /* ../.0........... */
    0x12, 0x00, 0x13, 0x00, 0x14, 0x00, 0x15, 0x00, 0x16, 0x00, 0x17, 0x00, 0x18, 0x00, 0x19, 0x00, /* ................ */
    0x1a, 0x00, 0x1b, 0x00, 0x1c, 0x00, 0x1d, 0x00, 0x1e, 0x00, 0x43, 0x00, 0xff, 0xff, 0x45, 0x00, /* ..........C...E. */
    0x46, 0x00, 0xff, 0xff, 0xff, 0xff, 0x49, 0x00, 0xff, 0xff, 0xff, 0xff, 0xff, 0xff, 0xff, 0xff, /* F.....I......... */
    0x4e, 0x00, 0x4f, 0x00, 0xff, 0xff, 0x51, 0x00, 0x52, 0x00, 0x53, 0x00, 0x54, 0x00, 0x55, 0x00, /* N.O...Q.R.S.T.U. */
    0xff, 0xff, 0xff, 0xff, 0x58, 0x00, 0x04, 0x00, 0x05, 0x00, 0x06, 0x00, 0xff, 0xff, 0xff, 0xff, /* ....X........... */
    0x09, 0x00, 0xff, 0xff, 0x0b, 0x00, 0x0c, 0x00, 0xff, 0xff, 0xff, 0xff, 0xff, 0xff, 0xff, 0xff, /* ................ */
    0xff, 0xff, 0xff, 0xff, 0xff, 0xff, 0xff, 0xff, 0xff, 0xff, 0xff, 0xff, 0xff, 0xff, 0xff, 0xff, /* ................ */
    0xff, 0xff, 0xff, 0xff, 0x1b, 0x00, 0xff, 0xff, 0xff, 0xff, 0x1e, 0x00, 0x1f, 0x00, 0x20, 0x00, /* .............. . */
    0x21, 0x00, 0x22, 0x00, 0x04, 0x00, 0x05, 0x00, 0x06, 0x00, 0xff, 0xff, 0xff, 0xff, 0x09, 0x00, /* !."............. */
    0xff, 0xff, 0x0b, 0x00, 0x2b, 0x00, 0x2c, 0x00, 0x2d, 0x00, 0x2e, 0x00, 0x2f, 0x00, 0x30, 0x00, /* ....+.,.-.../.0. */
    0xff, 0xff, 0xff, 0xff, 0xff, 0xff, 0xff, 0xff, 0xff, 0xff, 0xff, 0xff, 0xff, 0xff, 0xff, 0xff, /* ................ */
    0xff, 0xff, 0x1b, 0x00, 0xff, 0xff, 0xff, 0xff, 0x1e, 0x00, 0x1f, 0x00, 0x20, 0x00, 0x21, 0x00, /* ............ .!. */
    0x22, 0x00, 0xff, 0xff, 0x43, 0x00, 0xff, 0xff, 0x45, 0x00, 0x46, 0x00, 0xff, 0xff, 0xff, 0xff, /* "...C...E.F..... */
    0xff, 0xff, 0x2b, 0x00, 0x2c, 0x00, 0x2d, 0x00, 0x2e, 0x00, 0x2f, 0x00, 0x30, 0x00, 0xff, 0xff, /* ..+.,.-.../.0... */
    0x51, 0x00, 0x52, 0x00, 0xff, 0xff, 0xff, 0xff, 0xff, 0xff, 0xff, 0xff, 0xff, 0xff, 0x58, 0x00, /* Q.R...........X. */
    0xff, 0xff, 0xff, 0xff, 0xff, 0xff, 0xff, 0xff, 0xff, 0xff, 0xff, 0xff, 0xff, 0xff, 0xff, 0xff, /* ................ */
    0xff, 0xff, 0x43, 0x00, 0xff, 0xff, 0x45, 0x00, 0x46, 0x00, 0x04, 0x00, 0x05, 0x00, 0x06, 0x00, /* ..C...E.F....... */
    0xff, 0xff, 0xff, 0xff, 0x09, 0x00, 0xff, 0xff, 0x0b, 0x00, 0xff, 0xff, 0xff, 0xff, 0x51, 0x00, /* ..............Q. */
    0x52, 0x00, 0xff, 0xff, 0xff, 0xff, 0xff, 0xff, 0xff, 0xff, 0xff, 0xff, 0x58, 0x00, 0xff, 0xff, /* R...........X... */
    0xff, 0xff, 0xff, 0xff, 0xff, 0xff, 0xff, 0xff, 0x1b, 0x00, 0xff, 0xff, 0xff, 0xff, 0x1e, 0x00, /* ................ */
    0x1f, 0x00, 0x20, 0x00, 0x21, 0x00, 0x22, 0x00, 0x04, 0x00, 0x05, 0x00, 0x06, 0x00, 0xff, 0xff, /* .. .!."......... */
    0xff, 0xff, 0x09, 0x00, 0xff, 0xff, 0x0b, 0x00, 0x2b, 0x00, 0x2c, 0x00, 0x2d, 0x00, 0x2e, 0x00, /* ........+.,.-... */
    0x2f, 0x00, 0x30, 0x00, 0xff, 0xff, 0xff, 0xff, 0xff, 0xff, 0xff, 0xff, 0xff, 0xff, 0xff, 0xff, /* /.0............. */
    0xff, 0xff, 0xff, 0xff, 0xff, 0xff, 0x1b, 0x00, 0xff, 0xff, 0xff, 0xff, 0x1e, 0x00, 0xff, 0xff, /* ................ */
    0xff, 0xff, 0x21, 0x00, 0x22, 0x00, 0xff, 0xff, 0x43, 0x00, 0xff, 0xff, 0x45, 0x00, 0x46, 0x00, /* ..!."...C...E.F. */
    0xff, 0xff, 0xff, 0xff, 0xff, 0xff, 0x2b, 0x00, 0x2c, 0x00, 0x2d, 0x00, 0x2e, 0x00, 0x2f, 0x00, /* ......+.,.-.../. */
    0x30, 0x00, 0xff, 0xff, 0x51, 0x00, 0x52, 0x00, 0xff, 0xff, 0xff, 0xff, 0xff, 0xff, 0xff, 0xff, /* 0...Q.R......... */
    0xff, 0xff, 0x58, 0x00, 0xff, 0xff, 0xff, 0xff, 0xff, 0xff, 0xff, 0xff, 0xff, 0xff, 0xff, 0xff, /* ..X............. */
    0xff, 0xff, 0xff, 0xff, 0xff, 0xff, 0x43, 0x00, 0xff, 0xff, 0x45, 0x00, 0x46, 0x00, 0xff, 0xff, /* ......C...E.F... */
    0xff, 0xff, 0xff, 0xff, 0xff, 0xff, 0xff, 0xff, 0xff, 0xff, 0xff, 0xff, 0xff, 0xff, 0xff, 0xff, /* ................ */
    0xff, 0xff, 0x51, 0x00, 0x52, 0x00, 0xff, 0xff, 0xff, 0xff, 0xff, 0xff, 0x0a, 0x00, 0xff, 0xff, /* ..Q.R........... */
    0x58, 0x00, 0x0d, 0x00, 0x0e, 0x00, 0x0f, 0x00, 0x10, 0x00, 0x11, 0x00, 0x12, 0x00, 0x13, 0x00, /* X............... */
    0x14, 0x00, 0x15, 0x00, 0x16, 0x00, 0x17, 0x00, 0x18, 0x00, 0x19, 0x00, 0x1a, 0x00, 0x1b, 0x00, /* ................ */
    0x1c, 0x00, 0x1d, 0x00, 0x1e, 0x00, 0x0a, 0x00, 0xff, 0xff, 0xff, 0xff, 0x0d, 0x00, 0x0e, 0x00, /* ................ */
    0x0f, 0x00, 0x10, 0x00, 0x11, 0x00, 0x12, 0x00, 0x13, 0x00, 0x14, 0x00, 0x15, 0x00, 0x16, 0x00, /* ................ */
    0x17, 0x00, 0x18, 0x00, 0x19, 0x00, 0x1a, 0x00, 0x1b, 0x00, 0x1c, 0x00, 0x1d, 0x00, 0x1e, 0x00, /* ................ */
    0x0a, 0x00, 0xff, 0xff, 0xff, 0xff, 0x0d, 0x00, 0x0e, 0x00, 0x0f, 0x00, 0x10, 0x00, 0x11, 0x00, /* ................ */
    0x12, 0x00, 0x13, 0x00, 0x14, 0x00, 0x15, 0x00, 0x16, 0x00, 0x17, 0x00, 0x18, 0x00, 0x19, 0x00, /* ................ */
    0x1a, 0x00, 0x1b, 0x00, 0x1c, 0x00, 0x1d, 0x00, 0x1e, 0x00, 0x0a, 0x00, 0xff, 0xff, 0xff, 0xff, /* ................ */
    0x0d, 0x00, 0x0e, 0x00, 0x0f, 0x00, 0x10, 0x00, 0x11, 0x00, 0x12, 0x00, 0x13, 0x00, 0x14, 0x00, /* ................ */
    0x15, 0x00, 0x16, 0x00, 0x17, 0x00, 0x18, 0x00, 0x19, 0x00, 0x1a, 0x00, 0x1b, 0x00, 0x1c, 0x00, /* ................ */
    0x1d, 0x00, 0x1e, 0x00, 0x0c, 0x00, 0x0d, 0x00, 0x0e, 0x00, 0x0f, 0x00, 0x10, 0x00, 0x11, 0x00, /* ................ */
    0x12, 0x00, 0x13, 0x00, 0x14, 0x00, 0x15, 0x00, 0x16, 0x00, 0x17, 0x00, 0x18, 0x00, 0x19, 0x00, /* ................ */
    0x1a, 0x00, 0x1b, 0x00, 0x1c, 0x00, 0x1d, 0x00, 0x1e, 0x00, 0x0c, 0x00, 0x0d, 0x00, 0x0e, 0x00, /* ................ */
    0x0f, 0x00, 0x10, 0x00, 0x11, 0x00, 0x12, 0x00, 0x13, 0x00, 0x14, 0x00, 0x15, 0x00, 0x16, 0x00, /* ................ */
    0x17, 0x00, 0x18, 0x00, 0x19, 0x00, 0x1a, 0x00, 0x1b, 0x00, 0x1c, 0x00, 0x1d, 0x00, 0x1e, 0x00, /* ................ */
    0x0e, 0x00, 0x0f, 0x00, 0x10, 0x00, 0x11, 0x00, 0x12, 0x00, 0x13, 0x00, 0x14, 0x00, 0x15, 0x00, /* ................ */
    0x16, 0x00, 0x17, 0x00, 0x18, 0x00, 0x19, 0x00, 0x1a, 0x00, 0x1b, 0x00, 0x1c, 0x00, 0x1d, 0x00, /* ................ */
    0x1e, 0x00, 0x0f, 0x00, 0x10, 0x00, 0x11, 0x00, 0x12, 0x00, 0x13, 0x00, 0x14, 0x00, 0x15, 0x00, /* ................ */
    0x16, 0x00, 0x17, 0x00, 0x18, 0x00, 0x19, 0x00, 0x1a, 0x00, 0x1b, 0x00, 0x1c, 0x00, 0x1d, 0x00, /* ................ */
    0x1e, 0x00, 0x00, 0x00, 0x00, 0x00, 0x00, 0x00, 0x00, 0x00, 0x00, 0x00, 0x00, 0x00, 0x00, 0x00, /* ................ */
    0x00, 0x00, 0x00, 0x00, 0x00, 0x00, 0x00, 0x00, 0x00, 0x00, 0x00, 0x00, 0x00, 0x00, 0x00, 0x00 /* ................ */
};

/* 0x00300a80 */
const unsigned char yytranslate[352] = {
    0x00, 0x02, 0x02, 0x02, 0x02, 0x02, 0x02, 0x02, 0x02, 0x02, 0x02, 0x02, 0x02, 0x02, 0x02, 0x02, /* ................ */
    0x02, 0x02, 0x02, 0x02, 0x02, 0x02, 0x02, 0x02, 0x02, 0x02, 0x02, 0x02, 0x02, 0x02, 0x02, 0x02, /* ................ */
    0x02, 0x02, 0x02, 0x02, 0x02, 0x02, 0x02, 0x02, 0x02, 0x02, 0x02, 0x02, 0x02, 0x02, 0x02, 0x02, /* ................ */
    0x02, 0x02, 0x02, 0x02, 0x02, 0x02, 0x02, 0x02, 0x02, 0x02, 0x02, 0x02, 0x02, 0x02, 0x02, 0x02, /* ................ */
    0x02, 0x02, 0x02, 0x02, 0x02, 0x02, 0x02, 0x02, 0x02, 0x02, 0x02, 0x02, 0x02, 0x02, 0x02, 0x02, /* ................ */
    0x02, 0x02, 0x02, 0x02, 0x02, 0x02, 0x02, 0x02, 0x02, 0x02, 0x02, 0x02, 0x02, 0x02, 0x02, 0x02, /* ................ */
    0x02, 0x02, 0x02, 0x02, 0x02, 0x02, 0x02, 0x02, 0x02, 0x02, 0x02, 0x02, 0x02, 0x02, 0x02, 0x02, /* ................ */
    0x02, 0x02, 0x02, 0x02, 0x02, 0x02, 0x02, 0x02, 0x02, 0x02, 0x02, 0x02, 0x02, 0x02, 0x02, 0x02, /* ................ */
    0x02, 0x02, 0x02, 0x02, 0x02, 0x02, 0x02, 0x02, 0x02, 0x02, 0x02, 0x02, 0x02, 0x02, 0x02, 0x02, /* ................ */
    0x02, 0x02, 0x02, 0x02, 0x02, 0x02, 0x02, 0x02, 0x02, 0x02, 0x02, 0x02, 0x02, 0x02, 0x02, 0x02, /* ................ */
    0x02, 0x02, 0x02, 0x02, 0x02, 0x02, 0x02, 0x02, 0x02, 0x02, 0x02, 0x02, 0x02, 0x02, 0x02, 0x02, /* ................ */
    0x02, 0x02, 0x02, 0x02, 0x02, 0x02, 0x02, 0x02, 0x02, 0x02, 0x02, 0x02, 0x02, 0x02, 0x02, 0x02, /* ................ */
    0x02, 0x02, 0x02, 0x02, 0x02, 0x02, 0x02, 0x02, 0x02, 0x02, 0x02, 0x02, 0x02, 0x02, 0x02, 0x02, /* ................ */
    0x02, 0x02, 0x02, 0x02, 0x02, 0x02, 0x02, 0x02, 0x02, 0x02, 0x02, 0x02, 0x02, 0x02, 0x02, 0x02, /* ................ */
    0x02, 0x02, 0x02, 0x02, 0x02, 0x02, 0x02, 0x02, 0x02, 0x02, 0x02, 0x02, 0x02, 0x02, 0x02, 0x02, /* ................ */
    0x02, 0x02, 0x02, 0x02, 0x02, 0x02, 0x02, 0x02, 0x02, 0x02, 0x02, 0x02, 0x02, 0x02, 0x02, 0x02, /* ................ */
    0x01, 0x03, 0x04, 0x05, 0x06, 0x07, 0x08, 0x09, 0x0a, 0x0b, 0x0c, 0x0d, 0x0e, 0x0f, 0x10, 0x11, /* ................ */
    0x12, 0x13, 0x14, 0x15, 0x16, 0x17, 0x18, 0x19, 0x1a, 0x1b, 0x1c, 0x1d, 0x1e, 0x1f, 0x20, 0x21, /* .............. ! */
    0x22, 0x23, 0x24, 0x25, 0x26, 0x27, 0x28, 0x29, 0x2a, 0x2b, 0x2c, 0x2d, 0x2e, 0x2f, 0x30, 0x31, /* "#$%&'()*+,-./01 */
    0x32, 0x33, 0x34, 0x35, 0x36, 0x37, 0x38, 0x39, 0x3a, 0x3b, 0x3c, 0x3d, 0x3e, 0x3f, 0x40, 0x41, /* 23456789:;<=>?@A */
    0x42, 0x43, 0x44, 0x45, 0x46, 0x47, 0x48, 0x49, 0x4a, 0x4b, 0x4c, 0x4d, 0x4e, 0x4f, 0x50, 0x51, /* BCDEFGHIJKLMNOPQ */
    0x52, 0x53, 0x54, 0x55, 0x56, 0x57, 0x58, 0x59, 0x00, 0x00, 0x00, 0x00, 0x00, 0x00, 0x00, 0x00 /* RSTUVWXY........ */
};

/* 0x00300be0 */
const unsigned char yypact[512] = {
    0x00, 0x00, 0x00, 0x80, 0xb0, 0x02, 0xbe, 0xff, 0xf8, 0xff, 0x00, 0x80, 0x00, 0x80, 0x00, 0x80, /* ................ */
    0xce, 0x03, 0x35, 0x00, 0xef, 0xff, 0x1d, 0x00, 0xce, 0x03, 0xce, 0x03, 0x00, 0x80, 0x00, 0x80, /* ..5............. */
    0xce, 0x03, 0xce, 0x03, 0x0b, 0x00, 0x00, 0x80, 0x00, 0x80, 0x00, 0x80, 0x00, 0x80, 0x00, 0x80, /* ................ */
    0x1a, 0x00, 0x1f, 0x00, 0x26, 0x00, 0x00, 0x80, 0x22, 0x00, 0x00, 0x80, 0x00, 0x80, 0x2b, 0x00, /* ....&...".....+. */
    0x00, 0x80, 0x00, 0x80, 0x00, 0x80, 0x00, 0x80, 0x00, 0x80, 0x2e, 0x00, 0x32, 0x00, 0x00, 0x80, /* ............2... */
    0x3a, 0x00, 0x7e, 0x03, 0xfd, 0xff, 0x00, 0x80, 0x00, 0x80, 0x00, 0x80, 0x3c, 0x00, 0x04, 0x00, /* :.~.........<... */
    0x19, 0x00, 0xdf, 0x00, 0x24, 0x00, 0x2d, 0x00, 0x00, 0x80, 0x07, 0x00, 0x01, 0x00, 0x30, 0x00, /* ....$.-.......0. */
    0x07, 0x01, 0x7e, 0x03, 0x00, 0x80, 0x08, 0x00, 0x00, 0x80, 0xfc, 0xff, 0xce, 0x03, 0x00, 0x80, /* ..~............. */
    0x00, 0x80, 0x00, 0x80, 0x00, 0x80, 0x00, 0x80, 0x00, 0x80, 0x7e, 0x03, 0x7e, 0x03, 0x3d, 0x00, /* ..........~.~.=. */
    0x4e, 0x00, 0x16, 0x00, 0x00, 0x80, 0xce, 0x03, 0xce, 0x03, 0x5b, 0x02, 0x00, 0x80, 0xce, 0x03, /* N.........[..... */
    0x57, 0x00, 0x60, 0x00, 0x5c, 0x01, 0x00, 0x80, 0xce, 0x03, 0xce, 0x03, 0xce, 0x03, 0xce, 0x03, /* W.`.\........... */
    0xce, 0x03, 0xce, 0x03, 0xce, 0x03, 0xce, 0x03, 0xce, 0x03, 0xce, 0x03, 0xce, 0x03, 0xce, 0x03, /* ................ */
    0xce, 0x03, 0xce, 0x03, 0xce, 0x03, 0xce, 0x03, 0xce, 0x03, 0xce, 0x03, 0x62, 0x00, 0xce, 0x03, /* ............b... */
    0x11, 0x04, 0x05, 0x00, 0x00, 0x80, 0x5e, 0x00, 0x5f, 0x00, 0x64, 0x00, 0x65, 0x00, 0x67, 0x00, /* ......^._.d.e.g. */
    0xce, 0x03, 0x00, 0x80, 0x00, 0x80, 0xce, 0x03, 0xce, 0x03, 0xce, 0x03, 0xce, 0x03, 0xce, 0x03, /* ................ */
    0xce, 0x03, 0xce, 0x03, 0xce, 0x03, 0xce, 0x03, 0xce, 0x03, 0x00, 0x80, 0x00, 0x80, 0x00, 0x80, /* ................ */
    0x69, 0x00, 0x6a, 0x00, 0x00, 0x80, 0x00, 0x80, 0x00, 0x80, 0x00, 0x80, 0x00, 0x80, 0x00, 0x80, /* i.j............. */
    0x30, 0x04, 0x68, 0x00, 0x19, 0x00, 0x00, 0x80, 0x00, 0x80, 0x00, 0x80, 0x00, 0x80, 0xce, 0x03, /* 0.h............. */
    0xce, 0x04, 0x83, 0x00, 0x7c, 0x04, 0x91, 0x04, 0xce, 0x03, 0xa6, 0x04, 0x80, 0x00, 0x82, 0x00, /* ....|........... */
    0x00, 0x80, 0xf2, 0x04, 0x02, 0x05, 0x58, 0x01, 0x2b, 0x01, 0x7f, 0x01, 0xa9, 0x01, 0xa9, 0x01, /* ......X.+....... */
    0x9d, 0x00, 0x9d, 0x00, 0x9d, 0x00, 0x9d, 0x00, 0x88, 0x00, 0x88, 0x00, 0xfb, 0xff, 0xfb, 0xff, /* ................ */
    0x00, 0x80, 0x00, 0x80, 0x00, 0x80, 0x85, 0x00, 0x03, 0x00, 0xaf, 0x03, 0xe1, 0x04, 0x00, 0x80, /* ................ */
    0x00, 0x80, 0xce, 0x03, 0xce, 0x03, 0xce, 0x03, 0xce, 0x03, 0xce, 0x03, 0x7e, 0x03, 0x7e, 0x03, /* ............~.~. */
    0x7e, 0x03, 0x7e, 0x03, 0x7e, 0x03, 0x7e, 0x03, 0x7e, 0x03, 0x7e, 0x03, 0x7e, 0x03, 0x7e, 0x03, /* ~.~.~.~.~.~.~.~. */
    0x7e, 0x03, 0x8b, 0x00, 0x8d, 0x00, 0x66, 0x00, 0x00, 0x80, 0x7e, 0x03, 0x92, 0x00, 0x00, 0x80, /* ~.....f...~..... */
    0x05, 0x03, 0x05, 0x03, 0x7e, 0x03, 0x79, 0x00, 0x99, 0x00, 0x00, 0x80, 0x00, 0x80, 0x00, 0x80, /* ....~.y......... */
    0x00, 0x80, 0x7e, 0x03, 0x0a, 0x00, 0x7e, 0x03, 0x11, 0x00, 0x7e, 0x03, 0x14, 0x00, 0xbb, 0x04, /* ..~...~...~..... */
    0x15, 0x00, 0x00, 0x80, 0x1b, 0x00, 0x9e, 0x00, 0x00, 0x80, 0x00, 0x80, 0x77, 0x00, 0x00, 0x80, /* ............w... */
    0x5a, 0x03, 0x00, 0x80, 0x00, 0x80, 0xa6, 0x00, 0x00, 0x80, 0xce, 0x03, 0x00, 0x80, 0xce, 0x03, /* Z............... */
    0x00, 0x80, 0x00, 0x80, 0xa4, 0x00, 0xa9, 0x00, 0x8a, 0x00, 0x05, 0x03, 0x00, 0x80, 0xa7, 0x00, /* ................ */
    0xb1, 0x01, 0x00, 0x80, 0x7e, 0x03, 0x7e, 0x03, 0x00, 0x80, 0x00, 0x80, 0x00, 0x80, 0x00, 0x80, /* ....~.~......... */
    0x05, 0x03, 0x00, 0x80, 0x06, 0x02, 0x00, 0x80, 0x00, 0x80, 0xae, 0x00, 0xb2, 0x00, 0x00, 0x80 /* ................ */
};

/* 0x00300de0 */
const unsigned char yy_nxt[992] = {
    0x00, 0x00, 0x08, 0x00, 0x0a, 0x00, 0x09, 0x00, 0x0b, 0x00, 0x0c, 0x00, 0x0d, 0x00, 0x0e, 0x00, /* ................ */
    0x0f, 0x00, 0x10, 0x00, 0x11, 0x00, 0x12, 0x00, 0x13, 0x00, 0x14, 0x00, 0x15, 0x00, 0x16, 0x00, /* ................ */
    0x17, 0x00, 0x18, 0x00, 0x19, 0x00, 0x1a, 0x00, 0x1b, 0x00, 0x1c, 0x00, 0x1d, 0x00, 0x1e, 0x00, /* ................ */
    0x1f, 0x00, 0x20, 0x00, 0x20, 0x00, 0x21, 0x00, 0x08, 0x00, 0x22, 0x00, 0x23, 0x00, 0x20, 0x00, /* .. . .!...".#. . */
    0x24, 0x00, 0x25, 0x00, 0x26, 0x00, 0x27, 0x00, 0x28, 0x00, 0x29, 0x00, 0x2a, 0x00, 0x20, 0x00, /* $.%.&.'.(.).*. . */
    0x2b, 0x00, 0x20, 0x00, 0x2c, 0x00, 0x20, 0x00, 0x2d, 0x00, 0x20, 0x00, 0x2e, 0x00, 0x2f, 0x00, /* +. .,. .-. .../. */
    0x30, 0x00, 0x31, 0x00, 0x32, 0x00, 0x20, 0x00, 0x33, 0x00, 0x20, 0x00, 0x20, 0x00, 0x34, 0x00, /* 0.1.2. .3. . .4. */
    0x35, 0x00, 0x36, 0x00, 0x37, 0x00, 0x09, 0x00, 0x09, 0x00, 0x3d, 0x00, 0x3f, 0x00, 0x44, 0x00, /* 5.6.7.....=.?.D. */
    0x48, 0x00, 0x4a, 0x00, 0x4c, 0x00, 0x45, 0x00, 0x39, 0x00, 0x39, 0x00, 0x4e, 0x00, 0x5c, 0x00, /* H.J.L.E.9.9.N.\. */
    0x4b, 0x00, 0x49, 0x00, 0x56, 0x00, 0x57, 0x00, 0x4f, 0x00, 0x40, 0x00, 0x59, 0x00, 0x5a, 0x00, /* K.I.V.W.O.@.Y.Z. */
    0x46, 0x00, 0x50, 0x00, 0x5c, 0x00, 0x5c, 0x00, 0x3e, 0x00, 0x41, 0x00, 0x51, 0x00, 0x52, 0x00, /* F.P.\.\.>.A.Q.R. */
    0x5c, 0x00, 0x53, 0x00, 0x5f, 0x00, 0x62, 0x00, 0x60, 0x00, 0x5c, 0x00, 0x5c, 0x00, 0x42, 0x00, /* \.S._.b.`.\.\.B. */
    0x4d, 0x00, 0x54, 0x00, 0x5e, 0x00, 0x5c, 0x00, 0x5c, 0x00, 0x5c, 0x00, 0x69, 0x00, 0x65, 0x00, /* M.T.^.\.\.\.i.e. */
    0x67, 0x00, 0x61, 0x00, 0x5c, 0x00, 0x63, 0x00, 0x5c, 0x00, 0x64, 0x00, 0x68, 0x00, 0x5c, 0x00, /* g.a.\.c.\.d.h.\. */
    0x5c, 0x00, 0x5c, 0x00, 0x5c, 0x00, 0x74, 0x00, 0x66, 0x00, 0x5c, 0x00, 0x3d, 0x00, 0x6c, 0x00, /* \.\.\.t.f.\.=.l. */
    0x6d, 0x00, 0x72, 0x00, 0x7b, 0x00, 0x6a, 0x00, 0x6f, 0x00, 0x4c, 0x00, 0x5c, 0x00, 0x6b, 0x00, /* m.r.{.j.o.L.\.k. */
    0x73, 0x00, 0x52, 0x00, 0x71, 0x00, 0x53, 0x00, 0x70, 0x00, 0x54, 0x00, 0x5c, 0x00, 0x7f, 0x00, /* s.R.q.S.p.T.\... */
    0x6e, 0x00, 0x7f, 0x00, 0x84, 0x00, 0x54, 0x00, 0x80, 0x00, 0x3e, 0x00, 0x85, 0x00, 0x5c, 0x00, /* n.....T...>...\. */
    0x5c, 0x00, 0x7c, 0x00, 0x5c, 0x00, 0x5c, 0x00, 0x5c, 0x00, 0x75, 0x00, 0x5c, 0x00, 0x5c, 0x00, /* \.|.\.\.\.u.\.\. */
    0x5c, 0x00, 0x5c, 0x00, 0x5c, 0x00, 0x88, 0x00, 0x5c, 0x00, 0x8a, 0x00, 0x5c, 0x00, 0x5c, 0x00, /* \.\.\...\...\.\. */
    0x87, 0x00, 0x5c, 0x00, 0x8b, 0x00, 0x86, 0x00, 0x5c, 0x00, 0x5c, 0x00, 0x5c, 0x00, 0x89, 0x00, /* ..\.....\.\.\... */
    0x8d, 0x00, 0x7b, 0x00, 0x8c, 0x00, 0x90, 0x00, 0x5c, 0x00, 0x92, 0x00, 0x5c, 0x00, 0x8e, 0x00, /* ..{.....\...\... */
    0x93, 0x00, 0x8f, 0x00, 0x97, 0x00, 0x91, 0x00, 0x94, 0x00, 0x96, 0x00, 0x5c, 0x00, 0x5c, 0x00, /* ............\.\. */
    0x98, 0x00, 0x5c, 0x00, 0x5c, 0x00, 0x95, 0x00, 0x5c, 0x00, 0x9f, 0x00, 0x5c, 0x00, 0xa0, 0x00, /* ..\.\...\...\... */
    0x7c, 0x00, 0x5c, 0x00, 0xa2, 0x00, 0x5c, 0x00, 0xa3, 0x00, 0x9e, 0x00, 0x5c, 0x00, 0x5c, 0x00, /* |.\...\.....\.\. */
    0x5c, 0x00, 0x5c, 0x00, 0x83, 0x00, 0x5c, 0x00, 0x5c, 0x00, 0x5c, 0x00, 0xa6, 0x00, 0xa1, 0x00, /* \.\...\.\.\..... */
    0xa7, 0x00, 0x5c, 0x00, 0xa4, 0x00, 0xa8, 0x00, 0xa9, 0x00, 0xab, 0x00, 0x5c, 0x00, 0xa5, 0x00, /* ..\.........\... */
    0x5c, 0x00, 0xad, 0x00, 0x5c, 0x00, 0x5c, 0x00, 0x5c, 0x00, 0x5c, 0x00, 0xae, 0x00, 0xaa, 0x00, /* \...\.\.\.\..... */
    0xaf, 0x00, 0x5c, 0x00, 0xac, 0x00, 0x5c, 0x00, 0x5c, 0x00, 0x5c, 0x00, 0x5c, 0x00, 0x5c, 0x00, /* ..\...\.\.\.\.\. */
    0xb7, 0x00, 0xb1, 0x00, 0xb6, 0x00, 0x5c, 0x00, 0xba, 0x00, 0x5c, 0x00, 0xbc, 0x00, 0xb0, 0x00, /* ......\...\..... */
    0xbd, 0x00, 0xbf, 0x00, 0x5c, 0x00, 0xb9, 0x00, 0xbb, 0x00, 0x5c, 0x00, 0xc0, 0x00, 0xb8, 0x00, /* ....\.....\..... */
    0x5c, 0x00, 0x5c, 0x00, 0xbe, 0x00, 0x5c, 0x00, 0x5c, 0x00, 0x5c, 0x00, 0xc1, 0x00, 0x5c, 0x00, /* \.\...\.\.\...\. */
    0x5c, 0x00, 0xc3, 0x00, 0x5c, 0x00, 0x5c, 0x00, 0xcb, 0x00, 0x5c, 0x00, 0x5c, 0x00, 0xcc, 0x00, /* \...\.\...\.\... */
    0x5c, 0x00, 0x5c, 0x00, 0x5c, 0x00, 0xc8, 0x00, 0xcf, 0x00, 0xc2, 0x00, 0xc7, 0x00, 0x5c, 0x00, /* \.\.\.........\. */
    0xc9, 0x00, 0xce, 0x00, 0x5c, 0x00, 0xcd, 0x00, 0xd0, 0x00, 0xd1, 0x00, 0xca, 0x00, 0x5c, 0x00, /* ....\.........\. */
    0x5c, 0x00, 0x5c, 0x00, 0x5c, 0x00, 0xd5, 0x00, 0x5c, 0x00, 0x5c, 0x00, 0xfc, 0x00, 0xd8, 0x00, /* \.\.\...\.\..... */
    0x5c, 0x00, 0x5c, 0x00, 0x5c, 0x00, 0x5c, 0x00, 0xe2, 0x00, 0xd6, 0x00, 0xdf, 0x00, 0xd7, 0x00, /* \.\.\.\......... */
    0xd9, 0x00, 0xda, 0x00, 0xdb, 0x00, 0xe0, 0x00, 0xe1, 0x00, 0x5c, 0x00, 0xe4, 0x00, 0x5c, 0x00, /* ..........\...\. */
    0x5c, 0x00, 0xe7, 0x00, 0x5c, 0x00, 0x5c, 0x00, 0x5c, 0x00, 0xe3, 0x00, 0x5c, 0x00, 0xe9, 0x00, /* \...\.\.\...\... */
    0x5c, 0x00, 0x5c, 0x00, 0x5c, 0x00, 0xe8, 0x00, 0xea, 0x00, 0xf0, 0x00, 0xf2, 0x00, 0x5c, 0x00, /* \.\.\.........\. */
    0x5c, 0x00, 0x5c, 0x00, 0xeb, 0x00, 0x5c, 0x00, 0xee, 0x00, 0x5c, 0x00, 0xf6, 0x00, 0xed, 0x00, /* \.\...\...\..... */
    0x5c, 0x00, 0xef, 0x00, 0x5c, 0x00, 0xf8, 0x00, 0xf9, 0x00, 0xf3, 0x00, 0xf5, 0x00, 0x5c, 0x00, /* \...\.........\. */
    0xfb, 0x00, 0xfe, 0x00, 0xfa, 0x00, 0xf7, 0x00, 0xf4, 0x00, 0xfd, 0x00, 0x08, 0x00, 0x08, 0x00, /* ................ */
    0x08, 0x00, 0x08, 0x00, 0x38, 0x00, 0x38, 0x00, 0x38, 0x00, 0x38, 0x00, 0x3c, 0x00, 0x5c, 0x00, /* ....8.8.8.8.<.\. */
    0x3c, 0x00, 0x3c, 0x00, 0x5b, 0x00, 0x5b, 0x00, 0x7a, 0x00, 0x5c, 0x00, 0x7a, 0x00, 0x7a, 0x00, /* <.<.[.[.z.\.z.z. */
    0x7e, 0x00, 0xf1, 0x00, 0x7e, 0x00, 0x7e, 0x00, 0x9d, 0x00, 0x9d, 0x00, 0x5c, 0x00, 0xec, 0x00, /* ~...~.~.....\... */
    0x5c, 0x00, 0x5c, 0x00, 0xe6, 0x00, 0xe5, 0x00, 0x5c, 0x00, 0xde, 0x00, 0xdd, 0x00, 0xdc, 0x00, /* \.\.....\....... */
    0x5c, 0x00, 0x5c, 0x00, 0x5c, 0x00, 0x5c, 0x00, 0xd4, 0x00, 0xd3, 0x00, 0xd2, 0x00, 0x5c, 0x00, /* \.\.\.\.......\. */
    0x5c, 0x00, 0x5c, 0x00, 0x5c, 0x00, 0xc6, 0x00, 0xc5, 0x00, 0xc4, 0x00, 0x5c, 0x00, 0x5c, 0x00, /* \.\.\.......\.\. */
    0x5c, 0x00, 0x5c, 0x00, 0x5c, 0x00, 0x5c, 0x00, 0x5c, 0x00, 0xb5, 0x00, 0xb4, 0x00, 0xb3, 0x00, /* \.\.\.\.\....... */
    0xb2, 0x00, 0x5c, 0x00, 0x5c, 0x00, 0x80, 0x00, 0x80, 0x00, 0x9c, 0x00, 0x9b, 0x00, 0x9a, 0x00, /* ..\.\........... */
    0x99, 0x00, 0x5c, 0x00, 0x5c, 0x00, 0x82, 0x00, 0x81, 0x00, 0x4c, 0x00, 0x7d, 0x00, 0x79, 0x00, /* ..\.\.....L.}.y. */
    0x78, 0x00, 0x77, 0x00, 0x3a, 0x00, 0x76, 0x00, 0x5d, 0x00, 0x5c, 0x00, 0x58, 0x00, 0x55, 0x00, /* x.w.:.v.].\.X.U. */
    0x47, 0x00, 0x43, 0x00, 0x3b, 0x00, 0x3a, 0x00, 0xff, 0x00, 0x09, 0x00, 0x09, 0x00, 0x07, 0x00, /* G.C.;.:......... */
    0xff, 0x00, 0xff, 0x00, 0xff, 0x00, 0xff, 0x00, 0xff, 0x00, 0xff, 0x00, 0xff, 0x00, 0xff, 0x00, /* ................ */
    0xff, 0x00, 0xff, 0x00, 0xff, 0x00, 0xff, 0x00, 0xff, 0x00, 0xff, 0x00, 0xff, 0x00, 0xff, 0x00, /* ................ */
    0xff, 0x00, 0xff, 0x00, 0xff, 0x00, 0xff, 0x00, 0xff, 0x00, 0xff, 0x00, 0xff, 0x00, 0xff, 0x00, /* ................ */
    0xff, 0x00, 0xff, 0x00, 0xff, 0x00, 0xff, 0x00, 0xff, 0x00, 0xff, 0x00, 0xff, 0x00, 0xff, 0x00, /* ................ */
    0xff, 0x00, 0xff, 0x00, 0xff, 0x00, 0xff, 0x00, 0xff, 0x00, 0xff, 0x00, 0xff, 0x00, 0xff, 0x00, /* ................ */
    0xff, 0x00, 0xff, 0x00, 0xff, 0x00, 0xff, 0x00, 0xff, 0x00, 0xff, 0x00, 0xff, 0x00, 0xff, 0x00, /* ................ */
    0xff, 0x00, 0xff, 0x00, 0xff, 0x00, 0xff, 0x00, 0xff, 0x00, 0xff, 0x00, 0xff, 0x00, 0xff, 0x00, /* ................ */
    0xff, 0x00, 0xff, 0x00, 0x00, 0x00, 0x00, 0x00, 0x00, 0x00, 0x00, 0x00, 0x00, 0x00, 0x00, 0x00 /* ................ */
};

/* 0x003011c0 */
const unsigned char yy_chk[992] = {
    0x00, 0x00, 0x03, 0x00, 0x03, 0x00, 0x03, 0x00, 0x03, 0x00, 0x03, 0x00, 0x03, 0x00, 0x03, 0x00, /* ................ */
    0x03, 0x00, 0x03, 0x00, 0x03, 0x00, 0x03, 0x00, 0x03, 0x00, 0x03, 0x00, 0x03, 0x00, 0x03, 0x00, /* ................ */
    0x03, 0x00, 0x03, 0x00, 0x03, 0x00, 0x03, 0x00, 0x03, 0x00, 0x03, 0x00, 0x03, 0x00, 0x03, 0x00, /* ................ */
    0x03, 0x00, 0x03, 0x00, 0x03, 0x00, 0x03, 0x00, 0x03, 0x00, 0x03, 0x00, 0x03, 0x00, 0x03, 0x00, /* ................ */
    0x03, 0x00, 0x03, 0x00, 0x03, 0x00, 0x03, 0x00, 0x03, 0x00, 0x03, 0x00, 0x03, 0x00, 0x03, 0x00, /* ................ */
    0x03, 0x00, 0x03, 0x00, 0x03, 0x00, 0x03, 0x00, 0x03, 0x00, 0x03, 0x00, 0x03, 0x00, 0x03, 0x00, /* ................ */
    0x03, 0x00, 0x03, 0x00, 0x03, 0x00, 0x03, 0x00, 0x03, 0x00, 0x03, 0x00, 0x03, 0x00, 0x03, 0x00, /* ................ */
    0x03, 0x00, 0x03, 0x00, 0x03, 0x00, 0x05, 0x00, 0x06, 0x00, 0x0c, 0x00, 0x0d, 0x00, 0x10, 0x00, /* ................ */
    0x14, 0x00, 0x16, 0x00, 0x17, 0x00, 0x10, 0x00, 0x05, 0x00, 0x06, 0x00, 0x18, 0x00, 0x25, 0x00, /* ..............%. */
    0x16, 0x00, 0x14, 0x00, 0x1c, 0x00, 0x1c, 0x00, 0x18, 0x00, 0x0d, 0x00, 0x1e, 0x00, 0x1e, 0x00, /* ................ */
    0x10, 0x00, 0x18, 0x00, 0x24, 0x00, 0x27, 0x00, 0x0c, 0x00, 0x0d, 0x00, 0x18, 0x00, 0x19, 0x00, /* ....$.'......... */
    0x26, 0x00, 0x19, 0x00, 0x25, 0x00, 0x27, 0x00, 0x26, 0x00, 0x28, 0x00, 0x2c, 0x00, 0x0d, 0x00, /* &...%.'.&.(.,... */
    0x17, 0x00, 0x19, 0x00, 0x24, 0x00, 0x29, 0x00, 0x2a, 0x00, 0x2b, 0x00, 0x2c, 0x00, 0x29, 0x00, /* ....$.).*.+.,.). */
    0x2a, 0x00, 0x26, 0x00, 0x2d, 0x00, 0x28, 0x00, 0x2e, 0x00, 0x28, 0x00, 0x2b, 0x00, 0x2f, 0x00, /* *.&.-.(...(.+./. */
    0x30, 0x00, 0x31, 0x00, 0x32, 0x00, 0x35, 0x00, 0x29, 0x00, 0x33, 0x00, 0x3c, 0x00, 0x2f, 0x00, /* 0.1.2.5.).3.<./. */
    0x30, 0x00, 0x33, 0x00, 0x44, 0x00, 0x2d, 0x00, 0x31, 0x00, 0x4c, 0x00, 0x5e, 0x00, 0x2e, 0x00, /* 0.3.D.-.1.L.^... */
    0x33, 0x00, 0x53, 0x00, 0x32, 0x00, 0x53, 0x00, 0x31, 0x00, 0x4c, 0x00, 0x5f, 0x00, 0x54, 0x00, /* 3.S.2.S.1.L._.T. */
    0x30, 0x00, 0x54, 0x00, 0x5e, 0x00, 0x53, 0x00, 0x54, 0x00, 0x3c, 0x00, 0x5f, 0x00, 0x60, 0x00, /* 0.T.^.S.T.<._.`. */
    0x61, 0x00, 0x44, 0x00, 0x62, 0x00, 0x63, 0x00, 0x65, 0x00, 0x35, 0x00, 0x64, 0x00, 0x66, 0x00, /* a.D.b.c.e.5.d.f. */
    0x69, 0x00, 0x67, 0x00, 0x6b, 0x00, 0x62, 0x00, 0x6a, 0x00, 0x64, 0x00, 0x6c, 0x00, 0x6d, 0x00, /* i.g.k.b.j.d.l.m. */
    0x61, 0x00, 0x6f, 0x00, 0x65, 0x00, 0x60, 0x00, 0x6e, 0x00, 0x70, 0x00, 0x72, 0x00, 0x63, 0x00, /* a.o.e.`.n.p.r.c. */
    0x67, 0x00, 0x7a, 0x00, 0x66, 0x00, 0x6b, 0x00, 0x73, 0x00, 0x6d, 0x00, 0x71, 0x00, 0x69, 0x00, /* g.z.f.k.s.m.q.i. */
    0x6e, 0x00, 0x6a, 0x00, 0x72, 0x00, 0x6c, 0x00, 0x6f, 0x00, 0x71, 0x00, 0x84, 0x00, 0x86, 0x00, /* n.j.r.l.o.q..... */
    0x73, 0x00, 0x85, 0x00, 0x87, 0x00, 0x70, 0x00, 0x89, 0x00, 0x85, 0x00, 0x88, 0x00, 0x86, 0x00, /* s.....p......... */
    0x7a, 0x00, 0x8a, 0x00, 0x88, 0x00, 0x8b, 0x00, 0x89, 0x00, 0x84, 0x00, 0x8d, 0x00, 0x8f, 0x00, /* z............... */
    0x8e, 0x00, 0x91, 0x00, 0x06, 0x01, 0x90, 0x00, 0x92, 0x00, 0x93, 0x00, 0x8d, 0x00, 0x87, 0x00, /* ................ */
    0x8e, 0x00, 0x94, 0x00, 0x8a, 0x00, 0x8f, 0x00, 0x90, 0x00, 0x92, 0x00, 0x95, 0x00, 0x8b, 0x00, /* ................ */
    0x96, 0x00, 0x94, 0x00, 0x97, 0x00, 0x98, 0x00, 0xa1, 0x00, 0x9f, 0x00, 0x95, 0x00, 0x91, 0x00, /* ................ */
    0x96, 0x00, 0xa2, 0x00, 0x93, 0x00, 0xa4, 0x00, 0xa5, 0x00, 0xa8, 0x00, 0xa7, 0x00, 0xaa, 0x00, /* ................ */
    0xa1, 0x00, 0x98, 0x00, 0x9f, 0x00, 0xac, 0x00, 0xa5, 0x00, 0xa9, 0x00, 0xa8, 0x00, 0x97, 0x00, /* ................ */
    0xa9, 0x00, 0xac, 0x00, 0xad, 0x00, 0xa4, 0x00, 0xa7, 0x00, 0xaf, 0x00, 0xad, 0x00, 0xa2, 0x00, /* ................ */
    0xb0, 0x00, 0xb1, 0x00, 0xaa, 0x00, 0xb7, 0x00, 0xb6, 0x00, 0xbc, 0x00, 0xaf, 0x00, 0xbd, 0x00, /* ................ */
    0xfe, 0x00, 0xb1, 0x00, 0xb8, 0x00, 0xbe, 0x00, 0xbd, 0x00, 0xc0, 0x00, 0xbf, 0x00, 0xbd, 0x00, /* ................ */
    0xc1, 0x00, 0xc2, 0x00, 0xc7, 0x00, 0xb7, 0x00, 0xc0, 0x00, 0xb0, 0x00, 0xb6, 0x00, 0xc8, 0x00, /* ................ */
    0xb8, 0x00, 0xbf, 0x00, 0xc9, 0x00, 0xbe, 0x00, 0xc1, 0x00, 0xc2, 0x00, 0xbc, 0x00, 0xcb, 0x00, /* ................ */
    0xcc, 0x00, 0xd0, 0x00, 0xd5, 0x00, 0xc7, 0x00, 0xd1, 0x00, 0xd9, 0x00, 0xfa, 0x00, 0xcb, 0x00, /* ................ */
    0xdb, 0x00, 0xdf, 0x00, 0xd8, 0x00, 0xd6, 0x00, 0xd9, 0x00, 0xc8, 0x00, 0xd5, 0x00, 0xc9, 0x00, /* ................ */
    0xcc, 0x00, 0xd0, 0x00, 0xd1, 0x00, 0xd6, 0x00, 0xd8, 0x00, 0xda, 0x00, 0xdb, 0x00, 0xe1, 0x00, /* ................ */
    0xe3, 0x00, 0xdf, 0x00, 0xe7, 0x00, 0xe4, 0x00, 0xe8, 0x00, 0xda, 0x00, 0xea, 0x00, 0xe3, 0x00, /* ................ */
    0xf0, 0x00, 0xeb, 0x00, 0xef, 0x00, 0xe1, 0x00, 0xe4, 0x00, 0xeb, 0x00, 0xef, 0x00, 0xf2, 0x00, /* ................ */
    0xf3, 0x00, 0xf6, 0x00, 0xe4, 0x00, 0xf5, 0x00, 0xe8, 0x00, 0xfb, 0x00, 0xf3, 0x00, 0xe7, 0x00, /* ................ */
    0xf8, 0x00, 0xea, 0x00, 0xfd, 0x00, 0xf5, 0x00, 0xf6, 0x00, 0xf0, 0x00, 0xf2, 0x00, 0xf9, 0x00, /* ................ */
    0xf8, 0x00, 0xfd, 0x00, 0xf7, 0x00, 0xf4, 0x00, 0xf1, 0x00, 0xfb, 0x00, 0x00, 0x01, 0x00, 0x01, /* ................ */
    0x00, 0x01, 0x00, 0x01, 0x01, 0x01, 0x01, 0x01, 0x01, 0x01, 0x01, 0x01, 0x02, 0x01, 0xee, 0x00, /* ................ */
    0x02, 0x01, 0x02, 0x01, 0x03, 0x01, 0x03, 0x01, 0x04, 0x01, 0xed, 0x00, 0x04, 0x01, 0x04, 0x01, /* ................ */
    0x05, 0x01, 0xec, 0x00, 0x05, 0x01, 0x05, 0x01, 0x07, 0x01, 0x07, 0x01, 0xe9, 0x00, 0xe6, 0x00, /* ................ */
    0xe2, 0x00, 0xe0, 0x00, 0xde, 0x00, 0xdc, 0x00, 0xd7, 0x00, 0xd4, 0x00, 0xd3, 0x00, 0xd2, 0x00, /* ................ */
    0xcf, 0x00, 0xce, 0x00, 0xcd, 0x00, 0xca, 0x00, 0xc6, 0x00, 0xc5, 0x00, 0xc4, 0x00, 0xc3, 0x00, /* ................ */
    0xbb, 0x00, 0xba, 0x00, 0xb9, 0x00, 0xb4, 0x00, 0xb3, 0x00, 0xb2, 0x00, 0xae, 0x00, 0xab, 0x00, /* ................ */
    0xa6, 0x00, 0xa3, 0x00, 0xa0, 0x00, 0x9e, 0x00, 0x9d, 0x00, 0x9c, 0x00, 0x9b, 0x00, 0x9a, 0x00, /* ................ */
    0x99, 0x00, 0x8c, 0x00, 0x83, 0x00, 0x80, 0x00, 0x7f, 0x00, 0x7d, 0x00, 0x79, 0x00, 0x78, 0x00, /* ..........}.y.x. */
    0x77, 0x00, 0x68, 0x00, 0x5b, 0x00, 0x5a, 0x00, 0x56, 0x00, 0x52, 0x00, 0x4d, 0x00, 0x42, 0x00, /* w.h.[.Z.V.R.M.B. */
    0x41, 0x00, 0x40, 0x00, 0x3a, 0x00, 0x39, 0x00, 0x23, 0x00, 0x20, 0x00, 0x1d, 0x00, 0x1a, 0x00, /* A.@.:.9.#. ..... */
    0x13, 0x00, 0x0f, 0x00, 0x0b, 0x00, 0x0a, 0x00, 0x07, 0x00, 0x02, 0x00, 0x01, 0x00, 0xff, 0x00, /* ................ */
    0xff, 0x00, 0xff, 0x00, 0xff, 0x00, 0xff, 0x00, 0xff, 0x00, 0xff, 0x00, 0xff, 0x00, 0xff, 0x00, /* ................ */
    0xff, 0x00, 0xff, 0x00, 0xff, 0x00, 0xff, 0x00, 0xff, 0x00, 0xff, 0x00, 0xff, 0x00, 0xff, 0x00, /* ................ */
    0xff, 0x00, 0xff, 0x00, 0xff, 0x00, 0xff, 0x00, 0xff, 0x00, 0xff, 0x00, 0xff, 0x00, 0xff, 0x00, /* ................ */
    0xff, 0x00, 0xff, 0x00, 0xff, 0x00, 0xff, 0x00, 0xff, 0x00, 0xff, 0x00, 0xff, 0x00, 0xff, 0x00, /* ................ */
    0xff, 0x00, 0xff, 0x00, 0xff, 0x00, 0xff, 0x00, 0xff, 0x00, 0xff, 0x00, 0xff, 0x00, 0xff, 0x00, /* ................ */
    0xff, 0x00, 0xff, 0x00, 0xff, 0x00, 0xff, 0x00, 0xff, 0x00, 0xff, 0x00, 0xff, 0x00, 0xff, 0x00, /* ................ */
    0xff, 0x00, 0xff, 0x00, 0xff, 0x00, 0xff, 0x00, 0xff, 0x00, 0xff, 0x00, 0xff, 0x00, 0xff, 0x00, /* ................ */
    0xff, 0x00, 0xff, 0x00, 0x00, 0x00, 0x00, 0x00, 0x00, 0x00, 0x00, 0x00, 0x00, 0x00, 0x00, 0x00 /* ................ */
};

/* 0x003015a0 */
const unsigned char yy_base[544] = {
    0x00, 0x00, 0xab, 0x01, 0xaa, 0x01, 0x00, 0x00, 0x00, 0x00, 0x38, 0x00, 0x39, 0x00, 0xac, 0x01, /* ..........8.9... */
    0xaf, 0x01, 0xaf, 0x01, 0xa9, 0x01, 0x94, 0x01, 0x38, 0x00, 0x2d, 0x00, 0xaf, 0x01, 0x93, 0x01, /* ........8.-..... */
    0x3a, 0x00, 0xaf, 0x01, 0xaf, 0x01, 0x92, 0x01, 0x33, 0x00, 0xaf, 0x01, 0x32, 0x00, 0x30, 0x00, /* :.......3...2.0. */
    0x40, 0x00, 0x47, 0x00, 0x94, 0x01, 0xaf, 0x01, 0x35, 0x00, 0x90, 0x01, 0x38, 0x00, 0xaf, 0x01, /* @.G.....5...8... */
    0x89, 0x01, 0xaf, 0x01, 0xaf, 0x01, 0x8e, 0x01, 0x36, 0x00, 0x2b, 0x00, 0x3c, 0x00, 0x37, 0x00, /* ........6.+.<.7. */
    0x41, 0x00, 0x47, 0x00, 0x48, 0x00, 0x49, 0x00, 0x42, 0x00, 0x4e, 0x00, 0x50, 0x00, 0x53, 0x00, /* A.G.H.I.B.N.P.S. */
    0x54, 0x00, 0x55, 0x00, 0x56, 0x00, 0x59, 0x00, 0xaf, 0x01, 0x5d, 0x00, 0xaf, 0x01, 0xaf, 0x01, /* T.U.V.Y...]..... */
    0xaf, 0x01, 0x92, 0x01, 0xa0, 0x01, 0xaf, 0x01, 0x71, 0x00, 0xaf, 0x01, 0x00, 0x00, 0xaf, 0x01, /* ........q....... */
    0x75, 0x01, 0x74, 0x01, 0x6f, 0x01, 0xaf, 0x01, 0x75, 0x00, 0xaf, 0x01, 0xaf, 0x01, 0xaf, 0x01, /* u.t.o...u....... */
    0xaf, 0x01, 0xaf, 0x01, 0xaf, 0x01, 0xaf, 0x01, 0x6b, 0x00, 0x76, 0x01, 0xaf, 0x01, 0xaf, 0x01, /* ........k.v..... */
    0x00, 0x00, 0xaf, 0x01, 0x8b, 0x01, 0x71, 0x00, 0x7a, 0x00, 0xaf, 0x01, 0x86, 0x01, 0xaf, 0x01, /* ......q.z....... */
    0xaf, 0x01, 0xaf, 0x01, 0x85, 0x01, 0x7e, 0x01, 0x00, 0x00, 0xaf, 0x01, 0x62, 0x00, 0x6a, 0x00, /* ......~.....b.j. */
    0x73, 0x00, 0x74, 0x00, 0x76, 0x00, 0x77, 0x00, 0x7a, 0x00, 0x78, 0x00, 0x7b, 0x00, 0x7d, 0x00, /* s.t.v.w.z.x.{.}. */
    0x7d, 0x01, 0x7c, 0x00, 0x80, 0x00, 0x7e, 0x00, 0x82, 0x00, 0x83, 0x00, 0x88, 0x00, 0x85, 0x00, /* }.|...~......... */
    0x89, 0x00, 0x92, 0x00, 0x8a, 0x00, 0x90, 0x00, 0xaf, 0x01, 0xaf, 0x01, 0xaf, 0x01, 0x70, 0x01, /* ..............p. */
    0x75, 0x01, 0x6e, 0x01, 0xa4, 0x00, 0xaf, 0x01, 0x00, 0x00, 0x5f, 0x01, 0x00, 0x00, 0x82, 0x01, /* u.n......._..... */
    0x81, 0x01, 0xaf, 0x01, 0xaf, 0x01, 0x76, 0x01, 0x9a, 0x00, 0x9d, 0x00, 0x9b, 0x00, 0x9e, 0x00, /* ......v......... */
    0xa2, 0x00, 0xa0, 0x00, 0xa5, 0x00, 0xa7, 0x00, 0x75, 0x01, 0xaa, 0x00, 0xac, 0x00, 0xab, 0x00, /* ........u....... */
    0xaf, 0x00, 0xad, 0x00, 0xb0, 0x00, 0xb1, 0x00, 0xb5, 0x00, 0xba, 0x00, 0xbc, 0x00, 0xbe, 0x00, /* ................ */
    0xbf, 0x00, 0x65, 0x01, 0x65, 0x01, 0x62, 0x01, 0x69, 0x01, 0x70, 0x01, 0x6f, 0x01, 0xc1, 0x00, /* ..e.e.b.i.p.o... */
    0x6e, 0x01, 0xc0, 0x00, 0xc5, 0x00, 0x6d, 0x01, 0xc7, 0x00, 0xc8, 0x00, 0x6c, 0x01, 0xca, 0x00, /* n.....m.....l... */
    0xc9, 0x00, 0xd1, 0x00, 0xcb, 0x00, 0x6b, 0x01, 0xcf, 0x00, 0xd6, 0x00, 0x6a, 0x01, 0xd9, 0x00, /* ......k.....j... */
    0xdc, 0x00, 0xdd, 0x00, 0x54, 0x01, 0x52, 0x01, 0x5d, 0x01, 0xaf, 0x01, 0xe0, 0x00, 0xdf, 0x00, /* ....T.R.]....... */
    0xe6, 0x00, 0x66, 0x01, 0x65, 0x01, 0x64, 0x01, 0xe1, 0x00, 0xe3, 0x00, 0xe7, 0x00, 0xea, 0x00, /* ..f.e.d......... */
    0xe9, 0x00, 0xec, 0x00, 0xed, 0x00, 0x63, 0x01, 0x4f, 0x01, 0x5a, 0x01, 0x5d, 0x01, 0xee, 0x00, /* ......c.O.Z.]... */
    0xf3, 0x00, 0xf6, 0x00, 0x5f, 0x01, 0xfb, 0x00, 0xfc, 0x00, 0x5e, 0x01, 0x5d, 0x01, 0x5c, 0x01, /* ...._.....^.].\. */
    0xfd, 0x00, 0x00, 0x01, 0x53, 0x01, 0x52, 0x01, 0x55, 0x01, 0xfe, 0x00, 0x07, 0x01, 0x58, 0x01, /* ....S.R.U.....X. */
    0x06, 0x01, 0x01, 0x01, 0x11, 0x01, 0x04, 0x01, 0x4f, 0x01, 0xaf, 0x01, 0x46, 0x01, 0x05, 0x01, /* ........O...F... */
    0x55, 0x01, 0x13, 0x01, 0x54, 0x01, 0x14, 0x01, 0x17, 0x01, 0xaf, 0x01, 0x47, 0x01, 0x16, 0x01, /* U...T.......G... */
    0x18, 0x01, 0x52, 0x01, 0x1a, 0x01, 0x1d, 0x01, 0x3e, 0x01, 0x49, 0x01, 0x43, 0x01, 0x1e, 0x01, /* ..R.....>.I.C... */
    0x1c, 0x01, 0x23, 0x01, 0x23, 0x01, 0x24, 0x01, 0x24, 0x01, 0x27, 0x01, 0x25, 0x01, 0x2e, 0x01, /* ..#.#.$.$.'.%... */
    0x2c, 0x01, 0x33, 0x01, 0xfa, 0x00, 0x29, 0x01, 0xaf, 0x01, 0x2e, 0x01, 0xe4, 0x00, 0xaf, 0x01, /* ,.3...)......... */
    0x55, 0x01, 0x59, 0x01, 0x5d, 0x01, 0x5f, 0x01, 0x63, 0x01, 0x67, 0x01, 0xc6, 0x00, 0x69, 0x01, /* U.Y.]._.c.g...i. */
    0x00, 0x00, 0x00, 0x00, 0x00, 0x00, 0x00, 0x00, 0x00, 0x00, 0x00, 0x00, 0x00, 0x00, 0x00, 0x00 /* ................ */
};

/* 0x003017c0 */
const unsigned char yy_meta[256] = {
    0x00, 0x00, 0x00, 0x00, 0x01, 0x00, 0x00, 0x00, 0x01, 0x00, 0x00, 0x00, 0x02, 0x00, 0x00, 0x00, /* ................ */
    0x01, 0x00, 0x00, 0x00, 0x01, 0x00, 0x00, 0x00, 0x01, 0x00, 0x00, 0x00, 0x01, 0x00, 0x00, 0x00, /* ................ */
    0x01, 0x00, 0x00, 0x00, 0x01, 0x00, 0x00, 0x00, 0x01, 0x00, 0x00, 0x00, 0x01, 0x00, 0x00, 0x00, /* ................ */
    0x01, 0x00, 0x00, 0x00, 0x01, 0x00, 0x00, 0x00, 0x01, 0x00, 0x00, 0x00, 0x01, 0x00, 0x00, 0x00, /* ................ */
    0x01, 0x00, 0x00, 0x00, 0x01, 0x00, 0x00, 0x00, 0x03, 0x00, 0x00, 0x00, 0x01, 0x00, 0x00, 0x00, /* ................ */
    0x01, 0x00, 0x00, 0x00, 0x01, 0x00, 0x00, 0x00, 0x01, 0x00, 0x00, 0x00, 0x01, 0x00, 0x00, 0x00, /* ................ */
    0x01, 0x00, 0x00, 0x00, 0x04, 0x00, 0x00, 0x00, 0x04, 0x00, 0x00, 0x00, 0x01, 0x00, 0x00, 0x00, /* ................ */
    0x03, 0x00, 0x00, 0x00, 0x01, 0x00, 0x00, 0x00, 0x01, 0x00, 0x00, 0x00, 0x04, 0x00, 0x00, 0x00, /* ................ */
    0x04, 0x00, 0x00, 0x00, 0x04, 0x00, 0x00, 0x00, 0x04, 0x00, 0x00, 0x00, 0x04, 0x00, 0x00, 0x00, /* ................ */
    0x04, 0x00, 0x00, 0x00, 0x04, 0x00, 0x00, 0x00, 0x04, 0x00, 0x00, 0x00, 0x04, 0x00, 0x00, 0x00, /* ................ */
    0x04, 0x00, 0x00, 0x00, 0x04, 0x00, 0x00, 0x00, 0x04, 0x00, 0x00, 0x00, 0x04, 0x00, 0x00, 0x00, /* ................ */
    0x04, 0x00, 0x00, 0x00, 0x04, 0x00, 0x00, 0x00, 0x04, 0x00, 0x00, 0x00, 0x04, 0x00, 0x00, 0x00, /* ................ */
    0x04, 0x00, 0x00, 0x00, 0x04, 0x00, 0x00, 0x00, 0x04, 0x00, 0x00, 0x00, 0x04, 0x00, 0x00, 0x00, /* ................ */
    0x04, 0x00, 0x00, 0x00, 0x04, 0x00, 0x00, 0x00, 0x04, 0x00, 0x00, 0x00, 0x01, 0x00, 0x00, 0x00, /* ................ */
    0x01, 0x00, 0x00, 0x00, 0x01, 0x00, 0x00, 0x00, 0x01, 0x00, 0x00, 0x00, 0x00, 0x00, 0x00, 0x00, /* ................ */
    0x00, 0x00, 0x00, 0x00, 0x00, 0x00, 0x00, 0x00, 0x00, 0x00, 0x00, 0x00, 0x00, 0x00, 0x00, 0x00 /* ................ */
};

/* 0x003018c0 */
const unsigned char yy_def[544] = {
    0x00, 0x00, 0x00, 0x01, 0x00, 0x01, 0xff, 0x00, 0x03, 0x00, 0x01, 0x01, 0x01, 0x01, 0xff, 0x00, /* ................ */
    0xff, 0x00, 0xff, 0x00, 0xff, 0x00, 0xff, 0x00, 0x02, 0x01, 0xff, 0x00, 0xff, 0x00, 0xff, 0x00, /* ................ */
    0xff, 0x00, 0xff, 0x00, 0xff, 0x00, 0xff, 0x00, 0xff, 0x00, 0xff, 0x00, 0xff, 0x00, 0xff, 0x00, /* ................ */
    0xff, 0x00, 0xff, 0x00, 0xff, 0x00, 0xff, 0x00, 0xff, 0x00, 0xff, 0x00, 0xff, 0x00, 0xff, 0x00, /* ................ */
    0x03, 0x01, 0xff, 0x00, 0xff, 0x00, 0xff, 0x00, 0x03, 0x01, 0x03, 0x01, 0x03, 0x01, 0x03, 0x01, /* ................ */
    0x03, 0x01, 0x03, 0x01, 0x03, 0x01, 0x03, 0x01, 0x03, 0x01, 0x03, 0x01, 0x03, 0x01, 0x03, 0x01, /* ................ */
    0x03, 0x01, 0x03, 0x01, 0x03, 0x01, 0x03, 0x01, 0xff, 0x00, 0xff, 0x00, 0xff, 0x00, 0xff, 0x00, /* ................ */
    0xff, 0x00, 0xff, 0x00, 0xff, 0x00, 0xff, 0x00, 0x02, 0x01, 0xff, 0x00, 0x02, 0x01, 0xff, 0x00, /* ................ */
    0xff, 0x00, 0xff, 0x00, 0xff, 0x00, 0xff, 0x00, 0x04, 0x01, 0xff, 0x00, 0xff, 0x00, 0xff, 0x00, /* ................ */
    0xff, 0x00, 0xff, 0x00, 0xff, 0x00, 0xff, 0x00, 0xff, 0x00, 0xff, 0x00, 0xff, 0x00, 0xff, 0x00, /* ................ */
    0x05, 0x01, 0xff, 0x00, 0xff, 0x00, 0xff, 0x00, 0xff, 0x00, 0xff, 0x00, 0xff, 0x00, 0xff, 0x00, /* ................ */
    0xff, 0x00, 0xff, 0x00, 0xff, 0x00, 0x03, 0x01, 0x06, 0x01, 0xff, 0x00, 0x03, 0x01, 0x03, 0x01, /* ................ */
    0x03, 0x01, 0x03, 0x01, 0x03, 0x01, 0x03, 0x01, 0x03, 0x01, 0x03, 0x01, 0x03, 0x01, 0x03, 0x01, /* ................ */
    0x03, 0x01, 0x03, 0x01, 0x03, 0x01, 0x03, 0x01, 0x03, 0x01, 0x03, 0x01, 0x03, 0x01, 0x03, 0x01, /* ................ */
    0x03, 0x01, 0x03, 0x01, 0x03, 0x01, 0x03, 0x01, 0xff, 0x00, 0xff, 0x00, 0xff, 0x00, 0xff, 0x00, /* ................ */
    0xff, 0x00, 0xff, 0x00, 0x04, 0x01, 0xff, 0x00, 0x04, 0x01, 0xff, 0x00, 0x05, 0x01, 0xff, 0x00, /* ................ */
    0xff, 0x00, 0xff, 0x00, 0xff, 0x00, 0x07, 0x01, 0x03, 0x01, 0x03, 0x01, 0x03, 0x01, 0x03, 0x01, /* ................ */
    0x03, 0x01, 0x03, 0x01, 0x03, 0x01, 0x03, 0x01, 0x03, 0x01, 0x03, 0x01, 0x03, 0x01, 0x03, 0x01, /* ................ */
    0x03, 0x01, 0x03, 0x01, 0x03, 0x01, 0x03, 0x01, 0x03, 0x01, 0x03, 0x01, 0x03, 0x01, 0x03, 0x01, /* ................ */
    0x03, 0x01, 0xff, 0x00, 0xff, 0x00, 0xff, 0x00, 0xff, 0x00, 0x07, 0x01, 0x03, 0x01, 0x03, 0x01, /* ................ */
    0x03, 0x01, 0x03, 0x01, 0x03, 0x01, 0x03, 0x01, 0x03, 0x01, 0x03, 0x01, 0x03, 0x01, 0x03, 0x01, /* ................ */
    0x03, 0x01, 0x03, 0x01, 0x03, 0x01, 0x03, 0x01, 0x03, 0x01, 0x03, 0x01, 0x03, 0x01, 0x03, 0x01, /* ................ */
    0x03, 0x01, 0x03, 0x01, 0xff, 0x00, 0xff, 0x00, 0xff, 0x00, 0xff, 0x00, 0x03, 0x01, 0x03, 0x01, /* ................ */
    0x03, 0x01, 0x03, 0x01, 0x03, 0x01, 0x03, 0x01, 0x03, 0x01, 0x03, 0x01, 0x03, 0x01, 0x03, 0x01, /* ................ */
    0x03, 0x01, 0x03, 0x01, 0x03, 0x01, 0x03, 0x01, 0xff, 0x00, 0xff, 0x00, 0xff, 0x00, 0x03, 0x01, /* ................ */
    0x03, 0x01, 0x03, 0x01, 0x03, 0x01, 0x03, 0x01, 0x03, 0x01, 0x03, 0x01, 0x03, 0x01, 0x03, 0x01, /* ................ */
    0x03, 0x01, 0x03, 0x01, 0xff, 0x00, 0xff, 0x00, 0xff, 0x00, 0x03, 0x01, 0x03, 0x01, 0x03, 0x01, /* ................ */
    0x03, 0x01, 0x03, 0x01, 0x03, 0x01, 0x03, 0x01, 0xff, 0x00, 0xff, 0x00, 0xff, 0x00, 0x03, 0x01, /* ................ */
    0x03, 0x01, 0x03, 0x01, 0x03, 0x01, 0x03, 0x01, 0x03, 0x01, 0xff, 0x00, 0xff, 0x00, 0x03, 0x01, /* ................ */
    0x03, 0x01, 0x03, 0x01, 0x03, 0x01, 0x03, 0x01, 0xff, 0x00, 0x03, 0x01, 0x03, 0x01, 0x03, 0x01, /* ................ */
    0x03, 0x01, 0xff, 0x00, 0x03, 0x01, 0x03, 0x01, 0xff, 0x00, 0x03, 0x01, 0x03, 0x01, 0xff, 0x00, /* ................ */
    0x03, 0x01, 0x03, 0x01, 0xff, 0x00, 0x03, 0x01, 0xff, 0x00, 0x03, 0x01, 0x03, 0x01, 0x00, 0x00, /* ................ */
    0xff, 0x00, 0xff, 0x00, 0xff, 0x00, 0xff, 0x00, 0xff, 0x00, 0xff, 0x00, 0xff, 0x00, 0xff, 0x00, /* ................ */
    0x00, 0x00, 0x00, 0x00, 0x00, 0x00, 0x00, 0x00, 0x00, 0x00, 0x00, 0x00, 0x00, 0x00, 0x00, 0x00 /* ................ */
};

/* 0x00301ae0 */
const unsigned char yy_accept[512] = {
    0x00, 0x00, 0x00, 0x00, 0x00, 0x00, 0x00, 0x00, 0x00, 0x00, 0x00, 0x00, 0x00, 0x00, 0x5e, 0x00, /* ..............^. */
    0x5c, 0x00, 0x01, 0x00, 0x04, 0x00, 0x21, 0x00, 0x5c, 0x00, 0x5c, 0x00, 0x59, 0x00, 0x20, 0x00, /* \.....!.\.\.Y. . */
    0x13, 0x00, 0x0b, 0x00, 0x0c, 0x00, 0x1e, 0x00, 0x1c, 0x00, 0x25, 0x00, 0x1d, 0x00, 0x26, 0x00, /* ..........%...&. */
    0x1f, 0x00, 0x23, 0x00, 0x28, 0x00, 0x2a, 0x00, 0x16, 0x00, 0x29, 0x00, 0x17, 0x00, 0x27, 0x00, /* ..#.(.*...)...'. */
    0x5a, 0x00, 0x0d, 0x00, 0x0e, 0x00, 0x12, 0x00, 0x5a, 0x00, 0x5a, 0x00, 0x5a, 0x00, 0x5a, 0x00, /* Z.......Z.Z.Z.Z. */
    0x5a, 0x00, 0x5a, 0x00, 0x5a, 0x00, 0x5a, 0x00, 0x5a, 0x00, 0x5a, 0x00, 0x5a, 0x00, 0x5a, 0x00, /* Z.Z.Z.Z.Z.Z.Z.Z. */
    0x5a, 0x00, 0x5a, 0x00, 0x5a, 0x00, 0x5a, 0x00, 0x09, 0x00, 0x11, 0x00, 0x0a, 0x00, 0x22, 0x00, /* Z.Z.Z.Z.......". */
    0x03, 0x00, 0x03, 0x00, 0x04, 0x00, 0x15, 0x00, 0x00, 0x00, 0x07, 0x00, 0x00, 0x00, 0x58, 0x00, /* ..............X. */
    0x00, 0x00, 0x00, 0x00, 0x00, 0x00, 0x42, 0x00, 0x00, 0x00, 0x10, 0x00, 0x3b, 0x00, 0x40, 0x00, /* ......B.....;.@. */
    0x37, 0x00, 0x3e, 0x00, 0x38, 0x00, 0x3f, 0x00, 0x24, 0x00, 0x00, 0x00, 0x57, 0x00, 0x06, 0x00, /* 7.>.8.?.$...W... */
    0x05, 0x00, 0x41, 0x00, 0x00, 0x00, 0x23, 0x00, 0x00, 0x00, 0x47, 0x00, 0x1a, 0x00, 0x18, 0x00, /* ..A...#...G..... */
    0x14, 0x00, 0x19, 0x00, 0x1b, 0x00, 0x5a, 0x00, 0x00, 0x00, 0x3a, 0x00, 0x5a, 0x00, 0x5a, 0x00, /* ......Z...:.Z.Z. */
    0x5a, 0x00, 0x5a, 0x00, 0x5a, 0x00, 0x5a, 0x00, 0x5a, 0x00, 0x5a, 0x00, 0x5a, 0x00, 0x5a, 0x00, /* Z.Z.Z.Z.Z.Z.Z.Z. */
    0x33, 0x00, 0x5a, 0x00, 0x5a, 0x00, 0x5a, 0x00, 0x5a, 0x00, 0x5a, 0x00, 0x5a, 0x00, 0x5a, 0x00, /* 3.Z.Z.Z.Z.Z.Z.Z. */
    0x5a, 0x00, 0x5a, 0x00, 0x5a, 0x00, 0x5a, 0x00, 0x39, 0x00, 0x0f, 0x00, 0x02, 0x00, 0x00, 0x00, /* Z.Z.Z.Z.9....... */
    0x00, 0x00, 0x00, 0x00, 0x00, 0x00, 0x08, 0x00, 0x00, 0x00, 0x00, 0x00, 0x05, 0x00, 0x00, 0x00, /* ................ */
    0x24, 0x00, 0x3c, 0x00, 0x3d, 0x00, 0x5b, 0x00, 0x5a, 0x00, 0x5a, 0x00, 0x5a, 0x00, 0x5a, 0x00, /* $.<.=.[.Z.Z.Z.Z. */
    0x5a, 0x00, 0x5a, 0x00, 0x5a, 0x00, 0x5a, 0x00, 0x36, 0x00, 0x5a, 0x00, 0x5a, 0x00, 0x5a, 0x00, /* Z.Z.Z.Z.6.Z.Z.Z. */
    0x5a, 0x00, 0x5a, 0x00, 0x5a, 0x00, 0x5a, 0x00, 0x5a, 0x00, 0x5a, 0x00, 0x5a, 0x00, 0x5a, 0x00, /* Z.Z.Z.Z.Z.Z.Z.Z. */
    0x5a, 0x00, 0x00, 0x00, 0x00, 0x00, 0x00, 0x00, 0x00, 0x00, 0x5b, 0x00, 0x32, 0x00, 0x5a, 0x00, /* Z.........[.2.Z. */
    0x4d, 0x00, 0x5a, 0x00, 0x5a, 0x00, 0x34, 0x00, 0x5a, 0x00, 0x5a, 0x00, 0x31, 0x00, 0x5a, 0x00, /* M.Z.Z.4.Z.Z.1.Z. */
    0x5a, 0x00, 0x5a, 0x00, 0x5a, 0x00, 0x2f, 0x00, 0x5a, 0x00, 0x5a, 0x00, 0x53, 0x00, 0x5a, 0x00, /* Z.Z.Z./.Z.Z.S.Z. */
    0x2c, 0x00, 0x5a, 0x00, 0x00, 0x00, 0x00, 0x00, 0x00, 0x00, 0x43, 0x00, 0x4f, 0x00, 0x5a, 0x00, /* ,.Z.......C.O.Z. */
    0x5a, 0x00, 0x51, 0x00, 0x52, 0x00, 0x30, 0x00, 0x5a, 0x00, 0x5a, 0x00, 0x5a, 0x00, 0x5a, 0x00, /* Z.Q.R.0.Z.Z.Z.Z. */
    0x5a, 0x00, 0x5a, 0x00, 0x5a, 0x00, 0x35, 0x00, 0x00, 0x00, 0x00, 0x00, 0x00, 0x00, 0x5a, 0x00, /* Z.Z.Z.5.......Z. */
    0x5a, 0x00, 0x5a, 0x00, 0x4b, 0x00, 0x5a, 0x00, 0x5a, 0x00, 0x2b, 0x00, 0x4c, 0x00, 0x2d, 0x00, /* Z.Z.K.Z.Z.+.L.-. */
    0x5a, 0x00, 0x5a, 0x00, 0x00, 0x00, 0x00, 0x00, 0x00, 0x00, 0x5a, 0x00, 0x5a, 0x00, 0x4e, 0x00, /* Z.Z.......Z.Z.N. */
    0x5a, 0x00, 0x5a, 0x00, 0x5a, 0x00, 0x5a, 0x00, 0x00, 0x00, 0x46, 0x00, 0x00, 0x00, 0x5a, 0x00, /* Z.Z.Z.Z...F...Z. */
    0x50, 0x00, 0x5a, 0x00, 0x56, 0x00, 0x5a, 0x00, 0x48, 0x00, 0x45, 0x00, 0x00, 0x00, 0x5a, 0x00, /* P.Z.V.Z.H.E...Z. */
    0x5a, 0x00, 0x2e, 0x00, 0x5a, 0x00, 0x5a, 0x00, 0x00, 0x00, 0x54, 0x00, 0x55, 0x00, 0x5a, 0x00, /* Z...Z.Z...T.U.Z. */
    0x5a, 0x00, 0x00, 0x00, 0x5a, 0x00, 0x5a, 0x00, 0x00, 0x00, 0x5a, 0x00, 0x5a, 0x00, 0x00, 0x00, /* Z...Z.Z...Z.Z... */
    0x5a, 0x00, 0x49, 0x00, 0x00, 0x00, 0x5a, 0x00, 0x44, 0x00, 0x5a, 0x00, 0x4a, 0x00, 0x00, 0x00 /* Z.I...Z.D.Z.J... */
};

/* 0x00301ce0 */
const unsigned char yy_ec[2976] = {
    0x00, 0x00, 0x00, 0x00, 0x01, 0x00, 0x00, 0x00, 0x01, 0x00, 0x00, 0x00, 0x01, 0x00, 0x00, 0x00, /* ................ */
    0x01, 0x00, 0x00, 0x00, 0x01, 0x00, 0x00, 0x00, 0x01, 0x00, 0x00, 0x00, 0x01, 0x00, 0x00, 0x00, /* ................ */
    0x01, 0x00, 0x00, 0x00, 0x02, 0x00, 0x00, 0x00, 0x03, 0x00, 0x00, 0x00, 0x01, 0x00, 0x00, 0x00, /* ................ */
    0x01, 0x00, 0x00, 0x00, 0x02, 0x00, 0x00, 0x00, 0x01, 0x00, 0x00, 0x00, 0x01, 0x00, 0x00, 0x00, /* ................ */
    0x01, 0x00, 0x00, 0x00, 0x01, 0x00, 0x00, 0x00, 0x01, 0x00, 0x00, 0x00, 0x01, 0x00, 0x00, 0x00, /* ................ */
    0x01, 0x00, 0x00, 0x00, 0x01, 0x00, 0x00, 0x00, 0x01, 0x00, 0x00, 0x00, 0x01, 0x00, 0x00, 0x00, /* ................ */
    0x01, 0x00, 0x00, 0x00, 0x01, 0x00, 0x00, 0x00, 0x01, 0x00, 0x00, 0x00, 0x01, 0x00, 0x00, 0x00, /* ................ */
    0x01, 0x00, 0x00, 0x00, 0x01, 0x00, 0x00, 0x00, 0x01, 0x00, 0x00, 0x00, 0x01, 0x00, 0x00, 0x00, /* ................ */
    0x02, 0x00, 0x00, 0x00, 0x04, 0x00, 0x00, 0x00, 0x05, 0x00, 0x00, 0x00, 0x06, 0x00, 0x00, 0x00, /* ................ */
    0x07, 0x00, 0x00, 0x00, 0x08, 0x00, 0x00, 0x00, 0x09, 0x00, 0x00, 0x00, 0x01, 0x00, 0x00, 0x00, /* ................ */
    0x0a, 0x00, 0x00, 0x00, 0x0b, 0x00, 0x00, 0x00, 0x0c, 0x00, 0x00, 0x00, 0x0d, 0x00, 0x00, 0x00, /* ................ */
    0x0e, 0x00, 0x00, 0x00, 0x0f, 0x00, 0x00, 0x00, 0x10, 0x00, 0x00, 0x00, 0x11, 0x00, 0x00, 0x00, /* ................ */
    0x12, 0x00, 0x00, 0x00, 0x12, 0x00, 0x00, 0x00, 0x12, 0x00, 0x00, 0x00, 0x12, 0x00, 0x00, 0x00, /* ................ */
    0x12, 0x00, 0x00, 0x00, 0x12, 0x00, 0x00, 0x00, 0x12, 0x00, 0x00, 0x00, 0x12, 0x00, 0x00, 0x00, /* ................ */
    0x12, 0x00, 0x00, 0x00, 0x12, 0x00, 0x00, 0x00, 0x13, 0x00, 0x00, 0x00, 0x14, 0x00, 0x00, 0x00, /* ................ */
    0x15, 0x00, 0x00, 0x00, 0x16, 0x00, 0x00, 0x00, 0x17, 0x00, 0x00, 0x00, 0x18, 0x00, 0x00, 0x00, /* ................ */
    0x01, 0x00, 0x00, 0x00, 0x19, 0x00, 0x00, 0x00, 0x19, 0x00, 0x00, 0x00, 0x19, 0x00, 0x00, 0x00, /* ................ */
    0x19, 0x00, 0x00, 0x00, 0x1a, 0x00, 0x00, 0x00, 0x19, 0x00, 0x00, 0x00, 0x19, 0x00, 0x00, 0x00, /* ................ */
    0x19, 0x00, 0x00, 0x00, 0x19, 0x00, 0x00, 0x00, 0x19, 0x00, 0x00, 0x00, 0x19, 0x00, 0x00, 0x00, /* ................ */
    0x19, 0x00, 0x00, 0x00, 0x19, 0x00, 0x00, 0x00, 0x19, 0x00, 0x00, 0x00, 0x19, 0x00, 0x00, 0x00, /* ................ */
    0x19, 0x00, 0x00, 0x00, 0x19, 0x00, 0x00, 0x00, 0x19, 0x00, 0x00, 0x00, 0x19, 0x00, 0x00, 0x00, /* ................ */
    0x19, 0x00, 0x00, 0x00, 0x19, 0x00, 0x00, 0x00, 0x19, 0x00, 0x00, 0x00, 0x19, 0x00, 0x00, 0x00, /* ................ */
    0x19, 0x00, 0x00, 0x00, 0x19, 0x00, 0x00, 0x00, 0x19, 0x00, 0x00, 0x00, 0x1b, 0x00, 0x00, 0x00, /* ................ */
    0x1c, 0x00, 0x00, 0x00, 0x1d, 0x00, 0x00, 0x00, 0x1e, 0x00, 0x00, 0x00, 0x1f, 0x00, 0x00, 0x00, /* ................ */
    0x01, 0x00, 0x00, 0x00, 0x20, 0x00, 0x00, 0x00, 0x21, 0x00, 0x00, 0x00, 0x22, 0x00, 0x00, 0x00, /* .... ...!..."... */
    0x23, 0x00, 0x00, 0x00, 0x24, 0x00, 0x00, 0x00, 0x25, 0x00, 0x00, 0x00, 0x26, 0x00, 0x00, 0x00, /* #...$...%...&... */
    0x27, 0x00, 0x00, 0x00, 0x28, 0x00, 0x00, 0x00, 0x19, 0x00, 0x00, 0x00, 0x29, 0x00, 0x00, 0x00, /* '...(.......)... */
    0x2a, 0x00, 0x00, 0x00, 0x2b, 0x00, 0x00, 0x00, 0x2c, 0x00, 0x00, 0x00, 0x2d, 0x00, 0x00, 0x00, /* *...+...,...-... */
    0x2e, 0x00, 0x00, 0x00, 0x19, 0x00, 0x00, 0x00, 0x2f, 0x00, 0x00, 0x00, 0x30, 0x00, 0x00, 0x00, /* ......../...0... */
    0x31, 0x00, 0x00, 0x00, 0x32, 0x00, 0x00, 0x00, 0x33, 0x00, 0x00, 0x00, 0x34, 0x00, 0x00, 0x00, /* 1...2...3...4... */
    0x19, 0x00, 0x00, 0x00, 0x35, 0x00, 0x00, 0x00, 0x36, 0x00, 0x00, 0x00, 0x37, 0x00, 0x00, 0x00, /* ....5...6...7... */
    0x38, 0x00, 0x00, 0x00, 0x39, 0x00, 0x00, 0x00, 0x3a, 0x00, 0x00, 0x00, 0x01, 0x00, 0x00, 0x00, /* 8...9...:....... */
    0x01, 0x00, 0x00, 0x00, 0x01, 0x00, 0x00, 0x00, 0x01, 0x00, 0x00, 0x00, 0x01, 0x00, 0x00, 0x00, /* ................ */
    0x01, 0x00, 0x00, 0x00, 0x01, 0x00, 0x00, 0x00, 0x01, 0x00, 0x00, 0x00, 0x01, 0x00, 0x00, 0x00, /* ................ */
    0x01, 0x00, 0x00, 0x00, 0x01, 0x00, 0x00, 0x00, 0x01, 0x00, 0x00, 0x00, 0x01, 0x00, 0x00, 0x00, /* ................ */
    0x01, 0x00, 0x00, 0x00, 0x01, 0x00, 0x00, 0x00, 0x01, 0x00, 0x00, 0x00, 0x01, 0x00, 0x00, 0x00, /* ................ */
    0x01, 0x00, 0x00, 0x00, 0x01, 0x00, 0x00, 0x00, 0x01, 0x00, 0x00, 0x00, 0x01, 0x00, 0x00, 0x00, /* ................ */
    0x01, 0x00, 0x00, 0x00, 0x01, 0x00, 0x00, 0x00, 0x01, 0x00, 0x00, 0x00, 0x01, 0x00, 0x00, 0x00, /* ................ */
    0x01, 0x00, 0x00, 0x00, 0x01, 0x00, 0x00, 0x00, 0x01, 0x00, 0x00, 0x00, 0x01, 0x00, 0x00, 0x00, /* ................ */
    0x01, 0x00, 0x00, 0x00, 0x01, 0x00, 0x00, 0x00, 0x01, 0x00, 0x00, 0x00, 0x01, 0x00, 0x00, 0x00, /* ................ */
    0x01, 0x00, 0x00, 0x00, 0x01, 0x00, 0x00, 0x00, 0x01, 0x00, 0x00, 0x00, 0x01, 0x00, 0x00, 0x00, /* ................ */
    0x01, 0x00, 0x00, 0x00, 0x01, 0x00, 0x00, 0x00, 0x01, 0x00, 0x00, 0x00, 0x01, 0x00, 0x00, 0x00, /* ................ */
    0x01, 0x00, 0x00, 0x00, 0x01, 0x00, 0x00, 0x00, 0x01, 0x00, 0x00, 0x00, 0x01, 0x00, 0x00, 0x00, /* ................ */
    0x01, 0x00, 0x00, 0x00, 0x01, 0x00, 0x00, 0x00, 0x01, 0x00, 0x00, 0x00, 0x01, 0x00, 0x00, 0x00, /* ................ */
    0x01, 0x00, 0x00, 0x00, 0x01, 0x00, 0x00, 0x00, 0x01, 0x00, 0x00, 0x00, 0x01, 0x00, 0x00, 0x00, /* ................ */
    0x01, 0x00, 0x00, 0x00, 0x01, 0x00, 0x00, 0x00, 0x01, 0x00, 0x00, 0x00, 0x01, 0x00, 0x00, 0x00, /* ................ */
    0x01, 0x00, 0x00, 0x00, 0x01, 0x00, 0x00, 0x00, 0x01, 0x00, 0x00, 0x00, 0x01, 0x00, 0x00, 0x00, /* ................ */
    0x01, 0x00, 0x00, 0x00, 0x01, 0x00, 0x00, 0x00, 0x01, 0x00, 0x00, 0x00, 0x01, 0x00, 0x00, 0x00, /* ................ */
    0x01, 0x00, 0x00, 0x00, 0x01, 0x00, 0x00, 0x00, 0x01, 0x00, 0x00, 0x00, 0x01, 0x00, 0x00, 0x00, /* ................ */
    0x01, 0x00, 0x00, 0x00, 0x01, 0x00, 0x00, 0x00, 0x01, 0x00, 0x00, 0x00, 0x01, 0x00, 0x00, 0x00, /* ................ */
    0x01, 0x00, 0x00, 0x00, 0x01, 0x00, 0x00, 0x00, 0x01, 0x00, 0x00, 0x00, 0x01, 0x00, 0x00, 0x00, /* ................ */
    0x01, 0x00, 0x00, 0x00, 0x01, 0x00, 0x00, 0x00, 0x01, 0x00, 0x00, 0x00, 0x01, 0x00, 0x00, 0x00, /* ................ */
    0x01, 0x00, 0x00, 0x00, 0x01, 0x00, 0x00, 0x00, 0x01, 0x00, 0x00, 0x00, 0x01, 0x00, 0x00, 0x00, /* ................ */
    0x01, 0x00, 0x00, 0x00, 0x01, 0x00, 0x00, 0x00, 0x01, 0x00, 0x00, 0x00, 0x01, 0x00, 0x00, 0x00, /* ................ */
    0x01, 0x00, 0x00, 0x00, 0x01, 0x00, 0x00, 0x00, 0x01, 0x00, 0x00, 0x00, 0x01, 0x00, 0x00, 0x00, /* ................ */
    0x01, 0x00, 0x00, 0x00, 0x01, 0x00, 0x00, 0x00, 0x01, 0x00, 0x00, 0x00, 0x01, 0x00, 0x00, 0x00, /* ................ */
    0x01, 0x00, 0x00, 0x00, 0x01, 0x00, 0x00, 0x00, 0x01, 0x00, 0x00, 0x00, 0x01, 0x00, 0x00, 0x00, /* ................ */
    0x01, 0x00, 0x00, 0x00, 0x01, 0x00, 0x00, 0x00, 0x01, 0x00, 0x00, 0x00, 0x01, 0x00, 0x00, 0x00, /* ................ */
    0x01, 0x00, 0x00, 0x00, 0x01, 0x00, 0x00, 0x00, 0x01, 0x00, 0x00, 0x00, 0x01, 0x00, 0x00, 0x00, /* ................ */
    0x01, 0x00, 0x00, 0x00, 0x01, 0x00, 0x00, 0x00, 0x01, 0x00, 0x00, 0x00, 0x01, 0x00, 0x00, 0x00, /* ................ */
    0x01, 0x00, 0x00, 0x00, 0x01, 0x00, 0x00, 0x00, 0x01, 0x00, 0x00, 0x00, 0x01, 0x00, 0x00, 0x00, /* ................ */
    0x01, 0x00, 0x00, 0x00, 0x01, 0x00, 0x00, 0x00, 0x01, 0x00, 0x00, 0x00, 0x01, 0x00, 0x00, 0x00, /* ................ */
    0x01, 0x00, 0x00, 0x00, 0x01, 0x00, 0x00, 0x00, 0x01, 0x00, 0x00, 0x00, 0x01, 0x00, 0x00, 0x00, /* ................ */
    0x01, 0x00, 0x00, 0x00, 0x01, 0x00, 0x00, 0x00, 0x01, 0x00, 0x00, 0x00, 0x01, 0x00, 0x00, 0x00, /* ................ */
    0x1b, 0xde, 0x10, 0x00, 0x1d, 0xf3, 0x10, 0x00, 0xd8, 0xdc, 0x10, 0x00, 0xaa, 0xdc, 0x10, 0x00, /* ................ */
    0x8b, 0xe0, 0x10, 0x00, 0x4b, 0xe0, 0x10, 0x00, 0xf8, 0xe1, 0x10, 0x00, 0x7b, 0xe1, 0x10, 0x00, /* ....K.......{... */
    0x1a, 0xe1, 0x10, 0x00, 0xb9, 0xe0, 0x10, 0x00, 0x1c, 0xe5, 0x10, 0x00, 0xbb, 0xe4, 0x10, 0x00, /* ................ */
    0x5a, 0xe4, 0x10, 0x00, 0xf9, 0xe3, 0x10, 0x00, 0x98, 0xe3, 0x10, 0x00, 0x37, 0xe3, 0x10, 0x00, /* Z...........7... */
    0xd6, 0xe2, 0x10, 0x00, 0x75, 0xe2, 0x10, 0x00, 0x33, 0xea, 0x10, 0x00, 0xd2, 0xe9, 0x10, 0x00, /* ....u...3....... */
    0x71, 0xe9, 0x10, 0x00, 0x10, 0xe9, 0x10, 0x00, 0xaf, 0xe8, 0x10, 0x00, 0x4e, 0xe8, 0x10, 0x00, /* q...........N... */
    0x0e, 0xe8, 0x10, 0x00, 0xd4, 0xe7, 0x10, 0x00, 0xa9, 0xe7, 0x10, 0x00, 0x8a, 0xe7, 0x10, 0x00, /* ................ */
    0x4c, 0xe7, 0x10, 0x00, 0x14, 0xe7, 0x10, 0x00, 0xa7, 0xe6, 0x10, 0x00, 0x48, 0xe6, 0x10, 0x00, /* L...........H... */
    0xd6, 0xe5, 0x10, 0x00, 0x7d, 0xe5, 0x10, 0x00, 0xe3, 0xf2, 0x10, 0x00, 0xa2, 0xf2, 0x10, 0x00, /* ....}........... */
    0x68, 0xf2, 0x10, 0x00, 0x14, 0xf2, 0x10, 0x00, 0xb4, 0xf1, 0x10, 0x00, 0x34, 0xf1, 0x10, 0x00, /* h...........4... */
    0xf9, 0xf0, 0x10, 0x00, 0xb9, 0xf0, 0x10, 0x00, 0x7f, 0xf0, 0x10, 0x00, 0x3f, 0xf0, 0x10, 0x00, /* ............?... */
    0x05, 0xf0, 0x10, 0x00, 0xc5, 0xef, 0x10, 0x00, 0x8b, 0xef, 0x10, 0x00, 0x60, 0xef, 0x10, 0x00, /* ............`... */
    0x20, 0xef, 0x10, 0x00, 0xec, 0xee, 0x10, 0x00, 0xb8, 0xee, 0x10, 0x00, 0x84, 0xee, 0x10, 0x00, /*  ............... */
    0x50, 0xee, 0x10, 0x00, 0x1c, 0xee, 0x10, 0x00, 0xd2, 0xed, 0x10, 0x00, 0x98, 0xed, 0x10, 0x00, /* P............... */
    0x64, 0xed, 0x10, 0x00, 0x05, 0xed, 0x10, 0x00, 0xd1, 0xec, 0x10, 0x00, 0x9d, 0xec, 0x10, 0x00, /* d............... */
    0x69, 0xec, 0x10, 0x00, 0x00, 0xec, 0x10, 0x00, 0x92, 0xeb, 0x10, 0x00, 0x39, 0xeb, 0x10, 0x00, /* i...........9... */
    0xd4, 0xea, 0x10, 0x00, 0x94, 0xea, 0x10, 0x00, 0xfd, 0x01, 0x11, 0x00, 0xbd, 0x01, 0x11, 0x00, /* ................ */
    0x89, 0x01, 0x11, 0x00, 0x32, 0x01, 0x11, 0x00, 0xf1, 0x00, 0x11, 0x00, 0xb6, 0x00, 0x11, 0x00, /* ....2........... */
    0x5d, 0x00, 0x11, 0x00, 0x04, 0x00, 0x11, 0x00, 0xab, 0xff, 0x10, 0x00, 0x52, 0xff, 0x10, 0x00, /* ]...........R... */
    0xf9, 0xfe, 0x10, 0x00, 0xa0, 0xfe, 0x10, 0x00, 0x47, 0xfe, 0x10, 0x00, 0xee, 0xfd, 0x10, 0x00, /* ........G....... */
    0x95, 0xfd, 0x10, 0x00, 0x3c, 0xfd, 0x10, 0x00, 0xe3, 0xfc, 0x10, 0x00, 0x8a, 0xfc, 0x10, 0x00, /* ....<........... */
    0x56, 0xfc, 0x10, 0x00, 0x03, 0xfc, 0x10, 0x00, 0xaa, 0xfb, 0x10, 0x00, 0x76, 0xfb, 0x10, 0x00, /* V...........v... */
    0x42, 0xfb, 0x10, 0x00, 0x0e, 0xfb, 0x10, 0x00, 0xcd, 0xfa, 0x10, 0x00, 0x92, 0xfa, 0x10, 0x00, /* B............... */
    0x67, 0xfa, 0x10, 0x00, 0x1b, 0xde, 0x10, 0x00, 0x48, 0xfa, 0x10, 0x00, 0x1b, 0xde, 0x10, 0x00, /* g.......H....... */
    0x1b, 0xde, 0x10, 0x00, 0xfc, 0xf9, 0x10, 0x00, 0xab, 0xf9, 0x10, 0x00, 0x3e, 0xf9, 0x10, 0x00, /* ............>... */
    0xd6, 0xf8, 0x10, 0x00, 0x44, 0xf8, 0x10, 0x00, 0x02, 0xf8, 0x10, 0x00, 0xf8, 0xd8, 0x10, 0x00, /* ....D........... */
    0xd9, 0xd8, 0x10, 0x00, 0x6a, 0xde, 0x10, 0x00, 0x2c, 0xde, 0x10, 0x00, 0x1b, 0xde, 0x10, 0x00, /* ....j...,....... */
    0xf1, 0xdd, 0x10, 0x00, 0xca, 0xdd, 0x10, 0x00, 0x77, 0xdd, 0x10, 0x00, 0x25, 0xdd, 0x10, 0x00, /* ........w...%... */
    0x06, 0xdd, 0x10, 0x00, 0xbb, 0xdf, 0x10, 0x00, 0x3c, 0xdf, 0x10, 0x00, 0x15, 0xdf, 0x10, 0x00, /* ........<....... */
    0xb5, 0xde, 0x10, 0x00, 0x7f, 0xd8, 0x10, 0x00, 0x3e, 0xd8, 0x10, 0x00, 0x84, 0xdb, 0x10, 0x00, /* ........>....... */
    0x37, 0xdb, 0x10, 0x00, 0xeb, 0xda, 0x10, 0x00, 0x2d, 0xda, 0x10, 0x00, 0xd5, 0xd9, 0x10, 0x00, /* 7.......-....... */
    0xa1, 0xd9, 0x10, 0x00, 0x6d, 0xd9, 0x10, 0x00, 0x43, 0xd9, 0x10, 0x00, 0x83, 0xdc, 0x10, 0x00, /* ....m...C....... */
    0x36, 0xdc, 0x10, 0x00, 0x05, 0xdc, 0x10, 0x00, 0xde, 0xdb, 0x10, 0x00, 0xaa, 0xf6, 0x10, 0x00, /* 6............... */
    0x27, 0xce, 0x10, 0x00, 0xc6, 0xf6, 0x10, 0x00, 0x27, 0xce, 0x10, 0x00, 0x27, 0xce, 0x10, 0x00, /* '.......'...'... */
    0x27, 0xce, 0x10, 0x00, 0xd9, 0xf7, 0x10, 0x00, 0x64, 0xf7, 0x10, 0x00, 0xef, 0xf6, 0x10, 0x00, /* '.......d....... */
    0x86, 0xf6, 0x10, 0x00, 0x62, 0xf6, 0x10, 0x00, 0x3e, 0xf6, 0x10, 0x00, 0x1a, 0xf6, 0x10, 0x00, /* ....b...>....... */
    0xf6, 0xf5, 0x10, 0x00, 0xd2, 0xf5, 0x10, 0x00, 0xae, 0xf5, 0x10, 0x00, 0x8a, 0xf5, 0x10, 0x00, /* ................ */
    0x66, 0xf5, 0x10, 0x00, 0x42, 0xf5, 0x10, 0x00, 0x1e, 0xf5, 0x10, 0x00, 0xfa, 0xf4, 0x10, 0x00, /* f...B........... */
    0xd6, 0xf4, 0x10, 0x00, 0xb2, 0xf4, 0x10, 0x00, 0x8e, 0xf4, 0x10, 0x00, 0x6a, 0xf4, 0x10, 0x00, /* ............j... */
    0x46, 0xf4, 0x10, 0x00, 0x22, 0xf4, 0x10, 0x00, 0xfe, 0xf3, 0x10, 0x00, 0xda, 0xf3, 0x10, 0x00, /* F..."........... */
    0xb6, 0xf3, 0x10, 0x00, 0x92, 0xf3, 0x10, 0x00, 0x6e, 0xf3, 0x10, 0x00, 0x4a, 0xf3, 0x10, 0x00, /* ........n...J... */
    0xb4, 0xd2, 0x10, 0x00, 0x90, 0xd2, 0x10, 0x00, 0x4f, 0xd2, 0x10, 0x00, 0x0e, 0xd2, 0x10, 0x00, /* ........O....... */
    0xea, 0xd1, 0x10, 0x00, 0xc6, 0xd1, 0x10, 0x00, 0xa2, 0xd1, 0x10, 0x00, 0x7e, 0xd1, 0x10, 0x00, /* ............~... */
    0x5a, 0xd1, 0x10, 0x00, 0x36, 0xd1, 0x10, 0x00, 0x12, 0xd1, 0x10, 0x00, 0xee, 0xd0, 0x10, 0x00, /* Z...6........... */
    0xca, 0xd0, 0x10, 0x00, 0xa6, 0xd0, 0x10, 0x00, 0x82, 0xd0, 0x10, 0x00, 0x5e, 0xd0, 0x10, 0x00, /* ............^... */
    0x3a, 0xd0, 0x10, 0x00, 0x16, 0xd0, 0x10, 0x00, 0xf2, 0xcf, 0x10, 0x00, 0xce, 0xcf, 0x10, 0x00, /* :............... */
    0xaa, 0xcf, 0x10, 0x00, 0x86, 0xcf, 0x10, 0x00, 0x62, 0xcf, 0x10, 0x00, 0x3e, 0xcf, 0x10, 0x00, /* ........b...>... */
    0x1a, 0xcf, 0x10, 0x00, 0xf6, 0xce, 0x10, 0x00, 0xd2, 0xce, 0x10, 0x00, 0xb1, 0xce, 0x10, 0x00, /* ................ */
    0x90, 0xce, 0x10, 0x00, 0x6f, 0xce, 0x10, 0x00, 0x46, 0xce, 0x10, 0x00, 0x27, 0xe0, 0x10, 0x00, /* ....o...F...'... */
    0xf4, 0xd4, 0x10, 0x00, 0xd0, 0xd4, 0x10, 0x00, 0xac, 0xd4, 0x10, 0x00, 0x88, 0xd4, 0x10, 0x00, /* ................ */
    0x64, 0xd4, 0x10, 0x00, 0x40, 0xd4, 0x10, 0x00, 0x1c, 0xd4, 0x10, 0x00, 0xf8, 0xd3, 0x10, 0x00, /* d...@........... */
    0xd4, 0xd3, 0x10, 0x00, 0xb0, 0xd3, 0x10, 0x00, 0x8c, 0xd3, 0x10, 0x00, 0x68, 0xd3, 0x10, 0x00, /* ............h... */
    0x44, 0xd3, 0x10, 0x00, 0x20, 0xd3, 0x10, 0x00, 0xfc, 0xd2, 0x10, 0x00, 0xd8, 0xd2, 0x10, 0x00, /* D... ........... */
    0x14, 0xd6, 0x10, 0x00, 0xf0, 0xd5, 0x10, 0x00, 0xcc, 0xd5, 0x10, 0x00, 0xa8, 0xd5, 0x10, 0x00, /* ................ */
    0x84, 0xd5, 0x10, 0x00, 0x60, 0xd5, 0x10, 0x00, 0x3c, 0xd5, 0x10, 0x00, 0x18, 0xd5, 0x10, 0x00, /* ....`...<....... */
    0x17, 0xd7, 0x10, 0x00, 0xc8, 0xd6, 0x10, 0x00, 0x79, 0xd6, 0x10, 0x00, 0x38, 0xd6, 0x10, 0x00, /* ........y...8... */
    0xf4, 0xd7, 0x10, 0x00, 0x3b, 0xd7, 0x10, 0x00, 0x37, 0xd8, 0x10, 0x00, 0x37, 0xd8, 0x10, 0x00, /* ....;...7...7... */
    0x37, 0xd8, 0x10, 0x00, 0x00, 0x00, 0x00, 0x00, 0x00, 0x00, 0x00, 0x00, 0x00, 0x00, 0x00, 0x00, /* 7............... */
    0xaa, 0xe7, 0x13, 0x00, 0xd9, 0xe7, 0x13, 0x00, 0xd9, 0xe7, 0x13, 0x00, 0xd0, 0xe7, 0x13, 0x00, /* ................ */
    0xaa, 0xe7, 0x13, 0x00, 0xaa, 0xe7, 0x13, 0x00, 0xaa, 0xe7, 0x13, 0x00, 0xaa, 0xe7, 0x13, 0x00, /* ................ */
    0xd0, 0xe7, 0x13, 0x00, 0xaa, 0xe7, 0x13, 0x00, 0xe2, 0xe7, 0x13, 0x00, 0xe1, 0xef, 0x13, 0x00, /* ................ */
    0x55, 0xf0, 0x13, 0x00, 0x3c, 0xf0, 0x13, 0x00, 0x23, 0xf0, 0x13, 0x00, 0xaf, 0xef, 0x13, 0x00, /* U...<...#....... */
    0xaf, 0xef, 0x13, 0x00, 0xaf, 0xef, 0x13, 0x00, 0xaf, 0xef, 0x13, 0x00, 0x0d, 0xf0, 0x13, 0x00, /* ................ */
    0xaf, 0xef, 0x13, 0x00, 0xf7, 0xef, 0x13, 0x00, 0x6a, 0xf9, 0x13, 0x00, 0x6d, 0xfa, 0x13, 0x00, /* ........j...m... */
    0x6d, 0xfa, 0x13, 0x00, 0x61, 0xfa, 0x13, 0x00, 0x6a, 0xf9, 0x13, 0x00, 0x6a, 0xf9, 0x13, 0x00, /* m...a...j...j... */
    0x6a, 0xf9, 0x13, 0x00, 0x6a, 0xf9, 0x13, 0x00, 0x61, 0xfa, 0x13, 0x00, 0x6a, 0xf9, 0x13, 0x00, /* j...j...a...j... */
    0x79, 0xfa, 0x13, 0x00, 0x00, 0x00, 0x00, 0x00, 0x00, 0x00, 0x00, 0x00, 0x00, 0x00, 0x00, 0x00, /* y............... */
    0x00, 0x00, 0x00, 0x00, 0x00, 0x00, 0x00, 0x00, 0x00, 0x00, 0x00, 0x00, 0x00, 0x00, 0x00, 0x00, /* ................ */
    0x01, 0x1e, 0x14, 0x00, 0x50, 0x1e, 0x14, 0x00, 0x50, 0x1e, 0x14, 0x00, 0x5a, 0x1e, 0x14, 0x00, /* ....P...P...Z... */
    0x5a, 0x1e, 0x14, 0x00, 0x5a, 0x1e, 0x14, 0x00, 0x01, 0x1e, 0x14, 0x00, 0x01, 0x1e, 0x14, 0x00, /* Z...Z........... */
    0x25, 0x1e, 0x14, 0x00, 0x00, 0x00, 0x00, 0x00, 0x00, 0x00, 0x00, 0x00, 0x00, 0x00, 0x00, 0x00, /* %............... */
    0x00, 0x00, 0x00, 0x00, 0x00, 0x00, 0x00, 0x00, 0x00, 0x00, 0x00, 0x00, 0x00, 0x00, 0x00, 0x00, /* ................ */
    0x78, 0x0e, 0x15, 0x00, 0xf0, 0x10, 0x15, 0x00, 0xac, 0x10, 0x15, 0x00, 0x81, 0x10, 0x15, 0x00, /* x............... */
    0x56, 0x10, 0x15, 0x00, 0x2b, 0x10, 0x15, 0x00, 0x67, 0x0e, 0x15, 0x00, 0x67, 0x0e, 0x15, 0x00, /* V...+...g...g... */
    0xd0, 0x0f, 0x15, 0x00, 0xef, 0x0e, 0x15, 0x00, 0xef, 0x0e, 0x15, 0x00, 0xb0, 0x0e, 0x15, 0x00, /* ................ */
    0x9f, 0x25, 0x15, 0x00, 0xc7, 0x25, 0x15, 0x00, 0xc7, 0x25, 0x15, 0x00, 0xc7, 0x25, 0x15, 0x00, /* .%...%...%...%.. */
    0xc7, 0x25, 0x15, 0x00, 0xc7, 0x25, 0x15, 0x00, 0xc7, 0x25, 0x15, 0x00, 0xc7, 0x25, 0x15, 0x00, /* .%...%...%...%.. */
    0xc7, 0x25, 0x15, 0x00, 0xc7, 0x25, 0x15, 0x00, 0xc7, 0x25, 0x15, 0x00, 0xc7, 0x25, 0x15, 0x00, /* .%...%...%...%.. */
    0xc7, 0x25, 0x15, 0x00, 0xc7, 0x25, 0x15, 0x00, 0xc7, 0x25, 0x15, 0x00, 0xf1, 0x27, 0x15, 0x00, /* .%...%...%...'.. */
    0xc7, 0x25, 0x15, 0x00, 0x33, 0x26, 0x15, 0x00, 0xc7, 0x25, 0x15, 0x00, 0xc7, 0x25, 0x15, 0x00, /* .%..3&...%...%.. */
    0xc7, 0x25, 0x15, 0x00, 0xc7, 0x25, 0x15, 0x00, 0xc7, 0x25, 0x15, 0x00, 0xc7, 0x25, 0x15, 0x00, /* .%...%...%...%.. */
    0xc7, 0x25, 0x15, 0x00, 0xc7, 0x25, 0x15, 0x00, 0xc7, 0x25, 0x15, 0x00, 0xc7, 0x25, 0x15, 0x00, /* .%...%...%...%.. */
    0xc7, 0x25, 0x15, 0x00, 0xc7, 0x25, 0x15, 0x00, 0xc7, 0x25, 0x15, 0x00, 0xc7, 0x25, 0x15, 0x00, /* .%...%...%...%.. */
    0xc7, 0x25, 0x15, 0x00, 0xc7, 0x25, 0x15, 0x00, 0xc7, 0x25, 0x15, 0x00, 0xc7, 0x25, 0x15, 0x00, /* .%...%...%...%.. */
    0xc7, 0x25, 0x15, 0x00, 0xc7, 0x25, 0x15, 0x00, 0xc7, 0x25, 0x15, 0x00, 0xc7, 0x25, 0x15, 0x00, /* .%...%...%...%.. */
    0x93, 0x26, 0x15, 0x00, 0xc7, 0x25, 0x15, 0x00, 0xc7, 0x25, 0x15, 0x00, 0xc7, 0x25, 0x15, 0x00, /* .&...%...%...%.. */
    0xc7, 0x25, 0x15, 0x00, 0xc7, 0x25, 0x15, 0x00, 0xc7, 0x25, 0x15, 0x00, 0xc7, 0x25, 0x15, 0x00, /* .%...%...%...%.. */
    0xd1, 0x25, 0x15, 0x00, 0x8a, 0x2d, 0x15, 0x00, 0xec, 0x2e, 0x15, 0x00, 0x45, 0x2e, 0x15, 0x00, /* .%...-......E... */
    0x83, 0x2e, 0x15, 0x00, 0x94, 0x2d, 0x15, 0x00, 0xec, 0x2d, 0x15, 0x00, 0x2b, 0x2e, 0x15, 0x00, /* .....-...-..+... */
    0x38, 0x2e, 0x15, 0x00, 0x38, 0x2d, 0x15, 0x00, 0x68, 0x2d, 0x15, 0x00, 0x96, 0x36, 0x15, 0x00, /* 8...8-..h-...6.. */
    0x60, 0x34, 0x15, 0x00, 0xac, 0x33, 0x15, 0x00, 0xac, 0x33, 0x15, 0x00, 0xac, 0x33, 0x15, 0x00, /* `4...3...3...3.. */
    0xac, 0x33, 0x15, 0x00, 0xac, 0x33, 0x15, 0x00, 0xac, 0x33, 0x15, 0x00, 0xac, 0x33, 0x15, 0x00, /* .3...3...3...3.. */
    0xac, 0x33, 0x15, 0x00, 0xac, 0x33, 0x15, 0x00, 0xac, 0x33, 0x15, 0x00, 0xac, 0x33, 0x15, 0x00, /* .3...3...3...3.. */
    0xac, 0x33, 0x15, 0x00, 0xac, 0x33, 0x15, 0x00, 0x0f, 0x37, 0x15, 0x00, 0x59, 0x37, 0x15, 0x00, /* .3...3...7..Y7.. */
    0x7a, 0x37, 0x15, 0x00, 0xac, 0x33, 0x15, 0x00, 0xac, 0x33, 0x15, 0x00, 0xac, 0x33, 0x15, 0x00, /* z7...3...3...3.. */
    0xac, 0x33, 0x15, 0x00, 0xac, 0x33, 0x15, 0x00, 0xac, 0x33, 0x15, 0x00, 0xac, 0x33, 0x15, 0x00, /* .3...3...3...3.. */
    0xac, 0x33, 0x15, 0x00, 0xac, 0x33, 0x15, 0x00, 0xac, 0x33, 0x15, 0x00, 0xac, 0x33, 0x15, 0x00, /* .3...3...3...3.. */
    0xac, 0x33, 0x15, 0x00, 0xac, 0x33, 0x15, 0x00, 0xac, 0x33, 0x15, 0x00, 0xac, 0x33, 0x15, 0x00, /* .3...3...3...3.. */
    0xac, 0x33, 0x15, 0x00, 0xac, 0x33, 0x15, 0x00, 0xac, 0x33, 0x15, 0x00, 0xac, 0x33, 0x15, 0x00, /* .3...3...3...3.. */
    0xac, 0x33, 0x15, 0x00, 0xac, 0x33, 0x15, 0x00, 0xd1, 0x37, 0x15, 0x00, 0xe8, 0x37, 0x15, 0x00, /* .3...3...7...7.. */
    0x2a, 0x38, 0x15, 0x00, 0x22, 0x39, 0x15, 0x00, 0xac, 0x33, 0x15, 0x00, 0xac, 0x33, 0x15, 0x00, /* *8.."9...3...3.. */
    0x97, 0x38, 0x15, 0x00, 0xac, 0x33, 0x15, 0x00, 0xac, 0x33, 0x15, 0x00, 0x01, 0x39, 0x15, 0x00, /* .8...3...3...9.. */
    0x7a, 0x34, 0x15, 0x00, 0x60, 0x34, 0x15, 0x00, 0xac, 0x33, 0x15, 0x00, 0xac, 0x33, 0x15, 0x00, /* z4..`4...3...3.. */
    0xac, 0x33, 0x15, 0x00, 0xac, 0x33, 0x15, 0x00, 0xac, 0x33, 0x15, 0x00, 0xac, 0x33, 0x15, 0x00, /* .3...3...3...3.. */
    0xac, 0x33, 0x15, 0x00, 0xac, 0x33, 0x15, 0x00, 0xac, 0x33, 0x15, 0x00, 0x1b, 0x35, 0x15, 0x00, /* .3...3...3...5.. */
    0x3c, 0x33, 0x15, 0x00, 0x2b, 0x35, 0x15, 0x00, 0x2b, 0x35, 0x15, 0x00, 0x2b, 0x35, 0x15, 0x00, /* <3..+5..+5..+5.. */
    0x2b, 0x35, 0x15, 0x00, 0x00, 0x00, 0x00, 0x00, 0x00, 0x00, 0x00, 0x00, 0x00, 0x00, 0x00, 0x00, /* +5.............. */
    0x00, 0x00, 0x00, 0x00, 0x00, 0x00, 0x00, 0x00, 0x00, 0x00, 0x00, 0x00, 0x00, 0x00, 0x00, 0x00, /* ................ */
    0x57, 0x96, 0x15, 0x00, 0x57, 0x96, 0x15, 0x00, 0x8c, 0x94, 0x15, 0x00, 0x8c, 0x94, 0x15, 0x00, /* W...W........... */
    0x8c, 0x94, 0x15, 0x00, 0x8c, 0x94, 0x15, 0x00, 0x8c, 0x94, 0x15, 0x00, 0x8c, 0x94, 0x15, 0x00, /* ................ */
    0x8c, 0x94, 0x15, 0x00, 0x8c, 0x94, 0x15, 0x00, 0x8c, 0x94, 0x15, 0x00, 0x8c, 0x94, 0x15, 0x00, /* ................ */
    0x8c, 0x94, 0x15, 0x00, 0x8c, 0x94, 0x15, 0x00, 0x8c, 0x94, 0x15, 0x00, 0x8c, 0x94, 0x15, 0x00, /* ................ */
    0x8c, 0x94, 0x15, 0x00, 0x8c, 0x94, 0x15, 0x00, 0x8c, 0x94, 0x15, 0x00, 0x8c, 0x94, 0x15, 0x00, /* ................ */
    0x8c, 0x94, 0x15, 0x00, 0x8c, 0x94, 0x15, 0x00, 0x8c, 0x94, 0x15, 0x00, 0x8c, 0x94, 0x15, 0x00, /* ................ */
    0x8c, 0x94, 0x15, 0x00, 0x8c, 0x94, 0x15, 0x00, 0x8c, 0x94, 0x15, 0x00, 0x8c, 0x94, 0x15, 0x00, /* ................ */
    0x8c, 0x94, 0x15, 0x00, 0x8c, 0x94, 0x15, 0x00, 0x57, 0x96, 0x15, 0x00, 0x57, 0x96, 0x15, 0x00, /* ........W...W... */
    0x8c, 0x94, 0x15, 0x00, 0xd6, 0x96, 0x15, 0x00, 0x8c, 0x94, 0x15, 0x00, 0x8c, 0x94, 0x15, 0x00, /* ................ */
    0x8c, 0x94, 0x15, 0x00, 0x8c, 0x94, 0x15, 0x00, 0x8c, 0x94, 0x15, 0x00, 0x8c, 0x94, 0x15, 0x00, /* ................ */
    0x8c, 0x94, 0x15, 0x00, 0x8c, 0x94, 0x15, 0x00, 0x8c, 0x94, 0x15, 0x00, 0x8c, 0x94, 0x15, 0x00, /* ................ */
    0x57, 0x96, 0x15, 0x00, 0x57, 0x96, 0x15, 0x00, 0x57, 0x96, 0x15, 0x00, 0x57, 0x96, 0x15, 0x00, /* W...W...W...W... */
    0x8c, 0x94, 0x15, 0x00, 0x57, 0x96, 0x15, 0x00, 0x8c, 0x94, 0x15, 0x00, 0xd6, 0x96, 0x15, 0x00, /* ....W........... */
    0x00, 0x00, 0x00, 0x00, 0x00, 0x00, 0x00, 0x00, 0x00, 0x00, 0x00, 0x00, 0x00, 0x00, 0x00, 0x00 /* ................ */
};

/* 0x00302880 */
const unsigned char con_versionColor[16] = { 0x00, 0x00, 0x80, 0x3f, 0x00, 0x00, 0x80, 0x3f, 0x00, 0x00, 0x00, 0x00, 0x00, 0x00, 0x80, 0x3f };

/* 0x00302890 */
const unsigned char con_inputDvarMatchColor[16] = { 0x00, 0x00, 0x80, 0x3f, 0x00, 0x00, 0x80, 0x3f, 0xcd, 0xcc, 0x4c, 0x3f, 0x00, 0x00, 0x80, 0x3f };

/* 0x003028a0 */
const unsigned char con_inputCommandMatchColor[16] = { 0xcd, 0xcc, 0x4c, 0x3f, 0xcd, 0xcc, 0x4c, 0x3f, 0x00, 0x00, 0x80, 0x3f, 0x00, 0x00, 0x80, 0x3f };

/* 0x003028b0 */
const unsigned char con_inputDvarValueColor[16] = { 0x00, 0x00, 0x80, 0x3f, 0x00, 0x00, 0x80, 0x3f, 0x00, 0x00, 0x80, 0x3f, 0x00, 0x00, 0x80, 0x3f };

/* 0x003028c0 */
const unsigned char con_inputDvarInfoColor[16] = { 0xcd, 0xcc, 0x4c, 0x3f, 0xcd, 0xcc, 0x4c, 0x3f, 0x00, 0x00, 0x80, 0x3f, 0x00, 0x00, 0x80, 0x3f };

/* 0x003028d0 */
const unsigned char con_inputDvarInactiveValueColor[16] = { 0xcd, 0xcc, 0x4c, 0x3f, 0xcd, 0xcc, 0x4c, 0x3f, 0xcd, 0xcc, 0x4c, 0x3f, 0x00, 0x00, 0x80, 0x3f };

/* 0x003028e0 */
const unsigned char boxVerts_003028e0[576] = {
    0x00, 0x00, 0x00, 0x00, 0x00, 0x00, 0x00, 0x00, 0x00, 0x00, 0x00, 0x00, 0x01, 0x00, 0x00, 0x00, /* ................ */
    0x00, 0x00, 0x00, 0x00, 0x00, 0x00, 0x00, 0x00, 0x00, 0x00, 0x00, 0x00, 0x00, 0x00, 0x00, 0x00, /* ................ */
    0x00, 0x00, 0x00, 0x00, 0x00, 0x00, 0x00, 0x00, 0x01, 0x00, 0x00, 0x00, 0x00, 0x00, 0x00, 0x00, /* ................ */
    0x01, 0x00, 0x00, 0x00, 0x01, 0x00, 0x00, 0x00, 0x00, 0x00, 0x00, 0x00, 0x01, 0x00, 0x00, 0x00, /* ................ */
    0x00, 0x00, 0x00, 0x00, 0x00, 0x00, 0x00, 0x00, 0x01, 0x00, 0x00, 0x00, 0x01, 0x00, 0x00, 0x00, /* ................ */
    0x00, 0x00, 0x00, 0x00, 0x00, 0x00, 0x00, 0x00, 0x01, 0x00, 0x00, 0x00, 0x00, 0x00, 0x00, 0x00, /* ................ */
    0x00, 0x00, 0x00, 0x00, 0x00, 0x00, 0x00, 0x00, 0x01, 0x00, 0x00, 0x00, 0x01, 0x00, 0x00, 0x00, /* ................ */
    0x00, 0x00, 0x00, 0x00, 0x01, 0x00, 0x00, 0x00, 0x00, 0x00, 0x00, 0x00, 0x00, 0x00, 0x00, 0x00, /* ................ */
    0x01, 0x00, 0x00, 0x00, 0x00, 0x00, 0x00, 0x00, 0x01, 0x00, 0x00, 0x00, 0x01, 0x00, 0x00, 0x00, /* ................ */
    0x01, 0x00, 0x00, 0x00, 0x01, 0x00, 0x00, 0x00, 0x01, 0x00, 0x00, 0x00, 0x01, 0x00, 0x00, 0x00, /* ................ */
    0x00, 0x00, 0x00, 0x00, 0x01, 0x00, 0x00, 0x00, 0x01, 0x00, 0x00, 0x00, 0x01, 0x00, 0x00, 0x00, /* ................ */
    0x01, 0x00, 0x00, 0x00, 0x00, 0x00, 0x00, 0x00, 0x01, 0x00, 0x00, 0x00, 0x01, 0x00, 0x00, 0x00, /* ................ */
    0x00, 0x00, 0x00, 0x00, 0x00, 0x00, 0x00, 0x00, 0x00, 0x00, 0x00, 0x00, 0x00, 0x00, 0x00, 0x00, /* ................ */
    0x00, 0x00, 0x00, 0x00, 0x01, 0x00, 0x00, 0x00, 0x01, 0x00, 0x00, 0x00, 0x00, 0x00, 0x00, 0x00, /* ................ */
    0x00, 0x00, 0x00, 0x00, 0x01, 0x00, 0x00, 0x00, 0x00, 0x00, 0x00, 0x00, 0x01, 0x00, 0x00, 0x00, /* ................ */
    0x00, 0x00, 0x00, 0x00, 0x01, 0x00, 0x00, 0x00, 0x00, 0x00, 0x00, 0x00, 0x00, 0x00, 0x00, 0x00, /* ................ */
    0x01, 0x00, 0x00, 0x00, 0x01, 0x00, 0x00, 0x00, 0x01, 0x00, 0x00, 0x00, 0x01, 0x00, 0x00, 0x00, /* ................ */
    0x00, 0x00, 0x00, 0x00, 0x01, 0x00, 0x00, 0x00, 0x01, 0x00, 0x00, 0x00, 0x01, 0x00, 0x00, 0x00, /* ................ */
    0x00, 0x00, 0x00, 0x80, 0x00, 0x00, 0x00, 0x00, 0x00, 0x00, 0x00, 0x00, 0x00, 0x00, 0x00, 0x00, /* ................ */
    0xb5, 0x36, 0x16, 0x00, 0xf5, 0x37, 0x16, 0x00, 0xe8, 0x37, 0x16, 0x00, 0xdb, 0x37, 0x16, 0x00, /* .6...7...7...7.. */
    0xce, 0x37, 0x16, 0x00, 0x87, 0x36, 0x16, 0x00, 0xc1, 0x37, 0x16, 0x00, 0xb4, 0x37, 0x16, 0x00, /* .7...6...7...7.. */
    0xb9, 0x35, 0x16, 0x00, 0xbf, 0x36, 0x16, 0x00, 0x00, 0x00, 0x00, 0x00, 0x00, 0x00, 0x00, 0x00, /* .5...6.......... */
    0xff, 0xff, 0xff, 0x7f, 0x00, 0x00, 0x00, 0x00, 0x00, 0x00, 0x00, 0x00, 0x00, 0x00, 0x00, 0x00, /* ................ */
    0xf2, 0x6e, 0x16, 0x00, 0x72, 0x70, 0x16, 0x00, 0xf2, 0x6e, 0x16, 0x00, 0x36, 0x71, 0x16, 0x00, /* .n..rp...n..6q.. */
    0xf2, 0x6e, 0x16, 0x00, 0x55, 0x71, 0x16, 0x00, 0xe8, 0x6f, 0x16, 0x00, 0x12, 0x70, 0x16, 0x00, /* .n..Uq...o...p.. */
    0xe5, 0xc2, 0x16, 0x00, 0xc9, 0xc0, 0x16, 0x00, 0xb7, 0xc2, 0x16, 0x00, 0xc9, 0xc0, 0x16, 0x00, /* ................ */
    0x98, 0xc2, 0x16, 0x00, 0x7d, 0xc2, 0x16, 0x00, 0x86, 0xc3, 0x16, 0x00, 0x0c, 0xc3, 0x16, 0x00, /* ....}........... */
    0x5e, 0xc2, 0x16, 0x00, 0x8f, 0xee, 0x16, 0x00, 0x8f, 0xee, 0x16, 0x00, 0x33, 0xe8, 0x16, 0x00, /* ^...........3... */
    0x33, 0xe8, 0x16, 0x00, 0x33, 0xee, 0x16, 0x00, 0x33, 0xe8, 0x16, 0x00, 0x78, 0xee, 0x16, 0x00, /* 3...3...3...x... */
    0x33, 0xe8, 0x16, 0x00, 0x61, 0xee, 0x16, 0x00, 0x33, 0xee, 0x16, 0x00, 0x3f, 0xef, 0x16, 0x00, /* 3...a...3...?... */
    0x28, 0xef, 0x16, 0x00, 0xe0, 0xee, 0x16, 0x00, 0xa6, 0xee, 0x16, 0x00, 0x4a, 0xee, 0x16, 0x00, /* (...........J... */
    0x33, 0xe8, 0x16, 0x00, 0x33, 0xee, 0x16, 0x00, 0x33, 0xee, 0x16, 0x00, 0x33, 0xee, 0x16, 0x00, /* 3...3...3...3... */
    0xca, 0x18, 0x17, 0x00, 0x62, 0x1a, 0x17, 0x00, 0x6c, 0x1a, 0x17, 0x00, 0xf0, 0x18, 0x17, 0x00, /* ....b...l....... */
    0xf0, 0x18, 0x17, 0x00, 0xf0, 0x18, 0x17, 0x00, 0xf0, 0x18, 0x17, 0x00, 0xf0, 0x18, 0x17, 0x00, /* ................ */
    0xff, 0x18, 0x17, 0x00, 0x00, 0x00, 0x00, 0x00, 0x00, 0x00, 0x00, 0x00, 0x00, 0x00, 0x00, 0x00, /* ................ */
    0x00, 0x00, 0x00, 0x00, 0x00, 0x00, 0x00, 0x00, 0x00, 0x00, 0x00, 0x00, 0x00, 0x00, 0x00, 0x00 /* ................ */
};

/* 0x00302b20 */
const unsigned char g_color_table[576] = {
    0x00, 0x00, 0x00, 0x00, 0x00, 0x00, 0x00, 0x00, 0x00, 0x00, 0x00, 0x00, 0x00, 0x00, 0x80, 0x3f, /* ...............? */
    0x00, 0x00, 0x80, 0x3f, 0x00, 0x00, 0x00, 0x00, 0x00, 0x00, 0x00, 0x00, 0x00, 0x00, 0x80, 0x3f, /* ...?...........? */
    0x00, 0x00, 0x00, 0x00, 0x00, 0x00, 0x80, 0x3f, 0x00, 0x00, 0x00, 0x00, 0x00, 0x00, 0x80, 0x3f, /* .......?.......? */
    0x00, 0x00, 0x80, 0x3f, 0x00, 0x00, 0x80, 0x3f, 0x00, 0x00, 0x00, 0x00, 0x00, 0x00, 0x80, 0x3f, /* ...?...?.......? */
    0x00, 0x00, 0x00, 0x00, 0x00, 0x00, 0x00, 0x00, 0x00, 0x00, 0x80, 0x3f, 0x00, 0x00, 0x80, 0x3f, /* ...........?...? */
    0x00, 0x00, 0x00, 0x00, 0x00, 0x00, 0x80, 0x3f, 0x00, 0x00, 0x80, 0x3f, 0x00, 0x00, 0x80, 0x3f, /* .......?...?...? */
    0x00, 0x00, 0x80, 0x3f, 0x00, 0x00, 0x00, 0x00, 0x00, 0x00, 0x80, 0x3f, 0x00, 0x00, 0x80, 0x3f, /* ...?.......?...? */
    0x00, 0x00, 0x80, 0x3f, 0x00, 0x00, 0x80, 0x3f, 0x00, 0x00, 0x80, 0x3f, 0x00, 0x00, 0x80, 0x3f, /* ...?...?...?...? */
    0xba, 0x90, 0x17, 0x00, 0x7f, 0x8e, 0x17, 0x00, 0x7f, 0x8e, 0x17, 0x00, 0x7f, 0x8e, 0x17, 0x00, /* ................ */
    0x7f, 0x8e, 0x17, 0x00, 0x7f, 0x8e, 0x17, 0x00, 0x7f, 0x8e, 0x17, 0x00, 0x7f, 0x8e, 0x17, 0x00, /* ................ */
    0x7f, 0x8e, 0x17, 0x00, 0x7f, 0x8e, 0x17, 0x00, 0x7f, 0x8e, 0x17, 0x00, 0x7f, 0x8e, 0x17, 0x00, /* ................ */
    0x7f, 0x8e, 0x17, 0x00, 0x7f, 0x8e, 0x17, 0x00, 0x7f, 0x8e, 0x17, 0x00, 0x7f, 0x8e, 0x17, 0x00, /* ................ */
    0x7f, 0x8e, 0x17, 0x00, 0x7f, 0x8e, 0x17, 0x00, 0x7f, 0x8e, 0x17, 0x00, 0x7f, 0x8e, 0x17, 0x00, /* ................ */
    0x7f, 0x8e, 0x17, 0x00, 0x7f, 0x8e, 0x17, 0x00, 0x7f, 0x8e, 0x17, 0x00, 0x7f, 0x8e, 0x17, 0x00, /* ................ */
    0x7f, 0x8e, 0x17, 0x00, 0x7f, 0x8e, 0x17, 0x00, 0x7f, 0x8e, 0x17, 0x00, 0x7f, 0x8e, 0x17, 0x00, /* ................ */
    0x7f, 0x8e, 0x17, 0x00, 0x7f, 0x8e, 0x17, 0x00, 0x7f, 0x8e, 0x17, 0x00, 0x7f, 0x8e, 0x17, 0x00, /* ................ */
    0x7f, 0x8e, 0x17, 0x00, 0x7f, 0x8e, 0x17, 0x00, 0xf8, 0x90, 0x17, 0x00, 0x7f, 0x8e, 0x17, 0x00, /* ................ */
    0x7f, 0x8e, 0x17, 0x00, 0x7f, 0x8e, 0x17, 0x00, 0x7f, 0x8e, 0x17, 0x00, 0x7f, 0x8e, 0x17, 0x00, /* ................ */
    0x7f, 0x8e, 0x17, 0x00, 0x7f, 0x8e, 0x17, 0x00, 0x7f, 0x8e, 0x17, 0x00, 0x7f, 0x8e, 0x17, 0x00, /* ................ */
    0xba, 0x90, 0x17, 0x00, 0x7f, 0x8e, 0x17, 0x00, 0x7f, 0x8e, 0x17, 0x00, 0x7f, 0x8e, 0x17, 0x00, /* ................ */
    0x7f, 0x8e, 0x17, 0x00, 0x7f, 0x8e, 0x17, 0x00, 0x7f, 0x8e, 0x17, 0x00, 0x7f, 0x8e, 0x17, 0x00, /* ................ */
    0x7f, 0x8e, 0x17, 0x00, 0x6f, 0x8f, 0x17, 0x00, 0x8c, 0x8f, 0x17, 0x00, 0xe9, 0x8f, 0x17, 0x00, /* ....o........... */
    0x4e, 0x90, 0x17, 0x00, 0x00, 0x00, 0x00, 0x00, 0x00, 0x00, 0x00, 0x00, 0x00, 0x00, 0x00, 0x00, /* N............... */
    0x00, 0x00, 0x00, 0x00, 0x00, 0x00, 0x00, 0x00, 0x00, 0x00, 0x00, 0x00, 0x00, 0x00, 0x00, 0x00, /* ................ */
    0x60, 0xfd, 0x17, 0x00, 0x31, 0xfd, 0x17, 0x00, 0x10, 0xfd, 0x17, 0x00, 0x04, 0xfd, 0x17, 0x00, /* `...1........... */
    0xef, 0xfc, 0x17, 0x00, 0xce, 0xfc, 0x17, 0x00, 0x8a, 0xfd, 0x17, 0x00, 0x75, 0xfd, 0x17, 0x00, /* ............u... */
    0x01, 0xfc, 0x17, 0x00, 0x14, 0xfc, 0x17, 0x00, 0x00, 0x00, 0x00, 0x00, 0x00, 0x00, 0x00, 0x00, /* ................ */
    0x00, 0x00, 0x00, 0x00, 0x00, 0x00, 0x00, 0x00, 0x00, 0x00, 0x00, 0x00, 0x00, 0x00, 0x00, 0x00, /* ................ */
    0x00, 0x00, 0x00, 0x80, 0x00, 0x00, 0x00, 0x00, 0x00, 0x00, 0x00, 0x00, 0x00, 0x00, 0x00, 0x00, /* ................ */
    0xff, 0xff, 0xff, 0x7f, 0x00, 0x00, 0x00, 0x00, 0x00, 0x00, 0x00, 0x00, 0x00, 0x00, 0x00, 0x00, /* ................ */
    0x00, 0x00, 0x00, 0x80, 0x00, 0x00, 0x00, 0x00, 0x00, 0x00, 0x00, 0x00, 0x00, 0x00, 0x00, 0x00, /* ................ */
    0xff, 0xff, 0xff, 0x7f, 0x00, 0x00, 0x00, 0x00, 0x00, 0x00, 0x00, 0x00, 0x00, 0x00, 0x00, 0x00, /* ................ */
    0x4c, 0x3a, 0x18, 0x00, 0xea, 0x3b, 0x18, 0x00, 0xea, 0x3b, 0x18, 0x00, 0x2f, 0x3c, 0x18, 0x00, /* L:...;...;../<.. */
    0x2f, 0x3c, 0x18, 0x00, 0x00, 0x00, 0x00, 0x00, 0x00, 0x00, 0x00, 0x00, 0x00, 0x00, 0x00, 0x00, /* /<.............. */
    0x00, 0x00, 0x00, 0x80, 0x00, 0x00, 0x00, 0x00, 0x00, 0x00, 0x00, 0x00, 0x00, 0x00, 0x00, 0x00, /* ................ */
    0x00, 0x00, 0x00, 0x00, 0x00, 0x00, 0x00, 0x00, 0x00, 0x00, 0x00, 0x00, 0x00, 0x00, 0x00, 0x00 /* ................ */
};

/* 0x00302d60 */
const unsigned char __ZZ17CG_DrawMantleHintPK9rectDef_sP6Font_sfiE5color[16] = { 0x00, 0x00, 0x80, 0x3f, 0x00, 0x00, 0x80, 0x3f, 0x00, 0x00, 0x80, 0x3f, 0x00, 0x00, 0x80, 0x3f };

/* 0x00302d70 */
const unsigned char pulseMags_126348[16] __asm__("pulseMags.126348") = { 0x00, 0x00, 0x80, 0x3f, 0xcd, 0xcc, 0x4c, 0x3f, 0x9a, 0x99, 0x19, 0x3f, 0x9a, 0x99, 0x99, 0x3e };

/* 0x00302d80 */
const unsigned char __ZZ21CG_DrawHoldBreathHintPK9rectDef_sP6Font_sfiE5color[896] = {
    0x00, 0x00, 0x80, 0x3f, 0x00, 0x00, 0x80, 0x3f, 0x00, 0x00, 0x80, 0x3f, 0x00, 0x00, 0x80, 0x3f, /* ...?...?...?...? */
    0xff, 0xff, 0xff, 0x7f, 0x00, 0x00, 0x00, 0x00, 0x00, 0x00, 0x00, 0x00, 0x00, 0x00, 0x00, 0x00, /* ................ */
    0x00, 0x00, 0x00, 0x80, 0x00, 0x00, 0x00, 0x00, 0x00, 0x00, 0x00, 0x00, 0x00, 0x00, 0x00, 0x00, /* ................ */
    0xb6, 0xad, 0x18, 0x00, 0xe0, 0xad, 0x18, 0x00, 0xab, 0xad, 0x18, 0x00, 0xab, 0xad, 0x18, 0x00, /* ................ */
    0xab, 0xad, 0x18, 0x00, 0xab, 0xad, 0x18, 0x00, 0xab, 0xad, 0x18, 0x00, 0xab, 0xad, 0x18, 0x00, /* ................ */
    0xab, 0xad, 0x18, 0x00, 0xab, 0xad, 0x18, 0x00, 0xab, 0xad, 0x18, 0x00, 0xab, 0xad, 0x18, 0x00, /* ................ */
    0xab, 0xad, 0x18, 0x00, 0xab, 0xad, 0x18, 0x00, 0xab, 0xad, 0x18, 0x00, 0xda, 0xae, 0x18, 0x00, /* ................ */
    0xab, 0xad, 0x18, 0x00, 0xab, 0xad, 0x18, 0x00, 0xab, 0xad, 0x18, 0x00, 0xab, 0xad, 0x18, 0x00, /* ................ */
    0xab, 0xad, 0x18, 0x00, 0xab, 0xad, 0x18, 0x00, 0xf8, 0xbf, 0x18, 0x00, 0x4d, 0xbf, 0x18, 0x00, /* ............M... */
    0xab, 0xad, 0x18, 0x00, 0xab, 0xad, 0x18, 0x00, 0xab, 0xad, 0x18, 0x00, 0xab, 0xad, 0x18, 0x00, /* ................ */
    0x78, 0xbf, 0x18, 0x00, 0xe6, 0xbe, 0x18, 0x00, 0xab, 0xad, 0x18, 0x00, 0xab, 0xad, 0x18, 0x00, /* x............... */
    0xab, 0xad, 0x18, 0x00, 0xab, 0xad, 0x18, 0x00, 0x5c, 0xc1, 0x18, 0x00, 0xab, 0xad, 0x18, 0x00, /* ........\....... */
    0xab, 0xad, 0x18, 0x00, 0xab, 0xad, 0x18, 0x00, 0xab, 0xad, 0x18, 0x00, 0xab, 0xad, 0x18, 0x00, /* ................ */
    0xab, 0xad, 0x18, 0x00, 0xab, 0xad, 0x18, 0x00, 0xab, 0xad, 0x18, 0x00, 0xab, 0xad, 0x18, 0x00, /* ................ */
    0xab, 0xad, 0x18, 0x00, 0x26, 0xc0, 0x18, 0x00, 0xab, 0xad, 0x18, 0x00, 0xab, 0xad, 0x18, 0x00, /* ....&........... */
    0xab, 0xad, 0x18, 0x00, 0xab, 0xad, 0x18, 0x00, 0xab, 0xad, 0x18, 0x00, 0xab, 0xad, 0x18, 0x00, /* ................ */
    0xab, 0xad, 0x18, 0x00, 0xab, 0xad, 0x18, 0x00, 0xab, 0xad, 0x18, 0x00, 0xab, 0xad, 0x18, 0x00, /* ................ */
    0xab, 0xad, 0x18, 0x00, 0xab, 0xad, 0x18, 0x00, 0xab, 0xad, 0x18, 0x00, 0xab, 0xad, 0x18, 0x00, /* ................ */
    0xab, 0xad, 0x18, 0x00, 0xab, 0xad, 0x18, 0x00, 0xe9, 0xc0, 0x18, 0x00, 0xe9, 0xba, 0x18, 0x00, /* ................ */
    0xab, 0xad, 0x18, 0x00, 0x73, 0xbb, 0x18, 0x00, 0x83, 0xbb, 0x18, 0x00, 0xac, 0xbb, 0x18, 0x00, /* ....s........... */
    0xab, 0xad, 0x18, 0x00, 0xab, 0xad, 0x18, 0x00, 0xab, 0xad, 0x18, 0x00, 0xab, 0xad, 0x18, 0x00, /* ................ */
    0xab, 0xad, 0x18, 0x00, 0xab, 0xad, 0x18, 0x00, 0xe2, 0xaa, 0x18, 0x00, 0xc4, 0xbb, 0x18, 0x00, /* ................ */
    0xed, 0xbb, 0x18, 0x00, 0x5f, 0xbd, 0x18, 0x00, 0x0a, 0xaf, 0x18, 0x00, 0xe8, 0xaf, 0x18, 0x00, /* ...._........... */
    0x4d, 0xb1, 0x18, 0x00, 0x6b, 0xb1, 0x18, 0x00, 0xab, 0xad, 0x18, 0x00, 0xab, 0xad, 0x18, 0x00, /* M...k........... */
    0x8c, 0xb5, 0x18, 0x00, 0xab, 0xad, 0x18, 0x00, 0xab, 0xad, 0x18, 0x00, 0xab, 0xad, 0x18, 0x00, /* ................ */
    0xab, 0xad, 0x18, 0x00, 0xaa, 0xb5, 0x18, 0x00, 0xff, 0xb5, 0x18, 0x00, 0xab, 0xad, 0x18, 0x00, /* ................ */
    0xab, 0xad, 0x18, 0x00, 0xab, 0xad, 0x18, 0x00, 0xab, 0xad, 0x18, 0x00, 0xce, 0xb8, 0x18, 0x00, /* ................ */
    0xff, 0xb8, 0x18, 0x00, 0x17, 0xb9, 0x18, 0x00, 0x4f, 0xb9, 0x18, 0x00, 0x59, 0xb9, 0x18, 0x00, /* ........O...Y... */
    0x91, 0xb9, 0x18, 0x00, 0x9b, 0xb9, 0x18, 0x00, 0xcc, 0xb9, 0x18, 0x00, 0xab, 0xad, 0x18, 0x00, /* ................ */
    0xd6, 0xb9, 0x18, 0x00, 0x00, 0x00, 0x00, 0x00, 0x00, 0x00, 0x00, 0x00, 0x00, 0x00, 0x00, 0x00, /* ................ */
    0x0b, 0xc8, 0x18, 0x00, 0x2d, 0xc8, 0x18, 0x00, 0xa1, 0xc8, 0x18, 0x00, 0x87, 0xc8, 0x18, 0x00, /* ....-........... */
    0x75, 0xc8, 0x18, 0x00, 0x09, 0xc8, 0x18, 0x00, 0xf1, 0xc7, 0x18, 0x00, 0x47, 0xc8, 0x18, 0x00, /* u...........G... */
    0xef, 0xc8, 0x18, 0x00, 0x01, 0xc9, 0x18, 0x00, 0x75, 0xc9, 0x18, 0x00, 0x5b, 0xc9, 0x18, 0x00, /* ........u...[... */
    0x49, 0xc9, 0x18, 0x00, 0xed, 0xc8, 0x18, 0x00, 0xdd, 0xc8, 0x18, 0x00, 0x1b, 0xc9, 0x18, 0x00, /* I............... */
    0xd8, 0xcc, 0x18, 0x00, 0xda, 0xcd, 0x18, 0x00, 0xb9, 0xcd, 0x18, 0x00, 0x8c, 0xcd, 0x18, 0x00, /* ................ */
    0x67, 0xcd, 0x18, 0x00, 0x66, 0xcc, 0x18, 0x00, 0x3a, 0xcd, 0x18, 0x00, 0x2a, 0xcc, 0x18, 0x00, /* g...f...:...*... */
    0xb3, 0xcc, 0x18, 0x00, 0x0d, 0xcd, 0x18, 0x00, 0x7e, 0xce, 0x18, 0x00, 0x51, 0xce, 0x18, 0x00, /* ........~...Q... */
    0x2c, 0xce, 0x18, 0x00, 0xae, 0xcc, 0x18, 0x00, 0x07, 0xce, 0x18, 0x00, 0x72, 0xcc, 0x18, 0x00, /* ,...........r... */
    0xff, 0xff, 0xff, 0x7f, 0x00, 0x00, 0x00, 0x00, 0x00, 0x00, 0x00, 0x00, 0x00, 0x00, 0x00, 0x00, /* ................ */
    0x00, 0x00, 0x00, 0x00, 0x00, 0x00, 0x00, 0x00, 0x00, 0x00, 0x00, 0x00, 0x00, 0x00, 0x00, 0x00, /* ................ */
    0x00, 0x00, 0x00, 0x80, 0x00, 0x00, 0x00, 0x00, 0x00, 0x00, 0x00, 0x00, 0x00, 0x00, 0x00, 0x00, /* ................ */
    0x00, 0x00, 0x00, 0x80, 0x00, 0x00, 0x00, 0x00, 0x00, 0x00, 0x00, 0x00, 0x00, 0x00, 0x00, 0x00, /* ................ */
    0xc7, 0xe3, 0x19, 0x00, 0xdc, 0xe3, 0x19, 0x00, 0xb5, 0xe3, 0x19, 0x00, 0xf1, 0xe3, 0x19, 0x00, /* ................ */
    0x13, 0xe4, 0x19, 0x00, 0xb5, 0xe3, 0x19, 0x00, 0xb5, 0xe3, 0x19, 0x00, 0xb5, 0xe3, 0x19, 0x00, /* ................ */
    0xab, 0xe3, 0x19, 0x00, 0xb7, 0xe7, 0x19, 0x00, 0xcc, 0xe7, 0x19, 0x00, 0x7e, 0xe7, 0x19, 0x00, /* ............~... */
    0xeb, 0xe7, 0x19, 0x00, 0x1a, 0xe8, 0x19, 0x00, 0x7e, 0xe7, 0x19, 0x00, 0x7e, 0xe7, 0x19, 0x00, /* ........~...~... */
    0x7e, 0xe7, 0x19, 0x00, 0x6f, 0xe8, 0x19, 0x00, 0xda, 0xe8, 0x19, 0x00, 0x94, 0xe9, 0x19, 0x00, /* ~...o........... */
    0x81, 0xe9, 0x19, 0x00, 0x5e, 0xe9, 0x19, 0x00, 0x4b, 0xe9, 0x19, 0x00, 0x2a, 0xe9, 0x19, 0x00, /* ....^...K...*... */
    0x09, 0xe9, 0x19, 0x00, 0xed, 0xe8, 0x19, 0x00, 0xba, 0xe8, 0x19, 0x00, 0x8a, 0xf0, 0x19, 0x00, /* ................ */
    0x11, 0xf1, 0x19, 0x00, 0x84, 0xf0, 0x19, 0x00, 0xee, 0xf0, 0x19, 0x00, 0xc2, 0xf0, 0x19, 0x00, /* ................ */
    0x4a, 0xf0, 0x19, 0x00, 0xa1, 0xf0, 0x19, 0x00, 0x00, 0x00, 0x00, 0x00, 0x00, 0x00, 0x00, 0x00, /* J............... */
    0x00, 0x00, 0x00, 0x00, 0x00, 0x00, 0x00, 0x00, 0x00, 0x00, 0x00, 0x00, 0x00, 0x00, 0x00, 0x00, /* ................ */
    0x00, 0x00, 0x00, 0x80, 0x00, 0x00, 0x00, 0x00, 0x00, 0x00, 0x00, 0x00, 0x00, 0x00, 0x00, 0x00, /* ................ */
    0xff, 0xff, 0xff, 0x7f, 0x00, 0x00, 0x00, 0x00, 0x00, 0x00, 0x00, 0x00, 0x00, 0x00, 0x00, 0x00, /* ................ */
    0xff, 0xff, 0xff, 0x7f, 0x00, 0x00, 0x00, 0x00, 0x00, 0x00, 0x00, 0x00, 0x00, 0x00, 0x00, 0x00, /* ................ */
    0x00, 0x00, 0x00, 0x00, 0x00, 0x00, 0x00, 0x00, 0x00, 0x00, 0x00, 0x00, 0x00, 0x00, 0x00, 0x00 /* ................ */
};

/* 0x00303100 */
const unsigned char __ZZ25CG_DrawRotatedPicPhysicalfffffPKfP8MaterialE4sign[480] = {
    0x00, 0x00, 0x80, 0xbf, 0x00, 0x00, 0x80, 0xbf, 0x00, 0x00, 0x80, 0x3f, 0x00, 0x00, 0x80, 0xbf, /* ...........?.... */
    0x00, 0x00, 0x80, 0x3f, 0x00, 0x00, 0x80, 0x3f, 0x00, 0x00, 0x80, 0xbf, 0x00, 0x00, 0x80, 0x3f, /* ...?...?.......? */
    0x07, 0x0f, 0x1a, 0x00, 0x07, 0x0f, 0x1a, 0x00, 0x07, 0x0f, 0x1a, 0x00, 0x40, 0x0e, 0x1a, 0x00, /* ............@... */
    0x40, 0x0e, 0x1a, 0x00, 0x40, 0x0e, 0x1a, 0x00, 0x91, 0x0e, 0x1a, 0x00, 0x40, 0x0e, 0x1a, 0x00, /* @...@.......@... */
    0xde, 0x0f, 0x1a, 0x00, 0x40, 0x0e, 0x1a, 0x00, 0xbc, 0x0f, 0x1a, 0x00, 0x9a, 0x0f, 0x1a, 0x00, /* ....@........... */
    0x78, 0x0f, 0x1a, 0x00, 0x56, 0x0f, 0x1a, 0x00, 0x34, 0x0f, 0x1a, 0x00, 0x40, 0x0e, 0x1a, 0x00, /* x...V...4...@... */
    0x40, 0x0e, 0x1a, 0x00, 0x07, 0x0f, 0x1a, 0x00, 0x40, 0x0e, 0x1a, 0x00, 0x40, 0x0e, 0x1a, 0x00, /* @.......@...@... */
    0x40, 0x0e, 0x1a, 0x00, 0x40, 0x0e, 0x1a, 0x00, 0x40, 0x0e, 0x1a, 0x00, 0x40, 0x0e, 0x1a, 0x00, /* @...@...@...@... */
    0x40, 0x0e, 0x1a, 0x00, 0x40, 0x0e, 0x1a, 0x00, 0x40, 0x0e, 0x1a, 0x00, 0x40, 0x0e, 0x1a, 0x00, /* @...@...@...@... */
    0x40, 0x0e, 0x1a, 0x00, 0x40, 0x0e, 0x1a, 0x00, 0x40, 0x0e, 0x1a, 0x00, 0x40, 0x0e, 0x1a, 0x00, /* @...@...@...@... */
    0x40, 0x0e, 0x1a, 0x00, 0x40, 0x0e, 0x1a, 0x00, 0x40, 0x0e, 0x1a, 0x00, 0x40, 0x0e, 0x1a, 0x00, /* @...@...@...@... */
    0x40, 0x0e, 0x1a, 0x00, 0x40, 0x0e, 0x1a, 0x00, 0x40, 0x0e, 0x1a, 0x00, 0x9b, 0x0e, 0x1a, 0x00, /* @...@...@....... */
    0x00, 0x00, 0x00, 0x80, 0x00, 0x00, 0x00, 0x00, 0x00, 0x00, 0x00, 0x00, 0x00, 0x00, 0x00, 0x00, /* ................ */
    0x00, 0x00, 0x00, 0x80, 0x00, 0x00, 0x00, 0x00, 0x00, 0x00, 0x00, 0x00, 0x00, 0x00, 0x00, 0x00, /* ................ */
    0x00, 0x00, 0x00, 0x80, 0x00, 0x00, 0x00, 0x00, 0x00, 0x00, 0x00, 0x00, 0x00, 0x00, 0x00, 0x00, /* ................ */
    0x00, 0x00, 0x00, 0x00, 0x00, 0x00, 0x00, 0x00, 0x00, 0x00, 0x00, 0x00, 0x00, 0x00, 0x00, 0x00, /* ................ */
    0x00, 0x00, 0x00, 0x80, 0x00, 0x00, 0x00, 0x00, 0x00, 0x00, 0x00, 0x00, 0x00, 0x00, 0x00, 0x00, /* ................ */
    0x00, 0x00, 0x00, 0x80, 0x00, 0x00, 0x00, 0x00, 0x00, 0x00, 0x00, 0x00, 0x00, 0x00, 0x00, 0x00, /* ................ */
    0x00, 0x00, 0x00, 0x80, 0x00, 0x00, 0x00, 0x00, 0x00, 0x00, 0x00, 0x00, 0x00, 0x00, 0x00, 0x00, /* ................ */
    0x00, 0x00, 0x00, 0x80, 0x00, 0x00, 0x00, 0x00, 0x00, 0x00, 0x00, 0x00, 0x00, 0x00, 0x00, 0x00, /* ................ */
    0x00, 0x00, 0x00, 0x80, 0x00, 0x00, 0x00, 0x00, 0x00, 0x00, 0x00, 0x00, 0x00, 0x00, 0x00, 0x00, /* ................ */
    0xff, 0xff, 0xff, 0x7f, 0x00, 0x00, 0x00, 0x00, 0x00, 0x00, 0x00, 0x00, 0x00, 0x00, 0x00, 0x00, /* ................ */
    0x00, 0x00, 0x00, 0x80, 0x00, 0x00, 0x00, 0x00, 0x00, 0x00, 0x00, 0x00, 0x00, 0x00, 0x00, 0x00, /* ................ */
    0xff, 0xff, 0xff, 0x7f, 0x00, 0x00, 0x00, 0x00, 0x00, 0x00, 0x00, 0x00, 0x00, 0x00, 0x00, 0x00, /* ................ */
    0x00, 0x00, 0x00, 0x80, 0x00, 0x00, 0x00, 0x00, 0x00, 0x00, 0x00, 0x00, 0x00, 0x00, 0x00, 0x00, /* ................ */
    0x00, 0x00, 0x00, 0x80, 0x00, 0x00, 0x00, 0x00, 0x00, 0x00, 0x00, 0x00, 0x00, 0x00, 0x00, 0x00, /* ................ */
    0x00, 0x00, 0x00, 0x80, 0x00, 0x00, 0x00, 0x00, 0x00, 0x00, 0x00, 0x00, 0x00, 0x00, 0x00, 0x00, /* ................ */
    0x00, 0x00, 0x00, 0x00, 0x00, 0x00, 0x00, 0x00, 0x00, 0x00, 0x00, 0x00, 0x00, 0x00, 0x00, 0x00, /* ................ */
    0x00, 0x00, 0x00, 0x80, 0x00, 0x00, 0x00, 0x00, 0x00, 0x00, 0x00, 0x00, 0x00, 0x00, 0x00, 0x00, /* ................ */
    0x00, 0x00, 0x00, 0x00, 0x00, 0x00, 0x00, 0x00, 0x00, 0x00, 0x00, 0x00, 0x00, 0x00, 0x00, 0x00 /* ................ */
};

/* 0x003032e0 */
const unsigned char __ZZ11Melee_TraceP9gentity_sP11weaponParmsifffP7trace_tPfE12traceOffsets[224] = {
    0x00, 0x00, 0x00, 0x00, 0x00, 0x00, 0x00, 0x00, 0x00, 0x00, 0x80, 0x3f, 0x00, 0x00, 0x80, 0x3f, /* ...........?...? */
    0x00, 0x00, 0x80, 0x3f, 0x00, 0x00, 0x80, 0xbf, 0x00, 0x00, 0x80, 0xbf, 0x00, 0x00, 0x80, 0x3f, /* ...?...........? */
    0x00, 0x00, 0x80, 0xbf, 0x00, 0x00, 0x80, 0xbf, 0x00, 0x00, 0x00, 0x00, 0x00, 0x00, 0x00, 0x00, /* ................ */
    0x00, 0x00, 0x00, 0x80, 0x00, 0x00, 0x00, 0x00, 0x00, 0x00, 0x00, 0x00, 0x00, 0x00, 0x00, 0x00, /* ................ */
    0xff, 0xff, 0xff, 0x7f, 0x00, 0x00, 0x00, 0x00, 0x00, 0x00, 0x00, 0x00, 0x00, 0x00, 0x00, 0x00, /* ................ */
    0x00, 0x00, 0x00, 0x80, 0x00, 0x00, 0x00, 0x00, 0x00, 0x00, 0x00, 0x00, 0x00, 0x00, 0x00, 0x00, /* ................ */
    0x00, 0x00, 0x00, 0x80, 0x00, 0x00, 0x00, 0x00, 0x00, 0x00, 0x00, 0x00, 0x00, 0x00, 0x00, 0x00, /* ................ */
    0xff, 0xff, 0xff, 0x7f, 0x00, 0x00, 0x00, 0x00, 0x00, 0x00, 0x00, 0x00, 0x00, 0x00, 0x00, 0x00, /* ................ */
    0x00, 0x00, 0x00, 0x80, 0x00, 0x00, 0x00, 0x00, 0x00, 0x00, 0x00, 0x00, 0x00, 0x00, 0x00, 0x00, /* ................ */
    0x00, 0x00, 0x00, 0x00, 0x00, 0x00, 0x00, 0x00, 0x00, 0x00, 0x00, 0x00, 0x00, 0x00, 0x00, 0x00, /* ................ */
    0x61, 0x8c, 0x1c, 0x00, 0xad, 0x8c, 0x1c, 0x00, 0x05, 0x8c, 0x1c, 0x00, 0x9c, 0x8c, 0x1c, 0x00, /* a............... */
    0x8b, 0x8c, 0x1c, 0x00, 0x7d, 0x8c, 0x1c, 0x00, 0x6f, 0x8c, 0x1c, 0x00, 0x00, 0x00, 0x00, 0x00, /* ....}...o....... */
    0x00, 0x00, 0x00, 0x80, 0x00, 0x00, 0x00, 0x00, 0x00, 0x00, 0x00, 0x00, 0x00, 0x00, 0x00, 0x00, /* ................ */
    0x00, 0x00, 0x00, 0x00, 0x00, 0x00, 0x00, 0x00, 0x00, 0x00, 0x00, 0x00, 0x00, 0x00, 0x00, 0x00 /* ................ */
};

/* 0x003033c0 */
const unsigned char colorRedFaded[16] = { 0x00, 0x00, 0x40, 0x3f, 0x00, 0x00, 0x80, 0x3e, 0x00, 0x00, 0x00, 0x00, 0x00, 0x00, 0x40, 0x3f };

/* 0x003033d0 */
const unsigned char colorGreenFaded[16] = { 0x00, 0x00, 0x00, 0x00, 0x00, 0x00, 0x80, 0x3f, 0x00, 0x00, 0x00, 0x00, 0x00, 0x00, 0x40, 0x3f };

/* 0x003033e0 */
const unsigned char colorWhiteFaded[160] = {
    0x00, 0x00, 0x80, 0x3f, 0x00, 0x00, 0x80, 0x3f, 0x00, 0x00, 0x80, 0x3f, 0x00, 0x00, 0x40, 0x3f, /* ...?...?...?..@? */
    0xff, 0xff, 0xff, 0x7f, 0x00, 0x00, 0x00, 0x00, 0x00, 0x00, 0x00, 0x00, 0x00, 0x00, 0x00, 0x00, /* ................ */
    0xff, 0xff, 0xff, 0x7f, 0x00, 0x00, 0x00, 0x00, 0x00, 0x00, 0x00, 0x00, 0x00, 0x00, 0x00, 0x00, /* ................ */
    0x00, 0x00, 0x00, 0x80, 0x00, 0x00, 0x00, 0x00, 0x00, 0x00, 0x00, 0x00, 0x00, 0x00, 0x00, 0x00, /* ................ */
    0x00, 0x00, 0x00, 0x80, 0x00, 0x00, 0x00, 0x00, 0x00, 0x00, 0x00, 0x00, 0x00, 0x00, 0x00, 0x00, /* ................ */
    0x07, 0x1d, 0x1d, 0x00, 0xab, 0x22, 0x1d, 0x00, 0xf8, 0x22, 0x1d, 0x00, 0x45, 0x23, 0x1d, 0x00, /* ....."..."..E#.. */
    0x92, 0x23, 0x1d, 0x00, 0xdb, 0x23, 0x1d, 0x00, 0x10, 0x24, 0x1d, 0x00, 0x00, 0x00, 0x00, 0x00, /* .#...#...$...... */
    0xff, 0xff, 0xff, 0x7f, 0x00, 0x00, 0x00, 0x00, 0x00, 0x00, 0x00, 0x00, 0x00, 0x00, 0x00, 0x00, /* ................ */
    0xa4, 0x43, 0x1d, 0x00, 0x32, 0x44, 0x1d, 0x00, 0x00, 0x44, 0x1d, 0x00, 0x00, 0x44, 0x1d, 0x00, /* .C..2D...D...D.. */
    0x3f, 0x44, 0x1d, 0x00, 0x92, 0x44, 0x1d, 0x00, 0x9f, 0x44, 0x1d, 0x00, 0x00, 0x00, 0x00, 0x00 /* ?D...D...D...... */
};

/* 0x00303480 */
const unsigned char cg_perturbations[1088] = {
    0xe1, 0x44, 0x10, 0xbf, 0x89, 0x29, 0x91, 0xbb, 0x6e, 0x6a, 0x90, 0xbe, 0xe6, 0x07, 0x42, 0xbf, /* .D...)..nj....B. */
    0xe5, 0x7a, 0xd3, 0x3e, 0xa0, 0x1b, 0x7a, 0x3e, 0x20, 0x24, 0x07, 0x3f, 0x50, 0x51, 0x39, 0xbf, /* .z.>..z> $.?PQ9. */
    0x88, 0xd8, 0xa8, 0xbe, 0x03, 0x78, 0x2b, 0x3f, 0xe0, 0xda, 0xc9, 0xbe, 0xde, 0x59, 0x43, 0xbf, /* .....x+?.....YC. */
    0x68, 0x3c, 0x01, 0x3e, 0x94, 0xdb, 0xfe, 0x3e, 0x99, 0x61, 0xa3, 0x3b, 0x84, 0x81, 0x67, 0xbc, /* h<.>...>.a.;..g. */
    0x75, 0x56, 0x0f, 0x3f, 0xcb, 0x10, 0xe7, 0x3d, 0xa4, 0x8a, 0xaa, 0xbe, 0xad, 0xc2, 0x12, 0xbf, /* uV.?...=........ */
    0x13, 0xba, 0xab, 0x3e, 0x17, 0x7f, 0xdb, 0xbd, 0xeb, 0xad, 0x11, 0xbf, 0xa2, 0x41, 0x5a, 0xbe, /* ...>.........AZ. */
    0x1d, 0xad, 0x2a, 0xbe, 0x44, 0xfb, 0x48, 0x3f, 0x1f, 0x64, 0x99, 0x3e, 0x1e, 0xfb, 0x19, 0x3d, /* ..*.D.H?.d.>...= */
    0x65, 0x51, 0x04, 0xbf, 0x1a, 0xc1, 0x02, 0x3f, 0x3b, 0x52, 0x0d, 0x3e, 0x90, 0xa2, 0x0e, 0x3d, /* eQ.....?;R.>...= */
    0x3e, 0xea, 0x1f, 0xbe, 0x7d, 0x3c, 0x54, 0x3f, 0x7b, 0xdc, 0x7f, 0xbf, 0xd6, 0x6f, 0xa6, 0x3c, /* >...}<T?{....o.< */
    0x67, 0x9d, 0x99, 0x3e, 0xe0, 0x81, 0x81, 0x3e, 0x73, 0x85, 0xf7, 0x3c, 0x2f, 0x6a, 0x97, 0xbe, /* g..>...>s..</j.. */
    0x3c, 0xd8, 0x6a, 0xbf, 0x56, 0xb6, 0x4f, 0xbd, 0xf1, 0xf2, 0x34, 0x3d, 0x3f, 0xe0, 0x89, 0xbe, /* <.j.V.O...4=?... */
    0xf5, 0xa2, 0x16, 0x3f, 0xb1, 0xa3, 0xb9, 0x3e, 0xf5, 0x83, 0xc2, 0xbe, 0xcf, 0x84, 0x1e, 0x3f, /* ...?...>.......? */
    0x9f, 0x56, 0x51, 0x3e, 0xfc, 0x1c, 0x9f, 0xbc, 0x37, 0x8b, 0x97, 0x3c, 0x0d, 0xa8, 0xef, 0x3e, /* .VQ>....7..<...> */
    0x3b, 0x8b, 0x6a, 0x3f, 0xbb, 0xd3, 0x7d, 0xbe, 0xa5, 0xf8, 0x78, 0x3b, 0x34, 0x9d, 0xdd, 0x3d, /* ;.j?..}...x;4..= */
    0x77, 0xf5, 0x6a, 0x3d, 0x8b, 0x32, 0x1b, 0x3f, 0x51, 0x31, 0xa6, 0x3e, 0xe7, 0x8a, 0x22, 0x3e, /* w.j=.2.?Q1.>.."> */
    0x65, 0xa9, 0x05, 0xbe, 0x10, 0xca, 0x3b, 0xbe, 0x48, 0x36, 0x37, 0x3f, 0x99, 0x4b, 0xba, 0xbe, /* e.....;.H67?.K.. */
    0x55, 0xf8, 0x7b, 0x3f, 0xdc, 0x48, 0xd9, 0x3d, 0xeb, 0x1e, 0x59, 0xbb, 0xf7, 0xe9, 0xb0, 0x3e, /* U.{?.H.=..Y....> */
    0x0c, 0x05, 0xa4, 0xbe, 0x78, 0xed, 0x12, 0xbf, 0xb2, 0xf4, 0x81, 0x3d, 0x67, 0x45, 0x54, 0xbb, /* ....x......=gET. */
    0xdc, 0xf6, 0x11, 0xbf, 0x56, 0x62, 0x42, 0xbf, 0x9a, 0x05, 0xda, 0x3d, 0x89, 0x44, 0x91, 0x3e, /* ....VbB....=.D.> */
    0xbb, 0x0c, 0x2b, 0xbf, 0x29, 0xce, 0x11, 0x3e, 0x56, 0x49, 0x00, 0xbf, 0x50, 0x52, 0x38, 0xbf, /* ..+.)..>VI..PR8. */
    0x0c, 0xae, 0x81, 0xbe, 0xf6, 0x26, 0x06, 0x3f, 0x79, 0x3e, 0x83, 0xbd, 0xf6, 0xec, 0x29, 0xbe, /* .....&.?y>....). */
    0x19, 0x58, 0x47, 0xbe, 0x44, 0xfa, 0xdd, 0x3e, 0x17, 0x48, 0x90, 0xbe, 0x8b, 0xe2, 0xd5, 0xbe, /* .XG.D..>.H...... */
    0x1a, 0x8a, 0x3b, 0x3d, 0x2e, 0x54, 0xce, 0x3e, 0xcb, 0x2b, 0xd7, 0x3d, 0x7f, 0x16, 0x0f, 0xbf, /* ..;=.T.>.+.=.... */
    0x72, 0xde, 0x9f, 0x3e, 0x9c, 0x35, 0x30, 0x3f, 0x79, 0xce, 0x86, 0xbe, 0xbb, 0x7c, 0x83, 0xbe, /* r..>.50?y....|.. */
    0x6a, 0xc0, 0x28, 0x3f, 0x7b, 0xbc, 0x90, 0x3d, 0x77, 0xbe, 0xbf, 0x3d, 0xf1, 0xbd, 0x3f, 0xbd, /* j.(?{..=w..=..?. */
    0x50, 0x01, 0x60, 0xbf, 0x74, 0xb7, 0x93, 0x3e, 0xbe, 0xa1, 0xa8, 0x3e, 0x98, 0xf7, 0xd8, 0x3d, /* P.`.t..>...>...= */
    0x11, 0xa9, 0x39, 0xbe, 0x06, 0x0d, 0x85, 0x3e, 0x0b, 0xf0, 0x85, 0x3e, 0x03, 0xb2, 0x97, 0xbd, /* ..9....>...>.... */
    0x0f, 0x98, 0x97, 0xbe, 0x89, 0x7d, 0x02, 0x3d, 0x42, 0x0a, 0x1e, 0x3d, 0xe7, 0xe1, 0x10, 0x3f, /* .....}.=B..=...? */
    0x8b, 0xc3, 0x81, 0xbe, 0x00, 0xc6, 0x37, 0xbf, 0x89, 0xeb, 0x58, 0xbe, 0x7b, 0x4c, 0xac, 0x3e, /* ......7...X.{L.> */
    0x1a, 0xdf, 0x63, 0x3f, 0x9c, 0x33, 0xa2, 0x3b, 0xd0, 0xd5, 0x7a, 0xbf, 0x93, 0xe3, 0x2e, 0xbe, /* ..c?.3.;..z..... */
    0xba, 0xbc, 0x39, 0x3d, 0xa9, 0x30, 0xb6, 0x3c, 0x2c, 0x0c, 0xb1, 0xbe, 0x74, 0xd0, 0x05, 0x3f, /* ..9=.0.<,...t..? */
    0x5b, 0x42, 0xde, 0x3d, 0xe9, 0x64, 0x29, 0x3e, 0xc2, 0xa2, 0x12, 0xbf, 0x5b, 0x61, 0xf2, 0xbe, /* [B.=.d)>....[a.. */
    0xcb, 0xb9, 0xbc, 0x3e, 0xf4, 0xa7, 0x5d, 0xbf, 0xf8, 0xc4, 0x9a, 0x3d, 0xb0, 0xc8, 0xa7, 0xbe, /* ...>..]....=.... */
    0xd2, 0xc5, 0xee, 0xbe, 0xc5, 0xca, 0x10, 0xbf, 0x7c, 0xb9, 0xb7, 0xbe, 0xc0, 0x3c, 0x1c, 0x3f, /* ........|....<.? */
    0x24, 0x98, 0x1a, 0x3f, 0xb2, 0x4a, 0xe1, 0x3e, 0xd6, 0x8b, 0x21, 0x3b, 0x70, 0xea, 0x13, 0xbe, /* $..?.J.>..!;p... */
    0x19, 0xff, 0x96, 0xbe, 0xd5, 0xca, 0x4c, 0x3f, 0xf8, 0x37, 0xe8, 0xbc, 0x7b, 0x85, 0xe5, 0xbd, /* ......L?.7..{... */
    0x73, 0x30, 0x1b, 0xbc, 0xb2, 0xa1, 0x2f, 0x3f, 0x17, 0xb7, 0x91, 0x3d, 0x4c, 0x1a, 0xa3, 0x3c, /* s0..../?...=L..< */
    0xda, 0x72, 0x76, 0x3f, 0x9c, 0x31, 0xcc, 0x3c, 0x83, 0x50, 0x9e, 0x3e, 0xd6, 0x1d, 0x5f, 0x3f, /* .rv?.1.<.P.>.._? */
    0x6b, 0x81, 0xfd, 0xbd, 0xeb, 0xe5, 0x9f, 0xbe, 0x63, 0xb9, 0xdd, 0xbe, 0x03, 0x5f, 0x65, 0xbf, /* k.......c...._e. */
    0x13, 0x66, 0x76, 0x3f, 0xc7, 0x0d, 0x87, 0xbe, 0x0b, 0xef, 0x02, 0xbf, 0x80, 0x0d, 0xb8, 0xbe, /* .fv?............ */
    0xfa, 0x46, 0x34, 0xbd, 0x71, 0x8f, 0xa5, 0x3c, 0xa6, 0xed, 0xdf, 0xbd, 0xf8, 0xdf, 0x42, 0xbf, /* .F4.q..<......B. */
    0x69, 0x1b, 0x2f, 0x3e, 0x83, 0x14, 0xdc, 0xbd, 0xa2, 0x7b, 0xd6, 0x3e, 0xdb, 0xde, 0xde, 0x3e, /* i./>.....{.>...> */
    0x2d, 0xcf, 0xe3, 0x3e, 0x93, 0xfe, 0x0e, 0xbe, 0x44, 0xc1, 0x04, 0x3f, 0xc4, 0x5f, 0xbb, 0x3e, /* -..>....D..?._.> */
    0x8e, 0xca, 0x01, 0xbf, 0x34, 0xd5, 0x27, 0x3f, 0xc4, 0xb1, 0x02, 0x3f, 0x45, 0x4b, 0x02, 0x3f, /* ....4.'?...?EK.? */
    0xfd, 0xa3, 0x97, 0xbe, 0xa7, 0x03, 0x2d, 0xbf, 0xe5, 0xf0, 0x59, 0x3f, 0x45, 0x48, 0x9d, 0x3e, /* ......-...Y?EH.> */
    0x88, 0xd6, 0x0a, 0xbc, 0x1b, 0x46, 0x41, 0xbe, 0xf2, 0x7d, 0x0d, 0x3f, 0x04, 0xab, 0xda, 0x3e, /* .....FA..}.?...> */
    0x27, 0x86, 0xa4, 0x3d, 0x17, 0xd4, 0x37, 0xbb, 0x07, 0x0c, 0x12, 0x3d, 0xe8, 0x69, 0x1c, 0x3f, /* '..=..7....=.i.? */
    0x95, 0x45, 0x45, 0x3f, 0x37, 0x39, 0xcc, 0x3e, 0xc5, 0xaa, 0x05, 0xbf, 0xc7, 0x12, 0xa6, 0x3e, /* .EE?79.>.......> */
    0x23, 0x15, 0xc6, 0x3b, 0x78, 0x42, 0x2f, 0x3d, 0x79, 0x04, 0xf7, 0x3e, 0xac, 0x57, 0x59, 0x3f, /* #..;xB/=y..>.WY? */
    0xc0, 0x7b, 0x67, 0x3e, 0xd8, 0xb9, 0x05, 0xbf, 0xfb, 0xb2, 0x2c, 0xbf, 0x8a, 0x3d, 0x0c, 0xbf, /* .{g>......,..=.. */
    0x90, 0x4d, 0xe2, 0xbe, 0x94, 0x4d, 0x19, 0x3f, 0x39, 0x5f, 0x3c, 0xbe, 0x1c, 0x5c, 0x8a, 0xbe, /* .M...M.?9_<..\.. */
    0x5b, 0xd3, 0x04, 0x3f, 0xd2, 0x8b, 0x22, 0x3f, 0x8e, 0x5b, 0xdc, 0x3e, 0x5f, 0x43, 0x00, 0x3e, /* [..?.."?.[.>_C.> */
    0xaa, 0xf2, 0x3d, 0xbe, 0x2c, 0x67, 0x87, 0xbe, 0x88, 0x11, 0xc2, 0x3c, 0xa7, 0x3e, 0xa0, 0x3e, /* ..=.,g.....<.>.> */
    0x96, 0x79, 0xe3, 0xbe, 0xe2, 0x94, 0x59, 0x3f, 0x24, 0x7e, 0x95, 0x3e, 0x4a, 0xce, 0x65, 0xbf, /* .y....Y?$~.>J.e. */
    0x0b, 0xb4, 0x3b, 0xbd, 0x4a, 0x09, 0x41, 0xbd, 0xcf, 0xf9, 0xe9, 0xbd, 0xcb, 0x10, 0x03, 0x3f, /* ..;.J.A........? */
    0x49, 0xf6, 0x3c, 0x3f, 0x11, 0x90, 0x1b, 0x3f, 0x8f, 0x71, 0x49, 0xbf, 0x1e, 0xa3, 0xc4, 0xbe, /* I.<?...?.qI..... */
    0x84, 0x62, 0x3b, 0x3e, 0x5a, 0xb9, 0x87, 0x3e, 0xb6, 0x84, 0xcc, 0xbe, 0x50, 0x39, 0x9e, 0xbe, /* .b;>Z..>....P9.. */
    0x03, 0x3e, 0xf7, 0xbe, 0xda, 0x04, 0x88, 0x3e, 0x94, 0x69, 0x74, 0x3d, 0x65, 0x36, 0xc8, 0x3d, /* .>.....>.it=e6.= */
    0x74, 0x0d, 0x4b, 0x3f, 0xb6, 0xd7, 0x82, 0xbc, 0x6f, 0x7f, 0x4e, 0x3e, 0xc0, 0x21, 0xfc, 0x3e, /* t.K?....o.N>.!.> */
    0x44, 0x16, 0x35, 0xbf, 0x69, 0x8c, 0xd6, 0xbc, 0xa5, 0x4a, 0xa4, 0xbe, 0x7c, 0x9b, 0xbe, 0x3e, /* D.5.i....J..|..> */
    0xdf, 0xa3, 0x12, 0x3f, 0x8b, 0x89, 0x09, 0xbf, 0x66, 0xdc, 0xac, 0x3e, 0x06, 0x2b, 0xee, 0x3d, /* ...?....f..>.+.= */
    0x02, 0x46, 0x1b, 0xbf, 0xb1, 0x88, 0x31, 0x3e, 0x5b, 0x97, 0x2a, 0xbe, 0xcd, 0x93, 0xab, 0xbe, /* .F....1>[.*..... */
    0x91, 0x80, 0x15, 0xbf, 0x55, 0x4e, 0x3b, 0x3e, 0x24, 0xd2, 0x12, 0xbf, 0xbc, 0x93, 0x1f, 0xbf, /* ....UN;>$....... */
    0xe4, 0x10, 0xc9, 0xbe, 0x75, 0x21, 0xe6, 0x3e, 0x00, 0x1c, 0x1b, 0x3e, 0x85, 0x24, 0x57, 0x3f, /* ....u!.>...>.$W? */
    0xe1, 0x44, 0x10, 0xbf, 0x89, 0x29, 0x91, 0xbb, 0x6e, 0x6a, 0x90, 0xbe, 0xe6, 0x07, 0x42, 0xbf, /* .D...)..nj....B. */
    0xe5, 0x7a, 0xd3, 0x3e, 0xa0, 0x1b, 0x7a, 0x3e, 0x00, 0x00, 0x00, 0x00, 0x00, 0x00, 0x00, 0x00, /* .z.>..z>........ */
    0x00, 0x00, 0x00, 0x80, 0x00, 0x00, 0x00, 0x00, 0x00, 0x00, 0x00, 0x00, 0x00, 0x00, 0x00, 0x00, /* ................ */
    0x00, 0x00, 0x00, 0x80, 0x00, 0x00, 0x00, 0x00, 0x00, 0x00, 0x00, 0x00, 0x00, 0x00, 0x00, 0x00 /* ................ */
};

/* 0x003038c0 */
const unsigned char iSlotPreferenceOrder_126998[1120] __asm__("iSlotPreferenceOrder.126998") = {
    0x01, 0x00, 0x00, 0x00, 0x02, 0x00, 0x00, 0x00, 0xc8, 0x9e, 0x1d, 0x00, 0x94, 0x9d, 0x1d, 0x00, /* ................ */
    0xf4, 0xaa, 0x1d, 0x00, 0x40, 0xaa, 0x1d, 0x00, 0x8c, 0xa9, 0x1d, 0x00, 0xd8, 0xa8, 0x1d, 0x00, /* ....@........... */
    0x24, 0xa8, 0x1d, 0x00, 0x70, 0xa7, 0x1d, 0x00, 0xbc, 0xa6, 0x1d, 0x00, 0x08, 0xa6, 0x1d, 0x00, /* $...p........... */
    0x54, 0xa5, 0x1d, 0x00, 0xa0, 0xa4, 0x1d, 0x00, 0xec, 0xa3, 0x1d, 0x00, 0x38, 0xa3, 0x1d, 0x00, /* T...........8... */
    0x84, 0xa2, 0x1d, 0x00, 0xd0, 0xa1, 0x1d, 0x00, 0x1c, 0xa1, 0x1d, 0x00, 0x68, 0xa0, 0x1d, 0x00, /* ............h... */
    0xb4, 0x9f, 0x1d, 0x00, 0x00, 0x9f, 0x1d, 0x00, 0x00, 0x00, 0x00, 0x00, 0x00, 0x00, 0x00, 0x00, /* ................ */
    0x00, 0x00, 0x00, 0x80, 0x00, 0x00, 0x00, 0x00, 0x00, 0x00, 0x00, 0x00, 0x00, 0x00, 0x00, 0x00, /* ................ */
    0x27, 0xde, 0x1d, 0x00, 0x25, 0xe8, 0x1d, 0x00, 0xb0, 0xe8, 0x1d, 0x00, 0x4a, 0xe8, 0x1d, 0x00, /* '...%.......J... */
    0x14, 0xe8, 0x1d, 0x00, 0x01, 0xde, 0x1d, 0x00, 0x27, 0xde, 0x1d, 0x00, 0x90, 0xe7, 0x1d, 0x00, /* ........'....... */
    0x90, 0xe7, 0x1d, 0x00, 0xf6, 0xe6, 0x1d, 0x00, 0xf6, 0xe6, 0x1d, 0x00, 0xa0, 0xe9, 0x1d, 0x00, /* ................ */
    0x06, 0xea, 0x1d, 0x00, 0xd9, 0xe9, 0x1d, 0x00, 0x06, 0xea, 0x1d, 0x00, 0xf1, 0xe9, 0x1d, 0x00, /* ................ */
    0x06, 0xea, 0x1d, 0x00, 0x1b, 0xea, 0x1d, 0x00, 0x81, 0xea, 0x1d, 0x00, 0x54, 0xea, 0x1d, 0x00, /* ............T... */
    0x81, 0xea, 0x1d, 0x00, 0x6c, 0xea, 0x1d, 0x00, 0x81, 0xea, 0x1d, 0x00, 0x00, 0x00, 0x00, 0x00, /* ....l........... */
    0x00, 0x00, 0x00, 0x80, 0x00, 0x00, 0x00, 0x00, 0x00, 0x00, 0x00, 0x00, 0x00, 0x00, 0x00, 0x00, /* ................ */
    0x38, 0xef, 0x1d, 0x00, 0x09, 0xf2, 0x1d, 0x00, 0xdc, 0xf1, 0x1d, 0x00, 0x09, 0xf2, 0x1d, 0x00, /* 8............... */
    0xf4, 0xf1, 0x1d, 0x00, 0x09, 0xf2, 0x1d, 0x00, 0x00, 0x00, 0x00, 0x00, 0x00, 0x00, 0x00, 0x00, /* ................ */
    0xdd, 0xfd, 0x1d, 0x00, 0x7d, 0xfd, 0x1d, 0x00, 0xdc, 0xfe, 0x1d, 0x00, 0x99, 0xfe, 0x1d, 0x00, /* ....}........... */
    0x52, 0xfe, 0x1d, 0x00, 0x1d, 0xfe, 0x1d, 0x00, 0xa3, 0x08, 0x1e, 0x00, 0xae, 0x08, 0x1e, 0x00, /* R............... */
    0xae, 0x08, 0x1e, 0x00, 0xae, 0x08, 0x1e, 0x00, 0xae, 0x08, 0x1e, 0x00, 0xae, 0x08, 0x1e, 0x00, /* ................ */
    0xae, 0x08, 0x1e, 0x00, 0xae, 0x08, 0x1e, 0x00, 0xae, 0x08, 0x1e, 0x00, 0xae, 0x08, 0x1e, 0x00, /* ................ */
    0xae, 0x08, 0x1e, 0x00, 0xae, 0x08, 0x1e, 0x00, 0xae, 0x08, 0x1e, 0x00, 0xae, 0x08, 0x1e, 0x00, /* ................ */
    0xae, 0x08, 0x1e, 0x00, 0xae, 0x08, 0x1e, 0x00, 0xae, 0x08, 0x1e, 0x00, 0xae, 0x08, 0x1e, 0x00, /* ................ */
    0xae, 0x08, 0x1e, 0x00, 0xae, 0x08, 0x1e, 0x00, 0xae, 0x08, 0x1e, 0x00, 0xae, 0x08, 0x1e, 0x00, /* ................ */
    0xae, 0x08, 0x1e, 0x00, 0xae, 0x08, 0x1e, 0x00, 0xae, 0x08, 0x1e, 0x00, 0xae, 0x08, 0x1e, 0x00, /* ................ */
    0xae, 0x08, 0x1e, 0x00, 0xae, 0x08, 0x1e, 0x00, 0xae, 0x08, 0x1e, 0x00, 0xae, 0x08, 0x1e, 0x00, /* ................ */
    0xae, 0x08, 0x1e, 0x00, 0xae, 0x08, 0x1e, 0x00, 0xae, 0x08, 0x1e, 0x00, 0xae, 0x08, 0x1e, 0x00, /* ................ */
    0xae, 0x08, 0x1e, 0x00, 0xae, 0x08, 0x1e, 0x00, 0xae, 0x08, 0x1e, 0x00, 0xae, 0x08, 0x1e, 0x00, /* ................ */
    0xae, 0x08, 0x1e, 0x00, 0xae, 0x08, 0x1e, 0x00, 0xae, 0x08, 0x1e, 0x00, 0xae, 0x08, 0x1e, 0x00, /* ................ */
    0xae, 0x08, 0x1e, 0x00, 0xae, 0x08, 0x1e, 0x00, 0xae, 0x08, 0x1e, 0x00, 0xae, 0x08, 0x1e, 0x00, /* ................ */
    0xae, 0x08, 0x1e, 0x00, 0xae, 0x08, 0x1e, 0x00, 0xae, 0x08, 0x1e, 0x00, 0xae, 0x08, 0x1e, 0x00, /* ................ */
    0xae, 0x08, 0x1e, 0x00, 0xae, 0x08, 0x1e, 0x00, 0xae, 0x08, 0x1e, 0x00, 0xae, 0x08, 0x1e, 0x00, /* ................ */
    0xae, 0x08, 0x1e, 0x00, 0xae, 0x08, 0x1e, 0x00, 0xae, 0x08, 0x1e, 0x00, 0xae, 0x08, 0x1e, 0x00, /* ................ */
    0xae, 0x08, 0x1e, 0x00, 0xae, 0x08, 0x1e, 0x00, 0xae, 0x08, 0x1e, 0x00, 0xae, 0x08, 0x1e, 0x00, /* ................ */
    0xae, 0x08, 0x1e, 0x00, 0xae, 0x08, 0x1e, 0x00, 0xae, 0x08, 0x1e, 0x00, 0xae, 0x08, 0x1e, 0x00, /* ................ */
    0x6d, 0x0a, 0x1e, 0x00, 0x57, 0x09, 0x1e, 0x00, 0x94, 0x09, 0x1e, 0x00, 0x9e, 0x09, 0x1e, 0x00, /* m...W........... */
    0xa8, 0x09, 0x1e, 0x00, 0xb2, 0x09, 0x1e, 0x00, 0xd9, 0x09, 0x1e, 0x00, 0x00, 0x0a, 0x1e, 0x00, /* ................ */
    0x21, 0x0a, 0x1e, 0x00, 0x42, 0x0a, 0x1e, 0x00, 0xae, 0x08, 0x1e, 0x00, 0xae, 0x08, 0x1e, 0x00, /* !...B........... */
    0xae, 0x08, 0x1e, 0x00, 0xae, 0x08, 0x1e, 0x00, 0xae, 0x08, 0x1e, 0x00, 0xae, 0x08, 0x1e, 0x00, /* ................ */
    0xae, 0x08, 0x1e, 0x00, 0xae, 0x08, 0x1e, 0x00, 0xae, 0x08, 0x1e, 0x00, 0xae, 0x08, 0x1e, 0x00, /* ................ */
    0xae, 0x08, 0x1e, 0x00, 0xae, 0x08, 0x1e, 0x00, 0xae, 0x08, 0x1e, 0x00, 0xae, 0x08, 0x1e, 0x00, /* ................ */
    0xae, 0x08, 0x1e, 0x00, 0xae, 0x08, 0x1e, 0x00, 0xae, 0x08, 0x1e, 0x00, 0xae, 0x08, 0x1e, 0x00, /* ................ */
    0xae, 0x08, 0x1e, 0x00, 0xae, 0x08, 0x1e, 0x00, 0xae, 0x08, 0x1e, 0x00, 0x4c, 0x0a, 0x1e, 0x00, /* ............L... */
    0x28, 0x0b, 0x1e, 0x00, 0x69, 0x0c, 0x1e, 0x00, 0x7e, 0x0a, 0x1e, 0x00, 0x24, 0x09, 0x1e, 0x00, /* (...i...~...$... */
    0x24, 0x09, 0x1e, 0x00, 0x9c, 0x0c, 0x1e, 0x00, 0xcf, 0x0c, 0x1e, 0x00, 0x70, 0x0d, 0x1e, 0x00, /* $...........p... */
    0xae, 0x08, 0x1e, 0x00, 0xae, 0x08, 0x1e, 0x00, 0xae, 0x08, 0x1e, 0x00, 0xae, 0x08, 0x1e, 0x00, /* ................ */
    0x96, 0x0f, 0x1e, 0x00, 0xdf, 0x0d, 0x1e, 0x00, 0x15, 0x0e, 0x1e, 0x00, 0x43, 0x0e, 0x1e, 0x00, /* ............C... */
    0x9b, 0x0e, 0x1e, 0x00, 0xbe, 0x0e, 0x1e, 0x00, 0x4c, 0x0f, 0x1e, 0x00, 0xe1, 0x0e, 0x1e, 0x00, /* ........L....... */
    0x56, 0x0f, 0x1e, 0x00, 0x00, 0x00, 0x00, 0x00, 0x00, 0x00, 0x00, 0x00, 0x00, 0x00, 0x00, 0x00, /* V............... */
    0x00, 0x00, 0x00, 0x80, 0x00, 0x00, 0x00, 0x00, 0x00, 0x00, 0x00, 0x00, 0x00, 0x00, 0x00, 0x00, /* ................ */
    0x00, 0x00, 0x00, 0x00, 0x00, 0x00, 0x00, 0x00, 0x00, 0x00, 0x00, 0x00, 0x00, 0x00, 0x00, 0x00, /* ................ */
    0x0a, 0x26, 0x1e, 0x00, 0x2a, 0x26, 0x1e, 0x00, 0x5b, 0x26, 0x1e, 0x00, 0x8c, 0x26, 0x1e, 0x00, /* .&..*&..[&...&.. */
    0x07, 0x28, 0x1e, 0x00, 0xf8, 0x26, 0x1e, 0x00, 0xf8, 0x26, 0x1e, 0x00, 0xc2, 0x27, 0x1e, 0x00, /* .(...&...&...'.. */
    0xa0, 0x1f, 0x1e, 0x00, 0xbd, 0x26, 0x1e, 0x00, 0x15, 0x29, 0x1e, 0x00, 0xcd, 0x28, 0x1e, 0x00, /* .....&...)...(.. */
    0x4b, 0x29, 0x1e, 0x00, 0x9e, 0x2a, 0x1e, 0x00, 0x52, 0x2e, 0x1e, 0x00, 0xe2, 0x2d, 0x1e, 0x00, /* K)...*..R....-.. */
    0x1a, 0x2e, 0x1e, 0x00, 0x10, 0x2d, 0x1e, 0x00, 0x48, 0x2d, 0x1e, 0x00, 0x80, 0x2d, 0x1e, 0x00, /* .....-..H-...-.. */
    0x80, 0x2d, 0x1e, 0x00, 0x80, 0x2d, 0x1e, 0x00, 0x9c, 0x2d, 0x1e, 0x00, 0x5a, 0x2b, 0x1e, 0x00, /* .-...-...-..Z+.. */
    0x6f, 0x2b, 0x1e, 0x00, 0xa0, 0x1f, 0x1e, 0x00, 0xa7, 0x2b, 0x1e, 0x00, 0xc6, 0x2b, 0x1e, 0x00, /* o+.......+...+.. */
    0xe8, 0x2b, 0x1e, 0x00, 0xa0, 0x1f, 0x1e, 0x00, 0xa0, 0x1f, 0x1e, 0x00, 0xa0, 0x1f, 0x1e, 0x00, /* .+.............. */
    0xa0, 0x1f, 0x1e, 0x00, 0xa0, 0x1f, 0x1e, 0x00, 0x08, 0x2c, 0x1e, 0x00, 0x29, 0x2c, 0x1e, 0x00, /* .........,..),.. */
    0x54, 0x2c, 0x1e, 0x00, 0xe4, 0x2a, 0x1e, 0x00, 0x1f, 0x2b, 0x1e, 0x00, 0xe0, 0x24, 0x1e, 0x00, /* T,...*...+...$.. */
    0x53, 0x31, 0x1e, 0x00, 0x80, 0x31, 0x1e, 0x00, 0x6b, 0x2f, 0x1e, 0x00, 0x6b, 0x2f, 0x1e, 0x00, /* S1...1..k/..k/.. */
    0x6b, 0x2f, 0x1e, 0x00, 0xe0, 0x24, 0x1e, 0x00, 0xc8, 0x2f, 0x1e, 0x00, 0xc8, 0x2f, 0x1e, 0x00, /* k/...$.../.../.. */
    0xf0, 0x2f, 0x1e, 0x00, 0x6c, 0x30, 0x1e, 0x00, 0x16, 0x25, 0x1e, 0x00, 0x05, 0x25, 0x1e, 0x00, /* ./..l0...%...%.. */
    0x93, 0x29, 0x1e, 0x00, 0xe0, 0x24, 0x1e, 0x00, 0xe0, 0x24, 0x1e, 0x00, 0x71, 0x2a, 0x1e, 0x00, /* .)...$...$..q*.. */
    0x98, 0x2e, 0x1e, 0x00, 0x43, 0x2f, 0x1e, 0x00, 0xad, 0x31, 0x1e, 0x00, 0x18, 0x32, 0x1e, 0x00, /* ....C/...1...2.. */
    0xa9, 0x39, 0x1e, 0x00, 0x83, 0x39, 0x1e, 0x00, 0xf0, 0x39, 0x1e, 0x00, 0x12, 0x39, 0x1e, 0x00, /* .9...9...9...9.. */
    0x91, 0x35, 0x1e, 0x00, 0x29, 0x37, 0x1e, 0x00, 0x00, 0x00, 0x00, 0x00, 0x00, 0x00, 0x00, 0x00, /* .5..)7.......... */
    0x00, 0x00, 0x00, 0x00, 0x00, 0x00, 0x00, 0x00, 0x00, 0x00, 0x00, 0x00, 0x00, 0x00, 0x00, 0x00, /* ................ */
    0xff, 0xff, 0xff, 0x7f, 0x00, 0x00, 0x00, 0x00, 0x00, 0x00, 0x00, 0x00, 0x00, 0x00, 0x00, 0x00, /* ................ */
    0x00, 0x00, 0x00, 0x00, 0x00, 0x00, 0x00, 0x00, 0x00, 0x00, 0x00, 0x00, 0x00, 0x00, 0x00, 0x00 /* ................ */
};

/* 0x00303d20 */
const unsigned char hexc_table[1024] = {
    0xe8, 0x15, 0xec, 0x05, 0xfb, 0xf9, 0x0e, 0xf6, 0x02, 0xe5, 0x10, 0xec, 0x00, 0xe0, 0x1a, 0x13, /* ................ */
    0x08, 0xf5, 0xd7, 0x1f, 0x1c, 0xe5, 0xe0, 0x22, 0x2a, 0x22, 0xef, 0x16, 0xf6, 0x0d, 0xe3, 0x12, /* ......."*"...... */
    0xf4, 0xe6, 0xe8, 0x0b, 0x16, 0x05, 0xfb, 0xfb, 0x36, 0xbc, 0xd5, 0x39, 0xe7, 0x18, 0x04, 0x04, /* ........6..9.... */
    0x1a, 0xf8, 0xf4, 0xef, 0x36, 0x1e, 0xd3, 0x01, 0x0a, 0xf1, 0x12, 0xd7, 0x0b, 0x44, 0xbd, 0x25, /* ....6........D.% */
    0xf0, 0xe8, 0xf0, 0x26, 0xea, 0x06, 0xe3, 0x1e, 0x42, 0xe5, 0x05, 0x07, 0xf0, 0x0d, 0x02, 0xf4, /* ...&....B....... */
    0xf9, 0xfd, 0xec, 0x24, 0x04, 0xe4, 0x09, 0x03, 0x20, 0x30, 0x1a, 0x27, 0x03, 0x00, 0x07, 0xeb, /* ...$.... 0.'.... */
    0xf3, 0x05, 0xae, 0xf9, 0x49, 0xec, 0x22, 0xf7, 0xfb, 0x01, 0xff, 0x0a, 0xfb, 0xf6, 0xff, 0x09, /* ....I."......... */
    0x01, 0xf7, 0x0a, 0x00, 0xf2, 0x0b, 0xff, 0xfe, 0xff, 0x0b, 0x14, 0x60, 0xaf, 0xea, 0xf4, 0xf7, /* ...........`.... */
    0xc6, 0x09, 0x18, 0xe2, 0x1a, 0xdd, 0x1b, 0xf4, 0x0d, 0xee, 0x38, 0xc5, 0x0f, 0xf9, 0x17, 0xf1, /* ..........8..... */
    0xff, 0x06, 0xe7, 0x0e, 0xea, 0xec, 0x2f, 0xf5, 0x10, 0x02, 0x26, 0xe9, 0xed, 0xe2, 0xf7, 0x28, /* ....../...&....( */
    0xf5, 0x05, 0x04, 0xfa, 0x08, 0x1a, 0xeb, 0xf5, 0x7f, 0x04, 0x01, 0x06, 0xf7, 0x02, 0xf9, 0xfe, /* ................ */
    0xfd, 0x07, 0xfb, 0x0a, 0xed, 0x07, 0x96, 0x5b, 0xfd, 0x09, 0xfc, 0x15, 0xf8, 0x1a, 0xb0, 0x08, /* .......[........ */
    0x01, 0xfe, 0xf6, 0xef, 0xef, 0xe5, 0x20, 0x47, 0x06, 0xe3, 0x0b, 0xe9, 0x36, 0xda, 0x1d, 0xea, /* ...... G....6... */
    0x27, 0x57, 0xe1, 0xf4, 0xec, 0x03, 0xfe, 0xfe, 0x02, 0x14, 0x00, 0xff, 0xdd, 0x1b, 0x09, 0xfa, /* 'W.............. */
    0xf4, 0x03, 0xf4, 0xfa, 0x0d, 0x01, 0x0e, 0xea, 0xc5, 0xf1, 0xef, 0xe7, 0x0d, 0xf9, 0x07, 0x03, /* ................ */
    0x00, 0x01, 0xf9, 0x06, 0xfd, 0x3d, 0xdb, 0xe9, 0xe9, 0xe3, 0x26, 0xe1, 0x1b, 0x01, 0xf8, 0x02, /* .....=....&..... */
    0xe5, 0x17, 0xe6, 0x24, 0xde, 0x05, 0x18, 0xe8, 0xfa, 0x07, 0x03, 0xc5, 0x4e, 0xc2, 0x2c, 0xf0, /* ...$........N.,. */
    0x01, 0x06, 0x00, 0x11, 0x08, 0x2d, 0x00, 0x92, 0x06, 0x0e, 0xfe, 0x20, 0xb3, 0xc8, 0x3e, 0xfd, /* .....-..... ..>. */
    0x03, 0xf3, 0x04, 0xf0, 0x66, 0xf1, 0xdc, 0xff, 0x09, 0x8f, 0x06, 0x17, 0x00, 0x09, 0x09, 0x05, /* ....f........... */
    0xf8, 0xff, 0xf2, 0x05, 0xf4, 0x79, 0xcb, 0xe5, 0xf8, 0xf7, 0x16, 0xf3, 0x03, 0x02, 0xfd, 0x01, /* .....y.......... */
    0xfe, 0xb9, 0x5f, 0x26, 0xed, 0x0f, 0xf0, 0xfb, 0x47, 0x0a, 0x02, 0xe0, 0xf3, 0xfb, 0x0f, 0xff, /* .._&....G....... */
    0xfe, 0xf2, 0xab, 0x1e, 0x1d, 0x06, 0x03, 0x02, 0x00, 0x00, 0x00, 0x00, 0x00, 0x00, 0x00, 0x00, /* ................ */
    0x02, 0xbf, 0xc8, 0xf7, 0x12, 0x12, 0x17, 0xf2, 0xfe, 0x00, 0x0c, 0xe3, 0x1a, 0xf4, 0x01, 0x02, /* ................ */
    0xf4, 0xc0, 0x5a, 0xfa, 0x04, 0x01, 0x05, 0xfb, 0x92, 0xfd, 0xe1, 0x16, 0xe3, 0x09, 0x00, 0x08, /* ..Z............. */
    0xd8, 0xfb, 0x15, 0xfb, 0xfb, 0x0d, 0x0a, 0xee, 0x28, 0x01, 0x23, 0xec, 0x1e, 0xe4, 0x0b, 0xfa, /* ........(.#..... */
    0x13, 0x07, 0x0e, 0x12, 0xc0, 0x09, 0xfa, 0x10, 0x33, 0x44, 0x08, 0x10, 0x0c, 0xf8, 0x00, 0xf7, /* ........3D...... */
    0x14, 0xea, 0x19, 0x07, 0xfc, 0xf3, 0x29, 0xdd, 0x5d, 0xee, 0xca, 0x0b, 0xff, 0x01, 0xf7, 0x04, /* ......).]....... */
    0xbe, 0x42, 0xe1, 0x14, 0xea, 0x19, 0xe9, 0x0b, 0x0a, 0x09, 0x13, 0x0f, 0x0b, 0xfb, 0xe1, 0xf6, /* .B.............. */
    0xe9, 0xe4, 0xfa, 0xfa, 0xfd, 0xfc, 0x05, 0x03, 0xe4, 0x16, 0xf5, 0xd6, 0x19, 0xe7, 0xf0, 0x29, /* ...............) */
    0x22, 0x2f, 0xfa, 0x02, 0x2a, 0xed, 0xea, 0x05, 0xd9, 0x20, 0x06, 0xdd, 0x16, 0x11, 0xe2, 0x08, /* "/..*.... ...... */
    0xe6, 0xf5, 0xf5, 0x03, 0xf4, 0x21, 0x21, 0xdb, 0x15, 0xff, 0x06, 0xfc, 0x03, 0x00, 0xfb, 0x05, /* .....!!......... */
    0x0c, 0xf4, 0x39, 0x1b, 0xc3, 0xfd, 0x14, 0xef, 0x02, 0x00, 0x04, 0x00, 0xfe, 0xdf, 0xc6, 0x51, /* ..9............Q */
    0xe9, 0x27, 0xf6, 0xfb, 0x02, 0x06, 0xf9, 0x05, 0x04, 0xfd, 0xfe, 0xf3, 0xe9, 0xb8, 0x6b, 0x0f, /* .'............k. */
    0xfb, 0x00, 0xf9, 0xfd, 0xfa, 0x05, 0xfc, 0x0f, 0x2f, 0x0c, 0xe1, 0x19, 0xf0, 0x08, 0x16, 0xe7, /* ......../....... */
    0xc2, 0xc8, 0xee, 0x0e, 0x1c, 0x0c, 0x02, 0xf5, 0x4a, 0xbe, 0x29, 0xec, 0xf9, 0x10, 0xec, 0x10, /* ........J.)..... */
    0xf8, 0x00, 0xf0, 0x04, 0xed, 0x5c, 0x0c, 0xc5, 0xf2, 0xd9, 0x31, 0xe7, 0xf0, 0x17, 0xe5, 0x13, /* .....\....1..... */
    0xfd, 0xdf, 0x13, 0x55, 0xe3, 0x06, 0xf9, 0xf6, 0x10, 0xf9, 0xf4, 0x01, 0xfa, 0x02, 0x04, 0xfe, /* ...U............ */
    0x40, 0x0a, 0xe7, 0x29, 0xfe, 0xe1, 0x0f, 0x00, 0x6e, 0x32, 0x45, 0x23, 0x1c, 0x13, 0xf6, 0x02, /* @..)....n2E#.... */
    0xd5, 0xcf, 0xc8, 0xf1, 0xf0, 0x0a, 0x03, 0x0c, 0xff, 0xf8, 0x01, 0x1a, 0xf4, 0xff, 0x07, 0xf5, /* ................ */
    0xe5, 0x29, 0x19, 0x01, 0xf5, 0xee, 0x16, 0xf9, 0xff, 0xd1, 0xf8, 0x17, 0xfd, 0xef, 0xf9, 0x12, /* .).............. */
    0x83, 0x3b, 0xfb, 0x03, 0x12, 0x01, 0x02, 0x03, 0x1b, 0xdd, 0x41, 0xcb, 0x32, 0xd2, 0x25, 0xeb, /* .;........A.2.%. */
    0xe4, 0x07, 0x0e, 0xdb, 0xfb, 0xfb, 0x0c, 0x05, 0xf8, 0x4e, 0xed, 0x15, 0xfa, 0xf0, 0x08, 0xf9, /* .........N...... */
    0x05, 0x02, 0x07, 0x02, 0x0a, 0xfa, 0x0c, 0xc4, 0x2c, 0x0b, 0xdc, 0xe0, 0x1f, 0x00, 0x02, 0xfe, /* ........,....... */
    0x02, 0x01, 0xfd, 0x07, 0xf6, 0x11, 0xeb, 0x0a, 0x06, 0xfe, 0x13, 0xfe, 0x3b, 0xda, 0xaa, 0x26, /* ............;..& */
    0x08, 0xd7, 0xe2, 0xd3, 0xdf, 0x07, 0x0f, 0x1c, 0x1d, 0xf9, 0x18, 0xd8, 0x07, 0x07, 0x05, 0xfe, /* ................ */
    0x09, 0x18, 0xe9, 0xee, 0x06, 0xe3, 0x1e, 0x02, 0x1c, 0x31, 0xf5, 0xd2, 0x0a, 0x2b, 0xf3, 0xf7, /* .........1...+.. */
    0xff, 0xfd, 0xf9, 0xf9, 0xef, 0xfa, 0x61, 0xdf, 0xeb, 0x03, 0x05, 0x01, 0x0c, 0xd5, 0xf8, 0x1c, /* ......a......... */
    0x07, 0xd5, 0xf9, 0x11, 0xec, 0x13, 0xff, 0x02, 0xf3, 0x09, 0x36, 0x22, 0x09, 0xe4, 0xf5, 0xf7, /* ..........6".... */
    0xef, 0x6e, 0xc5, 0x2c, 0xe6, 0x00, 0x03, 0xf4, 0xd1, 0x49, 0xde, 0xd5, 0x26, 0xdf, 0x10, 0xfb, /* .n.,.....I..&... */
    0xd2, 0xfc, 0xfa, 0xfe, 0xe7, 0x13, 0xe3, 0x1c, 0xf3, 0x05, 0x0e, 0x1b, 0xd8, 0xd5, 0x04, 0x20, /* ...............  */
    0xf3, 0xfe, 0xdd, 0xfc, 0x70, 0xd6, 0x09, 0xf4, 0x25, 0xe4, 0x11, 0x0e, 0xed, 0x23, 0xd9, 0x17, /* ....p...%....#.. */
    0x03, 0xf2, 0xff, 0xc7, 0xfb, 0x5e, 0xf7, 0x03, 0xd9, 0x05, 0x1e, 0xf6, 0xe0, 0x2a, 0xf3, 0xf2, /* .....^.......*.. */
    0x9f, 0xc1, 0x1e, 0xf7, 0x01, 0xf9, 0x0c, 0x05, 0x14, 0x11, 0xf7, 0xdc, 0xe2, 0x19, 0x2f, 0xf7, /* ............../. */
    0xf1, 0x0c, 0xea, 0x62, 0xf8, 0xce, 0x0f, 0xe5, 0x15, 0xf0, 0xf5, 0x02, 0x0c, 0xf6, 0x0a, 0xfd, /* ...b............ */
    0x21, 0x24, 0xa0, 0x00, 0xef, 0x1f, 0xf7, 0x09, 0x03, 0xec, 0x0d, 0xf5, 0x08, 0xfc, 0x0a, 0xf6, /* !$.............. */
    0x09, 0x01, 0x70, 0xba, 0xe5, 0x05, 0xeb, 0x02, 0xc7, 0xfd, 0xe3, 0x0a, 0x13, 0xeb, 0x15, 0xf6, /* ..p............. */
    0xbe, 0xfd, 0x5b, 0xdd, 0x1e, 0xf4, 0x00, 0xf9, 0x3b, 0xe4, 0x1a, 0x02, 0x0e, 0xee, 0x01, 0x01, /* ..[.....;....... */
    0x0b, 0x11, 0x14, 0xca, 0xc5, 0x1b, 0x04, 0x1d, 0x20, 0x05, 0x13, 0x0c, 0xfc, 0x01, 0x07, 0xf6, /* ........ ....... */
    0x05, 0xfe, 0x0a, 0x00, 0x17, 0xfb, 0x1c, 0x98, 0x2e, 0x0b, 0x10, 0x03, 0x1d, 0x01, 0xf8, 0xf2, /* ................ */
    0x01, 0x07, 0xce, 0x58, 0xc2, 0x1a, 0x08, 0xef, 0xf2, 0x32, 0x00, 0x20, 0xf4, 0xfd, 0xe5, 0x12, /* ...X.....2. .... */
    0xf8, 0xfb, 0x08, 0x03, 0xec, 0xf5, 0x25, 0xf4, 0x09, 0x21, 0x2e, 0x9b, 0xff, 0xfc, 0x01, 0x06, /* ......%..!...... */
    0xff, 0x1c, 0xd6, 0xf1, 0x10, 0x05, 0xff, 0xfe, 0xc9, 0x55, 0x26, 0xf7, 0xfc, 0x0b, 0xfe, 0xf7, /* .........U&..... */
    0xfa, 0x03, 0xec, 0xf6, 0xb3, 0x59, 0x18, 0xfd, 0x98, 0xc7, 0xe6, 0xe1, 0xec, 0xfa, 0xf7, 0x0e, /* .....Y.......... */
    0x14, 0xe9, 0x2e, 0xf1, 0xe1, 0x1c, 0x01, 0xf1, 0xfe, 0x06, 0xfe, 0x1f, 0x2d, 0xb4, 0x17, 0xe7 /* ............-... */
};

/* 0x00304120 */
const unsigned char hexc_10_32_table[320] = {
    0xfd, 0xfe, 0xff, 0x00, 0xfc, 0x05, 0x23, 0xd8, 0xf7, 0x0d, 0xd4, 0x05, 0xe5, 0xff, 0xf9, 0x06, /* ......#......... */
    0xf5, 0x07, 0xf8, 0x07, 0x13, 0xf2, 0x0f, 0xfc, 0x09, 0xf6, 0x0a, 0xf8, 0x0a, 0xf7, 0xff, 0x01, /* ................ */
    0x00, 0x00, 0x02, 0x05, 0xee, 0x16, 0xcb, 0x32, 0x01, 0xe9, 0x32, 0xdc, 0x0f, 0x03, 0xf3, 0x0e, /* .......2..2..... */
    0xf6, 0x06, 0x01, 0x05, 0xfd, 0x04, 0xfe, 0x05, 0xe0, 0x19, 0x05, 0xfe, 0xff, 0xfc, 0x01, 0x0b, /* ................ */
    0xe3, 0x1a, 0xfa, 0xf1, 0x1e, 0xee, 0x00, 0x0f, 0xef, 0x28, 0xd7, 0x03, 0x09, 0xfe, 0xfe, 0x03, /* .........(...... */
    0xfd, 0xff, 0xfb, 0x02, 0x15, 0xfa, 0xf0, 0xeb, 0x17, 0x02, 0x3c, 0x0f, 0x10, 0xf0, 0xf7, 0x0e, /* ..........<..... */
    0x09, 0xff, 0x07, 0xf7, 0x00, 0x01, 0x01, 0x00, 0xff, 0xfa, 0x11, 0xe4, 0x36, 0xd3, 0xff, 0x01, /* ............6... */
    0xff, 0xfa, 0xfa, 0x02, 0x0b, 0x1a, 0xe3, 0xfe, 0x2e, 0xeb, 0x22, 0x0c, 0xe9, 0x20, 0xe9, 0x10, /* ..........".. .. */
    0xf6, 0x03, 0x42, 0x13, 0xec, 0x18, 0x07, 0x0b, 0xfd, 0x00, 0xfd, 0xff, 0xce, 0xd2, 0x02, 0xee, /* ..B............. */
    0xfd, 0x04, 0xff, 0xfe, 0x03, 0xfd, 0xed, 0x29, 0xdc, 0x09, 0x0b, 0xe8, 0x15, 0xf0, 0x09, 0xfd, /* .......)........ */
    0xe7, 0xfd, 0x0a, 0x12, 0xf7, 0xfe, 0xfb, 0xff, 0xfb, 0x06, 0xfc, 0xfd, 0x02, 0xe6, 0x15, 0xed, /* ................ */
    0x23, 0xf1, 0x07, 0xf3, 0x11, 0xed, 0x27, 0xd5, 0x30, 0xe1, 0x10, 0xf7, 0x07, 0xfe, 0xfb, 0x03, /* #.....'.0....... */
    0xfc, 0x09, 0xed, 0x1b, 0xc9, 0x3f, 0xdd, 0x0a, 0x1a, 0xd4, 0xfe, 0x09, 0x04, 0x01, 0xfa, 0x08, /* .....?.......... */
    0xf7, 0x05, 0xf8, 0xff, 0xfd, 0xf0, 0x2d, 0xd6, 0x05, 0x0f, 0xf0, 0x0a, 0x00, 0x00, 0x00, 0x00, /* ......-......... */
    0x00, 0x00, 0x00, 0x00, 0x00, 0x00, 0xf0, 0x18, 0xc9, 0x2f, 0xda, 0x1b, 0xed, 0x07, 0xfd, 0x01, /* ........./...... */
    0x10, 0x1b, 0x14, 0xed, 0x12, 0x05, 0xf9, 0x01, 0xfb, 0x02, 0xfa, 0x08, 0xea, 0x00, 0xfd, 0xfd, /* ................ */
    0x08, 0xff, 0x07, 0xf8, 0x01, 0xfd, 0x05, 0x00, 0x11, 0xd0, 0x3a, 0xcc, 0x1d, 0xf9, 0xfe, 0x03, /* ..........:..... */
    0xf6, 0x06, 0xe6, 0x3a, 0xe1, 0x01, 0xfa, 0x03, 0x5d, 0xe3, 0x27, 0x03, 0x11, 0x05, 0x06, 0xff, /* ...:....].'..... */
    0xff, 0xff, 0x1b, 0x0d, 0x0a, 0x13, 0xf9, 0xde, 0x0c, 0x0a, 0xfc, 0x09, 0xb4, 0x09, 0x08, 0xe4, /* ................ */
    0xfe, 0xf5, 0x02, 0xff, 0x03, 0x01, 0xad, 0x26, 0xd9, 0x04, 0xf0, 0xfa, 0xfe, 0xfb, 0x05, 0xfe /* .......&........ */
};

/* 0x00304260 */
const unsigned char exc_20_32_table[640] = {
    0x0c, 0x20, 0x19, 0x2e, 0x24, 0x21, 0x09, 0x0e, 0xfd, 0x06, 0x01, 0xf8, 0x00, 0xf6, 0xfb, 0xf9, /* . ..$!.......... */
    0xf9, 0xf9, 0xfb, 0xfb, 0x1f, 0xe5, 0x18, 0xe0, 0xfc, 0x0a, 0xf5, 0x15, 0xfd, 0x13, 0x17, 0xf7, /* ................ */
    0x16, 0x18, 0xf6, 0xff, 0xf6, 0xf3, 0xf9, 0xf5, 0x2a, 0xdf, 0x1f, 0x13, 0xf8, 0x00, 0xf6, 0xf0, /* ........*....... */
    0x01, 0xeb, 0xef, 0x0a, 0xf8, 0x0e, 0x08, 0x04, 0x0b, 0xfe, 0x05, 0xfe, 0xdf, 0x0b, 0xf0, 0x21, /* ...............! */
    0x0b, 0xfc, 0x09, 0xfc, 0x0b, 0x02, 0x06, 0xfb, 0x08, 0xfb, 0x0b, 0xfc, 0xfa, 0x1a, 0xdc, 0xf0, /* ................ */
    0x00, 0x04, 0xfe, 0xf8, 0x0c, 0x06, 0xff, 0x22, 0xd2, 0xea, 0x09, 0x09, 0x15, 0x09, 0x05, 0xbe, /* ......."........ */
    0xfb, 0x1a, 0x02, 0x0a, 0x0d, 0x02, 0x13, 0x09, 0x0c, 0xaf, 0x03, 0x0d, 0x0d, 0x00, 0xf2, 0x16, /* ................ */
    0xdd, 0x06, 0xf9, 0xfc, 0x06, 0xfa, 0x0a, 0xfa, 0xe1, 0x26, 0xdf, 0x00, 0xf6, 0xf5, 0x05, 0xf4, /* .........&...... */
    0x0c, 0xef, 0x05, 0x00, 0xfa, 0x0d, 0xf7, 0x0a, 0x08, 0x19, 0x21, 0x02, 0xf4, 0x08, 0xfa, 0x0a, /* ..........!..... */
    0xfe, 0x15, 0x07, 0x11, 0x2b, 0x05, 0x0b, 0xf9, 0xf7, 0xec, 0xdc, 0xec, 0xe9, 0xfc, 0xfc, 0xfd, /* ....+........... */
    0x1b, 0xf7, 0xf7, 0xcf, 0xd9, 0xda, 0xf5, 0xf7, 0x06, 0x05, 0x17, 0x19, 0x05, 0x03, 0x03, 0x04, /* ................ */
    0x01, 0x02, 0xfd, 0xff, 0x57, 0x27, 0x11, 0xeb, 0xf7, 0xed, 0xf7, 0xf1, 0xf3, 0xf2, 0xef, 0xf5, /* ....W'.......... */
    0xf6, 0xf5, 0xf8, 0xfa, 0xff, 0xfd, 0xfd, 0xff, 0xca, 0xde, 0xe5, 0xf8, 0xf5, 0xfc, 0xfb, 0x00, /* ................ */
    0x00, 0x04, 0x08, 0x06, 0x09, 0x07, 0x09, 0x07, 0x06, 0x05, 0x05, 0x05, 0x30, 0x0a, 0x13, 0xf6, /* ............0... */
    0x0c, 0xff, 0x09, 0xfd, 0x02, 0x05, 0xfd, 0x02, 0xfe, 0xfe, 0x00, 0xfe, 0xe6, 0x06, 0x09, 0xf9, /* ................ */
    0xf0, 0xf7, 0x02, 0x07, 0x07, 0xfb, 0xd5, 0x0b, 0x16, 0xf5, 0xf7, 0x22, 0x25, 0xf1, 0xf3, 0xfa, /* ..........."%... */
    0x01, 0xff, 0x01, 0x01, 0xc0, 0x38, 0x34, 0xf5, 0xe5, 0x05, 0x04, 0x03, 0x01, 0x02, 0x01, 0x03, /* .....84......... */
    0xff, 0xfc, 0xfc, 0xf6, 0xf9, 0xfc, 0xfc, 0x02, 0xff, 0xf9, 0xf9, 0xf4, 0xf6, 0xf1, 0xf7, 0xfb, /* ................ */
    0xfb, 0xf5, 0xf0, 0xf3, 0x06, 0x10, 0x04, 0xf3, 0xf0, 0xf6, 0xfc, 0x02, 0xd1, 0xf3, 0x19, 0x2f, /* .............../ */
    0x13, 0xf2, 0xec, 0xf8, 0xef, 0x00, 0xfd, 0xf3, 0x01, 0x06, 0xef, 0xf2, 0x0f, 0x01, 0x0a, 0x06, /* ................ */
    0xe8, 0x00, 0xf6, 0x13, 0xbb, 0xf8, 0x0e, 0x31, 0x11, 0xfb, 0x21, 0xe3, 0x03, 0xfc, 0x00, 0x02, /* .......1..!..... */
    0xf8, 0x05, 0xfa, 0x02, 0x78, 0xc8, 0xf4, 0xd1, 0x17, 0xf7, 0x06, 0xfb, 0x01, 0x02, 0xfb, 0x01, /* ....x........... */
    0xf6, 0x04, 0xff, 0xff, 0x04, 0xff, 0x00, 0xfd, 0x1e, 0xcc, 0xbd, 0x1e, 0x16, 0x0b, 0xff, 0xfc, /* ................ */
    0x03, 0x00, 0x07, 0x02, 0x00, 0x01, 0xf6, 0xfc, 0xf8, 0xf3, 0x05, 0x01, 0x01, 0xff, 0x05, 0x0d, /* ................ */
    0xf7, 0xfd, 0xf6, 0xc2, 0x16, 0x30, 0xfc, 0xfa, 0x02, 0x03, 0x05, 0x01, 0x01, 0x04, 0x01, 0x0d, /* .....0.......... */
    0x03, 0xec, 0x0a, 0xf7, 0x0d, 0xfe, 0xfc, 0x09, 0xec, 0x2c, 0xff, 0x14, 0xe0, 0xbd, 0x13, 0x00, /* .........,...... */
    0x1c, 0x0b, 0x08, 0x02, 0xf5, 0x0f, 0xed, 0xcb, 0x1f, 0x02, 0x22, 0x0a, 0x06, 0xfc, 0xc6, 0x08, /* .........."..... */
    0x0a, 0x0d, 0x0e, 0x01, 0x0c, 0x02, 0x00, 0x00, 0x80, 0x25, 0xf8, 0x2c, 0xf7, 0x1a, 0xfd, 0x12, /* .........%.,.... */
    0x02, 0x06, 0x0b, 0xff, 0x09, 0x01, 0x05, 0x03, 0x00, 0x01, 0x01, 0x02, 0x0c, 0x03, 0xfe, 0xfd, /* ................ */
    0x07, 0x19, 0x09, 0x12, 0xfa, 0xdb, 0x03, 0xf8, 0xf0, 0x03, 0xf6, 0xf9, 0x11, 0xde, 0xd4, 0x0b, /* ................ */
    0x11, 0xf1, 0xfd, 0xf0, 0xff, 0xf3, 0x0b, 0xd2, 0xbf, 0xfe, 0x08, 0x0d, 0x02, 0x04, 0x04, 0x05, /* ................ */
    0x0f, 0x05, 0x09, 0x06, 0x00, 0x00, 0x00, 0x00, 0x00, 0x00, 0x00, 0x00, 0x00, 0x00, 0x00, 0x00, /* ................ */
    0x00, 0x00, 0x00, 0x00, 0x00, 0x00, 0x00, 0x00, 0xf7, 0x13, 0xf4, 0x0c, 0xe4, 0x26, 0x1d, 0xff, /* .............&.. */
    0x0c, 0x02, 0x05, 0x17, 0xf6, 0x03, 0x04, 0xf1, 0x15, 0xfc, 0x03, 0x03, 0x06, 0x11, 0xf7, 0xfc, /* ................ */
    0xf8, 0xec, 0x1a, 0x05, 0xf6, 0x06, 0x01, 0xed, 0x12, 0xf1, 0xf4, 0x2f, 0xfa, 0xfe, 0xf9, 0xf7, /* .........../.... */
    0xff, 0xef, 0xfe, 0xfe, 0xf2, 0x1e, 0xf2, 0x02, 0xf9, 0xfc, 0xff, 0xf4, 0x0b, 0xe7, 0x10, 0xfd, /* ................ */
    0xf4, 0x0b, 0xf9, 0x07, 0xef, 0x01, 0x13, 0xe4, 0x1f, 0xf9, 0xf6, 0x07, 0xf6, 0x03, 0x0c, 0x05, /* ................ */
    0xf0, 0x06, 0x18, 0x29, 0xe3, 0xca, 0x00, 0x01, 0x07, 0xff, 0x05, 0xfa, 0x0d, 0x0a, 0xfc, 0xf8, /* ...)............ */
    0x08, 0xf7, 0xe5, 0xcb, 0xda, 0xff, 0x0a, 0x13, 0x11, 0x10, 0x0c, 0x0c, 0x00, 0x03, 0xf9, 0xfc, /* ................ */
    0x0d, 0x0c, 0xe1, 0xf2, 0x06, 0xfb, 0x03, 0x05, 0x11, 0x2b, 0x32, 0x19, 0x0a, 0x01, 0xfa, 0xfe /* .........+2..... */
};

/* 0x003044e0 */
const unsigned char exc_5_64_table[320] = {
    0x01, 0x05, 0xf1, 0x31, 0xbe, 0xd0, 0xfc, 0x32, 0xd4, 0x07, 0x25, 0x10, 0xee, 0x19, 0xe6, 0xe6, /* ...1...2..%..... */
    0xf1, 0x13, 0x13, 0xe5, 0xd1, 0x1c, 0x39, 0x05, 0xef, 0xe0, 0xd7, 0x44, 0x15, 0xfe, 0x40, 0x38, /* ......9....D..@8 */
    0x08, 0xf0, 0xf3, 0xe6, 0xf7, 0xf0, 0x0b, 0x06, 0xd9, 0x19, 0xed, 0x16, 0xe1, 0x14, 0xd3, 0x37, /* ...............7 */
    0xd5, 0x0a, 0xf0, 0x2f, 0xd8, 0x28, 0xec, 0xcd, 0x03, 0xef, 0xf2, 0xf1, 0xe8, 0x35, 0xec, 0xd2, /* .../.(.......5.. */
    0x2e, 0x1b, 0xbc, 0x20, 0x03, 0xee, 0xfb, 0x09, 0xe1, 0x10, 0xf7, 0xf6, 0xff, 0xe9, 0x30, 0x5f, /* ... ..........0_ */
    0x2f, 0x19, 0xd7, 0xe0, 0xfd, 0x0f, 0xe7, 0xc9, 0x24, 0x29, 0xe5, 0x14, 0x05, 0x0d, 0x0e, 0xea, /* /.......$)...... */
    0x05, 0x02, 0xe9, 0x12, 0x2e, 0xf1, 0x11, 0xee, 0xde, 0xfb, 0xf8, 0x1b, 0xc9, 0x49, 0x10, 0x02, /* .............I.. */
    0xff, 0xef, 0x28, 0xb2, 0x21, 0x00, 0x02, 0x13, 0x04, 0x35, 0xf0, 0xf1, 0xf0, 0xe4, 0xfd, 0xf3, /* ..(.!....5...... */
    0x31, 0x08, 0xf9, 0xe3, 0x1b, 0xf3, 0x20, 0x14, 0x20, 0xc3, 0x10, 0x0e, 0x29, 0x2c, 0x28, 0x18, /* 1..... . ...),(. */
    0x14, 0x07, 0x04, 0x30, 0xc4, 0xb3, 0x11, 0xfa, 0xd0, 0x41, 0xf1, 0x20, 0xe2, 0xb9, 0xf6, 0xfd, /* ...0.....A. .... */
    0xfa, 0x0a, 0xfe, 0xf9, 0xe3, 0xc8, 0x43, 0xe2, 0x07, 0xfb, 0x56, 0xfa, 0xf6, 0x00, 0x05, 0xe1, /* ......C...V..... */
    0x3c, 0x22, 0xda, 0xfd, 0x18, 0x0a, 0xfe, 0x1e, 0x17, 0x18, 0xd7, 0x0c, 0x46, 0xd5, 0x0f, 0xef, /* <"..........F... */
    0x06, 0x0d, 0x10, 0xf3, 0x08, 0x1e, 0xf1, 0xf8, 0x05, 0x17, 0xde, 0x9e, 0xfc, 0xf3, 0x0d, 0xd0, /* ................ */
    0xe1, 0x46, 0x0c, 0x1f, 0x19, 0x18, 0xe8, 0x1a, 0xf9, 0x21, 0xf0, 0x08, 0x05, 0xf5, 0xf2, 0xf8, /* .F.......!...... */
    0xbf, 0x0d, 0x0a, 0xfe, 0xf7, 0x00, 0xfd, 0xbc, 0x05, 0x23, 0x07, 0x00, 0xe1, 0xff, 0xef, 0xf7, /* .........#...... */
    0xf7, 0x10, 0xdb, 0xee, 0xff, 0x45, 0xd0, 0xe4, 0x16, 0xeb, 0xf5, 0x05, 0x31, 0x37, 0x17, 0xaa, /* .....E......17.. */
    0xdc, 0x10, 0x02, 0x0d, 0x3f, 0xcd, 0x1e, 0xf5, 0x0d, 0x18, 0xee, 0xfa, 0x0e, 0xed, 0x01, 0x29, /* ....?..........) */
    0x09, 0xfb, 0x1b, 0xdc, 0xd4, 0xde, 0xdb, 0xeb, 0xe6, 0x1f, 0xd9, 0x0f, 0x2b, 0x05, 0xf8, 0x1d, /* ............+... */
    0x14, 0xf8, 0xec, 0xcc, 0xe4, 0xff, 0x0d, 0x1a, 0xde, 0xf6, 0xf7, 0x1b, 0xf8, 0x08, 0x1b, 0xbe, /* ................ */
    0x04, 0x0c, 0xea, 0x31, 0x0a, 0xb3, 0x20, 0xee, 0x03, 0xda, 0x0c, 0xfd, 0xff, 0x02, 0x02, 0x00 /* ...1.. ......... */
};

/* 0x00304620 */
const unsigned char gain_cdbk_nb[384] = {
    0xe0, 0xe0, 0xe0, 0xe4, 0xbd, 0xfb, 0xd6, 0xfa, 0xe0, 0xc7, 0xf6, 0xca, 0xf0, 0x1b, 0xd7, 0x13, /* ................ */
    0xed, 0xd8, 0xd3, 0x18, 0xeb, 0xf8, 0xf2, 0xee, 0x01, 0x0e, 0xc6, 0xee, 0xa8, 0xd9, 0xda, 0x15, /* ................ */
    0xee, 0xed, 0x14, 0xd5, 0x0a, 0x11, 0xd0, 0xcc, 0xc6, 0xf3, 0xd4, 0xff, 0xf5, 0xf4, 0xf5, 0xde, /* ................ */
    0x0e, 0x00, 0xd2, 0xdb, 0xdd, 0xde, 0xe7, 0x2c, 0xe2, 0x06, 0xfc, 0xc1, 0xe1, 0x2b, 0xd7, 0xe9, /* .......,.....+.. */
    0x1e, 0xd5, 0xd5, 0x1a, 0xf2, 0xdf, 0x01, 0xf3, 0xf3, 0x12, 0xdb, 0xd2, 0xb7, 0xd3, 0xdc, 0x18, /* ................ */
    0xe7, 0xdc, 0xf5, 0xec, 0xe7, 0x0c, 0xee, 0xdc, 0xbb, 0xc5, 0xd3, 0x06, 0x08, 0xea, 0xf2, 0xe8, /* ................ */
    0xff, 0x0d, 0xd4, 0xd9, 0xd0, 0xe6, 0xe0, 0x1f, 0xdb, 0xdf, 0x0f, 0xd2, 0xe8, 0x1e, 0xdc, 0xd7, /* ................ */
    0x1f, 0xe9, 0xce, 0x16, 0xfc, 0xea, 0x02, 0xeb, 0xef, 0x1e, 0xde, 0xf9, 0xc4, 0xe4, 0xda, 0x2a, /* ...............* */
    0xe4, 0xd4, 0xf5, 0x15, 0xf0, 0x08, 0xd4, 0xd9, 0xc9, 0xd5, 0xf5, 0xdd, 0x1a, 0xf7, 0x00, 0xde, /* ................ */
    0xf8, 0x79, 0xaf, 0x07, 0xf0, 0xea, 0xdb, 0x21, 0xe1, 0xe5, 0xf9, 0xdc, 0xde, 0x46, 0xc7, 0xdb, /* .y.....!.....F.. */
    0xf5, 0xd0, 0xd8, 0x11, 0xff, 0xdf, 0x06, 0xfa, 0xf7, 0x00, 0xec, 0xeb, 0x45, 0xdf, 0xe3, 0x21, /* ............E..! */
    0xe1, 0xc9, 0x0c, 0xff, 0xdf, 0x1b, 0xea, 0xce, 0xdf, 0xd1, 0xce, 0x36, 0x33, 0xff, 0xfb, 0xd4, /* ...........63... */
    0xfc, 0x16, 0xd8, 0xd9, 0xbe, 0xe7, 0xdf, 0x01, 0xe6, 0xe8, 0xe9, 0xe7, 0xf5, 0x15, 0xd3, 0xe7, /* ................ */
    0xd3, 0xed, 0xd5, 0x69, 0xf0, 0x05, 0xeb, 0x01, 0xf0, 0x0b, 0xdf, 0xf3, 0x9d, 0xfc, 0xdb, 0x21, /* ...i...........! */
    0xf1, 0xe7, 0x25, 0xc1, 0xdc, 0x18, 0xe1, 0xcb, 0xc8, 0xda, 0xd7, 0xfc, 0x04, 0xdf, 0x0d, 0xe2, /* ..%............. */
    0x31, 0x34, 0xa2, 0xfb, 0xe2, 0xf1, 0x01, 0x26, 0xd8, 0xe9, 0x0c, 0xdc, 0xef, 0x28, 0xd1, 0xdb, /* 14.....&.....(.. */
    0xd7, 0xd9, 0xcf, 0x22, 0x00, 0xee, 0xf9, 0xfc, 0xf0, 0x11, 0xe5, 0x1e, 0x05, 0xc2, 0x04, 0x30, /* ..."...........0 */
    0xbc, 0xd5, 0x0b, 0xf5, 0xee, 0x13, 0xf1, 0xe9, 0xc2, 0xd9, 0xd6, 0x0a, 0xfe, 0xeb, 0xf3, 0xf3, /* ................ */
    0xf7, 0x0d, 0xd1, 0xe9, 0xc2, 0xe8, 0xd4, 0x3c, 0xeb, 0xee, 0xfd, 0xcc, 0xea, 0x16, 0xdc, 0xb5, /* .......<........ */
    0x39, 0x10, 0xed, 0x03, 0x0a, 0xe3, 0x17, 0xda, 0xfb, 0xc2, 0xcd, 0xcd, 0x28, 0xee, 0xd6, 0x0d, /* 9...........(... */
    0xe8, 0xde, 0x0e, 0xec, 0xc8, 0xb5, 0xe6, 0xe6, 0x20, 0x0f, 0xe6, 0x11, 0xe3, 0xf9, 0x1c, 0xcc, /* ........ ....... */
    0xf4, 0xe2, 0x05, 0xfb, 0xd0, 0xfb, 0x02, 0x02, 0xd5, 0x15, 0x10, 0x10, 0xe7, 0xd3, 0xe0, 0xd5, /* ................ */
    0x12, 0xf6, 0x09, 0x00, 0xff, 0xff, 0x07, 0xe2, 0x13, 0xd0, 0xfc, 0xe4, 0x19, 0xe3, 0xea, 0x00, /* ................ */
    0xe1, 0xe0, 0x11, 0xf6, 0xc0, 0xd7, 0xc2, 0xcc, 0x0f, 0x10, 0xe2, 0xea, 0xe0, 0xf9, 0x09, 0xda /* ................ */
};

/* 0x003047a0 */
const unsigned char exc_5_256_table[1280] = {
    0xf8, 0xdb, 0x05, 0xd5, 0x05, 0x49, 0x3d, 0x27, 0x0c, 0xfd, 0xc3, 0xe0, 0x02, 0x2a, 0x1e, 0xfd, /* .....I='.....*.. */
    0x11, 0xe5, 0x09, 0x22, 0x14, 0xff, 0xfb, 0x02, 0x17, 0xf9, 0xd2, 0x1a, 0x35, 0xd1, 0x14, 0xfe, /* ..."........5... */
    0xdf, 0xa7, 0xcd, 0xc0, 0x1b, 0x0b, 0x0f, 0xde, 0xfb, 0xc8, 0x19, 0xf7, 0xff, 0xe3, 0x01, 0x28, /* ...............( */
    0x43, 0xe9, 0xf0, 0x10, 0x21, 0x13, 0x07, 0x0e, 0x55, 0x16, 0xf6, 0xf6, 0xf4, 0xf9, 0xff, 0x34, /* C...!...U......4 */
    0x59, 0x1d, 0x0b, 0xec, 0xdb, 0xd2, 0xf1, 0x11, 0xe8, 0xe4, 0x18, 0x02, 0x01, 0x00, 0x17, 0x9b, /* Y............... */
    0x17, 0x0e, 0xff, 0xe9, 0xee, 0x09, 0x05, 0xf3, 0x26, 0x01, 0xe4, 0xe4, 0x04, 0x1b, 0x33, 0xe6, /* ........&.....3. */
    0x22, 0xd8, 0x23, 0x2f, 0x36, 0x26, 0xca, 0xe6, 0xfa, 0x2a, 0xe7, 0x0d, 0xe2, 0xdc, 0x12, 0x29, /* ".#/6&...*.....) */
    0xfc, 0xdf, 0x17, 0xe0, 0xf9, 0xfc, 0x33, 0xfd, 0x11, 0xcc, 0x38, 0xd1, 0x24, 0xfe, 0xeb, 0x24, /* ......3...8.$..$ */
    0x0a, 0x08, 0xdf, 0x1f, 0x13, 0x09, 0xfb, 0xd8, 0x0a, 0xf7, 0xeb, 0x13, 0x12, 0xb2, 0xee, 0xfb, /* ................ */
    0x00, 0xe6, 0xdc, 0xd1, 0xcd, 0xd4, 0x12, 0x28, 0x1b, 0xfe, 0x1d, 0x31, 0xe6, 0x02, 0x20, 0xca, /* .......(...1.. . */
    0x1e, 0xb7, 0x36, 0x03, 0xfb, 0x24, 0x16, 0x35, 0x0a, 0xff, 0xac, 0xcb, 0xe3, 0xfb, 0x03, 0xd4, /* ..6..$.5........ */
    0x35, 0xcd, 0x04, 0x16, 0x47, 0xdd, 0xff, 0x21, 0xfb, 0xe5, 0xf9, 0x24, 0x11, 0xe9, 0xd9, 0x10, /* 5...G..!...$.... */
    0xf7, 0xc9, 0xf1, 0xec, 0x27, 0xdd, 0x06, 0xd9, 0xf2, 0x12, 0x30, 0xc0, 0xef, 0xf1, 0x09, 0x27, /* ....'.....0....' */
    0x51, 0x25, 0xbc, 0x25, 0x2f, 0xeb, 0xfa, 0x98, 0x0d, 0x06, 0x09, 0xfe, 0x23, 0x08, 0xe9, 0x12, /* Q%.%/.......#... */
    0x2a, 0x2d, 0x15, 0x21, 0xfb, 0xcf, 0x09, 0xfa, 0xd5, 0xc8, 0x27, 0x02, 0xf0, 0xe7, 0x57, 0x01, /* *-.!......'...W. */
    0xfd, 0xf7, 0x11, 0xe7, 0xf5, 0xf7, 0xff, 0x0a, 0x02, 0xf2, 0xf2, 0x04, 0xff, 0xf6, 0x1c, 0xe9, /* ................ */
    0x28, 0xe0, 0x1a, 0xf7, 0x1a, 0x04, 0xe5, 0xe9, 0x03, 0x2a, 0xc4, 0x01, 0x31, 0xfd, 0x1b, 0x0a, /* (........*..1... */
    0xcc, 0xd8, 0xfe, 0x12, 0x2d, 0xe9, 0x11, 0xd4, 0x03, 0xfd, 0x11, 0xd2, 0x34, 0xd8, 0xd1, 0x19, /* ....-.......4... */
    0x4b, 0x1f, 0xcf, 0x35, 0x1e, 0xe2, 0xe0, 0xdc, 0x26, 0xfa, 0xf1, 0xf0, 0x36, 0xe5, 0xd0, 0x03, /* K..5....&...6... */
    0x26, 0xe3, 0xe0, 0xea, 0xf2, 0xfc, 0xe9, 0xf3, 0x20, 0xd9, 0x09, 0x08, 0xd3, 0xf3, 0x22, 0xf0, /* &....... .....". */
    0x31, 0x28, 0x20, 0x1f, 0x1c, 0x17, 0x17, 0x20, 0x2f, 0x3b, 0xbc, 0x08, 0x3e, 0x2c, 0x19, 0xf2, /* 1( .... /;..>,.. */
    0xe8, 0xbf, 0xf0, 0x24, 0x43, 0xe7, 0xda, 0xeb, 0x04, 0xdf, 0xfe, 0x2a, 0x05, 0xc1, 0x28, 0x0b, /* ...$C......*..(. */
    0x1a, 0xd6, 0xe9, 0xc3, 0x4f, 0xe1, 0x17, 0xec, 0x0a, 0xe0, 0x35, 0xe7, 0xdc, 0x0a, 0xe6, 0xfb, /* ....O.....5..... */
    0x03, 0x00, 0xb9, 0x05, 0xf6, 0xdb, 0x01, 0xe8, 0x15, 0xca, 0xef, 0x01, 0xe3, 0xe7, 0xf1, 0xe5, /* ................ */
    0x20, 0x44, 0x2d, 0xf0, 0xdb, 0xee, 0xfb, 0x01, 0x00, 0xb3, 0x47, 0xfa, 0x03, 0xec, 0x47, 0xbd, /*  D-.......G...G. */
    0x1d, 0xdd, 0x0a, 0xe2, 0x13, 0x04, 0x10, 0x11, 0x05, 0x00, 0xf2, 0x13, 0x02, 0x1c, 0x1a, 0x3b, /* ...............; */
    0x03, 0x02, 0x18, 0x27, 0x37, 0xce, 0xd3, 0xee, 0xef, 0x21, 0xdd, 0x0e, 0xff, 0x01, 0x08, 0x57, /* ...'7....!.....W */
    0xdd, 0xe3, 0x00, 0xe5, 0x0d, 0xf9, 0x17, 0xf3, 0x25, 0xd8, 0x32, 0xdd, 0x0e, 0x13, 0xf9, 0xf2, /* ........%.2..... */
    0x31, 0x36, 0xfb, 0x16, 0xfe, 0xe3, 0xf8, 0xe5, 0x26, 0x0d, 0x1b, 0x30, 0x0c, 0xd7, 0xeb, 0xf1, /* 16......&..0.... */
    0x1c, 0x07, 0xf0, 0xe8, 0xed, 0xec, 0x0b, 0xec, 0x09, 0x02, 0x0d, 0x17, 0xec, 0x0b, 0x1b, 0xe5, /* ................ */
    0x47, 0xbb, 0x08, 0x02, 0xfa, 0x16, 0x0c, 0x10, 0x10, 0x09, 0xf0, 0xf8, 0xef, 0x01, 0x19, 0x01, /* G............... */
    0x28, 0xdb, 0xdf, 0x42, 0x5e, 0x35, 0x04, 0xea, 0xe7, 0xd7, 0xd6, 0x19, 0x23, 0xf0, 0xf1, 0x39, /* (..B^5......#..9 */
    0x1f, 0xe3, 0xe0, 0x15, 0x10, 0xc4, 0x2d, 0x0f, 0xff, 0x07, 0x39, 0xe6, 0xd1, 0xe3, 0x0b, 0x08, /* ......-...9..... */
    0x0f, 0x13, 0x97, 0xf8, 0x36, 0x1b, 0x0a, 0xef, 0x06, 0xf4, 0xff, 0xf6, 0x04, 0x00, 0x17, 0xf6, /* ....6........... */
    0x1f, 0x0d, 0x0b, 0x0a, 0x0c, 0xc0, 0x17, 0xfd, 0xf8, 0xed, 0x10, 0x34, 0x18, 0xd8, 0x10, 0x0a, /* ...........4.... */
    0x28, 0x05, 0x09, 0x00, 0xf3, 0xf9, 0xeb, 0xf8, 0xfa, 0xf9, 0xeb, 0x3b, 0x10, 0xcb, 0x12, 0xc4, /* (..........;.... */
    0x0b, 0xd1, 0x0e, 0xee, 0x19, 0xf3, 0xe8, 0x04, 0xd9, 0x10, 0xe4, 0x36, 0x1a, 0xbd, 0x1e, 0x1b, /* ...........6.... */
    0xec, 0xcc, 0x14, 0xf4, 0x37, 0x0c, 0x12, 0xf0, 0x27, 0xf2, 0xfa, 0xe6, 0x38, 0xa8, 0xc9, 0x0c, /* ....7...'...8... */
    0x19, 0x1a, 0xdb, 0x06, 0x4b, 0x00, 0xde, 0xaf, 0x36, 0xe2, 0x01, 0xf9, 0x31, 0xe9, 0xf2, 0x15, /* ....K...6...1... */
    0x0a, 0xc2, 0xc6, 0xc7, 0xd1, 0xde, 0x0f, 0xfc, 0x22, 0xb2, 0x1f, 0x19, 0xf5, 0x07, 0x32, 0xf6, /* ........".....2. */
    0x2a, 0xc1, 0x0e, 0xdc, 0xfc, 0x39, 0x37, 0x39, 0x35, 0x2a, 0xd6, 0xff, 0x0f, 0x28, 0x25, 0x0f, /* *....9795*...(%. */
    0x19, 0xf5, 0x06, 0x01, 0x1f, 0xfe, 0xfa, 0xff, 0xf9, 0xc0, 0x22, 0x1c, 0x1e, 0xff, 0x03, 0x15, /* .........."..... */
    0x00, 0xa8, 0xf4, 0xc8, 0x19, 0xe4, 0x28, 0x08, 0xe4, 0xf2, 0x09, 0x0c, 0x02, 0xfa, 0xef, 0x16, /* ......(......... */
    0x31, 0xfa, 0xe6, 0x0e, 0x1c, 0xec, 0x04, 0xf4, 0x32, 0x23, 0x28, 0x0d, 0xda, 0xc6, 0xe3, 0x11, /* 1.......2#(..... */
    0x1e, 0x16, 0x3c, 0x1a, 0xca, 0xd9, 0xf4, 0x3a, 0xe4, 0xc1, 0x0a, 0xeb, 0xf8, 0xf4, 0x1a, 0xc2, /* ..<....:........ */
    0x06, 0xf6, 0xf5, 0xea, 0xfa, 0xf9, 0x04, 0x01, 0x12, 0x02, 0xba, 0x0b, 0x0e, 0x04, 0x0d, 0x13, /* ................ */
    0xe8, 0xde, 0x18, 0x43, 0x11, 0x33, 0xeb, 0x0d, 0x17, 0x36, 0xe2, 0x30, 0x01, 0xf3, 0x50, 0x1a, /* ...C.3...6.0..P. */
    0xf0, 0xfe, 0x0d, 0xfc, 0x06, 0xe2, 0x1d, 0xe8, 0x49, 0xc6, 0x1e, 0xe5, 0x14, 0xfe, 0xeb, 0x29, /* ........I......) */
    0x2d, 0x1e, 0xe5, 0xfd, 0xfb, 0xee, 0xec, 0xcf, 0xfd, 0xdd, 0x0a, 0x2a, 0xed, 0xbd, 0xcb, 0xf5, /* -..........*.... */
    0x09, 0x0d, 0xf1, 0xdf, 0xcd, 0xe2, 0x0f, 0x07, 0x19, 0xe2, 0x04, 0x1c, 0xea, 0xde, 0x36, 0xe3, /* ..............6. */
    0x27, 0xd2, 0x14, 0x10, 0x22, 0xfc, 0x2f, 0x4b, 0x01, 0xd4, 0xc9, 0xe8, 0x07, 0xff, 0x09, 0xd6, /* '..."./K........ */
    0x32, 0xf8, 0xdc, 0x29, 0x44, 0x00, 0xfc, 0xf6, 0xe9, 0xf1, 0xce, 0x40, 0x24, 0xf7, 0xe5, 0x0c, /* 2..)D......@$... */
    0x19, 0xda, 0xd1, 0xdb, 0x20, 0xcf, 0x33, 0xdc, 0x02, 0xfc, 0x45, 0xe6, 0x13, 0x07, 0x2d, 0x43, /* .... .3...E...-C */
    0x2e, 0x0d, 0xc1, 0x2e, 0x0f, 0xd1, 0x04, 0xd7, 0x0d, 0xfa, 0x05, 0xeb, 0x25, 0x1a, 0xc9, 0xf9, /* ............%... */
    0x21, 0xff, 0xe4, 0x0a, 0xef, 0xc0, 0xf2, 0x00, 0xdc, 0xef, 0x5d, 0xfd, 0xf7, 0xbe, 0x2c, 0xeb, /* !.........]...,. */
    0x03, 0xf4, 0x26, 0xfa, 0xf3, 0xf4, 0x13, 0x0d, 0x2b, 0xd5, 0xf6, 0xf4, 0x06, 0xfb, 0x09, 0xcf, /* ..&.....+....... */
    0x20, 0xfb, 0x02, 0x04, 0x05, 0x0f, 0xf0, 0x0a, 0xeb, 0x08, 0xc2, 0xf8, 0x40, 0x08, 0x4f, 0xff, /*  ...........@.O. */
    0xbe, 0xcf, 0xee, 0x05, 0x28, 0xfb, 0xe2, 0xd3, 0x01, 0xfa, 0x15, 0xe0, 0x5d, 0xee, 0xe2, 0xeb, /* ....(.......]... */
    0x20, 0x15, 0xee, 0x16, 0x08, 0x05, 0xd7, 0xca, 0x50, 0x16, 0xf6, 0xf9, 0xf8, 0xe9, 0xc0, 0x42, /*  .......P......B */
    0x38, 0xf2, 0xe2, 0xd7, 0xd2, 0xf2, 0xe3, 0xdb, 0x1b, 0xf2, 0x2a, 0xfe, 0xf7, 0xe3, 0x22, 0x0e, /* 8.........*...". */
    0x21, 0xf2, 0x16, 0x04, 0x0a, 0x1a, 0x1a, 0x1c, 0x20, 0x17, 0xb8, 0xe0, 0x03, 0x00, 0xf2, 0x23, /* !....... ......# */
    0xd6, 0xb2, 0xe0, 0x06, 0x1d, 0xee, 0xd3, 0xfb, 0x07, 0xdf, 0xd3, 0xfd, 0xea, 0xde, 0x08, 0xf8, /* ................ */
    0x04, 0xcd, 0xe7, 0xf7, 0x3b, 0xb2, 0x15, 0xfb, 0xe7, 0xd0, 0x42, 0xf1, 0xef, 0xe8, 0xcf, 0xf3, /* ....;.....B..... */
    0x19, 0xe9, 0xc0, 0xfa, 0x28, 0xe8, 0xed, 0xf5, 0x39, 0xdf, 0xf8, 0x01, 0x0a, 0xcc, 0xca, 0x1c, /* ....(...9....... */
    0x27, 0x31, 0x22, 0xf5, 0xc3, 0xd7, 0xd5, 0x0a, 0x0f, 0xf1, 0x33, 0x1e, 0x0f, 0xcd, 0x20, 0xde, /* '1".......3... . */
    0xfe, 0xde, 0x0e, 0x12, 0x10, 0x01, 0x01, 0xfd, 0xfd, 0x01, 0x01, 0xee, 0x06, 0x10, 0x30, 0x0c, /* ..............0. */
    0xfb, 0xd6, 0x07, 0x24, 0x30, 0x07, 0xec, 0xf6, 0x07, 0x0c, 0x02, 0x36, 0x27, 0xda, 0x25, 0x36, /* ...$0......6'.%6 */
    0x04, 0xf5, 0xf8, 0xd2, 0xf6, 0x05, 0xf6, 0xde, 0x2e, 0xf4, 0x1d, 0xdb, 0x27, 0x24, 0xf5, 0x18, /* ............'$.. */
    0x38, 0x11, 0x0e, 0x14, 0x19, 0x00, 0xe7, 0xe4, 0x37, 0xf9, 0xfb, 0x1b, 0x03, 0x09, 0xe6, 0xf8, /* 8.......7....... */
    0x06, 0xe8, 0xf6, 0xe2, 0xe1, 0xde, 0x12, 0x04, 0x16, 0x15, 0x28, 0xff, 0xe3, 0xdb, 0xf8, 0xeb, /* ..........(..... */
    0x5c, 0xe3, 0x0b, 0xfd, 0x0b, 0x49, 0x17, 0x16, 0x07, 0x04, 0xd4, 0xf7, 0xf5, 0x15, 0xf3, 0x0b, /* \....I.......... */
    0x09, 0xb2, 0xff, 0x2f, 0x72, 0xf4, 0xdb, 0xed, 0xfb, 0xf5, 0xea, 0x13, 0x0c, 0xe2, 0x07, 0x26, /* .../r..........& */
    0x2d, 0xeb, 0xf8, 0xf7, 0x37, 0xd3, 0x38, 0xeb, 0x07, 0x11, 0x2e, 0xc7, 0xa9, 0xfa, 0x1b, 0x1f, /* -...7.8......... */
    0x1f, 0x07, 0xc8, 0xf4, 0x2e, 0x15, 0xfb, 0xf4, 0x24, 0x03, 0x03, 0xeb, 0x2b, 0x13, 0x0c, 0xf9, /* ........$...+... */
    0x09, 0xf2, 0x00, 0xf7, 0xdf, 0xa5, 0x07, 0x1a, 0x03, 0xf5, 0x40, 0x53, 0xe1, 0xd2, 0x19, 0x02, /* ..........@S.... */
    0x09, 0x05, 0x02, 0x02, 0xff, 0x14, 0xef, 0x0a, 0xfb, 0xe5, 0xf8, 0x14, 0x08, 0xed, 0x10, 0xeb, /* ................ */
    0xf3, 0xe1, 0x05, 0x05, 0x2a, 0x18, 0x09, 0x22, 0xec, 0x1c, 0xc3, 0x16, 0x0b, 0xd9, 0x40, 0xec, /* ....*.."......@. */
    0xff, 0xe2, 0xf7, 0xec, 0x18, 0xe7, 0xe8, 0xe3, 0x16, 0xc4, 0x06, 0xfb, 0x29, 0xf7, 0xa9, 0x0e, /* ............)... */
    0x22, 0x0f, 0xc7, 0x34, 0x45, 0x0f, 0xfd, 0x9a, 0x3a, 0x10, 0x03, 0x06, 0x3c, 0xb5, 0xe0, 0x1a, /* "..4E...:...<... */
    0x07, 0xc7, 0xe5, 0xe0, 0xe8, 0xeb, 0xe3, 0xf0, 0x3e, 0xd2, 0x1f, 0x1e, 0xe5, 0xf1, 0x07, 0x0f /* ........>....... */
};

/* 0x00304ca0 */
const unsigned char exc_8_128_table[1024] = {
    0xf2, 0x09, 0x0d, 0xe0, 0x02, 0xf6, 0x1f, 0xf6, 0xf8, 0xf8, 0x06, 0xfc, 0xff, 0x0a, 0xc0, 0x17, /* ................ */
    0x06, 0x14, 0x0d, 0x06, 0x08, 0xea, 0x10, 0x22, 0x07, 0x2a, 0xcf, 0xe4, 0x05, 0x1a, 0x04, 0xf1, /* .......".*...... */
    0x29, 0x22, 0x29, 0x20, 0x21, 0x18, 0x17, 0x0e, 0x08, 0x28, 0x22, 0x04, 0xe8, 0xd7, 0xed, 0xf1, /* )") !....("..... */
    0x0d, 0xf3, 0x21, 0xca, 0x18, 0x1b, 0xd4, 0x21, 0x1b, 0xf1, 0xf1, 0x18, 0xed, 0x0e, 0xdc, 0x0e, /* ..!....!........ */
    0xf7, 0x18, 0xf4, 0xfc, 0x25, 0xfb, 0x10, 0xde, 0x05, 0x0a, 0x21, 0xf1, 0xca, 0xf0, 0x0c, 0x19, /* ....%.....!..... */
    0x0c, 0x01, 0x02, 0x00, 0x03, 0xff, 0xfc, 0xfc, 0x0b, 0x02, 0xc8, 0x36, 0x1b, 0xec, 0x0d, 0xfa, /* ...........6.... */
    0xd2, 0xd7, 0xdf, 0xf5, 0xfb, 0x07, 0x0c, 0x0e, 0xf2, 0xfb, 0x08, 0x14, 0x06, 0x03, 0x04, 0xf8, /* ................ */
    0xfb, 0xd6, 0x0b, 0x08, 0xf2, 0x19, 0xfe, 0x02, 0x0d, 0x0b, 0xea, 0x27, 0xf7, 0x09, 0x05, 0xd3, /* ...........'.... */
    0xf7, 0x07, 0xf7, 0x0c, 0xf9, 0x22, 0xef, 0x9a, 0x07, 0x02, 0xd6, 0x12, 0x23, 0xf7, 0xde, 0x0b, /* ....."......#... */
    0xfb, 0xfe, 0x03, 0x16, 0x2e, 0xcc, 0xe7, 0xf7, 0xa2, 0x08, 0x0b, 0xfb, 0xfb, 0xfb, 0x04, 0xf9, /* ................ */
    0xdd, 0xf9, 0x36, 0x05, 0xe0, 0x03, 0x18, 0xf7, 0xea, 0x08, 0x41, 0x25, 0xff, 0xf4, 0xe9, 0xfa, /* ..6.......A%.... */
    0xf7, 0xe4, 0x37, 0xdf, 0x0e, 0xfd, 0x02, 0x12, 0xc4, 0x29, 0xef, 0x08, 0xf0, 0x11, 0xf5, 0x00, /* ..7......)...... */
    0xf5, 0x1d, 0xe4, 0x25, 0x09, 0xcb, 0x21, 0xf2, 0xf7, 0x07, 0xe7, 0xf9, 0xf5, 0x1a, 0xe0, 0xf8, /* ...%..!......... */
    0x18, 0xeb, 0x16, 0xed, 0x13, 0xf6, 0x1d, 0xf2, 0x00, 0x00, 0x00, 0x00, 0x00, 0x00, 0x00, 0x00, /* ................ */
    0xfb, 0xcc, 0x0a, 0x29, 0x06, 0xe2, 0xfc, 0x10, 0x20, 0x16, 0xe5, 0xea, 0x20, 0xfd, 0xe4, 0xfd, /* ...).... ... ... */
    0x03, 0xdd, 0x06, 0x11, 0x17, 0x15, 0x08, 0x02, 0x04, 0xd3, 0xef, 0x0e, 0x17, 0xfc, 0xe1, 0xf5, /* ................ */
    0xfd, 0x0e, 0x01, 0x13, 0xf5, 0x02, 0x3d, 0xf8, 0x09, 0xf4, 0x07, 0xf6, 0x0c, 0xfd, 0xe8, 0x63, /* ......=........c */
    0xd0, 0x17, 0x32, 0xdb, 0xfb, 0xe9, 0x00, 0x08, 0xf2, 0x23, 0xc0, 0xfb, 0x2e, 0xe7, 0x0d, 0xff, /* ..2......#...... */
    0xcf, 0xed, 0xf1, 0x09, 0x22, 0x32, 0x19, 0x0b, 0xfa, 0xf7, 0xf0, 0xec, 0xe0, 0xdf, 0xe0, 0xe5, /* ...."2.......... */
    0x0a, 0xf8, 0x0c, 0xf1, 0x38, 0xf2, 0xe0, 0x21, 0x03, 0xf7, 0x01, 0x41, 0xf7, 0xf7, 0xf6, 0xfe, /* ....8..!...A.... */
    0xfa, 0xe9, 0x09, 0x11, 0x03, 0xe4, 0x0d, 0xe0, 0x04, 0xfe, 0xf6, 0x04, 0xf0, 0x4c, 0x0c, 0xcc, /* .............L.. */
    0x06, 0x0d, 0x21, 0xfa, 0x04, 0xf2, 0xf7, 0xfd, 0x01, 0xf1, 0xf0, 0x1c, 0x01, 0xf1, 0x0b, 0x10, /* ..!............. */
    0x09, 0x04, 0xeb, 0xdb, 0xd8, 0xfa, 0x16, 0x0c, 0xf1, 0xe9, 0xf2, 0xef, 0xf0, 0xf7, 0xf6, 0xf7, /* ................ */
    0x0d, 0xd9, 0x29, 0x05, 0xf7, 0x10, 0xda, 0x19, 0x2e, 0xd1, 0x04, 0x31, 0xf2, 0x11, 0xfe, 0x06, /* ..)........1.... */
    0x12, 0x05, 0xfa, 0xdf, 0xea, 0x2c, 0x32, 0xfe, 0x01, 0x03, 0xfa, 0x07, 0x07, 0xfd, 0xeb, 0x26, /* .....,2........& */
    0xee, 0x22, 0xf2, 0xd7, 0x3c, 0xf3, 0x06, 0x10, 0xe8, 0x23, 0x13, 0xf3, 0xdc, 0x18, 0x03, 0xef, /* ."..<....#...... */
    0xf2, 0xf6, 0x24, 0x2c, 0xd4, 0xe3, 0xfd, 0x03, 0xca, 0xf8, 0x0c, 0x37, 0x1a, 0x04, 0xfe, 0xfb, /* ..$,.......7.... */
    0x02, 0xf5, 0x16, 0xe9, 0x02, 0x16, 0x01, 0xe7, 0xd9, 0x42, 0xcf, 0x15, 0xf8, 0xfe, 0x0a, 0xf2, /* .........B...... */
    0xc4, 0x19, 0x06, 0x0a, 0x1b, 0xe7, 0x10, 0x05, 0xfe, 0xf7, 0x1a, 0xf3, 0xec, 0x3a, 0xfe, 0x07, /* .............:.. */
    0x34, 0xf7, 0x02, 0x05, 0xfc, 0xf1, 0x17, 0xff, 0xda, 0x17, 0x08, 0x1b, 0xfa, 0x00, 0xe5, 0xf9, /* 4............... */
    0x27, 0xf6, 0xf2, 0x1a, 0x0b, 0xd3, 0xf4, 0x09, 0xfb, 0x22, 0x04, 0xdd, 0x0a, 0x2b, 0xea, 0xf5, /* '........"...+.. */
    0x38, 0xf9, 0x14, 0x01, 0x0a, 0x01, 0xe6, 0x09, 0x5e, 0x0b, 0xe5, 0xf2, 0xf3, 0x01, 0xf5, 0x00, /* 8.......^....... */
    0x0e, 0xfb, 0xfa, 0xf6, 0xfc, 0xf1, 0xf8, 0xd7, 0x15, 0xfb, 0x01, 0xe4, 0xf8, 0x16, 0xf7, 0x21, /* ...............! */
    0xe9, 0xfc, 0xfc, 0xf4, 0x27, 0x04, 0xf9, 0x03, 0xc4, 0x50, 0x08, 0xef, 0x02, 0xfa, 0x0c, 0xfb, /* ....'....P...... */
    0x01, 0x09, 0x0f, 0x1b, 0x1f, 0x1e, 0x1b, 0x17, 0x3d, 0x2f, 0x1a, 0x0a, 0xfb, 0xf8, 0xf4, 0xf3, /* ........=/...... */
    0x05, 0xee, 0x19, 0xf1, 0xfc, 0xf1, 0xf5, 0x0c, 0xfe, 0xfe, 0xf0, 0xfe, 0xfa, 0x18, 0x0c, 0x0b, /* ................ */
    0xfc, 0x09, 0x01, 0xf7, 0x0e, 0xd3, 0x39, 0x0c, 0x14, 0xdd, 0x1a, 0x0b, 0xc0, 0x20, 0xf6, 0xf6, /* ......9...... .. */
    0x2a, 0xfc, 0xf7, 0xf0, 0x20, 0x18, 0x07, 0x0a, 0x34, 0xf5, 0xc7, 0x1d, 0x00, 0x08, 0x00, 0xfa, /* *... ...4....... */
    0x11, 0xef, 0xc8, 0xd8, 0x07, 0x14, 0x12, 0x0c, 0xfa, 0x10, 0x05, 0x07, 0xff, 0x09, 0x01, 0x0a, /* ................ */
    0x1d, 0x0c, 0x10, 0x0d, 0xfe, 0x17, 0x07, 0x09, 0xfd, 0xfc, 0xfb, 0x12, 0xc0, 0x0d, 0x37, 0xe7, /* ..............7. */
    0x09, 0xf7, 0x18, 0x0e, 0xe7, 0x0f, 0xf5, 0xd8, 0xe2, 0x25, 0x01, 0xed, 0x16, 0xfb, 0xe1, 0x0d, /* .........%...... */
    0xfe, 0x00, 0x07, 0xfc, 0x10, 0xbd, 0x0c, 0x42, 0xdc, 0x18, 0xf8, 0x12, 0xf1, 0xe9, 0x13, 0x00, /* .......B........ */
    0xd3, 0xf9, 0x04, 0x03, 0xf3, 0x0d, 0x23, 0x05, 0x0d, 0x21, 0x0a, 0x1b, 0x17, 0x00, 0xf9, 0xf5, /* ......#..!...... */
    0x2b, 0xb6, 0x24, 0xf4, 0x02, 0x05, 0xf8, 0x06, 0xdf, 0x0b, 0xf0, 0xf2, 0xfb, 0xf9, 0xfd, 0x11, /* +.$............. */
    0xde, 0x1b, 0xf0, 0x0b, 0xf7, 0x0f, 0x21, 0xe1, 0x08, 0xf0, 0x07, 0xfa, 0xf9, 0x3f, 0xc9, 0xef, /* ......!......?.. */
    0x0b, 0xff, 0x14, 0xd2, 0x22, 0xe2, 0x06, 0x09, 0x13, 0x1c, 0xf7, 0x05, 0xe8, 0xf8, 0xe9, 0xfe, /* ...."........... */
    0x1f, 0xed, 0xf0, 0xfb, 0xf1, 0xee, 0x00, 0x1a, 0x12, 0x25, 0xfb, 0xf1, 0xfe, 0x11, 0x05, 0xe5, /* .........%...... */
    0x15, 0xdf, 0x2c, 0x0c, 0xe5, 0xf7, 0x11, 0x0b, 0x19, 0xeb, 0xe1, 0xf9, 0x0d, 0x21, 0xf8, 0xe7, /* ..,..........!.. */
    0xf9, 0x07, 0xf6, 0x04, 0xfa, 0xf7, 0x30, 0xae, 0xe9, 0xf8, 0x06, 0x0b, 0xe9, 0x03, 0xfd, 0x31, /* ......0........1 */
    0xe3, 0x19, 0x1f, 0x04, 0x0e, 0x10, 0x09, 0xfc, 0xee, 0x0a, 0xe6, 0x03, 0x05, 0xd4, 0xf7, 0x09, /* ................ */
    0xd1, 0xc9, 0x0f, 0x09, 0x1c, 0x01, 0x04, 0xfd, 0x2e, 0x06, 0xfa, 0xda, 0xe3, 0xe1, 0xf1, 0xfa, /* ................ */
    0x03, 0x00, 0x0e, 0xfa, 0x08, 0xca, 0xce, 0x21, 0xfb, 0x01, 0xf2, 0x21, 0xd0, 0x1a, 0xfc, 0xfb, /* .......!...!.... */
    0xfd, 0xfb, 0xfd, 0xfb, 0xe4, 0xea, 0x4d, 0x37, 0xff, 0x02, 0x0a, 0x0a, 0xf7, 0xf2, 0xbe, 0xcf, /* ......M7........ */
    0x0b, 0xdc, 0xfa, 0xec, 0x0a, 0xf6, 0x10, 0x0c, 0x04, 0xff, 0xf0, 0x2d, 0xd4, 0xce, 0x1f, 0xfe, /* ...........-.... */
    0x19, 0x2a, 0x17, 0xe0, 0xea, 0x00, 0x0b, 0x14, 0xd8, 0xdd, 0xd8, 0xdc, 0xe0, 0xe6, 0xeb, 0xf3, /* .*.............. */
    0x34, 0xea, 0x06, 0xe8, 0xec, 0x11, 0xfb, 0xf8, 0x24, 0xe7, 0xf5, 0x15, 0xe6, 0x06, 0x22, 0xf8, /* 4.......$.....". */
    0x07, 0x14, 0xfd, 0x05, 0xe7, 0xf8, 0x12, 0xfb, 0xf7, 0xfc, 0x01, 0xf7, 0x14, 0x14, 0x27, 0x30, /* ..............'0 */
    0xe8, 0x09, 0x05, 0xbf, 0x16, 0x1d, 0x04, 0x03, 0xd5, 0xf5, 0x20, 0xfa, 0x09, 0x13, 0xe5, 0xf6, /* .......... ..... */
    0xd1, 0xf2, 0x18, 0x0a, 0xf9, 0xdc, 0xf9, 0xff, 0xfc, 0xfb, 0xfb, 0x10, 0x35, 0x19, 0xe6, 0xe3, /* ............5... */
    0xfc, 0xf4, 0x2d, 0xc6, 0xde, 0x21, 0xfb, 0x02, 0xff, 0x1b, 0xd0, 0x1f, 0xf1, 0x16, 0xfb, 0x04, /* ..-..!.......... */
    0x07, 0x07, 0xe7, 0xfd, 0x0b, 0xea, 0x10, 0xf4, 0x08, 0xfd, 0x07, 0xf5, 0x2d, 0x0e, 0xb7, 0xed, /* ............-... */
    0x38, 0xd2, 0x18, 0xec, 0x1c, 0xf4, 0xfe, 0xff, 0xdc, 0xfd, 0xdf, 0x13, 0xfa, 0x07, 0x02, 0xf1, /* 8............... */
    0x05, 0xe1, 0xd3, 0x08, 0x23, 0x0d, 0x14, 0x00, 0xf7, 0x30, 0xf3, 0xd5, 0xfd, 0xf3, 0x02, 0xfb, /* ....#....0...... */
    0x48, 0xbc, 0xe5, 0x02, 0x01, 0xfe, 0xf9, 0x05, 0x24, 0x21, 0xd8, 0xf4, 0xfc, 0xfb, 0x17, 0x13 /* H.......$!...... */
};

/* 0x003050a0 */
const unsigned char gain_cdbk_lbr[96] = {
    0xe0, 0xe0, 0xe0, 0xe1, 0xc6, 0xf0, 0xd7, 0xe8, 0xd5, 0xc8, 0xea, 0xc9, 0xf3, 0x21, 0xd7, 0xfc, /* .............!.. */
    0xd9, 0xf7, 0xd7, 0x0f, 0xf4, 0xf8, 0xf1, 0xf4, 0x01, 0x02, 0xd4, 0xea, 0xbe, 0xd6, 0xda, 0x1c, /* ................ */
    0xe9, 0xeb, 0x0e, 0xdb, 0x00, 0x15, 0xce, 0xcb, 0xb9, 0xe5, 0xdb, 0xff, 0xed, 0xed, 0xfb, 0xe4, /* ................ */
    0x06, 0x41, 0xd4, 0xdf, 0xd0, 0xdf, 0xd8, 0x39, 0xf2, 0xef, 0x04, 0xd3, 0xe1, 0x26, 0xdf, 0xe9, /* .A.....9.....&.. */
    0x1c, 0xd8, 0xd5, 0x1d, 0xf4, 0xde, 0x0d, 0xe9, 0xf0, 0x0f, 0xe5, 0xf2, 0xae, 0xf1, 0xe1, 0x19, /* ................ */
    0xe0, 0xeb, 0x05, 0xfb, 0xd1, 0xc1, 0xcd, 0xd2, 0x0c, 0x03, 0xe4, 0xef, 0xe3, 0xf6, 0x0e, 0xd8 /* ................ */
};

/* 0x00305100 */
const unsigned char exc_10_32_table[320] = {
    0x07, 0x11, 0x11, 0x1b, 0x19, 0x16, 0x0c, 0x04, 0xfd, 0x00, 0x1c, 0xdc, 0x27, 0xe8, 0xf1, 0x03, /* ............'... */
    0xf7, 0x0f, 0xfb, 0x0a, 0x1f, 0xe4, 0x0b, 0x1f, 0xeb, 0x09, 0xf5, 0xf5, 0xfe, 0xf9, 0xe7, 0x0e, /* ................ */
    0xea, 0x1f, 0x04, 0xf2, 0x13, 0xf4, 0x0e, 0xfb, 0x04, 0xf9, 0x04, 0xfb, 0x09, 0x00, 0xfe, 0x2a, /* ...............* */
    0xd1, 0xf0, 0x01, 0x08, 0x00, 0x09, 0x17, 0xc7, 0x00, 0x1c, 0xf5, 0x06, 0xe1, 0x37, 0xd3, 0x03, /* .............7.. */
    0xfb, 0x04, 0x02, 0xfe, 0x04, 0xf9, 0xfd, 0x06, 0xfe, 0x07, 0xfd, 0x0c, 0x05, 0x08, 0x36, 0xf6, /* ..............6. */
    0x08, 0xf9, 0xf8, 0xe8, 0xe7, 0xe5, 0xf2, 0xfb, 0x08, 0x05, 0x2c, 0x17, 0x05, 0xf7, 0xf5, 0xf5, /* ..........,..... */
    0xf3, 0xf7, 0xf4, 0xf8, 0xe3, 0xf8, 0xea, 0x06, 0xf1, 0x03, 0xf4, 0xff, 0xfb, 0xfd, 0x22, 0xff, /* ..............". */
    0x1d, 0xf0, 0x11, 0xfc, 0x0c, 0x02, 0x01, 0x04, 0xfe, 0xfc, 0x02, 0xff, 0x0b, 0xfd, 0xcc, 0x1c, /* ................ */
    0x1e, 0xf7, 0xe0, 0x19, 0x2c, 0xec, 0xe8, 0x04, 0x06, 0xff, 0x00, 0x00, 0x00, 0x00, 0x00, 0x00, /* ....,........... */
    0x00, 0x00, 0x00, 0x00, 0x00, 0x00, 0xe7, 0xf6, 0x16, 0x1d, 0x0d, 0xf3, 0xea, 0xf3, 0xfc, 0x00, /* ................ */
    0xfc, 0xf0, 0x0a, 0x0f, 0xdc, 0xe8, 0x1c, 0x19, 0xff, 0xfd, 0x42, 0xdf, 0xf5, 0xf1, 0x06, 0x00, /* ..........B..... */
    0x03, 0x04, 0xfe, 0x05, 0x18, 0xec, 0xd1, 0x1d, 0x13, 0xfe, 0xfc, 0xff, 0x00, 0xff, 0xfe, 0x03, /* ................ */
    0x01, 0x08, 0xf5, 0x05, 0x05, 0xc7, 0x1c, 0x1c, 0x00, 0xf0, 0x04, 0xfc, 0x0c, 0xfa, 0xff, 0x02, /* ................ */
    0xec, 0x3d, 0xf7, 0x18, 0xea, 0xd6, 0x1d, 0x06, 0x11, 0x08, 0x04, 0x02, 0xbf, 0x0f, 0x08, 0x0a, /* .=.............. */
    0x05, 0x06, 0x05, 0x03, 0x02, 0xfe, 0xfd, 0x05, 0xf7, 0x04, 0xfb, 0x17, 0x0d, 0x17, 0xfd, 0xc1, /* ................ */
    0x03, 0xfb, 0xfc, 0xfa, 0x00, 0xfd, 0x17, 0xdc, 0xd2, 0x09, 0x05, 0x05, 0x08, 0x04, 0x09, 0xfb, /* ................ */
    0x01, 0xfd, 0x0a, 0x01, 0xfa, 0x0a, 0xf5, 0x18, 0xd1, 0x1f, 0x16, 0xf4, 0x0e, 0xf6, 0x06, 0x0b, /* ................ */
    0xf9, 0xf9, 0x07, 0xe1, 0x33, 0xf4, 0xfa, 0x07, 0x06, 0xef, 0x09, 0xf5, 0xec, 0x34, 0xed, 0x03, /* ....3........4.. */
    0xfa, 0xfa, 0xf8, 0xfb, 0x17, 0xd7, 0x25, 0x01, 0xeb, 0x0a, 0xf2, 0x08, 0x07, 0x05, 0xf1, 0xf1, /* ......%......... */
    0x17, 0x27, 0xe6, 0xdf, 0x07, 0x02, 0xe0, 0xe2, 0xeb, 0xf8, 0x04, 0x0c, 0x11, 0x0f, 0x0e, 0x0b /* .'.............. */
};

/* 0x00305240 */
const unsigned char exc_10_16_table[160] = {
    0x16, 0x27, 0x0e, 0x2c, 0x0b, 0x23, 0xfe, 0x17, 0xfc, 0x06, 0x2e, 0xe4, 0x0d, 0xe5, 0xe9, 0x0c, /* .'.,.#.......... */
    0x04, 0x14, 0xfb, 0x09, 0x25, 0xee, 0xe9, 0x17, 0x00, 0x09, 0xfa, 0xec, 0x04, 0xff, 0xef, 0xfb, /* ....%........... */
    0xfc, 0x11, 0x00, 0x01, 0x09, 0xfe, 0x01, 0x02, 0x02, 0xf4, 0x08, 0xe7, 0x27, 0x0f, 0x09, 0x10, /* ............'... */
    0xc9, 0xf5, 0x09, 0x0b, 0x05, 0x0a, 0xfe, 0xc4, 0x08, 0x0d, 0xfa, 0x0b, 0xf0, 0x1b, 0xd1, 0xf4, /* ................ */
    0x0b, 0x01, 0x10, 0xf9, 0x09, 0xfd, 0xe3, 0x09, 0xf2, 0x19, 0xed, 0x22, 0x24, 0x0c, 0x28, 0xf6, /* ..........."$.(. */
    0xfd, 0xe8, 0xf2, 0xdb, 0xeb, 0xdd, 0xfe, 0xdc, 0x03, 0xfa, 0x43, 0x1c, 0x06, 0xef, 0xfd, 0xf4, /* ..........C..... */
    0xf0, 0xf1, 0xef, 0xf9, 0xc5, 0xdc, 0xf3, 0x01, 0x07, 0x01, 0x02, 0x0a, 0x02, 0x0b, 0x0d, 0x0a, /* ................ */
    0x08, 0xfe, 0x07, 0x03, 0x05, 0x04, 0x02, 0x02, 0xfd, 0xf8, 0x04, 0xfb, 0x06, 0x07, 0xd6, 0x0f, /* ................ */
    0x23, 0xfe, 0xd2, 0x26, 0x1c, 0xec, 0xf7, 0x01, 0x07, 0xfd, 0x00, 0xfe, 0x00, 0x00, 0x00, 0x00, /* #..&............ */
    0x00, 0x00, 0x00, 0x00, 0x00, 0x00, 0xf1, 0xe4, 0x34, 0x20, 0x05, 0xfb, 0xef, 0xec, 0xf6, 0xff /* ........4 ...... */
};

/* 0x003052e0 */
const unsigned char h1[256] = {
    0xc9, 0xd5, 0x16, 0x38, 0x41, 0x9e, 0xeb, 0x38, 0x10, 0xa6, 0xe7, 0xb8, 0x77, 0x4a, 0x92, 0xb9, /* ...8A..8....wJ.. */
    0x3a, 0x02, 0x71, 0x39, 0xaf, 0x11, 0x1c, 0x3a, 0xe8, 0x77, 0xc8, 0xb9, 0xab, 0x31, 0x95, 0xba, /* :.q9...:.w...1.. */
    0x01, 0x29, 0x0b, 0x3a, 0x85, 0x2a, 0x02, 0x3b, 0xec, 0xac, 0x23, 0xba, 0x02, 0x11, 0x54, 0xbb, /* .).:.*.;..#...T. */
    0xb0, 0x8d, 0x16, 0x3a, 0x00, 0x7c, 0xa3, 0x3b, 0x28, 0x84, 0x87, 0xb9, 0x4f, 0x68, 0xf1, 0xbb, /* ...:.|.;(...Oh.. */
    0x1a, 0xb2, 0xfe, 0xb9, 0x17, 0x25, 0x2c, 0x3c, 0x0d, 0x58, 0xf8, 0x3a, 0x81, 0x1b, 0x6f, 0xbc, /* .....%,<.X.:..o. */
    0xb8, 0x59, 0x8d, 0xbb, 0xde, 0x60, 0xa3, 0x3c, 0x8c, 0xc8, 0x07, 0x3c, 0xcd, 0x7f, 0xde, 0xbc, /* .Y...`.<...<.... */
    0x11, 0x5e, 0x73, 0xbc, 0x9a, 0x36, 0x1a, 0x3d, 0x61, 0xa7, 0xd8, 0x3c, 0x23, 0x0d, 0x63, 0xbd, /* .^s..6.=a..<#.c. */
    0x0e, 0xb6, 0x50, 0xbd, 0xa0, 0x46, 0xc8, 0x3d, 0xd1, 0x8d, 0x0d, 0x3e, 0xfa, 0x91, 0xeb, 0xbe, /* ..P..F.=...>.... */
    0xfa, 0x91, 0xeb, 0x3e, 0xd1, 0x8d, 0x0d, 0xbe, 0xa0, 0x46, 0xc8, 0xbd, 0x0e, 0xb6, 0x50, 0x3d, /* ...>.....F....P= */
    0x23, 0x0d, 0x63, 0x3d, 0x61, 0xa7, 0xd8, 0xbc, 0x9a, 0x36, 0x1a, 0xbd, 0x11, 0x5e, 0x73, 0x3c, /* #.c=a....6...^s< */
    0xcd, 0x7f, 0xde, 0x3c, 0x8c, 0xc8, 0x07, 0xbc, 0xde, 0x60, 0xa3, 0xbc, 0xb8, 0x59, 0x8d, 0x3b, /* ...<.....`...Y.; */
    0x81, 0x1b, 0x6f, 0x3c, 0x0d, 0x58, 0xf8, 0xba, 0x17, 0x25, 0x2c, 0xbc, 0x1a, 0xb2, 0xfe, 0x39, /* ..o<.X...%,....9 */
    0x4f, 0x68, 0xf1, 0x3b, 0x28, 0x84, 0x87, 0x39, 0x00, 0x7c, 0xa3, 0xbb, 0xb0, 0x8d, 0x16, 0xba, /* Oh.;(..9.|...... */
    0x02, 0x11, 0x54, 0x3b, 0xec, 0xac, 0x23, 0x3a, 0x85, 0x2a, 0x02, 0xbb, 0x01, 0x29, 0x0b, 0xba, /* ..T;..#:.*...).. */
    0xab, 0x31, 0x95, 0x3a, 0xe8, 0x77, 0xc8, 0x39, 0xaf, 0x11, 0x1c, 0xba, 0x3a, 0x02, 0x71, 0xb9, /* .1.:.w.9....:.q. */
    0x77, 0x4a, 0x92, 0x39, 0x10, 0xa6, 0xe7, 0x38, 0x41, 0x9e, 0xeb, 0xb8, 0xc9, 0xd5, 0x16, 0xb8 /* wJ.9...8A....... */
};

/* 0x003053e0 */
const unsigned char h0[1216] = {
    0xc9, 0xd5, 0x16, 0x38, 0x41, 0x9e, 0xeb, 0xb8, 0x10, 0xa6, 0xe7, 0xb8, 0x77, 0x4a, 0x92, 0x39, /* ...8A.......wJ.9 */
    0x3a, 0x02, 0x71, 0x39, 0xaf, 0x11, 0x1c, 0xba, 0xe8, 0x77, 0xc8, 0xb9, 0xab, 0x31, 0x95, 0x3a, /* :.q9.....w...1.: */
    0x01, 0x29, 0x0b, 0x3a, 0x85, 0x2a, 0x02, 0xbb, 0xec, 0xac, 0x23, 0xba, 0x02, 0x11, 0x54, 0x3b, /* .).:.*....#...T; */
    0xb0, 0x8d, 0x16, 0x3a, 0x00, 0x7c, 0xa3, 0xbb, 0x28, 0x84, 0x87, 0xb9, 0x4f, 0x68, 0xf1, 0x3b, /* ...:.|..(...Oh.; */
    0x1a, 0xb2, 0xfe, 0xb9, 0x17, 0x25, 0x2c, 0xbc, 0x0d, 0x58, 0xf8, 0x3a, 0x81, 0x1b, 0x6f, 0x3c, /* .....%,..X.:..o< */
    0xb8, 0x59, 0x8d, 0xbb, 0xde, 0x60, 0xa3, 0xbc, 0x8c, 0xc8, 0x07, 0x3c, 0xcd, 0x7f, 0xde, 0x3c, /* .Y...`.....<...< */
    0x11, 0x5e, 0x73, 0xbc, 0x9a, 0x36, 0x1a, 0xbd, 0x61, 0xa7, 0xd8, 0x3c, 0x23, 0x0d, 0x63, 0x3d, /* .^s..6..a..<#.c= */
    0x0e, 0xb6, 0x50, 0xbd, 0xa0, 0x46, 0xc8, 0xbd, 0xd1, 0x8d, 0x0d, 0x3e, 0xfa, 0x91, 0xeb, 0x3e, /* ..P..F.....>...> */
    0xfa, 0x91, 0xeb, 0x3e, 0xd1, 0x8d, 0x0d, 0x3e, 0xa0, 0x46, 0xc8, 0xbd, 0x0e, 0xb6, 0x50, 0xbd, /* ...>...>.F....P. */
    0x23, 0x0d, 0x63, 0x3d, 0x61, 0xa7, 0xd8, 0x3c, 0x9a, 0x36, 0x1a, 0xbd, 0x11, 0x5e, 0x73, 0xbc, /* #.c=a..<.6...^s. */
    0xcd, 0x7f, 0xde, 0x3c, 0x8c, 0xc8, 0x07, 0x3c, 0xde, 0x60, 0xa3, 0xbc, 0xb8, 0x59, 0x8d, 0xbb, /* ...<...<.`...Y.. */
    0x81, 0x1b, 0x6f, 0x3c, 0x0d, 0x58, 0xf8, 0x3a, 0x17, 0x25, 0x2c, 0xbc, 0x1a, 0xb2, 0xfe, 0xb9, /* ..o<.X.:.%,..... */
    0x4f, 0x68, 0xf1, 0x3b, 0x28, 0x84, 0x87, 0xb9, 0x00, 0x7c, 0xa3, 0xbb, 0xb0, 0x8d, 0x16, 0x3a, /* Oh.;(....|.....: */
    0x02, 0x11, 0x54, 0x3b, 0xec, 0xac, 0x23, 0xba, 0x85, 0x2a, 0x02, 0xbb, 0x01, 0x29, 0x0b, 0x3a, /* ..T;..#..*...).: */
    0xab, 0x31, 0x95, 0x3a, 0xe8, 0x77, 0xc8, 0xb9, 0xaf, 0x11, 0x1c, 0xba, 0x3a, 0x02, 0x71, 0x39, /* .1.:.w......:.q9 */
    0x77, 0x4a, 0x92, 0x39, 0x10, 0xa6, 0xe7, 0xb8, 0x41, 0x9e, 0xeb, 0xb8, 0xc9, 0xd5, 0x16, 0x38, /* wJ.9....A......8 */
    0x05, 0xbe, 0x1e, 0x00, 0x11, 0xbe, 0x1e, 0x00, 0xe8, 0xbd, 0x1e, 0x00, 0x64, 0xbe, 0x1e, 0x00, /* ............d... */
    0xe8, 0xbd, 0x1e, 0x00, 0x82, 0xbe, 0x1e, 0x00, 0xa3, 0xbe, 0x1e, 0x00, 0xc4, 0xbe, 0x1e, 0x00, /* ................ */
    0xe8, 0xbd, 0x1e, 0x00, 0xdc, 0xbe, 0x1e, 0x00, 0x05, 0xbf, 0x1e, 0x00, 0x17, 0xbf, 0x1e, 0x00, /* ................ */
    0xe8, 0xbd, 0x1e, 0x00, 0xab, 0xbf, 0x1e, 0x00, 0xe2, 0xbf, 0x1e, 0x00, 0xf4, 0xbf, 0x1e, 0x00, /* ................ */
    0x44, 0xc0, 0x1e, 0x00, 0xe8, 0xbd, 0x1e, 0x00, 0xe8, 0xbd, 0x1e, 0x00, 0xe8, 0xbd, 0x1e, 0x00, /* D............... */
    0xe8, 0xbd, 0x1e, 0x00, 0x91, 0xc0, 0x1e, 0x00, 0x3c, 0xc4, 0x1e, 0x00, 0x59, 0xc2, 0x1e, 0x00, /* ........<...Y... */
    0xe8, 0xbd, 0x1e, 0x00, 0xe8, 0xbd, 0x1e, 0x00, 0x3b, 0xc3, 0x1e, 0x00, 0x30, 0xc2, 0x1e, 0x00, /* ........;...0... */
    0x4e, 0xc4, 0x1e, 0x00, 0x4d, 0xc3, 0x1e, 0x00, 0x2a, 0xc4, 0x1e, 0x00, 0xc2, 0xc0, 0x1e, 0x00, /* N...M...*....... */
    0xe3, 0xc0, 0x1e, 0x00, 0x04, 0xc1, 0x1e, 0x00, 0x30, 0xc1, 0x1e, 0x00, 0xe8, 0xbd, 0x1e, 0x00, /* ........0....... */
    0x42, 0xc1, 0x1e, 0x00, 0xe8, 0xbd, 0x1e, 0x00, 0xe8, 0xbd, 0x1e, 0x00, 0xe8, 0xbd, 0x1e, 0x00, /* B............... */
    0xe8, 0xbd, 0x1e, 0x00, 0xe8, 0xbd, 0x1e, 0x00, 0xe8, 0xbd, 0x1e, 0x00, 0xe8, 0xbd, 0x1e, 0x00, /* ................ */
    0xe8, 0xbd, 0x1e, 0x00, 0xe8, 0xbd, 0x1e, 0x00, 0xe8, 0xbd, 0x1e, 0x00, 0xe8, 0xbd, 0x1e, 0x00, /* ................ */
    0xe8, 0xbd, 0x1e, 0x00, 0xe8, 0xbd, 0x1e, 0x00, 0xe8, 0xbd, 0x1e, 0x00, 0xe8, 0xbd, 0x1e, 0x00, /* ................ */
    0xe8, 0xbd, 0x1e, 0x00, 0xe8, 0xbd, 0x1e, 0x00, 0xe8, 0xbd, 0x1e, 0x00, 0xe8, 0xbd, 0x1e, 0x00, /* ................ */
    0xe8, 0xbd, 0x1e, 0x00, 0xe8, 0xbd, 0x1e, 0x00, 0xe8, 0xbd, 0x1e, 0x00, 0xe8, 0xbd, 0x1e, 0x00, /* ................ */
    0xe8, 0xbd, 0x1e, 0x00, 0xe8, 0xbd, 0x1e, 0x00, 0xe8, 0xbd, 0x1e, 0x00, 0xe8, 0xbd, 0x1e, 0x00, /* ................ */
    0xe8, 0xbd, 0x1e, 0x00, 0xe8, 0xbd, 0x1e, 0x00, 0xe8, 0xbd, 0x1e, 0x00, 0xe8, 0xbd, 0x1e, 0x00, /* ................ */
    0xe8, 0xbd, 0x1e, 0x00, 0xe8, 0xbd, 0x1e, 0x00, 0xe8, 0xbd, 0x1e, 0x00, 0xe8, 0xbd, 0x1e, 0x00, /* ................ */
    0xe8, 0xbd, 0x1e, 0x00, 0xe8, 0xbd, 0x1e, 0x00, 0xe8, 0xbd, 0x1e, 0x00, 0xe8, 0xbd, 0x1e, 0x00, /* ................ */
    0xe8, 0xbd, 0x1e, 0x00, 0xe8, 0xbd, 0x1e, 0x00, 0xe8, 0xbd, 0x1e, 0x00, 0xe8, 0xbd, 0x1e, 0x00, /* ................ */
    0xe8, 0xbd, 0x1e, 0x00, 0xe8, 0xbd, 0x1e, 0x00, 0xe8, 0xbd, 0x1e, 0x00, 0xe8, 0xbd, 0x1e, 0x00, /* ................ */
    0xe8, 0xbd, 0x1e, 0x00, 0xe8, 0xbd, 0x1e, 0x00, 0xe8, 0xbd, 0x1e, 0x00, 0xe8, 0xbd, 0x1e, 0x00, /* ................ */
    0xe8, 0xbd, 0x1e, 0x00, 0xe8, 0xbd, 0x1e, 0x00, 0xe8, 0xbd, 0x1e, 0x00, 0xe8, 0xbd, 0x1e, 0x00, /* ................ */
    0xe8, 0xbd, 0x1e, 0x00, 0xe8, 0xbd, 0x1e, 0x00, 0xe8, 0xbd, 0x1e, 0x00, 0xe8, 0xbd, 0x1e, 0x00, /* ................ */
    0xe8, 0xbd, 0x1e, 0x00, 0x6e, 0xc1, 0x1e, 0x00, 0xa0, 0xc1, 0x1e, 0x00, 0xe8, 0xc1, 0x1e, 0x00, /* ....n........... */
    0xcc, 0xc4, 0x1e, 0x00, 0xaf, 0xc4, 0x1e, 0x00, 0xaf, 0xc4, 0x1e, 0x00, 0xf2, 0xc4, 0x1e, 0x00, /* ................ */
    0xfe, 0xc4, 0x1e, 0x00, 0xaf, 0xc4, 0x1e, 0x00, 0xfe, 0xc4, 0x1e, 0x00, 0xaf, 0xc4, 0x1e, 0x00, /* ................ */
    0x4b, 0xc5, 0x1e, 0x00, 0x6c, 0xc5, 0x1e, 0x00, 0x8d, 0xc5, 0x1e, 0x00, 0xaf, 0xc4, 0x1e, 0x00, /* K...l........... */
    0xaf, 0xc4, 0x1e, 0x00, 0xaf, 0xc4, 0x1e, 0x00, 0xaf, 0xc4, 0x1e, 0x00, 0xaf, 0xc4, 0x1e, 0x00, /* ................ */
    0xaf, 0xc4, 0x1e, 0x00, 0xaf, 0xc4, 0x1e, 0x00, 0xaf, 0xc4, 0x1e, 0x00, 0x9c, 0xc5, 0x1e, 0x00, /* ................ */
    0xe0, 0xc5, 0x1e, 0x00, 0xaf, 0xc4, 0x1e, 0x00, 0x01, 0xc6, 0x1e, 0x00, 0xaf, 0xc4, 0x1e, 0x00, /* ................ */
    0x22, 0xc6, 0x1e, 0x00, 0x50, 0xc6, 0x1e, 0x00, 0x5f, 0xc6, 0x1e, 0x00, 0xaf, 0xc4, 0x1e, 0x00, /* "...P..._....... */
    0xaf, 0xc4, 0x1e, 0x00, 0xaf, 0xc4, 0x1e, 0x00, 0xaf, 0xc4, 0x1e, 0x00, 0xaf, 0xc4, 0x1e, 0x00, /* ................ */
    0xaf, 0xc4, 0x1e, 0x00, 0xaf, 0xc4, 0x1e, 0x00, 0xaf, 0xc4, 0x1e, 0x00, 0xaf, 0xc4, 0x1e, 0x00, /* ................ */
    0xac, 0xc6, 0x1e, 0x00, 0xaa, 0xc7, 0x1e, 0x00, 0xaf, 0xc4, 0x1e, 0x00, 0xaf, 0xc4, 0x1e, 0x00, /* ................ */
    0xaf, 0xc4, 0x1e, 0x00, 0xaf, 0xc4, 0x1e, 0x00, 0xaf, 0xc4, 0x1e, 0x00, 0xaf, 0xc4, 0x1e, 0x00, /* ................ */
    0xaf, 0xc4, 0x1e, 0x00, 0xaf, 0xc4, 0x1e, 0x00, 0xaf, 0xc4, 0x1e, 0x00, 0xaf, 0xc4, 0x1e, 0x00, /* ................ */
    0xaf, 0xc4, 0x1e, 0x00, 0xaf, 0xc4, 0x1e, 0x00, 0xaf, 0xc4, 0x1e, 0x00, 0xaf, 0xc4, 0x1e, 0x00, /* ................ */
    0xaf, 0xc4, 0x1e, 0x00, 0xaf, 0xc4, 0x1e, 0x00, 0xaf, 0xc4, 0x1e, 0x00, 0xaf, 0xc4, 0x1e, 0x00, /* ................ */
    0xaf, 0xc4, 0x1e, 0x00, 0xaf, 0xc4, 0x1e, 0x00, 0xaf, 0xc4, 0x1e, 0x00, 0xaf, 0xc4, 0x1e, 0x00, /* ................ */
    0xaf, 0xc4, 0x1e, 0x00, 0xaf, 0xc4, 0x1e, 0x00, 0xaf, 0xc4, 0x1e, 0x00, 0xaf, 0xc4, 0x1e, 0x00, /* ................ */
    0xaf, 0xc4, 0x1e, 0x00, 0xaf, 0xc4, 0x1e, 0x00, 0xaf, 0xc4, 0x1e, 0x00, 0xaf, 0xc4, 0x1e, 0x00, /* ................ */
    0xaf, 0xc4, 0x1e, 0x00, 0xaf, 0xc4, 0x1e, 0x00, 0xaf, 0xc4, 0x1e, 0x00, 0xaf, 0xc4, 0x1e, 0x00, /* ................ */
    0xaf, 0xc4, 0x1e, 0x00, 0xaf, 0xc4, 0x1e, 0x00, 0xaf, 0xc4, 0x1e, 0x00, 0xaf, 0xc4, 0x1e, 0x00, /* ................ */
    0xaf, 0xc4, 0x1e, 0x00, 0xaf, 0xc4, 0x1e, 0x00, 0xaf, 0xc4, 0x1e, 0x00, 0xaf, 0xc4, 0x1e, 0x00, /* ................ */
    0xaf, 0xc4, 0x1e, 0x00, 0xaf, 0xc4, 0x1e, 0x00, 0xaf, 0xc4, 0x1e, 0x00, 0xaf, 0xc4, 0x1e, 0x00, /* ................ */
    0xaf, 0xc4, 0x1e, 0x00, 0xaf, 0xc4, 0x1e, 0x00, 0xaf, 0xc4, 0x1e, 0x00, 0xaf, 0xc4, 0x1e, 0x00, /* ................ */
    0xaf, 0xc4, 0x1e, 0x00, 0xaf, 0xc4, 0x1e, 0x00, 0xaf, 0xc4, 0x1e, 0x00, 0xaf, 0xc4, 0x1e, 0x00, /* ................ */
    0xaf, 0xc4, 0x1e, 0x00, 0xaf, 0xc4, 0x1e, 0x00, 0xaf, 0xc4, 0x1e, 0x00, 0xaf, 0xc4, 0x1e, 0x00, /* ................ */
    0xaf, 0xc4, 0x1e, 0x00, 0xaf, 0xc4, 0x1e, 0x00, 0xaf, 0xc4, 0x1e, 0x00, 0xaf, 0xc4, 0x1e, 0x00, /* ................ */
    0xd5, 0xc6, 0x1e, 0x00, 0xfd, 0xc6, 0x1e, 0x00, 0x41, 0xc7, 0x1e, 0x00, 0x89, 0xc7, 0x1e, 0x00, /* ........A....... */
    0x00, 0x00, 0x00, 0x00, 0x00, 0x00, 0x00, 0x00, 0x00, 0x00, 0x00, 0x00, 0x00, 0x00, 0x00, 0x00, /* ................ */
    0x00, 0x00, 0x00, 0x80, 0x00, 0x00, 0x00, 0x00, 0x00, 0x00, 0x00, 0x00, 0x00, 0x00, 0x00, 0x00, /* ................ */
    0x00, 0x00, 0x00, 0x00, 0x00, 0x00, 0x00, 0x00, 0x00, 0x00, 0x00, 0x00, 0x00, 0x00, 0x00, 0x00, /* ................ */
    0x00, 0x00, 0x00, 0x80, 0x00, 0x00, 0x00, 0x00, 0x00, 0x00, 0x00, 0x00, 0x00, 0x00, 0x00, 0x00, /* ................ */
    0x00, 0x00, 0x00, 0x80, 0x00, 0x00, 0x00, 0x00, 0x00, 0x00, 0x00, 0x00, 0x00, 0x00, 0x00, 0x00, /* ................ */
    0x00, 0x00, 0x00, 0x80, 0x00, 0x00, 0x00, 0x00, 0x00, 0x00, 0x00, 0x00, 0x00, 0x00, 0x00, 0x00, /* ................ */
    0x00, 0x00, 0x00, 0x80, 0x00, 0x00, 0x00, 0x00, 0x00, 0x00, 0x00, 0x00, 0x00, 0x00, 0x00, 0x00, /* ................ */
    0x00, 0x00, 0x00, 0x80, 0x00, 0x00, 0x00, 0x00, 0x00, 0x00, 0x00, 0x00, 0x00, 0x00, 0x00, 0x00, /* ................ */
    0x00, 0x00, 0x00, 0x80, 0x00, 0x00, 0x00, 0x00, 0x00, 0x00, 0x00, 0x00, 0x00, 0x00, 0x00, 0x00 /* ................ */
};

/* 0x003058a0 */
const unsigned char cdbk_nb_high2[320] = {
    0x0b, 0x2f, 0x10, 0xf7, 0xd2, 0xe0, 0x1a, 0xc0, 0x22, 0xfb, 0x26, 0xf9, 0x2f, 0x14, 0x02, 0xb7, /* ./......".&./... */
    0x9d, 0xfd, 0xd3, 0x14, 0x46, 0xcc, 0x0f, 0xfa, 0xf9, 0xae, 0x1f, 0x15, 0x2f, 0x33, 0x27, 0xfd, /* ....F......./3'. */
    0x09, 0x00, 0xd7, 0xf9, 0xf1, 0xca, 0x02, 0x00, 0x1b, 0xe1, 0x09, 0xd3, 0xea, 0xda, 0xe8, 0xe8, /* ................ */
    0x08, 0xdf, 0x17, 0x05, 0x32, 0xdc, 0xef, 0xee, 0xcd, 0xfe, 0x0d, 0x13, 0x2b, 0x0c, 0xf1, 0xf4, /* ....2.......+... */
    0x3d, 0x26, 0x26, 0x07, 0x0d, 0x00, 0x06, 0xff, 0x03, 0x3e, 0x09, 0x1b, 0x16, 0xdf, 0x26, 0xdd, /* =&&......>....&. */
    0xf7, 0x1e, 0xd5, 0xf7, 0xe0, 0xff, 0x04, 0xfc, 0x01, 0xfb, 0xf5, 0xf8, 0x26, 0x1f, 0x0b, 0xf6, /* ............&... */
    0xd6, 0xeb, 0xdb, 0x01, 0x2b, 0x0f, 0xf3, 0xdd, 0xed, 0xee, 0x0f, 0x17, 0xe6, 0x3b, 0x01, 0xeb, /* ....+........;.. */
    0x35, 0x08, 0xd7, 0xce, 0xf2, 0xe4, 0x04, 0x15, 0x19, 0xe4, 0xd8, 0x05, 0xd8, 0xd7, 0x04, 0x33, /* 5..............3 */
    0xdf, 0xf8, 0xf8, 0x01, 0x11, 0xc4, 0x0c, 0x19, 0xd7, 0x11, 0x22, 0x2b, 0x13, 0x2d, 0x07, 0xdb, /* .........."+.-.. */
    0x18, 0xf1, 0x38, 0xfe, 0x23, 0xf6, 0x30, 0x04, 0xd1, 0xfe, 0x05, 0xfb, 0xca, 0x05, 0xfd, 0xdf, /* ..8.#.0......... */
    0xf6, 0x1e, 0xfe, 0xd4, 0xe8, 0xda, 0x09, 0xf7, 0x2a, 0x04, 0x06, 0xc8, 0x2c, 0xf0, 0x09, 0xd8, /* ........*...,... */
    0xe6, 0x12, 0xec, 0x0a, 0x1c, 0xd7, 0xeb, 0xfc, 0x0d, 0xee, 0x20, 0xe2, 0xfd, 0x25, 0x0f, 0x16, /* .......... ..%.. */
    0x1c, 0x32, 0xd8, 0x03, 0xe3, 0xc0, 0x07, 0x33, 0xed, 0xf5, 0x11, 0xe5, 0xd8, 0xc0, 0x18, 0xf4, /* .2.....3........ */
    0xf9, 0xe5, 0x03, 0x25, 0x30, 0xff, 0x02, 0xf7, 0xda, 0xde, 0x2e, 0x01, 0x1b, 0xfa, 0x13, 0xf3, /* ...%0........... */
    0x1a, 0x0a, 0x22, 0x14, 0x19, 0x28, 0x32, 0xfa, 0xf9, 0x1e, 0x09, 0xe8, 0x00, 0xe9, 0x47, 0xc3, /* .."..(2.......G. */
    0x16, 0x3a, 0xde, 0xfc, 0x02, 0xcf, 0xdf, 0x19, 0x1e, 0xf8, 0xfa, 0xf0, 0x4d, 0x02, 0x26, 0xf8, /* .:..........M.&. */
    0xdd, 0xfa, 0xe2, 0x38, 0x4e, 0x1f, 0x21, 0xec, 0x0d, 0xd9, 0x14, 0x16, 0x04, 0x15, 0xf8, 0x04, /* ...8N.!......... */
    0xfa, 0x0a, 0xad, 0xd7, 0x09, 0xe7, 0xd5, 0x0f, 0xf9, 0xf4, 0xde, 0xd9, 0xdb, 0xdf, 0x13, 0x1e, /* ................ */
    0x10, 0xdf, 0x2a, 0xe7, 0x19, 0xbc, 0x2c, 0xf1, 0xf5, 0xfc, 0x17, 0x32, 0x0e, 0x04, 0xd9, 0xd5, /* ..*...,....2.... */
    0x14, 0xe2, 0x3c, 0x09, 0xec, 0x07, 0x10, 0x13, 0xdf, 0x25, 0x1d, 0x10, 0xdd, 0x07, 0x26, 0xe5 /* ..<......%....&. */
};

/* 0x003059e0 */
const unsigned char cdbk_nb_high1[320] = {
    0xe6, 0xf8, 0x1d, 0x15, 0x04, 0x13, 0xd9, 0x21, 0xf9, 0xdc, 0x38, 0x36, 0x30, 0x28, 0x1d, 0xfc, /* .......!..860(.. */
    0xe8, 0xd6, 0xbe, 0xd5, 0xc4, 0x13, 0xfe, 0x25, 0x29, 0xf6, 0xdb, 0xc4, 0xc0, 0x12, 0xea, 0x4d, /* .......%)......M */
    0x49, 0x28, 0x19, 0x04, 0x13, 0xed, 0xbe, 0xfe, 0x0b, 0x05, 0x15, 0x0e, 0x1a, 0xe7, 0xaa, 0xfc, /* I(.............. */
    0x12, 0x01, 0x1a, 0xdb, 0x0a, 0x25, 0xff, 0x18, 0xf4, 0xc5, 0xf5, 0x14, 0xfa, 0x22, 0xf0, 0xf0, /* .....%.......".. */
    0x2a, 0x13, 0xe4, 0xcd, 0x35, 0x20, 0x04, 0x0a, 0x3e, 0x15, 0xf4, 0xde, 0x1b, 0x04, 0xd0, 0xd0, /* *...5 ..>....... */
    0xce, 0xcf, 0x1f, 0xf9, 0xeb, 0xd6, 0xe7, 0xfc, 0xd5, 0xea, 0x3b, 0x02, 0x1b, 0x0c, 0xf7, 0xfa, /* ..........;..... */
    0xf0, 0xf8, 0xe0, 0xc6, 0xf0, 0xe3, 0xfb, 0x29, 0x17, 0xe2, 0xdf, 0xd2, 0xf3, 0xf6, 0xda, 0x34, /* .......).......4 */
    0x34, 0x01, 0xef, 0xf7, 0x0a, 0x1a, 0xe7, 0xfa, 0x21, 0xec, 0x35, 0x37, 0x19, 0xe0, 0xfb, 0xd6, /* 4.......!.57.... */
    0x17, 0x15, 0x42, 0x05, 0xe4, 0x14, 0x09, 0x4b, 0x1d, 0xf9, 0xd6, 0xd9, 0x0f, 0x03, 0xe9, 0x15, /* ..B....K........ */
    0x06, 0x0b, 0x01, 0xe3, 0x0e, 0x3f, 0x0a, 0x36, 0x1a, 0xe8, 0xcd, 0xcf, 0x07, 0xe9, 0xcd, 0x0f, /* .....?.6........ */
    0xbe, 0x01, 0x3c, 0x19, 0x0a, 0x00, 0xe2, 0xfc, 0xf1, 0x11, 0x13, 0x3b, 0x28, 0x04, 0xfb, 0x21, /* ..<........;(..! */
    0x06, 0xea, 0xc6, 0xba, 0xfb, 0x17, 0xfa, 0x3c, 0x2c, 0xe3, 0xf0, 0xd1, 0xe3, 0x34, 0xed, 0x32, /* .......<,....4.2 */
    0x1c, 0x10, 0x23, 0x1f, 0x24, 0x00, 0xeb, 0x06, 0x15, 0x1b, 0x16, 0x2a, 0x07, 0xbe, 0xd8, 0xf8, /* ..#.$......*.... */
    0x07, 0x13, 0x2e, 0x00, 0xfc, 0x3c, 0x24, 0x2d, 0xf9, 0xe3, 0xfa, 0xe0, 0xd9, 0x02, 0x06, 0xf7, /* .....<$-........ */
    0x21, 0x14, 0xcd, 0xde, 0x12, 0xfa, 0x13, 0x06, 0x0b, 0x05, 0xed, 0xe3, 0xfe, 0x2a, 0xf5, 0xd3, /* !............*.. */
    0xeb, 0xc9, 0x39, 0x25, 0x02, 0xf2, 0xbd, 0xf0, 0xe5, 0xda, 0x45, 0x30, 0x13, 0x02, 0xef, 0x14, /* ..9%......E0.... */
    0xec, 0xf0, 0xde, 0xef, 0xe7, 0xc3, 0x0a, 0x49, 0x2d, 0x10, 0xd8, 0xc0, 0xef, 0xe3, 0xea, 0x38, /* .......I-......8 */
    0x11, 0xd9, 0x08, 0xf5, 0x08, 0xe7, 0xee, 0xf3, 0xed, 0x08, 0x36, 0x39, 0x24, 0xef, 0xe6, 0xfc, /* ..........69$... */
    0x06, 0xeb, 0x28, 0x2a, 0xfc, 0x14, 0x1f, 0x35, 0x0a, 0xde, 0xcb, 0x1f, 0xef, 0x23, 0x00, 0x0f, /* ..(*...5.....#.. */
    0xfa, 0xec, 0xc1, 0xb7, 0x16, 0x19, 0x1d, 0x11, 0x08, 0xe3, 0xd9, 0xbb, 0x12, 0x0f, 0xf1, 0xfb /* ................ */
};

/* 0x00305b20 */
const unsigned char cdbk_nb_low2[320] = {
    0xfa, 0x35, 0xeb, 0xe8, 0x04, 0x1a, 0x11, 0xfc, 0xdb, 0x19, 0x11, 0xdc, 0xf3, 0x1f, 0x03, 0xfa, /* .5.............. */
    0x1b, 0x0f, 0xf6, 0x1f, 0x1c, 0x1a, 0xf6, 0xf6, 0xd8, 0x10, 0xf9, 0x0f, 0x0d, 0x29, 0xf7, 0x00, /* .............).. */
    0xfc, 0x32, 0xfa, 0xf9, 0x0e, 0x26, 0x16, 0x00, 0xd0, 0x02, 0x01, 0xf3, 0xed, 0x20, 0xfd, 0xc4, /* .2...&....... .. */
    0x0b, 0xef, 0xff, 0xe8, 0xde, 0xff, 0x23, 0xfb, 0xe5, 0x1c, 0x2c, 0x0d, 0x19, 0x0f, 0x2a, 0xf5, /* ......#...,...*. */
    0x0f, 0x33, 0x23, 0xdc, 0x14, 0x08, 0xfc, 0xf4, 0xe3, 0x13, 0xd1, 0x31, 0xf1, 0xfc, 0x10, 0xe3, /* .3#........1.... */
    0xd9, 0x0e, 0xe2, 0x04, 0x19, 0xf7, 0xfb, 0xcd, 0xf2, 0xfd, 0xd8, 0xe0, 0x26, 0x05, 0xf7, 0xf8, /* ............&... */
    0xfc, 0xff, 0xea, 0x47, 0xfd, 0x0e, 0x1a, 0xee, 0xea, 0x18, 0xd7, 0xe7, 0xe8, 0x06, 0x17, 0x13, /* ...G............ */
    0xf6, 0x27, 0xe6, 0xe5, 0x41, 0x2d, 0x02, 0xf9, 0xe6, 0xf8, 0x16, 0xf4, 0x10, 0x0f, 0x10, 0xdd, /* .'..A-.......... */
    0xfb, 0x21, 0xeb, 0xf8, 0x00, 0x17, 0x21, 0x22, 0x06, 0x15, 0x24, 0x06, 0xf9, 0xea, 0x08, 0xdb, /* .!....!"..$..... */
    0xf2, 0x1f, 0x26, 0x0b, 0xfc, 0xfd, 0xd9, 0xe0, 0xf8, 0x20, 0xe9, 0xfa, 0xf4, 0x10, 0x14, 0xe4, /* ..&...... ...... */
    0xfc, 0x17, 0x0d, 0xcc, 0xff, 0x16, 0x06, 0xdf, 0xd8, 0xfa, 0x04, 0xc2, 0x0d, 0x05, 0xe6, 0x23, /* ...............# */
    0x27, 0x0b, 0x02, 0x39, 0xf5, 0x09, 0xec, 0xe4, 0xdf, 0x34, 0xfb, 0xfa, 0xfe, 0x16, 0xf2, 0xf0, /* '..9.....4...... */
    0xd0, 0x23, 0x01, 0xc6, 0x14, 0x0d, 0x21, 0xff, 0xb6, 0x38, 0xee, 0xea, 0xe1, 0x0c, 0x06, 0xf2, /* .#....!..8...... */
    0x04, 0xfe, 0xf7, 0xd1, 0x0a, 0xfd, 0x1d, 0xef, 0xfb, 0x3d, 0x0e, 0x2f, 0xf4, 0x02, 0x48, 0xd9, /* .........=./..H. */
    0xef, 0x5c, 0x40, 0xcb, 0xcd, 0xf1, 0xe2, 0xda, 0xd7, 0xe3, 0xe4, 0x1b, 0x09, 0x24, 0x09, 0xdd, /* .\@..........$.. */
    0xd6, 0x51, 0xeb, 0x14, 0x19, 0xf0, 0xfb, 0xef, 0xdd, 0x15, 0x0f, 0xe4, 0x30, 0x02, 0xfe, 0x09, /* .Q..........0... */
    0xed, 0x1d, 0xd8, 0x1e, 0xee, 0xee, 0x12, 0xf0, 0xc7, 0x0f, 0xec, 0xf4, 0xf1, 0xdb, 0xf1, 0x21, /* ...............! */
    0xd9, 0x15, 0xea, 0xf3, 0x23, 0x0b, 0x0d, 0xda, 0xc1, 0x1d, 0x17, 0xe5, 0x20, 0x12, 0x03, 0xe6, /* ....#....... ... */
    0x2a, 0x21, 0xc0, 0xbe, 0xef, 0x10, 0x38, 0x02, 0x24, 0x03, 0x1f, 0x15, 0xd7, 0xd9, 0x08, 0xc7, /* *!....8.$....... */
    0x0e, 0x25, 0xfe, 0x13, 0xdc, 0xed, 0xe9, 0xe3, 0xf0, 0x01, 0xfd, 0xf8, 0xf6, 0x1f, 0x40, 0xbf /* .%............@. */
};

/* 0x00305c60 */
const unsigned char cdbk_nb_low1[320] = {
    0xde, 0xcc, 0xf1, 0x2d, 0x02, 0x17, 0x15, 0x34, 0x18, 0xdf, 0xf7, 0xff, 0x09, 0xd4, 0xd7, 0xf3, /* ...-...4........ */
    0xef, 0x2c, 0x16, 0xef, 0xfa, 0xfc, 0xff, 0x16, 0x26, 0x1a, 0x10, 0x02, 0x32, 0x1b, 0xdd, 0xde, /* .,......&...2... */
    0xf7, 0xd7, 0x06, 0x00, 0xf0, 0xde, 0x33, 0x08, 0xf2, 0xe1, 0xcf, 0x0f, 0xdf, 0x2d, 0x31, 0x21, /* ......3......-1! */
    0xf5, 0xdb, 0xc2, 0xca, 0x2d, 0x0b, 0xfb, 0xb8, 0x0b, 0xff, 0xf4, 0xf5, 0x18, 0x1b, 0xf5, 0xd5, /* ....-........... */
    0x2e, 0x2b, 0x21, 0xf4, 0xf7, 0xff, 0x01, 0xfc, 0xe9, 0xc7, 0xb9, 0x0b, 0x08, 0x10, 0x11, 0xf8, /* .+!............. */
    0xec, 0xe1, 0xd7, 0x35, 0x30, 0xf0, 0x03, 0x41, 0xe8, 0xf8, 0xe9, 0xe0, 0xdb, 0xe0, 0xcf, 0xf6, /* ...50..A........ */
    0xef, 0x06, 0x26, 0x05, 0xf7, 0xef, 0xd2, 0x08, 0x34, 0x03, 0x06, 0x2d, 0x28, 0x27, 0xf9, 0xfa, /* ..&.....4..-('.. */
    0xde, 0xb6, 0x1f, 0x08, 0x01, 0xf0, 0x2b, 0x44, 0xf5, 0xed, 0xe1, 0x04, 0x06, 0x00, 0xfa, 0xef, /* ......+D........ */
    0xf0, 0xda, 0xf0, 0xe2, 0x02, 0x09, 0xd9, 0xf0, 0xff, 0x2b, 0xf6, 0x30, 0x03, 0x03, 0xf0, 0xe1, /* .........+.0.... */
    0xfd, 0x3e, 0x44, 0x2b, 0x0d, 0x03, 0xf6, 0x08, 0x14, 0xc8, 0x0c, 0x0c, 0xfe, 0xee, 0x16, 0xf1, /* .>D+............ */
    0xd8, 0xdc, 0x01, 0x07, 0x29, 0x00, 0x01, 0x2e, 0xfa, 0xc2, 0xfc, 0xf4, 0xfe, 0xf5, 0xad, 0xf3, /* ....)........... */
    0xfe, 0x5b, 0x21, 0xf6, 0x00, 0x04, 0xf5, 0xf0, 0x4f, 0x20, 0x25, 0x0e, 0x09, 0x33, 0xeb, 0xe4, /* .[!.....O %..3.. */
    0xc8, 0xde, 0x00, 0x15, 0x09, 0xe6, 0x0b, 0x1c, 0xd6, 0xca, 0xe9, 0xfe, 0xf1, 0x1f, 0x1e, 0x08, /* ................ */
    0xd9, 0xbe, 0xd9, 0xdc, 0x1f, 0xe4, 0xd8, 0xd2, 0x23, 0x28, 0x16, 0x18, 0x21, 0x30, 0x17, 0xde, /* ........#(..!0.. */
    0x0e, 0x28, 0x20, 0x11, 0x1b, 0xfd, 0x19, 0x1a, 0xf3, 0xc3, 0xef, 0x0b, 0x04, 0x1f, 0x3c, 0xfa, /* .( ...........<. */
    0xe6, 0xd7, 0xc0, 0x0d, 0x10, 0xe6, 0x36, 0x1f, 0xf5, 0xe9, 0xf7, 0xf5, 0xde, 0xb9, 0xeb, 0xde, /* ......6......... */
    0xdd, 0x37, 0x32, 0x1d, 0xea, 0xe5, 0xce, 0xda, 0x39, 0x21, 0x2a, 0x39, 0x30, 0x1a, 0x0b, 0x00, /* .72.....9!*90... */
    0xcf, 0xe1, 0x1a, 0xfc, 0xf2, 0x05, 0x4e, 0x25, 0x11, 0x00, 0xcf, 0xf4, 0xe9, 0x1a, 0x0e, 0x02, /* ......N%........ */
    0x02, 0xd5, 0xef, 0xf4, 0x0a, 0xf8, 0xfc, 0x08, 0x12, 0x0c, 0xfa, 0x14, 0xf4, 0xfa, 0xf3, 0xe7, /* ................ */
    0x22, 0x0f, 0x28, 0x31, 0x07, 0x08, 0x0d, 0x14, 0x14, 0xed, 0xea, 0xfe, 0xf8, 0x02, 0x33, 0xcd /* ".(1..........3. */
};

/* 0x00305da0 */
const unsigned char cdbk_nb[640] = {
    0x1e, 0x13, 0x26, 0x22, 0x28, 0x20, 0x2e, 0x2b, 0x3a, 0x2b, 0x05, 0xee, 0xe7, 0xd8, 0xdf, 0xc9, /* ..&"( .+:+...... */
    0xcc, 0x14, 0x22, 0x1c, 0xec, 0xc1, 0x9f, 0xa4, 0x3d, 0x35, 0x2f, 0x31, 0x35, 0x4b, 0xf2, 0xcb, /* ..".....=5/15K.. */
    0xb3, 0xb1, 0x00, 0xfd, 0xfb, 0x13, 0x16, 0x1a, 0xf7, 0xcb, 0xc9, 0x42, 0x5a, 0x48, 0x55, 0x44, /* ...........BZHUD */
    0x4a, 0x34, 0xfc, 0xd7, 0xc6, 0xe1, 0xee, 0xe1, 0x1b, 0x20, 0x1e, 0x12, 0x18, 0x03, 0x08, 0x05, /* J4....... ...... */
    0xf4, 0xfd, 0x1a, 0x1c, 0x4a, 0x3f, 0xfe, 0xd9, 0xbd, 0xb3, 0x96, 0xb6, 0x3b, 0x3b, 0x49, 0x41, /* ....J?......;;IA */
    0x2c, 0x28, 0x47, 0x48, 0x52, 0x53, 0x62, 0x58, 0x59, 0x3c, 0xfa, 0xe1, 0xd1, 0xd0, 0xf3, 0xd9, /* ,(GHRSbXY<...... */
    0xf7, 0x07, 0x02, 0x4f, 0xff, 0xd9, 0xc4, 0xef, 0x57, 0x51, 0x41, 0x32, 0x2d, 0x13, 0xeb, 0xbd, /* ...O....WQA2-... */
    0xa5, 0xa9, 0xd7, 0xce, 0x07, 0x12, 0x27, 0x4a, 0x0a, 0xe1, 0xe4, 0x27, 0x18, 0x0d, 0x17, 0x05, /* ......'J...'.... */
    0x38, 0x2d, 0x1d, 0x0a, 0xfb, 0xf3, 0xf5, 0xdd, 0xee, 0xf8, 0xf6, 0xf8, 0xe7, 0xb9, 0xb3, 0xeb, /* 8-.............. */
    0x02, 0x10, 0x32, 0x3f, 0x57, 0x57, 0x05, 0xe0, 0xd8, 0xcd, 0xbc, 0x00, 0x0c, 0x06, 0x36, 0x22, /* ..2?WW........6" */
    0x05, 0xf4, 0x20, 0x34, 0x44, 0x40, 0x45, 0x3b, 0x41, 0x2d, 0x0e, 0xf0, 0xe1, 0xd8, 0xbf, 0xbd, /* .. 4D@E;A-...... */
    0x29, 0x31, 0x2f, 0x25, 0xf5, 0xcc, 0xb5, 0xac, 0xfc, 0x39, 0x30, 0x2a, 0x2a, 0x21, 0xf5, 0xcd, /* )1/%.....90**!.. */
    0xbc, 0xfa, 0x0d, 0x00, 0x08, 0xf8, 0x1a, 0x20, 0xe9, 0xcb, 0x00, 0x24, 0x38, 0x4c, 0x61, 0x69, /* ....... ...$8Lai */
    0x6f, 0x61, 0xff, 0xe4, 0xd9, 0xd8, 0xd5, 0xca, 0xd4, 0xd8, 0xee, 0x23, 0x10, 0xec, 0xed, 0xe4, /* oa.........#.... */
    0xd6, 0x1d, 0x2f, 0x26, 0x4a, 0x2d, 0x03, 0xe3, 0xd0, 0xc2, 0xb0, 0x98, 0xdf, 0x38, 0x3b, 0x3b, /* ../&J-.......8;; */
    0x0a, 0x11, 0x2e, 0x48, 0x54, 0x65, 0x75, 0x7b, 0x7b, 0x6a, 0xf9, 0xdf, 0xcf, 0xcd, 0xba, 0xbd, /* ...HTeu{{j...... */
    0xe5, 0xe1, 0x46, 0x43, 0xf0, 0xc2, 0xab, 0xec, 0x52, 0x47, 0x56, 0x50, 0x55, 0x4a, 0xed, 0xc6, /* ..FC....RGVPUJ.. */
    0xb5, 0xd3, 0xe3, 0xdf, 0xee, 0xe7, 0x2d, 0x39, 0xf4, 0xd6, 0xfb, 0x0c, 0x1c, 0x24, 0x34, 0x40, /* ......-9.....$4@ */
    0x51, 0x52, 0x0d, 0xf7, 0xe5, 0xe4, 0x16, 0x03, 0x02, 0x16, 0x1a, 0x06, 0xfa, 0xd4, 0xcd, 0x02, /* QR.............. */
    0x0f, 0x0a, 0x30, 0x2b, 0x31, 0x22, 0xed, 0xc2, 0xac, 0xa7, 0x9a, 0xe8, 0x08, 0x11, 0x3d, 0x44, /* ..0+1"........=D */
    0x27, 0x18, 0x17, 0x13, 0x10, 0xfb, 0x0c, 0x0f, 0x1b, 0x0f, 0xf8, 0xd4, 0xcf, 0xc4, 0xee, 0xe0, /* '............... */
    0xe4, 0x34, 0x36, 0x3e, 0xf8, 0xd0, 0xb3, 0xba, 0x42, 0x65, 0x53, 0x3f, 0x3d, 0x25, 0xf4, 0xce, /* .46>....BeS?=%.. */
    0xb5, 0xc0, 0x21, 0x11, 0x0d, 0x19, 0x0f, 0x4d, 0x01, 0xd6, 0xe3, 0x48, 0x40, 0x2e, 0x31, 0x1f, /* ..!....M...H@.1. */
    0x3d, 0x2c, 0xf8, 0xd1, 0xca, 0xd2, 0xe2, 0x13, 0x14, 0xff, 0xf0, 0x00, 0x10, 0xf4, 0xee, 0xf7, /* =,.............. */
    0xe6, 0xe5, 0xf6, 0xea, 0x35, 0x2d, 0xf6, 0xd1, 0xb5, 0xae, 0x97, 0x93, 0x08, 0x19, 0x31, 0x4d, /* ....5-........1M */
    0x32, 0x41, 0x72, 0x75, 0x7c, 0x76, 0x73, 0x60, 0x5a, 0x3d, 0xf7, 0xd3, 0xc1, 0xc4, 0xb5, 0xc7, /* 2Aru|vs`Z=...... */
    0x08, 0x0b, 0x14, 0x1d, 0x00, 0xdd, 0xcf, 0xd5, 0x28, 0x2f, 0x23, 0x28, 0x37, 0x26, 0xe8, 0xb4, /* ........(/#(7&.. */
    0x99, 0x90, 0xe5, 0x03, 0x17, 0x22, 0x34, 0x4b, 0x08, 0xe3, 0xd5, 0x0c, 0x3f, 0x26, 0x23, 0x1d, /* ....."4K....?&#. */
    0x18, 0x08, 0x19, 0x0b, 0x01, 0xf1, 0xee, 0xd5, 0xf9, 0x25, 0x28, 0x15, 0xec, 0xc8, 0xed, 0xed, /* .........%(..... */
    0xfc, 0xfe, 0x0b, 0x1d, 0x33, 0x3f, 0xfe, 0xd4, 0xc2, 0xb5, 0xa7, 0x1e, 0x39, 0x33, 0x4a, 0x33, /* ....3?......93J3 */
    0x32, 0x2e, 0x44, 0x40, 0x41, 0x34, 0x3f, 0x37, 0x41, 0x2b, 0x12, 0xf7, 0xe6, 0xdd, 0xc9, 0xbb, /* 2.D@A4?7A+...... */
    0x03, 0x06, 0x08, 0x11, 0xf1, 0xc3, 0xaa, 0x9f, 0x01, 0x56, 0x5d, 0x4a, 0x4e, 0x43, 0xff, 0xda, /* .........V]JNC.. */
    0xbe, 0xd0, 0x30, 0x27, 0x1d, 0x19, 0x11, 0xff, 0x0d, 0x0d, 0x1d, 0x27, 0x32, 0x33, 0x45, 0x52, /* ..0'.......'23ER */
    0x61, 0x62, 0xfe, 0xdc, 0xd2, 0xe5, 0xf0, 0xe2, 0xf3, 0xfc, 0xf9, 0xfc, 0x19, 0xfb, 0xf5, 0xfa, /* ab.............. */
    0xe7, 0xeb, 0x21, 0x0c, 0x1f, 0x1d, 0xf8, 0xda, 0xcc, 0xc1, 0xbc, 0xa7, 0xdf, 0xff, 0x0a, 0x4a, /* ..!............J */
    0xfe, 0xf1, 0x3b, 0x5b, 0x69, 0x69, 0x65, 0x57, 0x54, 0x3e, 0xf9, 0xdf, 0xce, 0xdd, 0xca, 0xd1, /* ..;[iieWT>...... */
    0x19, 0x11, 0x52, 0x51, 0xf3, 0xc8, 0xad, 0x15, 0x3a, 0x1f, 0x2a, 0x19, 0x48, 0x41, 0xe8, 0xbe, /* ..RQ....:.*.HA.. */
    0xa5, 0xc8, 0x09, 0xfe, 0x15, 0x0a, 0x45, 0x4b, 0x02, 0xe8, 0x0b, 0x16, 0x19, 0x1c, 0x26, 0x22, /* ......EK......&" */
    0x30, 0x21, 0x07, 0xe3, 0xe6, 0x11, 0x0f, 0xff, 0x0e, 0x00, 0xfe, 0x00, 0xfa, 0xd7, 0xbd, 0x06, /* 0!.............. */
    0xfe, 0xf7, 0x13, 0x02, 0x55, 0x4a, 0xea, 0xbd, 0xac, 0xb9, 0xce, 0x03, 0x0b, 0xf7, 0x02, 0x3e /* ....UJ.........> */
};

/* 0x00306020 */
const unsigned char high_lsp_cdbk2[512] = {
    0xdc, 0xc2, 0x06, 0xf7, 0xf6, 0xf2, 0xc8, 0x17, 0x01, 0xe6, 0x17, 0xd0, 0xef, 0x0c, 0x08, 0xf9, /* ................ */
    0x17, 0x1d, 0xdc, 0xe4, 0xfa, 0xe3, 0xef, 0xfb, 0x28, 0x17, 0x0a, 0x0a, 0xd2, 0xf3, 0x24, 0x06, /* ........(.....$. */
    0x04, 0xe2, 0xe3, 0x3e, 0x20, 0xe0, 0xff, 0x16, 0xf2, 0x01, 0xfc, 0xea, 0xd3, 0x02, 0x36, 0x04, /* ...> .........6. */
    0xe2, 0xc7, 0xc5, 0xf4, 0x1b, 0xfd, 0xe1, 0x08, 0xf7, 0x05, 0x0a, 0xf2, 0x20, 0x42, 0x13, 0x09, /* ............ B.. */
    0x02, 0xe7, 0xdb, 0x17, 0xf1, 0x12, 0xda, 0xe1, 0x05, 0xf7, 0xeb, 0x0f, 0x00, 0x16, 0x3e, 0x1e, /* ..............>. */
    0x0f, 0xf4, 0xf2, 0xd2, 0x4d, 0x15, 0x21, 0x03, 0x22, 0x1d, 0xed, 0x32, 0x02, 0x0b, 0x09, 0xda, /* ....M.!."..2.... */
    0xf4, 0xdb, 0x3e, 0x01, 0xf1, 0x36, 0x20, 0x06, 0x02, 0xe8, 0x14, 0x23, 0xeb, 0x02, 0x13, 0x18, /* ..>..6 ....#.... */
    0xf3, 0x37, 0x04, 0x09, 0x27, 0xed, 0x1e, 0xff, 0xeb, 0x49, 0x36, 0x21, 0x08, 0x12, 0x03, 0x0f, /* .7..'....I6!.... */
    0x06, 0xed, 0xd1, 0x06, 0xfd, 0xd0, 0xce, 0x01, 0x1a, 0x14, 0x08, 0xe9, 0xce, 0x41, 0xf2, 0xc9, /* .............A.. */
    0xef, 0xe1, 0xdb, 0xe4, 0x35, 0xff, 0xef, 0xcb, 0x01, 0x39, 0x0b, 0xf8, 0xe7, 0xe2, 0xdb, 0x40, /* ....5....9.....@ */
    0x05, 0xcc, 0xd3, 0x0f, 0x17, 0x1f, 0x0f, 0x0e, 0xe7, 0x18, 0x21, 0xfe, 0xd4, 0xc8, 0xee, 0x06, /* ..........!..... */
    0xeb, 0xd5, 0x04, 0xf4, 0x11, 0xdb, 0x14, 0xf6, 0x22, 0x0f, 0x02, 0x0f, 0x37, 0x15, 0xf5, 0xe1, /* ........"...7... */
    0xfa, 0x2e, 0x19, 0x10, 0xf7, 0xe7, 0xf8, 0xc2, 0x1c, 0x11, 0x14, 0xe0, 0xe3, 0x1a, 0x1e, 0x19, /* ................ */
    0xed, 0x02, 0xf0, 0xef, 0x1a, 0xcd, 0x02, 0x32, 0x2a, 0x13, 0xbe, 0x17, 0x1d, 0xfe, 0x03, 0x13, /* .......2*....... */
    0xed, 0xdb, 0x20, 0x0f, 0x06, 0x1e, 0xde, 0x0d, 0x0b, 0xfb, 0x28, 0x1f, 0x0a, 0xd6, 0x04, 0xf7, /* .. .......(..... */
    0x1a, 0xf7, 0xba, 0x11, 0xfe, 0xe9, 0x14, 0xea, 0xc9, 0x33, 0xe8, 0xe1, 0x16, 0xea, 0x0f, 0xf3, /* .........3...... */
    0x03, 0xf6, 0xe4, 0xf0, 0x38, 0x04, 0xc1, 0x0b, 0xee, 0xf1, 0xee, 0xda, 0xdd, 0x10, 0xf9, 0x22, /* ....8.........." */
    0xff, 0xeb, 0xcf, 0xd1, 0x09, 0xdb, 0x07, 0x08, 0x45, 0x37, 0x14, 0x06, 0xdf, 0xd3, 0xf6, 0xf7, /* ........E7...... */
    0x06, 0xf7, 0x0c, 0x47, 0x0f, 0xfd, 0xd6, 0xf9, 0xe8, 0x20, 0xdd, 0xfe, 0xd6, 0xef, 0xfb, 0x00, /* ...G..... ...... */
    0xfe, 0xdf, 0xca, 0x0d, 0xf4, 0xde, 0x2f, 0x17, 0x13, 0x37, 0x07, 0xf8, 0x4a, 0x1f, 0x0e, 0x10, /* ....../..7..J... */
    0xe9, 0xe6, 0x13, 0x0c, 0xee, 0xcf, 0xe4, 0xe1, 0xec, 0x02, 0xf2, 0xec, 0xd1, 0x4e, 0x28, 0x0d, /* .............N(. */
    0xe9, 0xf5, 0x15, 0xfa, 0x12, 0x01, 0x2f, 0x05, 0x26, 0x23, 0x20, 0x2e, 0x16, 0x08, 0x0d, 0x10, /* ....../.&# ..... */
    0xf2, 0x12, 0x33, 0x13, 0x28, 0x27, 0x0b, 0xe6, 0xff, 0xef, 0x2f, 0x02, 0xcb, 0xf1, 0x1f, 0xea, /* ..3.('..../..... */
    0x26, 0x15, 0xf1, 0xf0, 0x05, 0xdf, 0x35, 0x0f, 0xda, 0x56, 0x0b, 0xfd, 0xe8, 0x31, 0x0d, 0xfc, /* &.....5..V...1.. */
    0xf5, 0xee, 0x1c, 0x14, 0xf4, 0xe5, 0xe6, 0x23, 0xe7, 0xdd, 0xfd, 0xec, 0xc3, 0x1e, 0x0a, 0xc9, /* .......#........ */
    0xf4, 0xea, 0xcc, 0xca, 0xf2, 0x13, 0xe0, 0xf4, 0x2d, 0x0f, 0xf8, 0xd0, 0xf7, 0x0b, 0xe0, 0x08, /* ........-....... */
    0xf0, 0xde, 0xf3, 0x33, 0x12, 0x26, 0xfe, 0xe0, 0xef, 0x16, 0xfe, 0xee, 0xe4, 0xba, 0x3b, 0x1b, /* ...3.&........;. */
    0xe4, 0xed, 0xf6, 0xec, 0xf7, 0xf7, 0xf8, 0xeb, 0x15, 0xf8, 0x23, 0xfe, 0x2d, 0xfd, 0xf7, 0x0c, /* ..........#.-... */
    0x00, 0x1e, 0x07, 0xd9, 0x2b, 0x1b, 0xda, 0xa5, 0x1e, 0x1a, 0x13, 0xc9, 0xfc, 0x3f, 0x0e, 0xef, /* ....+........?.. */
    0x0d, 0x09, 0x0d, 0x02, 0x07, 0x04, 0x06, 0x3d, 0x48, 0xff, 0xef, 0x1d, 0xff, 0xea, 0xef, 0x08, /* .......=H....... */
    0xe4, 0xdb, 0x3f, 0x2c, 0x29, 0x03, 0x02, 0x0e, 0x09, 0xfa, 0x4b, 0xf8, 0xf9, 0xf4, 0xf1, 0xf4, /* ..?,).....K..... */
    0x0d, 0x09, 0xfc, 0x1e, 0xea, 0xbf, 0x0f, 0x00, 0xd3, 0x04, 0xfc, 0x01, 0x05, 0x16, 0x0b, 0x17 /* ................ */
};

/* 0x00306220 */
const unsigned char high_lsp_cdbk[512] = {
    0x27, 0x0c, 0xf2, 0xec, 0xe3, 0xc3, 0xbd, 0xb4, 0xe0, 0xb9, 0xbd, 0x44, 0x4d, 0x2e, 0x22, 0x05, /* '..........DM.". */
    0xf3, 0xd0, 0xd2, 0xb8, 0xaf, 0xac, 0xc4, 0xc6, 0xd8, 0xe4, 0x52, 0x5d, 0x44, 0x2d, 0x1d, 0x03, /* ..........R]D-.. */
    0xed, 0xd1, 0xe4, 0xd5, 0xdd, 0xe2, 0xf8, 0xf3, 0xd9, 0xa5, 0xa5, 0x85, 0xa0, 0x0a, 0x0a, 0xfa, /* ................ */
    0xee, 0xc9, 0xc4, 0xa5, 0xc8, 0xdc, 0xe5, 0xf0, 0xd0, 0xb5, 0x28, 0x1c, 0xf6, 0xe4, 0x23, 0x09, /* ..........(...#. */
    0x25, 0x13, 0x01, 0xec, 0xe1, 0xd7, 0xee, 0xe7, 0xdd, 0xbc, 0xb0, 0x2d, 0x1b, 0xff, 0x2f, 0x0d, /* %..........-../. */
    0x00, 0xe3, 0xdd, 0xc7, 0xce, 0xb1, 0xb7, 0xda, 0xed, 0x05, 0x23, 0x0e, 0xf6, 0xe9, 0x10, 0xf8, /* ..........#..... */
    0x05, 0xe8, 0xd8, 0xc2, 0xe9, 0xe5, 0xea, 0xf0, 0xee, 0xd2, 0xb8, 0xb3, 0x2b, 0x15, 0x21, 0x01, /* ............+.!. */
    0xb0, 0xba, 0xba, 0xc0, 0xc8, 0xcc, 0xd9, 0xdf, 0xe1, 0xda, 0xed, 0xed, 0xf1, 0x20, 0x21, 0xfe, /* ............. !. */
    0x07, 0xf1, 0xf1, 0xe8, 0xe9, 0xdf, 0xd7, 0xc8, 0xe8, 0xc7, 0x05, 0x59, 0x40, 0x29, 0x1b, 0x05, /* ...........Y@).. */
    0xf7, 0xd1, 0xc4, 0x9f, 0x9f, 0x84, 0xec, 0xf7, 0xd4, 0xb7, 0x1f, 0x1d, 0xfc, 0x40, 0x30, 0x07, /* .............@0. */
    0xdd, 0xc7, 0x00, 0xfd, 0xe6, 0xd1, 0xfd, 0xfa, 0xd8, 0xb4, 0xb1, 0xd0, 0x0c, 0x51, 0x37, 0x0a, /* .............Q7. */
    0x09, 0xe8, 0xd5, 0xb7, 0xc7, 0xbb, 0x10, 0x05, 0xe4, 0xcb, 0x12, 0x1d, 0x14, 0x00, 0xfc, 0xf5, /* ................ */
    0x06, 0xf3, 0x17, 0x07, 0xef, 0xdd, 0xdb, 0xdb, 0xe2, 0xbc, 0xc1, 0x06, 0x18, 0xf7, 0xf2, 0x03, /* ................ */
    0x15, 0xf3, 0xe5, 0xc7, 0xcf, 0xb0, 0xe8, 0xd7, 0xfb, 0xf0, 0xfb, 0x01, 0x2d, 0x19, 0x0c, 0xf9, /* ............-... */
    0x03, 0xf1, 0xfa, 0xf0, 0xf1, 0xf8, 0x06, 0xf3, 0xd6, 0xaf, 0xb0, 0xa9, 0x0e, 0x01, 0xf6, 0xfd, /* ................ */
    0xd5, 0xbb, 0xd2, 0xe8, 0xe4, 0xe3, 0x24, 0x06, 0xd5, 0xc8, 0xf4, 0x0c, 0x36, 0x4f, 0x2b, 0x09, /* ......$.....6O+. */
    0x36, 0x16, 0x02, 0x08, 0xf4, 0xd5, 0xd2, 0xcc, 0xda, 0xbb, 0xa7, 0xfb, 0x4b, 0x26, 0x21, 0x05, /* 6...........K&!. */
    0xf3, 0xcb, 0xc2, 0xa9, 0xa7, 0x8f, 0x9d, 0xc9, 0xde, 0xdb, 0x3e, 0x37, 0x21, 0x10, 0x15, 0xfe, /* ..........>7!... */
    0xef, 0xd2, 0xe3, 0xda, 0xda, 0xd0, 0xd9, 0xd6, 0xdc, 0xb5, 0xb8, 0xa8, 0xd0, 0xe2, 0x15, 0x02, /* ................ */
    0xf1, 0xc7, 0xc0, 0x9e, 0xac, 0xb4, 0x19, 0x01, 0xd2, 0xb0, 0xf4, 0x12, 0xf9, 0x03, 0x22, 0x06, /* ..............". */
    0x26, 0x1f, 0x17, 0x04, 0xff, 0x14, 0x0e, 0xf1, 0xd5, 0xb2, 0xa5, 0xe8, 0x0e, 0xfd, 0x36, 0x10, /* &.............6. */
    0x00, 0xe5, 0xe4, 0xd4, 0xc8, 0xad, 0xa4, 0xa7, 0xfd, 0x22, 0x38, 0x29, 0x24, 0x16, 0x14, 0xf8, /* ........."8)$... */
    0xf9, 0xdd, 0xd6, 0xc2, 0xcf, 0x03, 0x0c, 0xf6, 0xce, 0xa9, 0xa0, 0xbe, 0x5c, 0x46, 0x26, 0x09, /* ............\F&. */
    0xba, 0xb9, 0xc2, 0xd6, 0xd9, 0xd5, 0xf5, 0xf9, 0xce, 0xb1, 0xc6, 0xce, 0xe1, 0x20, 0x1f, 0xfa, /* ............. .. */
    0xfc, 0xe7, 0x07, 0xef, 0xda, 0xba, 0xc6, 0xe5, 0xd5, 0xad, 0xe4, 0x3b, 0x24, 0x14, 0x1f, 0x02, /* ...........;$... */
    0xe5, 0xb9, 0xb0, 0x93, 0x9e, 0xb5, 0xdf, 0xe0, 0xe1, 0xfe, 0x21, 0x0f, 0xfa, 0x2b, 0x21, 0xfb, /* ..........!..+!. */
    0x00, 0xea, 0xf6, 0xe5, 0xde, 0xcf, 0xf5, 0xec, 0xd7, 0xa5, 0x9c, 0x87, 0xd9, 0x39, 0x29, 0x0a, /* .............9). */
    0xed, 0xce, 0xda, 0xc5, 0xc4, 0xba, 0xee, 0xec, 0xf8, 0xe1, 0xf8, 0xf1, 0x01, 0xf2, 0xe6, 0xe7, /* ................ */
    0x21, 0x15, 0x20, 0x11, 0x01, 0xed, 0xed, 0xe6, 0xc6, 0xaf, 0xdd, 0xea, 0x2d, 0x1e, 0x0b, 0xf5, /* !. .........-... */
    0x03, 0xe6, 0xd0, 0xa9, 0xbd, 0xad, 0xc6, 0x03, 0xff, 0xe6, 0xec, 0x2c, 0x0a, 0x19, 0x27, 0x05, /* ...........,..'. */
    0xf7, 0xdd, 0xe5, 0xda, 0x07, 0x0a, 0x04, 0xf7, 0xd6, 0xab, 0x9a, 0x81, 0x34, 0x2c, 0x1c, 0x0a, /* ............4,.. */
    0xd1, 0xc3, 0xd8, 0xd9, 0xef, 0xff, 0xf6, 0xdf, 0xd6, 0xb6, 0xd0, 0x15, 0xfc, 0x46, 0x34, 0x0a /* .............F4. */
};

/* 0x00306420 */
const unsigned char exc_gain_quant_scal1[32] = {
    0x90, 0x66, 0x34, 0x3f, 0x04, 0x90, 0x86, 0x3f, 0x00, 0x00, 0x00, 0x00, 0x00, 0x00, 0x00, 0x00, /* .f4?...?........ */
    0x00, 0x00, 0x00, 0x00, 0x00, 0x00, 0x00, 0x00, 0x00, 0x00, 0x00, 0x00, 0x00, 0x00, 0x00, 0x00 /* ................ */
};

/* 0x00306440 */
const unsigned char exc_gain_quant_scal3[32] = {
    0x73, 0x63, 0x7a, 0x3d, 0x9a, 0x78, 0x27, 0x3e, 0x74, 0xee, 0x9e, 0x3e, 0xa7, 0x3f, 0xdb, 0x3e, /* scz=.x'>t..>.?.> */
    0x9c, 0x4e, 0x0e, 0x3f, 0xfd, 0x13, 0x38, 0x3f, 0x40, 0x4e, 0x70, 0x3f, 0x02, 0xd7, 0xa9, 0x3f /* .N.?..8?@Np?...? */
};

/* 0x00306460 */
const unsigned char exc_gain_quant_scal1_bound[4] = { 0x4c, 0xc3, 0x60, 0x3f };

/* 0x00306464 */
const unsigned char exc_gain_quant_scal3_bound[860] = {
    0x77, 0x11, 0xe6, 0x3d, 0xe3, 0xaa, 0x72, 0x3e, 0xfd, 0x16, 0xbd, 0x3e, 0x80, 0xee, 0xfb, 0x3e, /* w..=..r>...>...> */
    0x4d, 0x31, 0x23, 0x3f, 0x16, 0x31, 0x54, 0x3f, 0x11, 0xff, 0x90, 0x3f, 0xff, 0xff, 0xff, 0x7f, /* M1#?.1T?...?.... */
    0x00, 0x00, 0x00, 0x00, 0x00, 0x00, 0x00, 0x00, 0x00, 0x00, 0x00, 0x00, 0xb2, 0x3f, 0x1f, 0x00, /* .............?.. */
    0xc3, 0x3f, 0x1f, 0x00, 0x90, 0x3f, 0x1f, 0x00, 0xf8, 0x3f, 0x1f, 0x00, 0x3d, 0x40, 0x1f, 0x00, /* .?...?...?..=@.. */
    0xf8, 0x3f, 0x1f, 0x00, 0x3d, 0x40, 0x1f, 0x00, 0x90, 0x3f, 0x1f, 0x00, 0x90, 0x3f, 0x1f, 0x00, /* .?..=@...?...?.. */
    0x12, 0x40, 0x1f, 0x00, 0x26, 0x40, 0x1f, 0x00, 0x54, 0x40, 0x1f, 0x00, 0x6b, 0x40, 0x1f, 0x00, /* .@..&@..T@..k@.. */
    0x82, 0x40, 0x1f, 0x00, 0xa1, 0x40, 0x1f, 0x00, 0xb8, 0x40, 0x1f, 0x00, 0x06, 0x41, 0x1f, 0x00, /* .@...@...@...A.. */
    0x90, 0x3f, 0x1f, 0x00, 0x90, 0x3f, 0x1f, 0x00, 0x90, 0x3f, 0x1f, 0x00, 0x90, 0x3f, 0x1f, 0x00, /* .?...?...?...?.. */
    0x3c, 0x41, 0x1f, 0x00, 0x53, 0x41, 0x1f, 0x00, 0x6a, 0x41, 0x1f, 0x00, 0x90, 0x3f, 0x1f, 0x00, /* <A..SA..jA...?.. */
    0x90, 0x3f, 0x1f, 0x00, 0x73, 0x42, 0x1f, 0x00, 0x76, 0x44, 0x1f, 0x00, 0x8d, 0x44, 0x1f, 0x00, /* .?..sB..vD...D.. */
    0x9a, 0x43, 0x1f, 0x00, 0x5f, 0x44, 0x1f, 0x00, 0xa4, 0x44, 0x1f, 0x00, 0xbb, 0x44, 0x1f, 0x00, /* .C.._D...D...D.. */
    0x8a, 0x42, 0x1f, 0x00, 0xa1, 0x42, 0x1f, 0x00, 0x90, 0x3f, 0x1f, 0x00, 0xb8, 0x42, 0x1f, 0x00, /* .B...B...?...B.. */
    0xcf, 0x42, 0x1f, 0x00, 0xf9, 0x42, 0x1f, 0x00, 0x90, 0x3f, 0x1f, 0x00, 0x90, 0x3f, 0x1f, 0x00, /* .B...B...?...?.. */
    0x90, 0x3f, 0x1f, 0x00, 0x90, 0x3f, 0x1f, 0x00, 0x90, 0x3f, 0x1f, 0x00, 0x90, 0x3f, 0x1f, 0x00, /* .?...?...?...?.. */
    0x90, 0x3f, 0x1f, 0x00, 0x90, 0x3f, 0x1f, 0x00, 0x90, 0x3f, 0x1f, 0x00, 0x90, 0x3f, 0x1f, 0x00, /* .?...?...?...?.. */
    0x90, 0x3f, 0x1f, 0x00, 0x90, 0x3f, 0x1f, 0x00, 0x90, 0x3f, 0x1f, 0x00, 0x90, 0x3f, 0x1f, 0x00, /* .?...?...?...?.. */
    0x90, 0x3f, 0x1f, 0x00, 0x90, 0x3f, 0x1f, 0x00, 0x90, 0x3f, 0x1f, 0x00, 0x90, 0x3f, 0x1f, 0x00, /* .?...?...?...?.. */
    0x90, 0x3f, 0x1f, 0x00, 0x90, 0x3f, 0x1f, 0x00, 0x90, 0x3f, 0x1f, 0x00, 0x90, 0x3f, 0x1f, 0x00, /* .?...?...?...?.. */
    0x90, 0x3f, 0x1f, 0x00, 0x90, 0x3f, 0x1f, 0x00, 0x90, 0x3f, 0x1f, 0x00, 0x90, 0x3f, 0x1f, 0x00, /* .?...?...?...?.. */
    0x90, 0x3f, 0x1f, 0x00, 0x90, 0x3f, 0x1f, 0x00, 0x90, 0x3f, 0x1f, 0x00, 0x90, 0x3f, 0x1f, 0x00, /* .?...?...?...?.. */
    0x90, 0x3f, 0x1f, 0x00, 0x90, 0x3f, 0x1f, 0x00, 0x90, 0x3f, 0x1f, 0x00, 0x90, 0x3f, 0x1f, 0x00, /* .?...?...?...?.. */
    0x90, 0x3f, 0x1f, 0x00, 0x90, 0x3f, 0x1f, 0x00, 0x90, 0x3f, 0x1f, 0x00, 0x90, 0x3f, 0x1f, 0x00, /* .?...?...?...?.. */
    0x90, 0x3f, 0x1f, 0x00, 0x90, 0x3f, 0x1f, 0x00, 0x90, 0x3f, 0x1f, 0x00, 0x90, 0x3f, 0x1f, 0x00, /* .?...?...?...?.. */
    0x90, 0x3f, 0x1f, 0x00, 0x90, 0x3f, 0x1f, 0x00, 0x90, 0x3f, 0x1f, 0x00, 0x90, 0x3f, 0x1f, 0x00, /* .?...?...?...?.. */
    0x90, 0x3f, 0x1f, 0x00, 0x90, 0x3f, 0x1f, 0x00, 0x90, 0x3f, 0x1f, 0x00, 0x90, 0x3f, 0x1f, 0x00, /* .?...?...?...?.. */
    0x90, 0x3f, 0x1f, 0x00, 0x90, 0x3f, 0x1f, 0x00, 0x90, 0x3f, 0x1f, 0x00, 0x90, 0x3f, 0x1f, 0x00, /* .?...?...?...?.. */
    0x90, 0x3f, 0x1f, 0x00, 0x90, 0x3f, 0x1f, 0x00, 0x90, 0x3f, 0x1f, 0x00, 0x90, 0x3f, 0x1f, 0x00, /* .?...?...?...?.. */
    0x10, 0x43, 0x1f, 0x00, 0x40, 0x43, 0x1f, 0x00, 0x6d, 0x43, 0x1f, 0x00, 0x44, 0x45, 0x1f, 0x00, /* .C..@C..mC..DE.. */
    0x53, 0x45, 0x1f, 0x00, 0x28, 0x45, 0x1f, 0x00, 0x62, 0x45, 0x1f, 0x00, 0x28, 0x45, 0x1f, 0x00, /* SE..(E..bE..(E.. */
    0x28, 0x45, 0x1f, 0x00, 0x6e, 0x45, 0x1f, 0x00, 0x7a, 0x45, 0x1f, 0x00, 0x6e, 0x45, 0x1f, 0x00, /* (E..nE..zE..nE.. */
    0x7a, 0x45, 0x1f, 0x00, 0x28, 0x45, 0x1f, 0x00, 0x28, 0x45, 0x1f, 0x00, 0x28, 0x45, 0x1f, 0x00, /* zE..(E..(E..(E.. */
    0x28, 0x45, 0x1f, 0x00, 0x28, 0x45, 0x1f, 0x00, 0x28, 0x45, 0x1f, 0x00, 0x28, 0x45, 0x1f, 0x00, /* (E..(E..(E..(E.. */
    0x28, 0x45, 0x1f, 0x00, 0x28, 0x45, 0x1f, 0x00, 0x86, 0x45, 0x1f, 0x00, 0xab, 0x45, 0x1f, 0x00, /* (E..(E...E...E.. */
    0x28, 0x45, 0x1f, 0x00, 0xd5, 0x45, 0x1f, 0x00, 0x28, 0x45, 0x1f, 0x00, 0xf9, 0x45, 0x1f, 0x00, /* (E...E..(E...E.. */
    0x08, 0x46, 0x1f, 0x00, 0x17, 0x46, 0x1f, 0x00, 0x28, 0x45, 0x1f, 0x00, 0x28, 0x45, 0x1f, 0x00, /* .F...F..(E..(E.. */
    0x28, 0x45, 0x1f, 0x00, 0x28, 0x45, 0x1f, 0x00, 0x28, 0x45, 0x1f, 0x00, 0x28, 0x45, 0x1f, 0x00, /* (E..(E..(E..(E.. */
    0x28, 0x45, 0x1f, 0x00, 0x28, 0x45, 0x1f, 0x00, 0x28, 0x45, 0x1f, 0x00, 0x85, 0x46, 0x1f, 0x00, /* (E..(E..(E...F.. */
    0x94, 0x46, 0x1f, 0x00, 0x28, 0x45, 0x1f, 0x00, 0x28, 0x45, 0x1f, 0x00, 0x28, 0x45, 0x1f, 0x00, /* .F..(E..(E..(E.. */
    0x28, 0x45, 0x1f, 0x00, 0x28, 0x45, 0x1f, 0x00, 0x28, 0x45, 0x1f, 0x00, 0x28, 0x45, 0x1f, 0x00, /* (E..(E..(E..(E.. */
    0x28, 0x45, 0x1f, 0x00, 0x28, 0x45, 0x1f, 0x00, 0x28, 0x45, 0x1f, 0x00, 0x28, 0x45, 0x1f, 0x00, /* (E..(E..(E..(E.. */
    0x28, 0x45, 0x1f, 0x00, 0x28, 0x45, 0x1f, 0x00, 0x28, 0x45, 0x1f, 0x00, 0x28, 0x45, 0x1f, 0x00, /* (E..(E..(E..(E.. */
    0x28, 0x45, 0x1f, 0x00, 0x28, 0x45, 0x1f, 0x00, 0x28, 0x45, 0x1f, 0x00, 0x28, 0x45, 0x1f, 0x00, /* (E..(E..(E..(E.. */
    0x28, 0x45, 0x1f, 0x00, 0x28, 0x45, 0x1f, 0x00, 0x28, 0x45, 0x1f, 0x00, 0x28, 0x45, 0x1f, 0x00, /* (E..(E..(E..(E.. */
    0x28, 0x45, 0x1f, 0x00, 0x28, 0x45, 0x1f, 0x00, 0x28, 0x45, 0x1f, 0x00, 0x28, 0x45, 0x1f, 0x00, /* (E..(E..(E..(E.. */
    0x28, 0x45, 0x1f, 0x00, 0x28, 0x45, 0x1f, 0x00, 0x28, 0x45, 0x1f, 0x00, 0x28, 0x45, 0x1f, 0x00, /* (E..(E..(E..(E.. */
    0x28, 0x45, 0x1f, 0x00, 0x28, 0x45, 0x1f, 0x00, 0x28, 0x45, 0x1f, 0x00, 0x28, 0x45, 0x1f, 0x00, /* (E..(E..(E..(E.. */
    0x28, 0x45, 0x1f, 0x00, 0x28, 0x45, 0x1f, 0x00, 0x28, 0x45, 0x1f, 0x00, 0x28, 0x45, 0x1f, 0x00, /* (E..(E..(E..(E.. */
    0x28, 0x45, 0x1f, 0x00, 0x28, 0x45, 0x1f, 0x00, 0x28, 0x45, 0x1f, 0x00, 0x28, 0x45, 0x1f, 0x00, /* (E..(E..(E..(E.. */
    0x28, 0x45, 0x1f, 0x00, 0x28, 0x45, 0x1f, 0x00, 0x28, 0x45, 0x1f, 0x00, 0x28, 0x45, 0x1f, 0x00, /* (E..(E..(E..(E.. */
    0x28, 0x45, 0x1f, 0x00, 0x28, 0x45, 0x1f, 0x00, 0x28, 0x45, 0x1f, 0x00, 0x28, 0x45, 0x1f, 0x00, /* (E..(E..(E..(E.. */
    0x28, 0x45, 0x1f, 0x00, 0x28, 0x45, 0x1f, 0x00, 0x28, 0x45, 0x1f, 0x00, 0x28, 0x45, 0x1f, 0x00, /* (E..(E..(E..(E.. */
    0x28, 0x45, 0x1f, 0x00, 0x28, 0x45, 0x1f, 0x00, 0x28, 0x45, 0x1f, 0x00, 0x28, 0x45, 0x1f, 0x00, /* (E..(E..(E..(E.. */
    0x28, 0x45, 0x1f, 0x00, 0x28, 0x45, 0x1f, 0x00, 0x28, 0x45, 0x1f, 0x00, 0xa3, 0x46, 0x1f, 0x00, /* (E..(E..(E...F.. */
    0xcb, 0x46, 0x1f, 0x00, 0xf3, 0x46, 0x1f, 0x00, 0x1e, 0x47, 0x1f, 0x00 /* .F...F...G.. */
};

/* 0x003067c0 */
const unsigned char vbr_uhb_thresh[96] = {
    0x00, 0x00, 0x80, 0xbf, 0x00, 0x00, 0x80, 0xbf, 0x00, 0x00, 0x80, 0xbf, 0x00, 0x00, 0x80, 0xbf, /* ................ */
    0x00, 0x00, 0x80, 0xbf, 0x00, 0x00, 0x80, 0xbf, 0x00, 0x00, 0x80, 0xbf, 0x00, 0x00, 0x80, 0xbf, /* ................ */
    0x00, 0x00, 0x80, 0xbf, 0x00, 0x00, 0x80, 0xbf, 0x00, 0x00, 0x80, 0xbf, 0x9a, 0x99, 0x79, 0x40, /* ..............y@ */
    0x00, 0x00, 0x20, 0x40, 0x00, 0x00, 0x00, 0x00, 0x00, 0x00, 0x00, 0x00, 0x00, 0x00, 0x00, 0x00, /* .. @............ */
    0x00, 0x00, 0x00, 0x00, 0x00, 0x00, 0x00, 0x00, 0x00, 0x00, 0x00, 0x00, 0x00, 0x00, 0x00, 0x00, /* ................ */
    0x00, 0x00, 0x00, 0x00, 0x00, 0x00, 0x80, 0xbf, 0x00, 0x00, 0x00, 0x00, 0x00, 0x00, 0x00, 0x00 /* ................ */
};

/* 0x00306820 */
const unsigned char vbr_hb_thresh[224] = {
    0x00, 0x00, 0x80, 0xbf, 0x00, 0x00, 0x80, 0xbf, 0x00, 0x00, 0x80, 0xbf, 0x00, 0x00, 0x80, 0xbf, /* ................ */
    0x00, 0x00, 0x80, 0xbf, 0x00, 0x00, 0x80, 0xbf, 0x00, 0x00, 0x80, 0xbf, 0x00, 0x00, 0x80, 0xbf, /* ................ */
    0x00, 0x00, 0x80, 0xbf, 0x00, 0x00, 0x80, 0xbf, 0x00, 0x00, 0x80, 0xbf, 0x00, 0x00, 0x80, 0xbf, /* ................ */
    0x00, 0x00, 0x80, 0xbf, 0x00, 0x00, 0x80, 0xbf, 0x00, 0x00, 0x80, 0xbf, 0x00, 0x00, 0x80, 0xbf, /* ................ */
    0x00, 0x00, 0x80, 0xbf, 0x00, 0x00, 0x80, 0xbf, 0x00, 0x00, 0x80, 0xbf, 0x00, 0x00, 0x80, 0xbf, /* ................ */
    0x00, 0x00, 0x80, 0xbf, 0x00, 0x00, 0x80, 0xbf, 0x00, 0x00, 0x30, 0x41, 0x00, 0x00, 0x30, 0x41, /* ..........0A..0A */
    0x00, 0x00, 0x18, 0x41, 0x00, 0x00, 0x08, 0x41, 0x00, 0x00, 0xf0, 0x40, 0x00, 0x00, 0xc0, 0x40, /* ...A...A...@...@ */
    0x00, 0x00, 0xa0, 0x40, 0x9a, 0x99, 0x79, 0x40, 0x00, 0x00, 0x40, 0x40, 0x00, 0x00, 0x00, 0x40, /* ...@..y@..@@...@ */
    0x00, 0x00, 0x80, 0x3f, 0x00, 0x00, 0x30, 0x41, 0x00, 0x00, 0x30, 0x41, 0x00, 0x00, 0x30, 0x41, /* ...?..0A..0A..0A */
    0x00, 0x00, 0x30, 0x41, 0x00, 0x00, 0x30, 0x41, 0x00, 0x00, 0x18, 0x41, 0x33, 0x33, 0x0b, 0x41, /* ..0A..0A...A33.A */
    0x9a, 0x99, 0xf9, 0x40, 0x00, 0x00, 0xe0, 0x40, 0x00, 0x00, 0xd0, 0x40, 0x00, 0x00, 0x80, 0x40, /* ...@...@...@...@ */
    0x00, 0x00, 0x30, 0x41, 0x00, 0x00, 0x30, 0x41, 0x00, 0x00, 0x30, 0x41, 0x00, 0x00, 0x30, 0x41, /* ..0A..0A..0A..0A */
    0x00, 0x00, 0x30, 0x41, 0x00, 0x00, 0x30, 0x41, 0x00, 0x00, 0x30, 0x41, 0x00, 0x00, 0x30, 0x41, /* ..0A..0A..0A..0A */
    0xcd, 0xcc, 0x1c, 0x41, 0x00, 0x00, 0xf0, 0x40, 0x00, 0x00, 0xb0, 0x40, 0x00, 0x00, 0x00, 0x00 /* ...A...@...@.... */
};

/* 0x00306900 */
const unsigned char vbr_nb_thresh[512] = {
    0x00, 0x00, 0x80, 0xbf, 0x00, 0x00, 0x80, 0xbf, 0x00, 0x00, 0x80, 0xbf, 0x00, 0x00, 0x80, 0xbf, /* ................ */
    0x00, 0x00, 0x80, 0xbf, 0x00, 0x00, 0x80, 0xbf, 0x00, 0x00, 0x80, 0xbf, 0x00, 0x00, 0x80, 0xbf, /* ................ */
    0x00, 0x00, 0x80, 0xbf, 0x00, 0x00, 0x80, 0xbf, 0x00, 0x00, 0x80, 0xbf, 0x00, 0x00, 0x60, 0x40, /* ..............`@ */
    0x00, 0x00, 0x20, 0x40, 0x00, 0x00, 0x00, 0x40, 0x9a, 0x99, 0x99, 0x3f, 0x00, 0x00, 0x00, 0x3f, /* .. @...@...?...? */
    0x00, 0x00, 0x00, 0x00, 0x00, 0x00, 0x00, 0xbf, 0x33, 0x33, 0x33, 0xbf, 0xcd, 0xcc, 0x4c, 0xbf, /* ........333...L. */
    0x66, 0x66, 0x66, 0xbf, 0x00, 0x00, 0x80, 0xbf, 0x00, 0x00, 0x20, 0x41, 0x00, 0x00, 0xd0, 0x40, /* fff....... A...@ */
    0x66, 0x66, 0xa6, 0x40, 0x00, 0x00, 0x90, 0x40, 0x9a, 0x99, 0x79, 0x40, 0x00, 0x00, 0x60, 0x40, /* ff.@...@..y@..`@ */
    0x00, 0x00, 0x40, 0x40, 0x00, 0x00, 0x20, 0x40, 0x33, 0x33, 0x13, 0x40, 0x66, 0x66, 0xe6, 0x3f, /* ..@@.. @33.@ff.? */
    0x00, 0x00, 0x80, 0x3f, 0x00, 0x00, 0x30, 0x41, 0xcd, 0xcc, 0x0c, 0x41, 0x00, 0x00, 0xf0, 0x40, /* ...?..0A...A...@ */
    0x00, 0x00, 0xd0, 0x40, 0x00, 0x00, 0xa0, 0x40, 0x9a, 0x99, 0x79, 0x40, 0x9a, 0x99, 0x79, 0x40, /* ...@...@..y@..y@ */
    0x9a, 0x99, 0x79, 0x40, 0x00, 0x00, 0x60, 0x40, 0x00, 0x00, 0x40, 0x40, 0x00, 0x00, 0x80, 0x3f, /* ..y@..`@..@@...? */
    0x00, 0x00, 0x30, 0x41, 0x00, 0x00, 0x30, 0x41, 0x66, 0x66, 0x1e, 0x41, 0x00, 0x00, 0x10, 0x41, /* ..0A..0Aff.A...A */
    0x00, 0x00, 0x00, 0x41, 0x00, 0x00, 0xe0, 0x40, 0x00, 0x00, 0xd0, 0x40, 0x00, 0x00, 0xc0, 0x40, /* ...A...@...@...@ */
    0x00, 0x00, 0xa0, 0x40, 0x00, 0x00, 0x80, 0x40, 0x00, 0x00, 0x00, 0x40, 0x00, 0x00, 0x30, 0x41, /* ...@...@...@..0A */
    0x00, 0x00, 0x30, 0x41, 0x00, 0x00, 0x30, 0x41, 0x00, 0x00, 0x30, 0x41, 0x00, 0x00, 0x18, 0x41, /* ..0A..0A..0A...A */
    0x00, 0x00, 0x10, 0x41, 0x00, 0x00, 0x00, 0x41, 0x00, 0x00, 0xe0, 0x40, 0x00, 0x00, 0xd0, 0x40, /* ...A...A...@...@ */
    0x00, 0x00, 0xa0, 0x40, 0x00, 0x00, 0x40, 0x40, 0x00, 0x00, 0x30, 0x41, 0x00, 0x00, 0x30, 0x41, /* ...@..@@..0A..0A */
    0x00, 0x00, 0x30, 0x41, 0x00, 0x00, 0x30, 0x41, 0x00, 0x00, 0x30, 0x41, 0x00, 0x00, 0x30, 0x41, /* ..0A..0A..0A..0A */
    0x00, 0x00, 0x18, 0x41, 0x00, 0x00, 0x08, 0x41, 0x00, 0x00, 0x00, 0x41, 0x00, 0x00, 0xd0, 0x40, /* ...A...A...A...@ */
    0x00, 0x00, 0x80, 0x40, 0x00, 0x00, 0x30, 0x41, 0x00, 0x00, 0x30, 0x41, 0x00, 0x00, 0x30, 0x41, /* ...@..0A..0A..0A */
    0x00, 0x00, 0x30, 0x41, 0x00, 0x00, 0x30, 0x41, 0x00, 0x00, 0x30, 0x41, 0x00, 0x00, 0x30, 0x41, /* ..0A..0A..0A..0A */
    0x00, 0x00, 0x30, 0x41, 0xcd, 0xcc, 0x1c, 0x41, 0x00, 0x00, 0xf0, 0x40, 0x00, 0x00, 0xb0, 0x40, /* ..0A...A...@...@ */
    0x00, 0x00, 0x00, 0x41, 0x00, 0x00, 0xa0, 0x40, 0xcd, 0xcc, 0x6c, 0x40, 0x00, 0x00, 0x40, 0x40, /* ...A...@..l@..@@ */
    0x00, 0x00, 0x20, 0x40, 0x00, 0x00, 0x00, 0x40, 0x66, 0x66, 0xe6, 0x3f, 0x00, 0x00, 0xc0, 0x3f, /* .. @...@ff.?...? */
    0x00, 0x00, 0x80, 0x3f, 0x00, 0x00, 0x00, 0x00, 0x00, 0x00, 0x00, 0x00, 0x00, 0x00, 0x00, 0x00, /* ...?............ */
    0xff, 0xff, 0xff, 0xff, 0xff, 0xff, 0xff, 0x7f, 0x00, 0x00, 0x00, 0x00, 0x00, 0x00, 0x00, 0x00, /* ................ */
    0x00, 0x00, 0x00, 0x80, 0x00, 0x00, 0x00, 0x00, 0x00, 0x00, 0x00, 0x00, 0x00, 0x00, 0x00, 0x00, /* ................ */
    0x00, 0x00, 0x00, 0x00, 0x00, 0x00, 0x00, 0x00, 0x00, 0x00, 0x00, 0x00, 0x00, 0x00, 0x00, 0x00, /* ................ */
    0x00, 0x00, 0x00, 0x80, 0x00, 0x00, 0x00, 0x00, 0x00, 0x00, 0x00, 0x00, 0x00, 0x00, 0x00, 0x00, /* ................ */
    0xff, 0xff, 0xff, 0x7f, 0x00, 0x00, 0x00, 0x00, 0x00, 0x00, 0x00, 0x00, 0x00, 0x00, 0x00, 0x00, /* ................ */
    0x00, 0x00, 0x00, 0x80, 0x00, 0x00, 0x00, 0x00, 0x00, 0x00, 0x00, 0x00, 0x00, 0x00, 0x00, 0x00, /* ................ */
    0x00, 0x00, 0x00, 0x00, 0x00, 0x00, 0x00, 0x00, 0x00, 0x00, 0x00, 0x00, 0x00, 0x00, 0x00, 0x00 /* ................ */
};

/* 0x00306b00 */
const unsigned char std_chrominance_quant_tbl_3645[256] __asm__("std_chrominance_quant_tbl.3645") = {
    0x11, 0x00, 0x00, 0x00, 0x12, 0x00, 0x00, 0x00, 0x18, 0x00, 0x00, 0x00, 0x2f, 0x00, 0x00, 0x00, /* ............/... */
    0x63, 0x00, 0x00, 0x00, 0x63, 0x00, 0x00, 0x00, 0x63, 0x00, 0x00, 0x00, 0x63, 0x00, 0x00, 0x00, /* c...c...c...c... */
    0x12, 0x00, 0x00, 0x00, 0x15, 0x00, 0x00, 0x00, 0x1a, 0x00, 0x00, 0x00, 0x42, 0x00, 0x00, 0x00, /* ............B... */
    0x63, 0x00, 0x00, 0x00, 0x63, 0x00, 0x00, 0x00, 0x63, 0x00, 0x00, 0x00, 0x63, 0x00, 0x00, 0x00, /* c...c...c...c... */
    0x18, 0x00, 0x00, 0x00, 0x1a, 0x00, 0x00, 0x00, 0x38, 0x00, 0x00, 0x00, 0x63, 0x00, 0x00, 0x00, /* ........8...c... */
    0x63, 0x00, 0x00, 0x00, 0x63, 0x00, 0x00, 0x00, 0x63, 0x00, 0x00, 0x00, 0x63, 0x00, 0x00, 0x00, /* c...c...c...c... */
    0x2f, 0x00, 0x00, 0x00, 0x42, 0x00, 0x00, 0x00, 0x63, 0x00, 0x00, 0x00, 0x63, 0x00, 0x00, 0x00, /* /...B...c...c... */
    0x63, 0x00, 0x00, 0x00, 0x63, 0x00, 0x00, 0x00, 0x63, 0x00, 0x00, 0x00, 0x63, 0x00, 0x00, 0x00, /* c...c...c...c... */
    0x63, 0x00, 0x00, 0x00, 0x63, 0x00, 0x00, 0x00, 0x63, 0x00, 0x00, 0x00, 0x63, 0x00, 0x00, 0x00, /* c...c...c...c... */
    0x63, 0x00, 0x00, 0x00, 0x63, 0x00, 0x00, 0x00, 0x63, 0x00, 0x00, 0x00, 0x63, 0x00, 0x00, 0x00, /* c...c...c...c... */
    0x63, 0x00, 0x00, 0x00, 0x63, 0x00, 0x00, 0x00, 0x63, 0x00, 0x00, 0x00, 0x63, 0x00, 0x00, 0x00, /* c...c...c...c... */
    0x63, 0x00, 0x00, 0x00, 0x63, 0x00, 0x00, 0x00, 0x63, 0x00, 0x00, 0x00, 0x63, 0x00, 0x00, 0x00, /* c...c...c...c... */
    0x63, 0x00, 0x00, 0x00, 0x63, 0x00, 0x00, 0x00, 0x63, 0x00, 0x00, 0x00, 0x63, 0x00, 0x00, 0x00, /* c...c...c...c... */
    0x63, 0x00, 0x00, 0x00, 0x63, 0x00, 0x00, 0x00, 0x63, 0x00, 0x00, 0x00, 0x63, 0x00, 0x00, 0x00, /* c...c...c...c... */
    0x63, 0x00, 0x00, 0x00, 0x63, 0x00, 0x00, 0x00, 0x63, 0x00, 0x00, 0x00, 0x63, 0x00, 0x00, 0x00, /* c...c...c...c... */
    0x63, 0x00, 0x00, 0x00, 0x63, 0x00, 0x00, 0x00, 0x63, 0x00, 0x00, 0x00, 0x63, 0x00, 0x00, 0x00 /* c...c...c...c... */
};

/* 0x00306c00 */
const unsigned char std_luminance_quant_tbl_3644[256] __asm__("std_luminance_quant_tbl.3644") = {
    0x10, 0x00, 0x00, 0x00, 0x0b, 0x00, 0x00, 0x00, 0x0a, 0x00, 0x00, 0x00, 0x10, 0x00, 0x00, 0x00, /* ................ */
    0x18, 0x00, 0x00, 0x00, 0x28, 0x00, 0x00, 0x00, 0x33, 0x00, 0x00, 0x00, 0x3d, 0x00, 0x00, 0x00, /* ....(...3...=... */
    0x0c, 0x00, 0x00, 0x00, 0x0c, 0x00, 0x00, 0x00, 0x0e, 0x00, 0x00, 0x00, 0x13, 0x00, 0x00, 0x00, /* ................ */
    0x1a, 0x00, 0x00, 0x00, 0x3a, 0x00, 0x00, 0x00, 0x3c, 0x00, 0x00, 0x00, 0x37, 0x00, 0x00, 0x00, /* ....:...<...7... */
    0x0e, 0x00, 0x00, 0x00, 0x0d, 0x00, 0x00, 0x00, 0x10, 0x00, 0x00, 0x00, 0x18, 0x00, 0x00, 0x00, /* ................ */
    0x28, 0x00, 0x00, 0x00, 0x39, 0x00, 0x00, 0x00, 0x45, 0x00, 0x00, 0x00, 0x38, 0x00, 0x00, 0x00, /* (...9...E...8... */
    0x0e, 0x00, 0x00, 0x00, 0x11, 0x00, 0x00, 0x00, 0x16, 0x00, 0x00, 0x00, 0x1d, 0x00, 0x00, 0x00, /* ................ */
    0x33, 0x00, 0x00, 0x00, 0x57, 0x00, 0x00, 0x00, 0x50, 0x00, 0x00, 0x00, 0x3e, 0x00, 0x00, 0x00, /* 3...W...P...>... */
    0x12, 0x00, 0x00, 0x00, 0x16, 0x00, 0x00, 0x00, 0x25, 0x00, 0x00, 0x00, 0x38, 0x00, 0x00, 0x00, /* ........%...8... */
    0x44, 0x00, 0x00, 0x00, 0x6d, 0x00, 0x00, 0x00, 0x67, 0x00, 0x00, 0x00, 0x4d, 0x00, 0x00, 0x00, /* D...m...g...M... */
    0x18, 0x00, 0x00, 0x00, 0x23, 0x00, 0x00, 0x00, 0x37, 0x00, 0x00, 0x00, 0x40, 0x00, 0x00, 0x00, /* ....#...7...@... */
    0x51, 0x00, 0x00, 0x00, 0x68, 0x00, 0x00, 0x00, 0x71, 0x00, 0x00, 0x00, 0x5c, 0x00, 0x00, 0x00, /* Q...h...q...\... */
    0x31, 0x00, 0x00, 0x00, 0x40, 0x00, 0x00, 0x00, 0x4e, 0x00, 0x00, 0x00, 0x57, 0x00, 0x00, 0x00, /* 1...@...N...W... */
    0x67, 0x00, 0x00, 0x00, 0x79, 0x00, 0x00, 0x00, 0x78, 0x00, 0x00, 0x00, 0x65, 0x00, 0x00, 0x00, /* g...y...x...e... */
    0x48, 0x00, 0x00, 0x00, 0x5c, 0x00, 0x00, 0x00, 0x5f, 0x00, 0x00, 0x00, 0x62, 0x00, 0x00, 0x00, /* H...\..._...b... */
    0x70, 0x00, 0x00, 0x00, 0x64, 0x00, 0x00, 0x00, 0x67, 0x00, 0x00, 0x00, 0x63, 0x00, 0x00, 0x00 /* p...d...g...c... */
};

/* 0x00306d00 */
const unsigned char val_ac_chrominance_3695[162] __asm__("val_ac_chrominance.3695") = {
    0x00, 0x01, 0x02, 0x03, 0x11, 0x04, 0x05, 0x21, 0x31, 0x06, 0x12, 0x41, 0x51, 0x07, 0x61, 0x71, /* .......!1..AQ.aq */
    0x13, 0x22, 0x32, 0x81, 0x08, 0x14, 0x42, 0x91, 0xa1, 0xb1, 0xc1, 0x09, 0x23, 0x33, 0x52, 0xf0, /* ."2...B.....#3R. */
    0x15, 0x62, 0x72, 0xd1, 0x0a, 0x16, 0x24, 0x34, 0xe1, 0x25, 0xf1, 0x17, 0x18, 0x19, 0x1a, 0x26, /* .br...$4.%.....& */
    0x27, 0x28, 0x29, 0x2a, 0x35, 0x36, 0x37, 0x38, 0x39, 0x3a, 0x43, 0x44, 0x45, 0x46, 0x47, 0x48, /* '()*56789:CDEFGH */
    0x49, 0x4a, 0x53, 0x54, 0x55, 0x56, 0x57, 0x58, 0x59, 0x5a, 0x63, 0x64, 0x65, 0x66, 0x67, 0x68, /* IJSTUVWXYZcdefgh */
    0x69, 0x6a, 0x73, 0x74, 0x75, 0x76, 0x77, 0x78, 0x79, 0x7a, 0x82, 0x83, 0x84, 0x85, 0x86, 0x87, /* ijstuvwxyz...... */
    0x88, 0x89, 0x8a, 0x92, 0x93, 0x94, 0x95, 0x96, 0x97, 0x98, 0x99, 0x9a, 0xa2, 0xa3, 0xa4, 0xa5, /* ................ */
    0xa6, 0xa7, 0xa8, 0xa9, 0xaa, 0xb2, 0xb3, 0xb4, 0xb5, 0xb6, 0xb7, 0xb8, 0xb9, 0xba, 0xc2, 0xc3, /* ................ */
    0xc4, 0xc5, 0xc6, 0xc7, 0xc8, 0xc9, 0xca, 0xd2, 0xd3, 0xd4, 0xd5, 0xd6, 0xd7, 0xd8, 0xd9, 0xda, /* ................ */
    0xe2, 0xe3, 0xe4, 0xe5, 0xe6, 0xe7, 0xe8, 0xe9, 0xea, 0xf2, 0xf3, 0xf4, 0xf5, 0xf6, 0xf7, 0xf8, /* ................ */
    0xf9, 0xfa /* .. */
};

/* 0x00306da2 */
const unsigned char bits_ac_chrominance_3694[30] __asm__("bits_ac_chrominance.3694") = {
    0x00, 0x00, 0x02, 0x01, 0x02, 0x04, 0x04, 0x03, 0x04, 0x07, 0x05, 0x04, 0x04, 0x00, 0x01, 0x02, /* ................ */
    0x77, 0x00, 0x00, 0x00, 0x00, 0x00, 0x00, 0x00, 0x00, 0x00, 0x00, 0x00, 0x00, 0x00 /* w............. */
};

/* 0x00306dc0 */
const unsigned char val_ac_luminance_3693[162] __asm__("val_ac_luminance.3693") = {
    0x01, 0x02, 0x03, 0x00, 0x04, 0x11, 0x05, 0x12, 0x21, 0x31, 0x41, 0x06, 0x13, 0x51, 0x61, 0x07, /* ........!1A..Qa. */
    0x22, 0x71, 0x14, 0x32, 0x81, 0x91, 0xa1, 0x08, 0x23, 0x42, 0xb1, 0xc1, 0x15, 0x52, 0xd1, 0xf0, /* "q.2....#B...R.. */
    0x24, 0x33, 0x62, 0x72, 0x82, 0x09, 0x0a, 0x16, 0x17, 0x18, 0x19, 0x1a, 0x25, 0x26, 0x27, 0x28, /* $3br........%&'( */
    0x29, 0x2a, 0x34, 0x35, 0x36, 0x37, 0x38, 0x39, 0x3a, 0x43, 0x44, 0x45, 0x46, 0x47, 0x48, 0x49, /* )*456789:CDEFGHI */
    0x4a, 0x53, 0x54, 0x55, 0x56, 0x57, 0x58, 0x59, 0x5a, 0x63, 0x64, 0x65, 0x66, 0x67, 0x68, 0x69, /* JSTUVWXYZcdefghi */
    0x6a, 0x73, 0x74, 0x75, 0x76, 0x77, 0x78, 0x79, 0x7a, 0x83, 0x84, 0x85, 0x86, 0x87, 0x88, 0x89, /* jstuvwxyz....... */
    0x8a, 0x92, 0x93, 0x94, 0x95, 0x96, 0x97, 0x98, 0x99, 0x9a, 0xa2, 0xa3, 0xa4, 0xa5, 0xa6, 0xa7, /* ................ */
    0xa8, 0xa9, 0xaa, 0xb2, 0xb3, 0xb4, 0xb5, 0xb6, 0xb7, 0xb8, 0xb9, 0xba, 0xc2, 0xc3, 0xc4, 0xc5, /* ................ */
    0xc6, 0xc7, 0xc8, 0xc9, 0xca, 0xd2, 0xd3, 0xd4, 0xd5, 0xd6, 0xd7, 0xd8, 0xd9, 0xda, 0xe1, 0xe2, /* ................ */
    0xe3, 0xe4, 0xe5, 0xe6, 0xe7, 0xe8, 0xe9, 0xea, 0xf1, 0xf2, 0xf3, 0xf4, 0xf5, 0xf6, 0xf7, 0xf8, /* ................ */
    0xf9, 0xfa /* .. */
};

/* 0x00306e62 */
const unsigned char bits_ac_luminance_3692[17] __asm__("bits_ac_luminance.3692") = {
    0x00, 0x00, 0x02, 0x01, 0x03, 0x03, 0x02, 0x04, 0x03, 0x05, 0x05, 0x04, 0x04, 0x00, 0x00, 0x01, /* ................ */
    0x7d /* } */
};

/* 0x00306e73 */
const unsigned char val_dc_chrominance_3691[12] __asm__("val_dc_chrominance.3691") = { 0x00, 0x01, 0x02, 0x03, 0x04, 0x05, 0x06, 0x07, 0x08, 0x09, 0x0a, 0x0b };

/* 0x00306e7f */
const unsigned char bits_dc_chrominance_3690[17] __asm__("bits_dc_chrominance.3690") = {
    0x00, 0x00, 0x03, 0x01, 0x01, 0x01, 0x01, 0x01, 0x01, 0x01, 0x01, 0x01, 0x00, 0x00, 0x00, 0x00, /* ................ */
    0x00 /* . */
};

/* 0x00306e90 */
const unsigned char val_dc_luminance_3689[12] __asm__("val_dc_luminance.3689") = { 0x00, 0x01, 0x02, 0x03, 0x04, 0x05, 0x06, 0x07, 0x08, 0x09, 0x0a, 0x0b };

/* 0x00306e9c */
const unsigned char bits_dc_luminance_3688[36] __asm__("bits_dc_luminance.3688") = {
    0x00, 0x00, 0x01, 0x05, 0x01, 0x01, 0x01, 0x01, 0x01, 0x01, 0x00, 0x00, 0x00, 0x00, 0x00, 0x00, /* ................ */
    0x00, 0x00, 0x00, 0x00, 0x00, 0x00, 0x00, 0x00, 0x00, 0x00, 0x00, 0x00, 0x00, 0x00, 0x00, 0x00, /* ................ */
    0x00, 0x00, 0x00, 0x00 /* .... */
};

/* 0x00306ec0 */
const unsigned char border[96] = {
    0x10, 0x00, 0x00, 0x00, 0x11, 0x00, 0x00, 0x00, 0x12, 0x00, 0x00, 0x00, 0x00, 0x00, 0x00, 0x00, /* ................ */
    0x08, 0x00, 0x00, 0x00, 0x07, 0x00, 0x00, 0x00, 0x09, 0x00, 0x00, 0x00, 0x06, 0x00, 0x00, 0x00, /* ................ */
    0x0a, 0x00, 0x00, 0x00, 0x05, 0x00, 0x00, 0x00, 0x0b, 0x00, 0x00, 0x00, 0x04, 0x00, 0x00, 0x00, /* ................ */
    0x0c, 0x00, 0x00, 0x00, 0x03, 0x00, 0x00, 0x00, 0x0d, 0x00, 0x00, 0x00, 0x02, 0x00, 0x00, 0x00, /* ................ */
    0x0e, 0x00, 0x00, 0x00, 0x01, 0x00, 0x00, 0x00, 0x0f, 0x00, 0x00, 0x00, 0x00, 0x00, 0x00, 0x00, /* ................ */
    0x00, 0x00, 0x00, 0x00, 0x00, 0x00, 0x00, 0x00, 0x00, 0x00, 0x00, 0x00, 0x00, 0x00, 0x00, 0x00 /* ................ */
};

/* 0x00306f20 */
const unsigned char extra_pool_slop[8] = { 0x00, 0x00, 0x00, 0x00, 0x88, 0x13, 0x00, 0x00 };

/* 0x00306f28 */
const unsigned char first_pool_slop[24] = {
    0x40, 0x06, 0x00, 0x00, 0x80, 0x3e, 0x00, 0x00, 0x00, 0x00, 0x00, 0x00, 0x00, 0x00, 0x00, 0x00, /* @....>.......... */
    0x00, 0x00, 0x00, 0x00, 0x00, 0x00, 0x00, 0x00 /* ........ */
};

/* 0x00306f40 */
const unsigned char cpdext[128] = {
    0x00, 0x00, 0x00, 0x00, 0x00, 0x00, 0x00, 0x00, 0x00, 0x00, 0x00, 0x00, 0x00, 0x00, 0x00, 0x00, /* ................ */
    0x01, 0x00, 0x00, 0x00, 0x01, 0x00, 0x00, 0x00, 0x02, 0x00, 0x00, 0x00, 0x02, 0x00, 0x00, 0x00, /* ................ */
    0x03, 0x00, 0x00, 0x00, 0x03, 0x00, 0x00, 0x00, 0x04, 0x00, 0x00, 0x00, 0x04, 0x00, 0x00, 0x00, /* ................ */
    0x05, 0x00, 0x00, 0x00, 0x05, 0x00, 0x00, 0x00, 0x06, 0x00, 0x00, 0x00, 0x06, 0x00, 0x00, 0x00, /* ................ */
    0x07, 0x00, 0x00, 0x00, 0x07, 0x00, 0x00, 0x00, 0x08, 0x00, 0x00, 0x00, 0x08, 0x00, 0x00, 0x00, /* ................ */
    0x09, 0x00, 0x00, 0x00, 0x09, 0x00, 0x00, 0x00, 0x0a, 0x00, 0x00, 0x00, 0x0a, 0x00, 0x00, 0x00, /* ................ */
    0x0b, 0x00, 0x00, 0x00, 0x0b, 0x00, 0x00, 0x00, 0x0c, 0x00, 0x00, 0x00, 0x0c, 0x00, 0x00, 0x00, /* ................ */
    0x0d, 0x00, 0x00, 0x00, 0x0d, 0x00, 0x00, 0x00, 0x00, 0x00, 0x00, 0x00, 0x00, 0x00, 0x00, 0x00 /* ................ */
};

/* 0x00306fc0 */
const unsigned char cpdist[128] = {
    0x01, 0x00, 0x00, 0x00, 0x02, 0x00, 0x00, 0x00, 0x03, 0x00, 0x00, 0x00, 0x04, 0x00, 0x00, 0x00, /* ................ */
    0x05, 0x00, 0x00, 0x00, 0x07, 0x00, 0x00, 0x00, 0x09, 0x00, 0x00, 0x00, 0x0d, 0x00, 0x00, 0x00, /* ................ */
    0x11, 0x00, 0x00, 0x00, 0x19, 0x00, 0x00, 0x00, 0x21, 0x00, 0x00, 0x00, 0x31, 0x00, 0x00, 0x00, /* ........!...1... */
    0x41, 0x00, 0x00, 0x00, 0x61, 0x00, 0x00, 0x00, 0x81, 0x00, 0x00, 0x00, 0xc1, 0x00, 0x00, 0x00, /* A...a........... */
    0x01, 0x01, 0x00, 0x00, 0x81, 0x01, 0x00, 0x00, 0x01, 0x02, 0x00, 0x00, 0x01, 0x03, 0x00, 0x00, /* ................ */
    0x01, 0x04, 0x00, 0x00, 0x01, 0x06, 0x00, 0x00, 0x01, 0x08, 0x00, 0x00, 0x01, 0x0c, 0x00, 0x00, /* ................ */
    0x01, 0x10, 0x00, 0x00, 0x01, 0x18, 0x00, 0x00, 0x01, 0x20, 0x00, 0x00, 0x01, 0x30, 0x00, 0x00, /* ......... ...0.. */
    0x01, 0x40, 0x00, 0x00, 0x01, 0x60, 0x00, 0x00, 0x00, 0x00, 0x00, 0x00, 0x00, 0x00, 0x00, 0x00 /* .@...`.......... */
};

/* 0x00307040 */
const unsigned char cplext[128] = {
    0x00, 0x00, 0x00, 0x00, 0x00, 0x00, 0x00, 0x00, 0x00, 0x00, 0x00, 0x00, 0x00, 0x00, 0x00, 0x00, /* ................ */
    0x00, 0x00, 0x00, 0x00, 0x00, 0x00, 0x00, 0x00, 0x00, 0x00, 0x00, 0x00, 0x00, 0x00, 0x00, 0x00, /* ................ */
    0x01, 0x00, 0x00, 0x00, 0x01, 0x00, 0x00, 0x00, 0x01, 0x00, 0x00, 0x00, 0x01, 0x00, 0x00, 0x00, /* ................ */
    0x02, 0x00, 0x00, 0x00, 0x02, 0x00, 0x00, 0x00, 0x02, 0x00, 0x00, 0x00, 0x02, 0x00, 0x00, 0x00, /* ................ */
    0x03, 0x00, 0x00, 0x00, 0x03, 0x00, 0x00, 0x00, 0x03, 0x00, 0x00, 0x00, 0x03, 0x00, 0x00, 0x00, /* ................ */
    0x04, 0x00, 0x00, 0x00, 0x04, 0x00, 0x00, 0x00, 0x04, 0x00, 0x00, 0x00, 0x04, 0x00, 0x00, 0x00, /* ................ */
    0x05, 0x00, 0x00, 0x00, 0x05, 0x00, 0x00, 0x00, 0x05, 0x00, 0x00, 0x00, 0x05, 0x00, 0x00, 0x00, /* ................ */
    0x00, 0x00, 0x00, 0x00, 0x70, 0x00, 0x00, 0x00, 0x70, 0x00, 0x00, 0x00, 0x00, 0x00, 0x00, 0x00 /* ....p...p....... */
};

/* 0x003070c0 */
const unsigned char cplens[128] = {
    0x03, 0x00, 0x00, 0x00, 0x04, 0x00, 0x00, 0x00, 0x05, 0x00, 0x00, 0x00, 0x06, 0x00, 0x00, 0x00, /* ................ */
    0x07, 0x00, 0x00, 0x00, 0x08, 0x00, 0x00, 0x00, 0x09, 0x00, 0x00, 0x00, 0x0a, 0x00, 0x00, 0x00, /* ................ */
    0x0b, 0x00, 0x00, 0x00, 0x0d, 0x00, 0x00, 0x00, 0x0f, 0x00, 0x00, 0x00, 0x11, 0x00, 0x00, 0x00, /* ................ */
    0x13, 0x00, 0x00, 0x00, 0x17, 0x00, 0x00, 0x00, 0x1b, 0x00, 0x00, 0x00, 0x1f, 0x00, 0x00, 0x00, /* ................ */
    0x23, 0x00, 0x00, 0x00, 0x2b, 0x00, 0x00, 0x00, 0x33, 0x00, 0x00, 0x00, 0x3b, 0x00, 0x00, 0x00, /* #...+...3...;... */
    0x43, 0x00, 0x00, 0x00, 0x53, 0x00, 0x00, 0x00, 0x63, 0x00, 0x00, 0x00, 0x73, 0x00, 0x00, 0x00, /* C...S...c...s... */
    0x83, 0x00, 0x00, 0x00, 0xa3, 0x00, 0x00, 0x00, 0xc3, 0x00, 0x00, 0x00, 0xe3, 0x00, 0x00, 0x00, /* ................ */
    0x02, 0x01, 0x00, 0x00, 0x00, 0x00, 0x00, 0x00, 0x00, 0x00, 0x00, 0x00, 0x00, 0x00, 0x00, 0x00 /* ................ */
};

/* 0x00307140 */
const unsigned char jpeg_natural_order[320] = {
    0x00, 0x00, 0x00, 0x00, 0x01, 0x00, 0x00, 0x00, 0x08, 0x00, 0x00, 0x00, 0x10, 0x00, 0x00, 0x00, /* ................ */
    0x09, 0x00, 0x00, 0x00, 0x02, 0x00, 0x00, 0x00, 0x03, 0x00, 0x00, 0x00, 0x0a, 0x00, 0x00, 0x00, /* ................ */
    0x11, 0x00, 0x00, 0x00, 0x18, 0x00, 0x00, 0x00, 0x20, 0x00, 0x00, 0x00, 0x19, 0x00, 0x00, 0x00, /* ........ ....... */
    0x12, 0x00, 0x00, 0x00, 0x0b, 0x00, 0x00, 0x00, 0x04, 0x00, 0x00, 0x00, 0x05, 0x00, 0x00, 0x00, /* ................ */
    0x0c, 0x00, 0x00, 0x00, 0x13, 0x00, 0x00, 0x00, 0x1a, 0x00, 0x00, 0x00, 0x21, 0x00, 0x00, 0x00, /* ............!... */
    0x28, 0x00, 0x00, 0x00, 0x30, 0x00, 0x00, 0x00, 0x29, 0x00, 0x00, 0x00, 0x22, 0x00, 0x00, 0x00, /* (...0...)..."... */
    0x1b, 0x00, 0x00, 0x00, 0x14, 0x00, 0x00, 0x00, 0x0d, 0x00, 0x00, 0x00, 0x06, 0x00, 0x00, 0x00, /* ................ */
    0x07, 0x00, 0x00, 0x00, 0x0e, 0x00, 0x00, 0x00, 0x15, 0x00, 0x00, 0x00, 0x1c, 0x00, 0x00, 0x00, /* ................ */
    0x23, 0x00, 0x00, 0x00, 0x2a, 0x00, 0x00, 0x00, 0x31, 0x00, 0x00, 0x00, 0x38, 0x00, 0x00, 0x00, /* #...*...1...8... */
    0x39, 0x00, 0x00, 0x00, 0x32, 0x00, 0x00, 0x00, 0x2b, 0x00, 0x00, 0x00, 0x24, 0x00, 0x00, 0x00, /* 9...2...+...$... */
    0x1d, 0x00, 0x00, 0x00, 0x16, 0x00, 0x00, 0x00, 0x0f, 0x00, 0x00, 0x00, 0x17, 0x00, 0x00, 0x00, /* ................ */
    0x1e, 0x00, 0x00, 0x00, 0x25, 0x00, 0x00, 0x00, 0x2c, 0x00, 0x00, 0x00, 0x33, 0x00, 0x00, 0x00, /* ....%...,...3... */
    0x3a, 0x00, 0x00, 0x00, 0x3b, 0x00, 0x00, 0x00, 0x34, 0x00, 0x00, 0x00, 0x2d, 0x00, 0x00, 0x00, /* :...;...4...-... */
    0x26, 0x00, 0x00, 0x00, 0x1f, 0x00, 0x00, 0x00, 0x27, 0x00, 0x00, 0x00, 0x2e, 0x00, 0x00, 0x00, /* &.......'....... */
    0x35, 0x00, 0x00, 0x00, 0x3c, 0x00, 0x00, 0x00, 0x3d, 0x00, 0x00, 0x00, 0x36, 0x00, 0x00, 0x00, /* 5...<...=...6... */
    0x2f, 0x00, 0x00, 0x00, 0x37, 0x00, 0x00, 0x00, 0x3e, 0x00, 0x00, 0x00, 0x3f, 0x00, 0x00, 0x00, /* /...7...>...?... */
    0x3f, 0x00, 0x00, 0x00, 0x3f, 0x00, 0x00, 0x00, 0x3f, 0x00, 0x00, 0x00, 0x3f, 0x00, 0x00, 0x00, /* ?...?...?...?... */
    0x3f, 0x00, 0x00, 0x00, 0x3f, 0x00, 0x00, 0x00, 0x3f, 0x00, 0x00, 0x00, 0x3f, 0x00, 0x00, 0x00, /* ?...?...?...?... */
    0x3f, 0x00, 0x00, 0x00, 0x3f, 0x00, 0x00, 0x00, 0x3f, 0x00, 0x00, 0x00, 0x3f, 0x00, 0x00, 0x00, /* ?...?...?...?... */
    0x3f, 0x00, 0x00, 0x00, 0x3f, 0x00, 0x00, 0x00, 0x3f, 0x00, 0x00, 0x00, 0x3f, 0x00, 0x00, 0x00 /* ?...?...?...?... */
};

/* 0x00307280 */
const unsigned char base_dither_matrix[256] = {
    0x00, 0xc0, 0x30, 0xf0, 0x0c, 0xcc, 0x3c, 0xfc, 0x03, 0xc3, 0x33, 0xf3, 0x0f, 0xcf, 0x3f, 0xff, /* ..0...<...3...?. */
    0x80, 0x40, 0xb0, 0x70, 0x8c, 0x4c, 0xbc, 0x7c, 0x83, 0x43, 0xb3, 0x73, 0x8f, 0x4f, 0xbf, 0x7f, /* .@.p.L.|.C.s.O.. */
    0x20, 0xe0, 0x10, 0xd0, 0x2c, 0xec, 0x1c, 0xdc, 0x23, 0xe3, 0x13, 0xd3, 0x2f, 0xef, 0x1f, 0xdf, /*  ...,...#.../... */
    0xa0, 0x60, 0x90, 0x50, 0xac, 0x6c, 0x9c, 0x5c, 0xa3, 0x63, 0x93, 0x53, 0xaf, 0x6f, 0x9f, 0x5f, /* .`.P.l.\.c.S.o._ */
    0x08, 0xc8, 0x38, 0xf8, 0x04, 0xc4, 0x34, 0xf4, 0x0b, 0xcb, 0x3b, 0xfb, 0x07, 0xc7, 0x37, 0xf7, /* ..8...4...;...7. */
    0x88, 0x48, 0xb8, 0x78, 0x84, 0x44, 0xb4, 0x74, 0x8b, 0x4b, 0xbb, 0x7b, 0x87, 0x47, 0xb7, 0x77, /* .H.x.D.t.K.{.G.w */
    0x28, 0xe8, 0x18, 0xd8, 0x24, 0xe4, 0x14, 0xd4, 0x2b, 0xeb, 0x1b, 0xdb, 0x27, 0xe7, 0x17, 0xd7, /* (...$...+...'... */
    0xa8, 0x68, 0x98, 0x58, 0xa4, 0x64, 0x94, 0x54, 0xab, 0x6b, 0x9b, 0x5b, 0xa7, 0x67, 0x97, 0x57, /* .h.X.d.T.k.[.g.W */
    0x02, 0xc2, 0x32, 0xf2, 0x0e, 0xce, 0x3e, 0xfe, 0x01, 0xc1, 0x31, 0xf1, 0x0d, 0xcd, 0x3d, 0xfd, /* ..2...>...1...=. */
    0x82, 0x42, 0xb2, 0x72, 0x8e, 0x4e, 0xbe, 0x7e, 0x81, 0x41, 0xb1, 0x71, 0x8d, 0x4d, 0xbd, 0x7d, /* .B.r.N.~.A.q.M.} */
    0x22, 0xe2, 0x12, 0xd2, 0x2e, 0xee, 0x1e, 0xde, 0x21, 0xe1, 0x11, 0xd1, 0x2d, 0xed, 0x1d, 0xdd, /* ".......!...-... */
    0xa2, 0x62, 0x92, 0x52, 0xae, 0x6e, 0x9e, 0x5e, 0xa1, 0x61, 0x91, 0x51, 0xad, 0x6d, 0x9d, 0x5d, /* .b.R.n.^.a.Q.m.] */
    0x0a, 0xca, 0x3a, 0xfa, 0x06, 0xc6, 0x36, 0xf6, 0x09, 0xc9, 0x39, 0xf9, 0x05, 0xc5, 0x35, 0xf5, /* ..:...6...9...5. */
    0x8a, 0x4a, 0xba, 0x7a, 0x86, 0x46, 0xb6, 0x76, 0x89, 0x49, 0xb9, 0x79, 0x85, 0x45, 0xb5, 0x75, /* .J.z.F.v.I.y.E.u */
    0x2a, 0xea, 0x1a, 0xda, 0x26, 0xe6, 0x16, 0xd6, 0x29, 0xe9, 0x19, 0xd9, 0x25, 0xe5, 0x15, 0xd5, /* *...&...)...%... */
    0xaa, 0x6a, 0x9a, 0x5a, 0xa6, 0x66, 0x96, 0x56, 0xa9, 0x69, 0x99, 0x59, 0xa5, 0x65, 0x95, 0x55 /* .j.Z.f.V.i.Y.e.U */
};

/* 0x00307380 */
const unsigned char RGB_order_3637[32] __asm__("RGB_order.3637") = {
    0x01, 0x00, 0x00, 0x00, 0x02, 0x00, 0x00, 0x00, 0x00, 0x00, 0x00, 0x00, 0x00, 0x00, 0x00, 0x00, /* ................ */
    0x00, 0x00, 0x00, 0x00, 0x00, 0x00, 0x00, 0x00, 0x00, 0x00, 0x00, 0x00, 0x00, 0x00, 0x00, 0x00 /* ................ */
};

/* 0x003073a0 */
const unsigned char extend_offset[64] = {
    0x00, 0x00, 0x00, 0x00, 0xff, 0xff, 0xff, 0xff, 0xfd, 0xff, 0xff, 0xff, 0xf9, 0xff, 0xff, 0xff, /* ................ */
    0xf1, 0xff, 0xff, 0xff, 0xe1, 0xff, 0xff, 0xff, 0xc1, 0xff, 0xff, 0xff, 0x81, 0xff, 0xff, 0xff, /* ................ */
    0x01, 0xff, 0xff, 0xff, 0x01, 0xfe, 0xff, 0xff, 0x01, 0xfc, 0xff, 0xff, 0x01, 0xf8, 0xff, 0xff, /* ................ */
    0x01, 0xf0, 0xff, 0xff, 0x01, 0xe0, 0xff, 0xff, 0x01, 0xc0, 0xff, 0xff, 0x01, 0x80, 0xff, 0xff /* ................ */
};

/* 0x003073e0 */
const unsigned char extend_test[64] = {
    0x00, 0x00, 0x00, 0x00, 0x01, 0x00, 0x00, 0x00, 0x02, 0x00, 0x00, 0x00, 0x04, 0x00, 0x00, 0x00, /* ................ */
    0x08, 0x00, 0x00, 0x00, 0x10, 0x00, 0x00, 0x00, 0x20, 0x00, 0x00, 0x00, 0x40, 0x00, 0x00, 0x00, /* ........ ...@... */
    0x80, 0x00, 0x00, 0x00, 0x00, 0x01, 0x00, 0x00, 0x00, 0x02, 0x00, 0x00, 0x00, 0x04, 0x00, 0x00, /* ................ */
    0x00, 0x08, 0x00, 0x00, 0x00, 0x10, 0x00, 0x00, 0x00, 0x20, 0x00, 0x00, 0x00, 0x40, 0x00, 0x00 /* ......... ...@.. */
};

/* 0x00307420 */
const unsigned char aanscalefactor_3704[64] __asm__("aanscalefactor.3704") = {
    0x00, 0x00, 0x00, 0x00, 0x00, 0x00, 0xf0, 0x3f, 0xef, 0x61, 0x48, 0xb1, 0x50, 0x31, 0xf6, 0x3f, /* .......?.aH.P1.? */
    0xca, 0x6f, 0x4d, 0x91, 0xae, 0xe7, 0xf4, 0x3f, 0xaa, 0x11, 0x6c, 0xef, 0x62, 0xd0, 0xf2, 0x3f, /* .oM....?..l.b..? */
    0x00, 0x00, 0x00, 0x00, 0x00, 0x00, 0xf0, 0x3f, 0x3b, 0xbf, 0xa7, 0xc0, 0x69, 0x24, 0xe9, 0x3f, /* .......?;...i$.? */
    0xbb, 0x20, 0xc7, 0x7b, 0x7a, 0x51, 0xe1, 0x3f, 0x5d, 0xab, 0x72, 0xde, 0x55, 0xa8, 0xd1, 0x3f /* . .{zQ.?].r.U..? */
};

/* 0x00307460 */
const unsigned char aanscales_3696[128] __asm__("aanscales.3696") = {
    0x00, 0x40, 0xc5, 0x58, 0x9f, 0x53, 0x42, 0x4b, 0x00, 0x40, 0x49, 0x32, 0xa3, 0x22, 0xa8, 0x11, /* .@.X.SBK.@I2.".. */
    0xc5, 0x58, 0x21, 0x7b, 0xfc, 0x73, 0x62, 0x68, 0xc5, 0x58, 0xbf, 0x45, 0x0b, 0x30, 0x7e, 0x18, /* .X!{.sbh.X.E.0~. */
    0x9f, 0x53, 0xfc, 0x73, 0x41, 0x6d, 0x54, 0x62, 0x9f, 0x53, 0xb3, 0x41, 0x41, 0x2d, 0x12, 0x17, /* .S.sAmTb.S.AA-.. */
    0x42, 0x4b, 0x62, 0x68, 0x54, 0x62, 0x7e, 0x58, 0x42, 0x4b, 0x21, 0x3b, 0xba, 0x28, 0xc3, 0x14, /* BKbhTb~XBK!;.(.. */
    0x00, 0x40, 0xc5, 0x58, 0x9f, 0x53, 0x42, 0x4b, 0x00, 0x40, 0x49, 0x32, 0xa3, 0x22, 0xa8, 0x11, /* .@.X.SBK.@I2.".. */
    0x49, 0x32, 0xbf, 0x45, 0xb3, 0x41, 0x21, 0x3b, 0x49, 0x32, 0x82, 0x27, 0x37, 0x1b, 0xe0, 0x0d, /* I2.E.A!;I2.'7... */
    0xa3, 0x22, 0x0b, 0x30, 0x41, 0x2d, 0xba, 0x28, 0xa3, 0x22, 0x37, 0x1b, 0xbf, 0x12, 0x8e, 0x09, /* .".0A-.(."7..... */
    0xa8, 0x11, 0x7e, 0x18, 0x12, 0x17, 0xc3, 0x14, 0xa8, 0x11, 0xe0, 0x0d, 0x8e, 0x09, 0xdf, 0x04 /* ..~............. */
};

/* 0x003074e0 */
const unsigned char extend_offset_003074e0[64] = {
    0x00, 0x00, 0x00, 0x00, 0xff, 0xff, 0xff, 0xff, 0xfd, 0xff, 0xff, 0xff, 0xf9, 0xff, 0xff, 0xff, /* ................ */
    0xf1, 0xff, 0xff, 0xff, 0xe1, 0xff, 0xff, 0xff, 0xc1, 0xff, 0xff, 0xff, 0x81, 0xff, 0xff, 0xff, /* ................ */
    0x01, 0xff, 0xff, 0xff, 0x01, 0xfe, 0xff, 0xff, 0x01, 0xfc, 0xff, 0xff, 0x01, 0xf8, 0xff, 0xff, /* ................ */
    0x01, 0xf0, 0xff, 0xff, 0x01, 0xe0, 0xff, 0xff, 0x01, 0xc0, 0xff, 0xff, 0x01, 0x80, 0xff, 0xff /* ................ */
};

/* 0x00307520 */
const unsigned char extend_test_00307520[64] = {
    0x00, 0x00, 0x00, 0x00, 0x01, 0x00, 0x00, 0x00, 0x02, 0x00, 0x00, 0x00, 0x04, 0x00, 0x00, 0x00, /* ................ */
    0x08, 0x00, 0x00, 0x00, 0x10, 0x00, 0x00, 0x00, 0x20, 0x00, 0x00, 0x00, 0x40, 0x00, 0x00, 0x00, /* ........ ...@... */
    0x80, 0x00, 0x00, 0x00, 0x00, 0x01, 0x00, 0x00, 0x00, 0x02, 0x00, 0x00, 0x00, 0x04, 0x00, 0x00, /* ................ */
    0x00, 0x08, 0x00, 0x00, 0x00, 0x10, 0x00, 0x00, 0x00, 0x20, 0x00, 0x00, 0x00, 0x40, 0x00, 0x00 /* ......... ...@.. */
};

/* 0x00307560 */
const unsigned char aanscalefactor_3688[64] __asm__("aanscalefactor.3688") = {
    0x00, 0x00, 0x00, 0x00, 0x00, 0x00, 0xf0, 0x3f, 0xef, 0x61, 0x48, 0xb1, 0x50, 0x31, 0xf6, 0x3f, /* .......?.aH.P1.? */
    0xca, 0x6f, 0x4d, 0x91, 0xae, 0xe7, 0xf4, 0x3f, 0xaa, 0x11, 0x6c, 0xef, 0x62, 0xd0, 0xf2, 0x3f, /* .oM....?..l.b..? */
    0x00, 0x00, 0x00, 0x00, 0x00, 0x00, 0xf0, 0x3f, 0x3b, 0xbf, 0xa7, 0xc0, 0x69, 0x24, 0xe9, 0x3f, /* .......?;...i$.? */
    0xbb, 0x20, 0xc7, 0x7b, 0x7a, 0x51, 0xe1, 0x3f, 0x5d, 0xab, 0x72, 0xde, 0x55, 0xa8, 0xd1, 0x3f /* . .{zQ.?].r.U..? */
};

/* 0x003075a0 */
const unsigned char aanscales_3680[128] __asm__("aanscales.3680") = {
    0x00, 0x40, 0xc5, 0x58, 0x9f, 0x53, 0x42, 0x4b, 0x00, 0x40, 0x49, 0x32, 0xa3, 0x22, 0xa8, 0x11, /* .@.X.SBK.@I2.".. */
    0xc5, 0x58, 0x21, 0x7b, 0xfc, 0x73, 0x62, 0x68, 0xc5, 0x58, 0xbf, 0x45, 0x0b, 0x30, 0x7e, 0x18, /* .X!{.sbh.X.E.0~. */
    0x9f, 0x53, 0xfc, 0x73, 0x41, 0x6d, 0x54, 0x62, 0x9f, 0x53, 0xb3, 0x41, 0x41, 0x2d, 0x12, 0x17, /* .S.sAmTb.S.AA-.. */
    0x42, 0x4b, 0x62, 0x68, 0x54, 0x62, 0x7e, 0x58, 0x42, 0x4b, 0x21, 0x3b, 0xba, 0x28, 0xc3, 0x14, /* BKbhTb~XBK!;.(.. */
    0x00, 0x40, 0xc5, 0x58, 0x9f, 0x53, 0x42, 0x4b, 0x00, 0x40, 0x49, 0x32, 0xa3, 0x22, 0xa8, 0x11, /* .@.X.SBK.@I2.".. */
    0x49, 0x32, 0xbf, 0x45, 0xb3, 0x41, 0x21, 0x3b, 0x49, 0x32, 0x82, 0x27, 0x37, 0x1b, 0xe0, 0x0d, /* I2.E.A!;I2.'7... */
    0xa3, 0x22, 0x0b, 0x30, 0x41, 0x2d, 0xba, 0x28, 0xa3, 0x22, 0x37, 0x1b, 0xbf, 0x12, 0x8e, 0x09, /* .".0A-.(."7..... */
    0xa8, 0x11, 0x7e, 0x18, 0x12, 0x17, 0xc3, 0x14, 0xa8, 0x11, 0xe0, 0x0d, 0x8e, 0x09, 0xdf, 0x04 /* ..~............. */
};

